100000
11328
64635
41946
3347
81695
39713
55374
58394
13746
11388
19767
24560
61285
22156
65371
5941
15387
71285
36432
87312
52377
15326
29157
6339
23230
46751
74769
2874
72752
11352
91758
69381
68229
94940
89126
87463
96805
15190
72938
31503
93834
90049
2082
57963
3189
97624
72310
76902
34437
86558
83786
65191
28092
95510
8875
84259
45077
5203
91543
61503
90416
95492
75074
80741
85360
76512
96097
62613
14922
99326
17279
64246
39738
99297
97268
45481
95242
3887
92615
44191
40957
74451
85458
23663
10558
71470
28784
1463
52850
84696
56373
40498
45003
96264
19376
63710
5472
22852
54081
19604
63365
16895
34138
64413
96193
37131
43918
84914
359
65284
49638
24146
2678
760
91881
60846
93285
41990
23438
54274
7522
28739
24972
47971
49857
73120
33114
30384
20931
82265
56345
19923
63716
27721
51707
7687
93578
69570
90172
97859
34074
66268
64825
77007
20452
11030
35942
30833
10526
79562
78844
75859
30976
70911
58821
67997
50281
46101
20244
53811
70452
63516
10650
33286
80771
33010
37446
34848
63901
56866
66864
68719
57747
40752
81758
56318
54458
4636
51678
99663
45211
88105
80449
29911
57559
62117
43545
67849
64959
4517
4167
94067
17188
89833
62309
26235
51784
94330
71049
54963
14401
38535
23498
25647
60274
29608
89236
28222
69147
9647
37991
25907
14087
87632
22544
58705
83425
80196
61548
38567
22103
72182
55942
3730
83330
4618
55640
96642
42558
18144
10221
57014
85206
2741
44694
63596
10399
70142
90417
38731
67079
68600
8896
16888
97360
34014
20870
8561
18365
96150
20349
29770
3151
96679
37438
33620
17015
85202
46376
19769
29240
53004
37797
17833
33242
83489
84113
3107
3374
21300
26942
81228
4737
67606
44598
11041
28190
39118
42434
14642
60523
75706
99710
92934
9038
48432
5406
77364
35299
73675
86684
13929
85951
34319
20448
21981
68176
65850
79597
14164
44321
62780
28529
31738
13100
62047
39588
38918
71834
13666
53215
48791
83064
8262
16505
58938
60245
3447
70844
82773
32930
38284
63119
76574
66568
44046
29610
3756
71852
44560
40981
67738
23153
60362
21333
43853
70937
62098
7991
48041
6586
29622
55999
70434
93354
86446
87748
35538
9013
47369
27445
93662
3986
59767
41919
34318
41035
97907
35610
57227
66894
1370
14842
60629
79631
77835
96424
99905
12683
73769
99380
47938
53817
38633
11012
88647
91172
74396
87548
38193
26629
90520
43133
62754
70730
43071
42098
39760
36927
31001
34650
20907
49573
2412
7208
33808
41007
2663
5334
35826
77559
2580
65952
82648
36138
35629
98470
98814
52692
95328
57897
88632
75942
39692
77321
73146
42149
37147
86933
30371
95475
13206
26626
34183
44680
54079
58704
78553
11983
21043
92469
27426
85154
99958
88980
60243
40850
63914
33666
34688
71990
16620
56216
39166
89203
94875
87054
78018
56236
35286
99507
97700
38681
49691
89261
25121
23416
5681
30287
35116
97727
78063
34868
19549
91757
63916
18095
14929
81408
47
15406
54772
21033
63924
58504
29912
65337
3898
99027
81072
21920
97057
4128
15273
73319
75657
24265
6745
74141
49827
28283
17337
19240
43334
54344
56268
47730
99040
42405
52242
93465
25806
83835
86254
73560
95386
89304
81975
50451
66673
21251
99924
40720
48571
64415
96390
77865
25242
52898
19656
27953
97155
61435
22371
43222
822
41435
50099
28792
25150
22863
69788
39245
15707
27920
2070
70480
14832
8478
90467
56205
65097
78483
37904
5095
64319
3067
87360
5995
72102
63927
38941
33560
84322
18745
83139
21834
15587
60072
96573
26808
1711
73371
21096
81491
12246
58930
25127
1071
3110
56938
27411
79996
25060
22161
26108
55791
95962
67641
30880
3641
27800
79487
99693
51656
76819
18770
58863
74355
58941
26813
65410
35224
74775
10591
89363
51630
97987
82467
31406
93808
40755
46068
6053
11181
17692
62108
14258
7485
90141
31628
13424
51497
11930
27958
78290
24793
72223
600
50752
7798
78462
7481
29433
21862
84607
53550
45847
14937
30885
90772
74347
25596
44267
55855
45026
96644
19237
72778
86188
93692
6793
90733
44246
82458
61428
62956
62322
52493
44607
19424
62164
95438
45399
17530
72613
36641
56096
40391
75400
36799
96224
7940
90295
57414
4113
53736
14570
22960
1279
24070
55681
48976
91186
59705
38087
92501
57946
15940
56941
65270
65044
32561
47590
53350
56859
40290
38084
43433
38205
94305
13289
18597
38930
76749
35159
12994
71797
3775
69273
59232
28627
68440
53862
87370
45734
51930
77569
13934
59571
99301
3940
16506
90125
76125
32681
79635
22865
38686
89552
68700
83258
65570
82697
61641
77399
96766
96616
68776
43378
42418
53436
56066
20564
55581
39148
4642
17416
62467
58440
62398
68644
20490
32846
54670
77657
77141
29937
94615
80428
96062
42404
36834
16648
31290
73733
94740
16689
19962
48038
44629
69829
33097
28623
60502
80376
31486
31941
44807
91643
30481
34554
93821
324
59059
88218
1126
62380
3477
97865
69330
62947
58412
20153
82588
93281
83704
16093
46852
1312
3927
25932
83565
71911
44424
77029
6198
6285
47364
63877
41662
6904
33988
82569
96855
94137
16361
36601
84602
81611
32881
23838
24578
35973
37020
75305
33507
86581
91991
51017
15921
24825
21386
81190
57174
81939
78492
28854
14201
80782
58463
80343
38159
45649
64429
95299
12464
2548
75996
6622
84366
3602
86158
30309
80811
41621
23579
21977
545
48477
12084
33898
33605
36230
60510
78006
3451
80062
36989
60567
5750
83819
58770
55969
79233
86722
9354
1474
62652
60103
70362
1633
27921
25010
1186
33954
56528
2517
96900
92849
35736
28590
60985
33200
96041
57095
47341
30160
30260
74371
74383
57148
38865
26970
43406
83628
99923
57804
43951
27032
93553
27735
67413
2807
28766
58296
40429
4355
22322
39997
43109
14502
10748
30518
72736
11635
10542
11216
43944
58721
95204
43599
11664
17569
92372
78036
92309
84037
38489
479
31690
78315
41037
12852
88552
50432
41070
28831
44180
40384
83302
48186
60904
92742
87959
13734
50210
76892
67006
41567
46185
98031
16018
42355
25471
45958
86685
69688
39904
72842
66599
20479
9213
79156
85446
44861
89420
53636
51026
38277
75522
42792
69016
90196
43549
36079
23090
57413
32801
81348
15162
25642
55913
22083
45193
12658
82682
19980
43016
3528
89522
62085
26366
28755
4256
17174
25700
87615
76351
50489
64188
12702
39935
72698
60379
54724
86233
10073
2017
17321
16632
95455
33977
79226
44318
48576
64741
23288
13567
51212
24156
66805
36576
68806
57180
68842
17411
42595
80138
2091
70337
40209
30799
62105
80725
77696
65170
83740
38592
13999
54554
82931
33273
65683
11345
90886
11918
91798
40843
80826
89734
1611
50027
47728
99430
21882
8491
31780
43105
85992
1269
99802
32651
24390
69088
69272
57701
86309
6305
4975
32331
59332
58908
86839
33537
77465
50739
11682
14131
46244
60299
78931
51655
65455
68304
81994
84804
46156
90826
56383
16078
64753
27454
51838
57781
81247
38150
89083
7598
88668
57810
74042
76571
50529
65219
70047
67732
56540
94985
26162
10202
28845
82360
55140
25660
21131
44061
32316
67612
30455
24482
83636
16636
18069
79863
48536
78947
36530
42254
36140
41848
3659
75824
51685
57714
59174
44978
90858
19796
74007
6193
23552
48154
86864
28991
23725
62096
61928
76186
47073
58527
4750
83189
84364
13992
58388
52930
3145
18863
65146
47990
79617
82710
6463
13109
73815
13536
43498
10700
74653
52247
91216
7967
30307
42973
96863
6326
68561
69953
84722
22593
76162
53341
89902
8991
57502
94904
1898
59787
34093
67333
94953
34857
38649
422
42607
75213
60533
38029
23326
1919
91497
87338
82456
51045
68386
75666
83059
3608
95670
10112
35486
68346
58814
25114
40633
67720
23699
27148
31971
57276
30974
80620
74232
58039
91087
8115
63161
10018
33104
29509
40565
26201
50659
75250
68166
35935
4802
87669
99584
82671
14995
61464
60990
89572
65760
47911
60413
93140
2480
70495
74151
78101
51822
32780
97250
8133
61371
43584
94236
30658
79777
70080
55571
10492
60778
46017
40081
42246
67788
26599
86776
72615
64512
39970
8026
89038
74220
13550
43190
3485
22360
76937
43401
76592
94784
58486
23407
77243
83994
72625
39829
67992
97034
42804
24161
11022
87916
63583
93490
92757
93838
50046
93810
27304
73271
70854
80600
51207
84502
92094
55148
36579
6238
5904
93095
63080
59537
38135
48811
99519
33012
74243
73685
22331
11175
26111
90270
27029
89676
43475
21968
77421
97565
98322
29984
17946
33096
43614
57640
45583
30263
72097
311
35211
35678
23614
165
19487
25757
71370
47085
51082
87431
36956
41198
97604
81914
98335
81992
37680
57881
95058
43383
33803
30254
71808
20324
45103
75977
33955
81057
73505
18
83185
48700
9185
90085
60225
20625
50361
66907
71308
69742
81304
59990
93239
27726
36027
66872
35949
35977
95805
231
32144
7363
37830
67305
22284
15991
50835
36800
26082
72115
63575
93436
26313
22562
55022
41809
48072
19282
33341
89280
91604
59089
47035
4702
65957
15729
72273
62292
44521
35929
52009
18786
75380
62209
66471
37764
93583
27957
29712
36736
99800
93155
73352
44907
69679
48910
79541
68232
1355
74715
97489
14727
17619
48343
16439
93983
36233
78863
32589
70032
34351
54163
23719
74656
26796
17409
68677
23730
87059
93213
81177
35317
81891
8901
78485
23728
52347
92926
77883
3489
69500
26765
41587
73165
50004
73408
31233
55344
75782
46643
20994
6738
7651
8173
33557
15997
10787
17937
61873
48742
94528
44012
52071
23801
22555
97141
78041
32019
40402
12516
85060
86951
61703
59873
3399
34414
4969
65816
20647
90299
94288
5182
98131
60962
5196
83678
84445
32237
86289
99579
72838
80815
5488
87231
98930
54120
73700
1878
14910
27521
10391
53085
59118
53595
94830
55733
51560
14075
82664
27799
62721
29385
48254
28139
21105
22341
12538
18601
50218
18401
35755
34267
73866
79655
18090
36915
89721
80934
82689
22335
10624
59011
58973
1420
18762
63069
39494
94946
38603
82919
97581
67820
69613
76700
31739
56658
6454
31892
95161
96231
34364
51763
942
73135
48303
54032
33701
69078
2873
93686
89279
94362
78826
93168
44190
79786
93267
7246
60739
98178
56132
77028
51796
8926
96648
41842
25632
82918
18620
94106
57821
29761
28798
64227
55102
84209
33208
94118
46015
76849
87787
16428
12656
3899
86216
66862
73799
67978
40724
75130
98620
56051
68317
3668
30301
51765
69328
45805
48707
90683
43568
9147
80392
76331
43072
57220
64194
28487
96499
30359
44130
97570
86938
18512
93954
20501
75869
46507
42853
4939
64115
73564
58608
84862
21742
81424
21590
16148
30535
31859
76006
86557
24326
91149
74633
50581
6879
69076
91367
79578
13528
19993
5558
96517
5449
1529
80627
46147
96965
67995
33679
81716
71569
35046
48896
52549
85020
80267
33561
92440
3305
96988
39361
66772
34105
21482
88029
87529
92577
89017
90672
90849
1862
24772
56120
34453
6593
53129
46761
73781
81301
75040
25356
66928
57516
12274
6008
54961
63175
47866
40595
86633
89660
13961
51869
53304
3493
57972
84514
84447
29727
35775
68623
39380
72706
46267
41193
92625
76301
8972
95148
94073
65110
86402
75287
7873
36797
69485
67488
57586
69067
98344
53844
20636
6277
79310
9274
34147
81874
82166
48929
27201
55696
73062
61727
96676
60553
54535
87495
29670
23648
42251
67553
21725
43053
17733
3627
11830
52524
1646
52947
53507
17505
40655
15545
53393
36269
33207
25938
74117
11394
89700
40035
47262
10799
25852
88837
39500
63693
41332
90115
80172
24107
52069
37545
66168
32155
85179
75413
27321
92060
4746
80177
61472
76880
12252
41054
72775
3387
76949
36311
50132
62782
55985
48291
7634
49113
58253
65708
99785
13396
80401
34420
1418
29913
1542
17058
89588
18640
25505
39833
90259
40124
79817
49714
74614
40906
7489
74397
45060
53180
71734
7215
18148
6459
30979
70281
68596
11459
72460
80687
36676
89065
28008
60476
95246
31453
31138
872
1284
83273
20144
91501
98151
71935
8371
54846
69639
58427
27798
88056
97039
20295
96928
746
11835
70034
49287
60141
6174
22658
94804
96839
5476
81886
11237
86086
70126
17813
92352
88005
85421
38989
49549
58302
56638
6964
52295
23557
18100
98161
11185
55033
35383
58083
30240
33123
77150
41515
32007
94741
70717
15438
61199
87143
40826
69734
86712
60511
51147
48218
13230
40493
92506
38907
36778
59435
56177
67812
4762
59051
51062
34502
28162
82836
35322
84030
34154
10623
50156
83783
55443
16612
84270
41969
87572
41045
36881
25862
82077
52252
49246
30637
55997
46190
55670
66823
63769
28097
12311
5520
52589
71793
29361
47673
36838
29854
63823
71136
99563
52062
68322
65346
28481
41645
35720
6856
12908
14800
18576
94212
25998
69288
46333
37252
34450
50141
8735
88865
63429
64916
36421
87608
66665
59677
48548
60734
86273
38301
87051
9335
25565
10766
83216
16603
29674
99172
87077
182
88978
84197
64245
4718
12531
83996
74442
52015
77182
518
71923
87553
37968
16720
19135
94066
36814
61236
22273
80481
26155
34729
26904
25146
41088
26992
92566
44392
60263
93035
64193
18851
17923
74517
74731
40379
12053
49747
98420
64910
41321
55448
10988
7774
17119
88444
25120
19678
72304
22812
64153
44984
28192
50439
20362
30736
18008
89296
10529
96864
73177
37027
40229
86432
64621
91775
16509
28640
7002
98546
67143
58334
59802
33835
47008
20262
35946
68918
97965
60337
30702
69219
98990
18136
91423
2200
86961
12406
44547
61899
47934
50995
25037
36510
81116
74788
52211
65819
61197
38318
34387
99696
76177
5722
5245
81201
76583
89053
29580
15377
64402
19413
20130
23459
74660
39955
53337
55245
89331
12833
2662
98833
24549
21518
39830
66472
54519
19375
25435
42637
68898
54816
84870
22899
41381
14985
69929
10987
88434
37729
44281
62509
17223
41356
25545
5272
76486
17126
61810
12318
20208
85640
16013
63592
33245
71720
25750
35320
9355
60982
35779
68875
22988
28754
41734
60269
81421
86791
48331
76762
98788
94787
48966
95562
44107
31480
80638
77186
78333
2781
38200
34046
10873
91061
70243
63504
82190
76915
29981
40840
66119
81099
1213
65794
17761
2198
31267
38009
73752
61384
55139
51015
26268
72261
9755
90091
93875
80897
16565
4968
87130
83343
31141
25585
88637
88523
91401
99691
12441
56261
24007
56911
87597
4250
33909
63418
80649
40085
49763
97361
52866
43411
41034
55738
90745
47014
90552
35141
82329
1505
84845
28794
46315
38390
30709
46263
69526
9813
90545
33078
69295
45351
64610
96079
35552
66786
78770
90226
74958
84771
22413
52060
2986
62904
31214
90854
98576
1345
39759
60321
10571
54888
56988
31843
86675
61277
89472
26579
26990
92544
93683
40637
21875
24741
85468
13640
96909
47491
39626
97942
32058
69759
92303
9965
1885
21326
78132
79657
93962
42914
83760
44843
36401
54225
34374
8488
34652
44313
69005
2311
45044
75132
36918
37137
98211
93181
12512
1733
34867
38329
8190
36878
84897
13853
81034
46670
89423
89808
87121
93743
32117
60187
42958
12988
52283
59279
59590
57741
82311
37860
91947
81488
43572
44292
60467
91243
76679
12090
93361
73877
58742
20237
40175
63761
59283
69659
47384
95380
76566
1461
40494
22668
1423
99348
50603
88879
94844
20732
54047
14431
80859
22274
99885
56246
36381
92794
21156
30638
97466
29271
50933
22969
46596
73529
39195
5044
2006
46499
41638
73240
18211
63499
53925
56802
96598
29655
10299
76437
21001
63629
5144
59171
89006
26802
97985
96337
50983
59425
66964
61954
89623
68571
76936
41091
26333
32582
67594
89856
51501
99869
93453
67383
60729
13003
64780
74321
37850
39948
41272
50894
74119
19389
80318
82684
37931
67674
11329
60860
95462
9989
4488
20505
83215
82159
83894
54290
11154
18498
33466
85274
78354
48824
15584
48176
92921
49312
76358
74589
89334
98683
27240
83896
18072
60802
60659
59516
28660
32366
45855
84774
80851
11764
79778
83198
82151
73788
52344
68087
82958
46234
29487
7401
11738
60569
4290
84887
21415
90171
91212
93839
38777
53145
74346
4438
88875
95664
24724
93776
20065
3501
59495
79126
66457
30779
33863
44454
44544
40779
96446
35260
84905
1783
41487
27077
60682
74053
99414
72961
23028
17318
71072
28266
87101
24109
86326
7219
47916
79450
66218
71560
20516
19005
60954
36208
2434
89893
44347
72477
64253
96651
98698
21610
43255
33802
7704
41087
71609
88501
1706
95496
28230
63860
90705
1057
18879
22307
50935
87196
93893
51109
48683
7358
13635
74547
79929
72024
33260
24866
99846
47452
23757
85633
40479
61660
52000
39336
18125
52800
46207
95860
23181
48498
23685
83071
59606
77279
49151
47041
39923
5275
58802
21011
80944
31677
51400
53030
75466
74797
13174
78076
7251
99281
31671
37912
71524
55009
58392
74902
61359
42544
97683
55767
54094
5202
54489
22599
40542
4234
66082
16512
60445
77939
25871
45482
22197
58203
39156
40693
73270
85159
11556
4796
86892
83627
93440
498
418
43050
8867
79872
74667
40529
26966
17608
99458
37276
44648
32702
77308
31109
32044
67034
82118
14691
66436
50838
75091
61215
51684
57179
13964
48743
81976
67470
63775
88244
39003
92329
69420
7397
37638
99578
29896
75932
84813
69866
19348
81046
1195
97303
63734
85594
34784
83723
88757
3019
43919
77111
12199
94994
18017
76562
31047
98135
73490
2552
24317
62002
2469
16570
3647
96592
75387
12198
39615
90457
37504
62129
58482
4328
22272
6893
48505
58512
1432
32581
53028
27686
85728
56009
15753
3457
7965
29378
37546
86545
55675
71123
26508
30033
9084
15236
3363
46312
78590
53686
79098
96280
58197
59344
56781
9967
32758
99486
80702
80577
93274
76582
60234
97840
20861
21480
65399
48905
29643
9385
98943
47842
46607
92313
19892
99450
79937
56717
7556
63470
81345
75742
63900
90109
5123
33607
80281
3161
37493
71174
95633
3031
73236
35443
82783
48624
51590
35890
28761
59009
22389
86351
55975
99832
49432
59622
14908
20680
30605
71185
66368
87536
80990
19575
40913
86530
25981
24994
62233
48229
54637
55609
58869
97007
50584
35326
53926
12341
48338
41723
28265
94516
63576
97910
13638
64951
22981
55619
98922
57278
80890
18676
92572
1107
49015
83999
38176
33998
25107
13422
24593
85727
12334
6946
19638
55236
95983
34378
68952
28207
41259
14930
53132
38997
32068
34363
19196
47585
63076
38672
44686
39417
19179
89863
14373
16763
89136
13539
43938
75008
97009
47970
44840
1944
40740
60900
83472
99013
87934
74764
45127
79461
81227
17163
13149
87886
23521
40481
47804
91177
59865
75543
9754
46935
89685
11565
82492
87020
95162
53959
37898
28250
1388
90332
17106
15278
59345
11129
38420
43446
44440
50861
49072
86178
65313
73484
12770
94140
16177
69617
28202
4425
18342
27962
57650
57076
48001
75265
965
15234
22750
33406
69419
99988
62746
24978
48542
27498
82052
19074
24973
65991
170
88293
30429
28671
23959
50862
6698
47503
84170
13789
36615
15543
37420
95539
91415
31963
35462
47225
39693
96292
99961
52609
54034
77021
93286
46512
20840
82411
6850
7274
3143
2421
65579
99626
37777
26027
29864
87070
47583
37395
11405
70509
33916
3621
56130
61746
85758
64060
42737
30991
72069
61766
88772
59270
82235
62360
41216
76065
15091
35606
53002
30475
2638
86477
10636
83843
84102
73897
39585
59200
5948
71644
52238
32713
94084
41058
31136
30473
51932
2619
36839
81899
15686
77074
43231
61038
72284
71656
37338
72055
95353
23701
34411
40844
19137
18375
87141
24657
71766
92023
78748
80949
19306
92610
59541
53044
21580
8125
23273
14049
55801
85476
74745
23481
28343
54039
89608
31315
26614
10233
96945
56621
66327
40591
72382
90453
77125
21219
86206
54059
58539
18625
86767
6264
36997
96169
55914
67460
34452
37954
54165
49302
47006
27039
43089
66464
77168
70769
40486
61410
45253
47243
12130
54226
2145
36725
65059
98364
14005
44715
53087
16672
75773
11108
60760
96165
49191
26898
57417
84151
64841
77534
37502
22075
23082
82252
57337
6444
77605
80157
73520
55208
11038
47552
41845
81235
8598
73266
14488
1067
75492
30072
97269
84128
59049
48510
42896
58823
61467
65609
95788
62866
6034
25708
65587
22785
49775
41378
99819
25166
43424
71790
83732
27699
67746
60840
34838
22830
98213
50448
37126
23774
6794
52321
78666
12909
96675
62686
25046
14427
1330
7424
92047
59135
66074
37819
49092
9785
19555
70416
20991
52176
99619
43984
44777
30395
42891
1849
16947
68824
67520
88557
43643
7036
17113
75364
24739
77689
29313
38337
74738
41224
93774
97175
60387
19199
31917
42603
21178
63700
64637
90575
66853
40506
17460
12920
80101
62895
43273
33522
18750
93950
82488
38068
70062
18349
2821
46305
78793
59928
38717
39031
18550
78789
85183
34040
50815
77708
22202
92021
15171
52061
57132
93375
7790
6302
35836
14684
52198
90889
45919
36670
5024
166
76047
11831
83547
21130
44641
9485
92121
92809
92473
97158
27226
64097
76389
8361
57075
69817
70496
30201
88147
54037
65038
26823
38086
79036
92441
74739
29813
7265
7934
70569
34991
76685
87655
64819
53158
37507
19019
10132
36886
66248
57205
29680
2961
68944
99883
94646
40553
36688
70095
4404
23046
70573
30844
40865
54588
66709
57904
61613
44211
68033
66859
24044
97109
27193
56962
53827
81237
51953
71455
67287
78693
13403
72925
40547
15243
41505
52500
45443
84954
40795
79076
43495
85203
63707
37006
10182
60781
46795
89266
12076
68226
81187
54759
18193
36492
73512
81374
69196
58325
77693
21330
52572
49166
17662
98198
977
11391
92334
84426
30244
88838
30678
2208
10339
96278
90454
74081
42774
85785
57531
19446
37432
73286
81814
54501
78620
27116
37163
60856
6378
60206
93726
5765
38745
23843
26762
50565
52299
75185
95798
2945
94202
2435
67717
30242
9946
9549
23385
12491
78028
62281
24653
73403
44728
55104
48307
6081
42026
36684
27171
28436
69943
55133
38713
95422
12234
18431
66269
7876
50978
21514
20224
73664
46971
7819
48588
49840
80349
94584
99634
22032
57111
3890
3192
95001
58089
21578
76340
35385
43297
94376
28017
18956
98756
97603
51958
53223
949
53285
25221
12970
7248
2027
96276
6333
37345
60050
80427
57576
33344
64504
76916
6862
12265
5352
39834
88613
97259
2298
82764
35872
99630
84645
23198
16821
55154
58810
39946
31045
66982
32192
581
93112
52639
76052
50042
11898
63771
49890
39073
80791
15103
68047
38604
49885
22099
15559
88614
55935
44205
68659
48553
86792
95168
95584
48691
25544
79979
51836
35168
72799
34083
78213
13760
61510
83777
12457
48889
35865
64931
74253
86018
18314
27823
21588
50608
57064
50905
49905
33512
26058
73593
95308
10191
62748
98396
98910
98284
24396
60747
15955
84405
72655
40420
12868
17504
90368
80856
31405
81951
69594
35734
16183
76010
25102
77982
32887
61955
22815
74636
19721
55280
9512
87061
91470
51450
92072
33932
82076
34207
23842
20402
79433
53855
68200
56825
9628
24279
90851
18698
93560
82880
34282
23640
93789
45478
55946
90578
30578
89689
27685
37263
36764
19027
3506
10176
5856
16752
96
9873
6453
94742
73174
19160
22452
77360
39850
27394
79325
90118
5402
51201
23212
82776
56433
61897
90241
77799
31010
91984
30181
22237
39098
82950
31703
6065
69383
51110
86798
15795
53484
24794
45356
46035
21352
68206
8105
36663
44991
44143
63974
57813
68954
76263
71540
29507
76027
87071
45124
37788
18305
77872
61975
73710
25772
51702
47609
75933
69441
96600
55719
6055
47223
32933
74806
68629
33704
19982
3878
1803
50517
61838
52438
2344
60305
33068
62220
56426
23026
39281
41590
67771
2875
52928
16429
88999
11031
25578
85729
51664
33253
81830
83160
15203
56438
58535
77407
49350
82307
17785
42103
73573
58270
70409
1971
30869
88420
8370
55082
46961
74713
35905
5375
28264
67620
27462
74677
39800
65718
26921
40204
83238
68807
41048
51386
14100
94553
90362
98682
81991
34382
67981
36465
1788
68014
28574
31411
30025
72007
76169
17355
3949
65452
36342
48726
35187
72035
2100
36607
56100
9565
95724
46562
4683
85707
93535
52958
92623
10287
30613
82509
34438
160
84389
16217
28862
56048
56013
11807
77272
58690
18870
60412
51357
49766
21056
81503
92321
86759
29838
10727
18425
71017
59039
44234
75363
41520
61543
62335
30835
41665
86200
54875
36424
38575
92717
79810
57700
71316
80729
55047
89967
60765
81745
18388
29557
25641
47067
45389
48148
46398
16699
36517
49290
90678
96748
71149
15565
35384
99190
68542
18572
12387
12044
84121
93478
95432
19546
75843
80849
36717
56770
55182
38014
76414
51001
90717
33651
84012
96417
56747
27
88549
16155
71353
80915
74322
62443
67193
33644
94082
24752
55849
82481
1206
50063
249
863
11588
54136
56618
45869
88638
97914
64920
63459
6002
85107
4993
81234
38460
99940
42493
75743
60440
56624
60326
36866
45117
63377
76318
58428
99218
37001
72152
76928
52972
27376
38413
20206
83605
79084
12035
46675
59477
44955
78147
96431
80216
73738
24857
79806
77166
17330
76334
53626
20956
51482
94190
80618
63102
76204
20697
48901
92959
70245
36493
40925
67711
86014
43422
42728
79173
31072
37453
15963
13356
72428
35640
40476
48977
95714
63280
36403
57503
84397
13819
99269
5130
64440
91749
12874
32181
51269
79382
46860
25558
8699
9254
75016
75925
71978
87696
59693
6762
86926
40386
76076
80395
99733
4555
55821
16901
92932
15672
6875
77541
64885
51839
92057
50942
37631
52587
84987
83192
86131
56410
19517
888
52651
90461
60812
23444
21319
60863
71372
70076
48228
94170
30042
64848
79232
15286
34354
23920
46904
57079
10976
65385
47160
30942
82826
84947
8225
55385
41991
78316
72631
88864
7112
68419
60158
61042
8164
12764
93302
45491
34870
30153
74204
30018
37079
97187
69751
71219
76465
64520
21375
46003
71659
77770
54668
61152
86955
87836
53014
25613
50868
49452
10602
32676
76376
26975
51116
82563
11838
77573
13646
26801
65918
68637
56272
35590
20730
12307
79353
60423
83903
42186
9708
33451
69885
99404
22162
98633
78176
61611
72445
40253
41785
30640
70544
77228
48215
92163
24472
8165
11138
11212
35759
52337
5818
87936
11088
3611
26678
17491
48956
60276
27040
41220
65838
89164
7950
44077
78838
69304
19033
90974
69365
15549
74978
1401
12216
20486
44588
93169
48463
8615
45188
39324
26061
34932
56462
86026
63371
77413
5982
99432
72559
78690
341
24020
32042
68836
11103
33392
55500
48257
83730
62569
61023
36868
25857
43729
36480
86236
83566
27954
98086
798
48036
59935
35120
38271
17902
59278
64219
14298
73118
50166
530
56958
2520
52636
69590
16928
22254
10510
59221
11809
9291
27915
25431
68335
69251
13409
12918
32232
21643
56022
40115
21306
16554
39310
30757
12440
90090
58431
67560
78599
29581
35156
14480
55561
40963
29681
21956
4413
60560
66734
87872
20070
31353
55845
23211
90380
1799
7543
91252
97017
48613
61708
65813
36257
94022
36218
89306
97631
92284
71033
9092
57448
46781
53641
27494
1854
89493
48054
71007
90619
24435
6747
43467
55804
73299
88018
22232
42730
20093
69090
45821
64983
5851
52329
17671
43420
88972
54801
24698
2778
79875
18592
46998
41887
42646
56138
36349
14977
14610
88424
90832
9179
44502
13736
27827
67447
41676
58763
60213
82082
33550
50873
86074
52416
67014
91583
76132
89928
14607
58540
62137
11952
76425
73394
81230
75733
30792
95433
13235
88111
71451
45835
4144
14426
96690
49354
1673
96772
77281
79569
74324
65180
75140
30067
22765
73258
99803
31905
26258
83004
7691
54779
4457
18646
47490
4626
50246
5574
96513
59898
77521
27565
19036
44235
2066
5373
77324
8682
13324
73544
19072
84457
72113
92672
98965
41806
20866
61824
99887
4819
61659
64286
24348
27179
8312
19324
35335
45326
68558
85840
85643
92725
25549
78158
31057
18197
20800
67684
64557
4810
81565
67622
40409
84320
82630
17518
91499
65741
12043
74331
21361
22397
97541
87074
17002
54423
44759
78015
41033
76704
12903
28309
35497
4694
40234
83797
17340
80641
19524
5779
64517
80327
92289
14170
36254
35371
85671
99756
45943
57161
32322
99537
95853
50856
46029
1999
77816
89853
77226
60604
892
75367
58220
17445
163
11306
12192
18653
60353
26782
64558
24121
86968
97026
93108
67454
56041
26851
98013
2055
4970
96657
76957
40314
3657
29577
39913
87057
23576
34021
8357
17116
51372
99706
12065
47094
69208
95145
35744
59978
58537
61086
58746
99250
72410
32599
10929
95437
2390
58616
15312
25417
67121
79171
16048
28181
63928
47489
24771
26753
87205
58866
18888
80145
90915
35360
48230
45682
88682
30865
63802
22918
549
96473
10825
72219
98927
93702
18599
78570
6931
96822
37215
94458
64506
83074
8059
50883
10884
79796
28268
27560
21825
34440
48478
24769
3211
60289
22221
48387
69173
81507
49075
48996
58503
96527
51088
79042
29615
24746
47020
86672
56567
7392
33280
60960
8364
28280
94326
32073
1876
72258
36459
56333
28570
5871
64065
62847
63166
15556
82964
40071
81624
34023
99364
82984
62340
46233
35451
37710
9218
96132
54750
88441
92002
34280
68116
21827
46012
93356
14267
13495
60987
50446
1059
63803
11476
99615
97010
36745
40559
16264
59443
6971
90347
46527
21289
93885
66701
49497
66548
5209
34574
28075
11164
19624
60751
84859
62374
4030
40297
57705
63730
39203
35155
83488
24568
8675
64434
32227
25222
39455
35386
42602
96959
57974
59973
6913
90402
8185
65141
31768
67803
49666
41952
10059
69534
30219
20405
66829
22085
89691
58861
23450
92935
46481
64634
30648
97455
61188
67303
37445
48350
93148
9806
47556
1456
60107
82292
58383
12432
91035
68984
19084
34259
28034
96753
20057
3091
96178
52936
5254
29900
7312
14498
50908
74449
59836
98465
85927
63597
66341
61872
45145
88848
23928
99574
45178
76856
90463
10229
33640
51205
5680
59682
37485
38764
81378
51913
92153
28081
80047
50112
18661
66702
21767
34148
85968
67710
828
13228
41973
67494
79198
19211
6327
39845
14975
54943
4641
47749
59894
60128
35628
4446
19532
43011
1590
24063
86735
40302
51682
23712
13349
19034
89946
17029
35041
38115
71505
81170
49217
42924
2932
7969
24588
97116
40974
16080
76388
19329
14885
51444
2935
16114
13187
97823
24234
93856
30700
85133
15974
66287
5526
21308
75389
66997
41403
97625
22868
98880
88593
44479
59680
20805
24790
80653
63777
74259
63741
36474
43267
84103
68505
58911
75057
89206
95753
69042
17730
82303
57508
12662
48276
53292
12118
76632
4478
19320
89237
28635
28934
48256
19772
40452
77218
83266
9058
5003
89485
39268
31253
20837
50459
50987
31125
7640
93600
39438
45557
59023
48692
37133
7533
93529
86770
45893
48891
77622
44771
90836
18800
1967
21572
42292
37211
41068
94746
95854
18174
61027
49913
22615
95501
76832
50866
84605
65009
85235
71627
17363
81252
34615
68470
86257
6985
95525
5416
50986
25671
26825
13084
97130
5486
57355
41570
61728
92763
720
18891
82947
38456
77986
76738
61213
61841
19730
6179
32550
99143
99886
62550
52646
31602
38113
6271
77199
91688
87260
77949
3448
22148
33786
87138
449
21426
684
21027
16796
82835
86912
86415
18457
37977
80082
93863
333
29970
98234
62591
67986
69928
71727
57852
14675
88960
75359
94525
78023
29220
95121
90408
29876
14632
41151
29640
60501
67742
16873
42478
1531
74637
31655
39069
70884
12298
17147
68757
60462
93207
53965
65550
62691
36213
60996
51967
18591
77129
34348
32836
84136
77330
46872
9742
89794
13839
84196
25526
31455
89229
62106
68431
52708
4885
56648
90170
34839
53360
73237
71116
45324
18084
12546
64147
13225
27334
5782
15577
38527
52713
9499
90353
89037
32250
91716
96561
49273
80502
82389
79222
25791
26968
36159
85322
24391
64974
97871
38242
71600
99071
8204
17562
39734
79101
84883
51584
21785
81666
35238
95426
47923
96559
45194
76594
5146
38702
38619
71326
69828
91982
90846
18275
18196
60343
39886
91817
49180
93442
33830
92719
19167
13303
86043
22390
69589
54234
24552
16643
38935
63449
33688
65343
53695
94990
16261
71087
25876
68608
49884
54028
78381
476
69156
26545
80413
84264
30711
63951
57269
39655
29504
42032
4172
96296
83374
28318
62489
60298
22466
99551
18957
55580
27659
77517
44294
2225
79980
39594
19874
62145
63649
64298
93296
12443
88918
61735
57486
93763
16181
28786
25538
67772
63525
75266
53701
34355
12824
70158
15238
28543
94907
3502
3817
15927
70107
89478
52358
376
39291
48238
48374
82409
41562
9260
39502
94381
50348
8738
19266
97821
45599
46142
16609
62245
22998
94237
37909
34521
84658
65859
89173
35664
68081
4537
58173
34985
44808
5773
71788
1852
72176
69614
14971
42620
8942
21385
52478
37269
4105
87052
43507
32536
97708
80926
47078
48308
1694
3279
8295
88408
42373
20422
27821
85110
74214
33659
75374
27771
83191
5606
30864
56899
63162
7825
19509
30813
73795
5242
77044
51171
77455
56860
29334
24943
36162
21774
81569
77912
75392
1612
22942
79575
92509
89857
30233
2494
88782
88376
74064
11468
92412
20252
43543
23709
50215
90980
3144
11308
88524
88283
68192
50377
93972
72495
76228
18331
45606
999
11726
26303
70951
39425
9102
70121
8399
21489
32214
18324
74903
15540
20004
42704
64508
48489
92144
74933
59464
86998
85741
32882
64854
19405
85847
40108
62858
71060
92987
22843
87410
69182
56087
91083
92859
34940
26853
7278
72006
96850
31144
81894
99199
69801
62336
96874
5297
62259
70227
94935
68692
87235
35860
51486
99976
71298
73498
8472
27423
7525
87718
7544
33807
28562
31234
12337
71102
15731
39751
89253
89377
30009
56309
15509
87241
71634
78757
57382
10446
51248
74834
2148
31879
49739
29714
96963
40899
69263
94345
11377
37307
25905
61030
40428
73050
40570
92280
48346
45225
40558
8004
23023
88429
57171
31856
49495
60448
98183
92729
26715
18933
65588
10970
46581
61956
44003
35870
85025
83020
25577
12051
304
11972
63475
21363
72198
28700
21570
2829
4102
39874
83947
64084
17130
37204
14514
39731
98271
56494
69188
53735
84162
94049
25204
82408
46494
53930
43076
72866
7605
64636
54115
36586
47642
13677
36932
64277
42436
29223
50562
70556
52215
40838
37257
25517
53150
53
19553
86465
78546
73808
49545
24309
11666
10417
58006
2246
23163
84526
62502
41616
85005
10259
3437
50435
42403
61922
76588
36740
21213
72346
2793
19221
53946
42689
23325
60258
82371
39292
19124
96174
60398
95235
24556
90667
99353
34072
6163
55482
84715
85778
18525
70220
2103
34386
14452
86591
84829
25864
50423
18967
88071
90529
16392
51449
36219
16969
93836
77616
81476
66943
90656
38856
61349
73203
37219
7784
8411
72028
80123
1652
40328
38931
10295
57979
40107
25579
6955
17448
62170
5855
26013
34413
26483
85290
26015
20545
16445
81216
20082
40106
641
98694
25889
56596
20247
14149
94016
59291
38492
955
53702
84449
85976
90687
97854
31695
55563
2465
26023
84254
60481
39802
26479
20034
56730
96574
65128
65605
87645
80929
82756
20968
97281
11390
5126
26618
15538
77191
50187
43483
35073
49784
18705
76721
83772
7853
89760
47565
57286
96872
21392
88269
47703
3453
11947
5189
98124
13380
43437
84968
17803
3459
15441
13805
48324
94533
33809
45928
93185
13469
99542
76014
51599
4781
20489
2474
7031
99870
90964
58551
23654
33923
28918
57216
76544
96101
23780
42979
28197
14225
1221
2129
44166
47404
91069
61670
84589
97464
34611
22440
69861
87543
69974
5282
65450
85612
82084
62068
65549
79782
88812
91064
17059
96442
64491
23485
25834
82376
13462
85359
42456
52190
90087
89557
47074
49696
17387
97657
71083
83391
72373
77831
89310
93028
7449
5959
96827
33996
76673
3405
56399
39819
66060
38196
54292
9449
95457
57537
71520
48602
12774
53238
15855
15112
50712
86769
50512
42970
71024
3478
86451
49340
34564
16266
85952
69007
66555
58896
64730
46688
90611
7955
63779
25283
85691
17332
15851
67129
84753
64515
44563
30339
68975
26627
54176
65171
88783
81431
86041
42129
88063
65471
47506
30886
58190
81836
84253
44503
28308
86396
79658
74112
76624
67516
22090
38913
49843
27124
93727
83792
20788
21593
55970
71354
43548
24068
35726
48637
36360
34232
79606
68238
57203
18061
66949
39896
45382
51698
70758
26100
12071
92443
56231
24503
32222
8253
72780
12666
85571
92912
66501
81339
2221
92947
97238
61761
11200
26923
29145
88642
4251
76503
23409
77296
72039
45331
1499
19667
17926
46894
4695
76319
93999
21072
94599
44120
82798
18810
67743
80622
74481
82063
90801
16685
13474
13395
81896
35101
25524
92783
99543
15531
48797
17841
16379
64225
28872
45495
20588
28201
52116
16683
32296
49177
56576
90777
81648
46491
24590
62926
37666
35161
25658
6061
18400
58013
76986
90819
99474
14195
29974
47296
83298
31623
19687
2687
52640
34767
17930
97662
42431
47701
18054
88162
5939
15886
71181
20961
84671
87733
88200
18989
26473
72715
75415
25056
65974
51594
60703
46523
10490
73652
51032
93253
23203
19552
55222
10083
93493
73405
40091
14911
59962
78782
27010
43952
82707
65396
87333
98840
64176
64400
78592
8783
18586
28756
70042
51007
14345
27577
81753
68817
74699
64671
55144
61696
94908
81867
28992
68966
69894
17371
97920
69134
15514
61866
25686
79445
53499
50487
98041
45594
80685
49006
18954
24432
28068
94504
29370
27359
80162
36241
44415
54919
52291
57188
72103
3097
43459
39605
66349
81570
19645
75362
49988
95571
42538
13011
69123
85859
93982
13563
80843
31213
21954
19067
33231
87298
75048
92779
31924
18574
87017
11284
17811
24027
95337
98936
94058
85194
51108
32436
85492
86875
69738
81179
22653
62373
35995
27653
44785
64654
60066
63380
97499
42997
70609
6644
28475
59847
23492
24670
31024
27296
49460
24835
21240
53095
907
16405
10505
38157
55651
56265
17092
44017
46173
44140
44855
41934
45068
13092
54284
57232
19493
72962
25240
38510
72542
18938
40257
51632
3838
89348
65934
10445
93782
94555
31828
38163
42677
82434
56775
22096
21895
19475
56824
34906
3225
55635
85281
99928
47806
89740
17026
8868
51648
72426
20786
30001
40271
12612
85595
16874
90812
86063
61966
64293
50652
3479
67015
77856
44453
47004
82430
74296
80608
60395
77210
55621
29784
90539
63838
44886
88355
988
77072
62701
85240
87949
83820
48047
34162
44025
16628
52162
5233
77498
67040
71759
19130
25573
14796
24367
37922
56651
90536
39220
31463
60401
57429
38722
34761
4233
83214
43132
14590
99633
81469
18479
17707
18131
36438
86854
15590
83574
10831
25833
85512
10332
97063
58254
85208
54038
16310
14418
76752
5616
13189
78204
62228
60483
39207
53952
27890
36762
50235
30127
50086
21149
33150
36955
88115
30635
67766
26641
97637
85313
93459
28821
65120
47392
1930
48358
47254
73406
46411
72657
84138
79244
21152
15437
27473
91625
92632
24210
99359
87842
35352
4952
72524
85628
11745
73810
82392
22401
61095
85895
94459
41448
62420
11563
7320
97437
33376
41149
1354
46968
25247
14123
89109
73607
36748
90759
83416
25797
62910
70217
28403
32497
75927
40861
76016
97841
35398
79903
7512
80711
50274
48645
49552
64086
79083
45348
75587
40683
25353
20781
6151
4562
11032
79227
57041
51833
8509
36885
21946
37388
33948
38411
61476
98430
15801
86217
53157
54718
52996
22067
11477
56751
49375
86277
32236
66769
12710
73298
92451
10559
29246
5121
24778
19659
53699
5286
56486
16706
52981
30742
90601
68107
75959
82176
79051
75258
57619
81011
88215
82564
56665
35511
65323
44834
37220
86547
19987
44864
18547
70420
53977
23415
73780
11808
95659
93735
59981
1515
71896
36863
11322
46424
14392
56423
52826
78010
3461
78510
6756
69389
20352
78168
14463
90138
38160
22423
28575
80781
66181
70909
65815
46560
94794
46046
77219
41659
29916
91539
75006
10882
44649
93343
18378
98355
28317
42452
86520
33400
39436
97510
14741
74661
18825
45988
46568
61446
41206
83239
86322
58681
16483
90377
58072
38814
45377
95257
65108
92901
25992
44249
70253
37538
67162
41004
95351
5344
62151
61539
71573
1732
42568
30836
41289
27486
37354
95817
93736
60827
9668
85218
20179
15646
24767
84153
88866
6030
75654
22627
83348
28913
35960
46039
91535
44557
33720
9831
21412
8658
32857
45344
54689
48278
35489
66498
57736
59071
39427
60815
61740
6723
89943
6312
72356
99354
18341
47727
99346
47201
42992
32402
72246
55411
70174
44151
79648
40651
70171
83482
78114
82769
30019
77660
76971
18815
77545
16337
38474
76965
1736
58897
73168
90550
95919
72600
72942
25980
43942
96820
56347
47851
70015
53547
58542
33292
65152
18277
20888
51884
85291
28888
32141
76910
30489
61997
25751
78445
17344
55715
45091
52820
41596
54966
94596
27993
25745
36096
42606
62639
8786
53201
16742
94694
39531
5453
27451
88502
56597
48541
63600
13740
36253
41757
10167
79039
44967
83872
89731
56654
77830
54647
15267
25976
73821
81733
47607
69965
97949
51231
27325
68208
97815
88233
88195
57918
16058
66727
43323
80100
32479
41225
57847
82626
27316
20831
75794
28834
79127
73212
61111
92283
79209
53791
31900
85693
82328
49258
5543
43234
81038
66302
85044
65252
31848
55721
59673
19016
27265
44118
78345
71085
5211
59588
9146
17646
48944
64831
89580
21535
33067
83930
11599
37138
48151
82661
28596
80374
26351
71105
41301
85209
77695
54463
77594
88292
36450
88874
7999
60596
16074
75767
95544
88595
18842
12455
26171
3111
62798
5599
25719
95885
75995
49459
757
386
16528
17575
11015
72101
46988
83101
11363
26541
61462
21881
28980
96333
87021
43204
46066
62171
42100
83725
99158
49012
68688
95636
98147
11782
30141
62700
17472
621
63830
42015
35756
92681
14849
39762
37523
9464
16383
219
40601
86647
58279
3011
47707
42543
41455
59507
378
53007
37712
91088
89859
8218
34973
30948
17669
16527
22402
13841
49872
93288
83169
66676
19012
62227
36758
7357
87008
21473
38184
20001
96002
5253
18862
88962
36857
64144
39102
88649
41266
23516
47072
1278
33543
87812
17104
21203
4610
5636
22071
90191
79407
24539
86678
74522
33300
96536
91632
5248
55531
45865
81254
17614
77908
43362
29546
11970
94812
54181
11606
47674
33427
17191
17708
81053
26077
89372
61930
89786
8947
50564
13921
70262
61492
68128
55146
73980
87165
4034
14380
44515
61300
57567
34798
73957
6498
89642
30825
10021
37775
98777
90302
67736
43107
42989
69342
66552
62242
73942
27485
79431
80330
52880
4019
53395
3636
34466
23465
75226
86164
39208
51865
14648
10853
23104
47726
8988
19713
15347
26673
81276
55674
63254
17615
49635
12050
17709
4001
88224
31607
17650
32356
53826
76671
80013
31333
3243
55510
2816
86721
41907
25027
89783
48166
26704
75277
2038
42440
45673
6200
61247
92574
70194
41536
99776
92116
51308
31609
5163
84773
97521
98091
61112
56340
33972
42980
72367
22591
12942
72981
69768
27413
41834
6832
14984
96956
42220
86969
2852
59242
82395
22768
55899
62082
61118
67120
19287
34529
83886
86168
56889
51814
16951
75970
59213
64977
19149
27094
50355
4625
23411
91805
98130
68450
62944
95300
88974
66830
43159
42294
44037
39504
57298
10200
12617
84851
69615
9729
51897
92436
95589
75590
86031
19944
38504
47739
70545
70863
7849
75214
42442
34576
68813
72355
36900
78471
97232
39165
51635
22728
92930
64698
43988
87765
46960
81643
14249
11291
78154
73279
39370
54660
41212
80994
31752
8145
38845
46679
92274
27720
8858
81406
13731
25626
23037
54744
11899
50189
29990
61693
10672
87938
29176
47305
25999
86972
45084
72853
39157
40367
82790
26908
42007
49582
42167
8377
57954
60574
70026
58636
16793
53008
75697
97629
85021
50370
1520
19093
20227
59908
89582
51951
7430
83665
21036
52457
73602
17858
15443
83241
51969
63106
18742
72618
64638
46192
76069
39665
40216
41513
7172
87585
95547
12292
31979
77352
53092
77567
66993
59946
78326
65981
30211
74867
85624
99513
89569
93471
79355
14071
75836
74351
43338
79223
94114
56014
76402
57143
53874
56799
51080
81129
17617
18027
11702
33865
70517
48592
30758
11665
48421
8720
90999
26098
60040
68170
36604
29697
4171
3054
80732
85708
28213
95675
96123
96181
474
24128
65320
8973
62441
35225
98740
61532
125
50019
9766
48347
73155
9166
57119
30918
67316
17787
6508
15198
53380
39242
27593
46588
75994
4181
42229
6177
14527
96851
48725
74432
24193
2178
49585
71945
35494
12074
4222
97237
74894
99351
18882
48391
82806
98075
83122
4372
40438
93952
53375
35547
54471
36469
58738
92271
21079
98464
66884
99608
42056
22049
87300
10483
91548
64088
30398
70017
51737
98301
46103
59546
15640
7126
89587
32114
52205
57501
71381
90348
29131
52578
51087
77401
1874
43526
32518
57224
89647
72911
10680
53527
24412
51347
62629
66470
89712
68865
17014
76536
94665
56616
89143
36602
10209
55419
86136
11704
73963
42136
5897
57855
74122
37382
33201
98622
81513
43537
35195
30543
20565
95044
11009
85482
61365
43521
12132
49298
76488
96416
65158
13790
93414
25489
70410
97224
16442
92228
13713
41359
63408
56546
35751
46349
53664
18822
24252
80278
45523
20301
95593
58483
55338
76166
6852
19947
45808
37010
88543
46532
80865
12185
49
5864
58062
62781
67774
98413
35936
74836
7393
87146
5511
28215
98511
44342
72394
53911
4647
75191
29430
36731
29826
56329
12725
27951
18823
59861
34599
67514
17168
10340
53710
74234
94338
81738
89971
15575
37277
66450
88496
84857
59623
2232
62422
6692
79071
53351
85610
56361
18588
73891
45977
18071
1793
58741
64211
34531
60638
97904
33746
8236
78970
71055
69428
42771
91206
98324
84690
33471
9764
85007
63334
11622
32359
42039
53774
47975
30912
79079
11316
49415
23972
73313
55579
38920
41352
94848
66073
5437
43679
88011
81316
26081
31876
93602
76112
82558
72222
66777
58088
85531
87037
77606
32583
69492
79987
93670
53528
11250
92587
6789
65558
51456
47487
75611
27101
39755
31181
91998
49142
33655
54058
52504
27719
21118
20758
71966
50064
3919
15025
66235
32110
96778
78836
473
66061
99758
54849
76570
90329
39878
30680
39583
3688
67521
11059
7281
80546
83967
74974
73931
61443
66127
78627
82129
45883
75989
48459
78161
74554
31414
89986
5996
24468
96493
62795
74219
70057
67168
44117
9765
95009
22130
41069
65367
79394
24067
23421
14960
37476
84134
30921
31515
66340
60848
678
37695
82519
73601
28090
94851
50102
35647
26085
47273
35962
30122
43314
57969
71253
1851
78709
50217
77884
82980
41539
33596
17357
86768
67644
53016
37061
37885
34081
80810
13239
83075
71949
61681
89248
95563
52746
18914
33838
49520
17588
7951
2287
98228
38595
1063
45155
9690
84301
1097
81023
30023
21766
77731
97065
89537
37073
6331
21145
45807
17062
74217
4163
65648
82208
64560
17296
65844
7858
81435
72672
92894
81500
26002
92151
79836
51040
64271
56141
33331
30431
30739
48971
44609
42769
77613
58202
30437
98753
10936
37357
43817
99501
70474
69437
89453
8439
87387
37436
33552
87292
2697
82113
96471
5422
55209
58419
24053
54738
48970
13887
4323
66502
4514
48988
26747
92649
13920
75341
60287
20388
39921
5140
7803
57993
27991
57647
98869
78335
90431
47390
32850
81635
27782
63485
25118
88038
33684
54476
61427
95141
28840
29959
89043
78739
42826
66140
38556
75412
79728
86790
35577
92401
56115
65278
62641
87677
69574
63540
8177
40454
17795
15649
99606
73690
96399
3514
19113
56052
66833
86566
80355
95368
94836
86828
14402
91913
28669
81077
74931
78357
8229
10284
92484
40698
65068
59060
55543
64695
77568
93732
85043
10904
1745
23902
80248
55303
531
6820
67093
62458
73920
65382
17642
53713
38779
17194
95451
8163
44139
94155
55874
48615
22126
7501
3595
64908
51056
24672
24660
4449
80820
84279
85349
92034
9866
27714
47693
95990
18725
87806
4742
68812
44264
77994
79860
53570
99034
76407
66253
96937
26746
69725
87287
84746
16746
75229
68179
56828
55918
23496
12819
45945
33367
63826
56360
62506
62988
16228
38269
98392
96469
54553
79609
27272
60698
47333
71082
68706
74051
73679
97636
73007
48321
77152
2858
29795
48532
79557
504
19949
99995
1582
71777
97484
39518
400
83073
42640
92399
28964
70581
756
39987
25702
67035
35308
36214
70650
2904
22438
87225
13369
55728
75714
1830
32986
46887
45622
66764
36741
6157
95831
3554
66776
23377
13191
93546
84672
25793
73488
63178
24682
27500
4370
37818
62666
14601
38932
85682
64759
11418
83750
81780
65199
79257
36108
84783
35118
8040
27619
55348
45571
76539
90706
23296
41888
78554
65877
2040
37250
92152
35367
29108
94969
99817
4854
66381
70292
1858
41172
42240
26897
30872
10455
80651
1893
75919
87970
22809
20102
3724
10048
8183
49776
63286
58094
13758
18184
66462
92685
56631
60919
65484
23066
20666
73415
19047
27763
46274
30386
21715
45915
171
13072
72893
12309
61364
42277
17148
31442
76622
64850
84059
77813
211
61260
32121
7766
55803
30305
99917
37711
15922
50427
57162
31189
4616
9911
5107
77611
54161
6022
1069
92986
56586
78866
61290
92927
8034
10798
3024
94318
82100
31014
93913
84293
24495
88629
52214
12470
75282
28744
19868
1917
71985
39943
97519
64590
63115
70878
6268
49219
18321
5783
7325
54348
10031
63672
61814
18475
86057
4710
50369
7417
41746
93158
53263
56704
22146
8813
10046
66919
75201
21370
6895
79102
18495
66529
5512
51927
62352
25602
49344
32051
32021
9016
27766
56366
45334
99307
66569
61654
39460
6279
98051
87179
16295
52241
43417
22512
698
44144
44257
78398
62861
97655
66763
2307
95415
55527
56181
17111
39718
32750
43561
39521
20634
8654
33753
86140
22055
86457
65260
98162
15866
81267
81815
79502
80377
97311
72095
93899
32332
64845
94628
45716
268
76968
14755
97822
81783
90914
95397
57814
32069
86228
38958
34283
32098
31204
94037
29661
24722
10818
98389
65372
66738
10579
22211
57320
32435
85880
62416
15385
47327
53605
47473
51128
20534
14973
25934
55588
72331
77642
78956
73374
75761
60190
73670
47168
62660
48491
9002
22119
47869
46579
12123
87874
74473
92952
92601
11508
48320
76356
89679
52539
38011
56147
86091
46613
71748
45268
93824
62407
78681
10173
55741
1380
18316
95359
83437
37475
35812
47974
55703
57004
97688
64930
50313
42999
6001
59809
10950
87613
42346
88850
52040
32063
28129
4376
23399
46278
695
29894
28793
5165
17772
28138
96007
41736
29999
72764
91976
5760
87602
90294
53789
55446
9433
35866
1277
86471
53048
87206
89518
68721
99063
16227
19241
4893
52931
74906
86246
76091
71724
53241
48678
25733
69566
95526
72370
68075
16922
49439
53546
73180
52059
79015
46373
84742
73559
74254
12922
35302
33140
43421
82018
56607
9928
49577
20942
6650
99907
38201
81863
43932
47816
21531
29787
93418
11261
10503
92052
75422
94918
24296
27569
3753
37559
1826
25061
25348
85897
6358
45664
12945
54933
30175
30930
10759
4104
74719
30471
55117
65601
36014
58250
84835
10684
19563
26535
83852
80463
54627
34514
85441
63189
66623
43516
29152
38302
49071
89204
97119
24249
66402
39575
85618
79412
59222
19095
19856
38927
12697
91500
97169
85866
6348
26315
43560
58825
67246
55536
80378
29807
14904
13209
68080
91844
2588
22497
3199
53856
92766
18566
93534
97058
40318
31956
53792
68738
54270
84856
85127
26575
98857
10927
98156
2470
99375
95157
98459
85242
80549
62933
3480
32958
10248
99632
61083
55575
84569
70711
16882
94649
3690
96386
33327
1434
64111
20365
99174
17793
59157
12389
40500
75107
1234
99600
72546
77066
70924
24042
22009
30402
69311
38598
49141
57824
43246
19881
16829
90316
87413
78982
53948
20557
61555
85215
45362
70585
53131
39950
15496
29942
66921
29197
52897
90185
27081
80933
79103
95956
88372
1086
25964
69879
20549
67233
86500
16038
1918
90363
84935
92582
83360
48312
16044
39964
40984
75176
24925
14169
33744
64160
72351
37329
4039
29789
68585
91964
14868
67915
52267
6361
75056
18359
54392
8077
51300
78035
75030
86110
90531
50907
71401
23397
89273
19632
68218
74777
18104
34562
65664
90452
53572
59444
51173
26971
27496
47276
49222
56150
54202
24513
83517
67901
9392
77405
26146
68161
51802
72574
73060
53589
49108
60624
64289
69230
80913
70506
39508
58124
71912
97362
51997
44449
75980
38341
12027
80339
7444
6276
3584
83013
29982
50937
34120
99223
56850
67618
61531
38402
41713
6352
88870
68615
35252
8895
96971
67867
82211
8348
49254
36468
69772
29360
81781
98356
29314
84041
8152
90427
62430
96339
72052
23618
69998
41452
52633
90650
92619
86119
76005
67693
51388
74584
52888
53597
17110
76421
23530
1491
22209
90491
33496
93357
75143
33889
19505
46443
87170
53465
13458
96344
92945
89319
51312
71180
52326
62133
34653
72768
35122
37160
35730
76049
91494
89632
90511
24711
39663
35966
7167
6070
33524
42545
45895
69025
59419
84700
1054
19911
27913
18161
9850
26213
89633
32143
81805
79289
78987
59514
75059
15685
97008
79117
60620
88437
50947
64113
7600
97706
12618
25084
56249
64518
84410
41234
42382
35891
70296
37198
94369
99859
19085
75677
15436
58587
16373
7222
11004
29812
92112
68476
20581
53692
89930
67462
7474
3712
78338
24026
39144
46042
83971
35435
77471
34333
47792
7388
7060
69978
78127
25863
9467
14719
90664
6781
73588
6934
79978
36168
40846
16960
60883
51447
65705
13837
67672
98299
33765
88889
42580
97401
24761
27466
50548
12361
43724
41155
33970
36617
65784
22105
84539
39358
952
7254
18796
51157
80740
14622
13675
11957
50450
93283
68860
97735
42890
11878
58916
2840
41262
56075
59631
63897
23626
98305
30197
89247
33940
81760
73002
80548
3577
30399
18311
93918
16465
46802
70135
34706
6660
50846
66236
30340
38801
83208
52920
65317
32891
16724
87103
86368
37801
73344
52740
99331
9109
99681
4309
72286
77919
82663
16156
94329
1645
42473
80977
18697
88841
63190
76934
45635
92755
25959
44500
55947
87271
59469
66873
90328
10481
88142
2052
42880
24807
73263
7809
65067
44546
29860
13090
77051
74999
71900
87583
23500
86409
24949
26480
11748
30750
69351
10554
88517
58435
59078
79365
18812
28880
20773
40291
21867
33959
39536
17878
46370
23984
6359
41079
65347
52592
50858
40294
29021
1157
48299
82656
99742
46342
88308
95209
38869
52486
41423
77337
31632
37734
80444
68101
68783
7692
60376
6114
84868
63410
59872
80898
28
20835
5751
20611
30458
14056
29986
90557
78800
85072
52480
17693
4162
89019
94734
89635
92496
42038
39573
73631
52342
57543
96507
54216
16274
91822
79501
43352
66256
91684
11326
36746
61698
5337
98957
40444
70678
71602
42846
93607
37386
65986
70780
93193
73078
57251
41826
62487
44518
19876
68650
39369
45110
20471
71811
86531
34641
12291
14784
51968
9351
83972
94322
73757
98906
31932
93517
32241
52685
55077
56684
68663
8168
61124
54764
199
79873
24341
16822
11844
50380
67762
44540
52736
20722
36620
81841
61375
17108
814
3099
57837
94616
37994
24477
32647
7715
44247
58568
96708
46484
17676
3853
48301
47893
97436
30174
6686
87499
16137
70100
92210
37440
74170
64134
23321
72493
28520
55564
25210
56864
67024
90046
38019
2076
23101
68844
88979
20718
41185
84916
44154
60450
6445
31403
84314
80379
20135
61976
50208
30191
83124
70560
69265
93409
489
14025
69920
38385
82443
97783
47799
43998
38651
81934
66431
96575
63324
58591
94683
47965
46226
36307
41499
78531
6792
36050
65425
95051
32527
49616
14387
45064
54104
5553
73001
43353
86858
47271
11374
1883
41982
44957
13577
96869
93241
3467
32515
94038
69619
38639
84211
21537
2176
15439
90448
32342
50783
87791
92875
80092
18657
87619
19550
15990
49449
54667
12211
9366
75670
82834
13392
94346
32707
77860
22879
70450
55012
80151
25902
54090
1681
40857
86114
42041
92020
51078
81591
4649
99792
68652
46782
18022
39616
73039
30734
64322
69849
21117
65836
65125
88693
39244
67954
62491
30038
98985
56317
77183
20962
91168
85436
85713
6322
41023
50943
83528
96225
9828
24431
62687
143
52244
9759
95046
5104
67611
30950
96434
50885
19600
3570
30299
76268
54752
72554
94634
34810
63029
35981
14388
12635
78179
15028
38467
95269
93074
71704
49200
97957
11188
42408
60451
42780
25699
37980
74065
69281
993
50823
18791
88241
2071
73840
57863
37908
77719
4886
86930
76227
54326
40896
85631
57864
10946
61717
69175
63677
32644
57140
59478
17117
1003
64723
8235
3953
25232
39750
64079
36366
29793
65678
71126
40834
21253
40568
88721
93371
12421
55216
14715
65144
43818
41502
26395
19828
82814
28893
54123
82044
80134
79848
32714
12314
79077
88486
49962
75386
57315
12608
52770
99963
74612
77859
63356
30509
98904
75313
4270
82788
27573
85480
1455
35798
50586
38104
30155
96674
18153
86812
47768
72647
23919
54986
25199
61625
95447
12999
45027
15570
18594
48682
1577
45096
51369
82123
70661
21471
62880
1465
93330
22003
31610
31755
17211
78067
43079
33489
86645
979
47873
19822
12081
78108
46573
57101
46330
6648
67793
64894
8563
70489
91818
5436
50832
71031
90857
79859
24168
75549
9812
58829
42671
48309
33350
98153
22027
11996
34661
96078
31820
99713
72929
56342
87063
86112
74304
65893
77304
66946
51547
59189
52452
43905
55771
53386
33311
93487
70896
83816
70094
31639
71997
57533
19716
22337
8744
42399
15219
26803
78635
80370
82584
38782
45851
39872
85161
84024
78060
55549
19520
67902
16152
80700
14657
98981
68301
792
84110
95250
28692
64494
15284
57951
65970
21917
2998
40326
41558
8158
64896
43461
21405
80557
61246
2078
73437
24373
42827
48411
12260
84572
57416
31449
50202
5872
78005
98159
58879
92297
87060
15811
73396
47409
25397
51748
26875
71252
50289
64690
1604
93422
44790
39884
94222
50596
40311
99694
64381
37044
19181
75280
89131
8500
28675
36315
70161
76336
98342
19707
45625
23671
62544
51699
5621
31713
71804
42303
20869
73458
17257
92462
11516
55357
6085
87470
42563
38502
63757
66467
17915
89776
44109
43933
21037
51523
41402
6778
5582
85977
34165
41781
18348
24117
38288
49098
54805
48183
21109
98692
85996
58717
1606
62684
19070
87942
49505
45171
40994
42842
90543
73308
31733
40949
43945
88023
71394
16319
2515
9657
23989
9581
81661
93969
63448
58090
20717
33130
41152
44018
65939
45144
44604
8014
91896
58607
54048
47406
55539
6783
65625
2899
50515
56328
63627
59112
44423
84611
14997
10216
75357
13595
76431
42512
43964
32399
4669
91875
75300
42147
2478
77877
70597
79336
89692
4459
8821
2035
62397
81749
31972
39237
32541
1794
77620
71633
65008
58040
73089
48870
49756
63283
69516
70211
32205
37949
12365
77187
11815
17275
97111
42086
59253
65920
94335
45314
49240
96221
64892
37056
96768
6487
71334
71213
29840
69447
71350
66392
67591
59567
92747
63488
91820
82730
60768
39732
84250
46504
8618
26359
28102
4466
54900
75545
5303
85486
80883
92032
20229
48819
67577
52946
80718
97584
90140
72509
56420
82264
45803
41469
56421
98231
30747
33978
68529
26738
82841
31603
78272
94486
62969
30504
79324
91705
76677
57604
4008
5102
26017
95247
71763
80975
22962
87274
42417
60515
48467
75948
11247
17537
63210
96923
24839
32357
68437
3687
87701
70908
55287
51756
89965
45932
11870
2084
74702
36850
61062
78103
2817
80877
74932
36021
56659
37992
46529
79368
55747
42096
75938
82816
40725
30323
48264
59878
33269
15351
37332
35881
96432
40909
28196
90131
67906
33528
28372
52178
39744
56588
70892
92663
50627
64177
19158
93513
54625
46288
48838
49421
82346
8140
92470
89677
11929
45129
42948
66335
81132
41472
31814
35140
77379
54950
20481
3523
51002
25063
72263
25367
6342
9357
10356
44581
51257
91007
44187
51957
59995
63206
79991
27241
59510
86701
55765
65373
42018
2345
64302
54194
54374
36968
11067
86692
91523
37854
59333
47108
57835
59181
87825
92302
96995
3398
42877
30853
3002
89407
94879
20513
72676
16878
31554
55931
68666
77048
78178
64867
57594
34892
33378
85894
43875
69993
96643
26019
94842
15883
48334
10917
23165
59424
14615
30024
83582
77558
77016
29151
39637
28071
88050
27182
16126
71940
70111
71509
86016
91653
15576
83338
73358
79894
15776
9085
31398
46501
71244
74147
49940
27247
97165
69102
47907
29255
29403
69750
14400
91314
93668
15597
33373
76950
59738
29141
26240
89820
82261
72671
20785
72748
95144
60558
41506
78155
69033
43009
18304
64383
69709
44228
55602
9675
26513
24781
15889
5440
37560
7451
71708
44879
73902
78822
12360
82495
17547
46044
5226
90694
38446
48242
32433
78773
22468
38469
87458
59211
88871
16869
55764
75235
73314
51892
90671
87108
80593
82009
18444
3290
81687
21907
42721
20981
71931
90796
74360
15512
70397
79069
53492
85084
81771
491
50726
25254
92369
92204
43621
83355
23752
75047
55157
39996
96709
39794
60612
47846
27632
43121
73818
77359
78202
85928
37776
83469
947
17102
76282
47599
6933
90205
64197
45810
57127
70618
89155
96771
16158
35306
20155
81095
36132
70045
47402
82719
92751
46048
71944
41711
15400
5045
76969
8206
80045
46806
2739
43398
13842
53120
22189
31672
93402
75408
49318
86027
4253
79801
7604
65906
66784
34902
1282
43826
66615
86525
57363
68276
61978
70465
86132
31050
29266
79815
74791
26906
92169
93027
54282
22494
71275
93738
21199
83012
34456
41636
91472
900
60866
42533
55850
93272
79930
96607
37637
1489
2870
13543
4908
33896
74971
2211
22701
89854
33509
31521
18138
93162
35461
18918
17750
60746
28248
21913
93216
61891
22226
64761
19715
78009
63725
65830
88178
95000
53834
67
82397
43356
26504
44372
99425
36595
85535
29268
67650
1559
8157
27355
34490
72937
29321
50872
79321
6012
24729
72833
92679
2194
91030
30673
50897
35382
65100
30634
35110
25557
13160
87497
71781
87743
51915
80262
52154
9547
74778
77084
45787
77935
62698
4814
17196
5909
29527
74552
93270
61076
54109
70316
19259
7968
5931
29161
25809
4795
70900
29621
91429
27833
94704
91485
7756
65070
6230
51153
86050
22474
7094
31908
43259
15014
43429
19402
69028
40365
23844
16410
40817
16438
45272
67502
67926
74043
36444
73225
4064
30922
97164
86899
33206
27269
63388
97781
94411
78504
9940
30345
19745
60887
43125
30615
95479
75269
27870
5046
12134
19386
64498
47133
74365
33194
35599
51712
19651
32440
11956
19457
29502
81656
57891
64472
8344
14337
66251
80018
35823
39544
66675
94782
47936
60819
63204
65271
17414
27430
1481
33938
76311
89589
71384
70891
20044
62919
31760
99349
61759
47892
54639
99080
21004
28911
48919
46981
54456
40411
55323
44755
93249
69356
88984
17392
71818
32443
25170
48831
87653
14568
88196
46769
26361
47442
80170
21734
82781
74843
14140
41476
63518
94217
76940
2759
56454
88123
13087
19574
11820
50794
83690
27695
20648
14381
76339
72865
72829
5124
90753
79856
47448
88609
35072
57437
51345
9360
3333
26567
61208
79845
27280
16351
43791
22421
88042
55278
60780
20686
61982
31903
32820
29441
56422
88456
49406
98318
28522
58330
6041
35282
99429
62005
76710
40805
57210
27837
31665
31579
13886
22394
97690
63704
48506
82215
50447
25246
30817
36291
77393
82207
54454
70631
84879
47539
84536
41695
25346
55501
81514
16196
96958
43261
84477
36920
5497
61389
81064
74028
34875
82171
55523
58581
77163
66245
87776
81701
74021
69699
14633
58057
58207
82596
50276
36895
56953
83692
98785
80835
38222
13919
43571
50191
64853
63523
5145
56905
38345
67518
4581
36283
61662
59250
90934
95844
27198
73870
97066
29776
93405
78173
71934
36224
62776
3359
72171
21833
82442
81236
57734
43715
41540
84907
24170
93316
60102
90711
26858
71556
26036
24186
86924
53327
67295
60005
32334
35975
38099
57712
25861
15719
34584
44589
71427
54298
21196
95804
90719
47037
24092
12567
45770
88242
37035
44335
78277
18665
24998
88118
26590
72099
77358
10833
58558
77678
53758
16556
72771
21506
18507
25520
90586
81265
74498
11671
70942
91547
28817
67170
94442
86493
89831
78089
69056
69646
58281
30015
7888
53200
11779
87477
28808
13581
98671
71696
80237
48684
86723
41782
65685
79622
18821
35244
70093
41261
28474
26360
11886
49122
49805
19788
53117
98834
85265
62838
19103
80942
71718
84888
87569
6473
44650
97349
64445
45848
42872
43860
8994
85613
83645
78916
25304
61495
23342
35049
47620
58451
30085
15536
18424
51900
94768
25477
39154
86429
84044
59864
15526
16140
13502
46097
43126
95749
86269
39697
12042
30594
26918
13500
43611
76889
6203
63691
20614
34860
64645
6290
66286
88639
97335
20567
42308
68421
73426
25965
82349
95287
85576
53847
23713
16972
200
83452
77655
61116
14126
55891
71390
63489
25550
47684
29052
88790
51135
53313
88975
20914
29798
86560
62193
57966
13046
96008
50368
69909
18980
74337
22976
3256
11156
6562
31582
12910
24407
93565
7688
74812
9310
33900
88584
57968
37544
64884
54853
55924
95588
42559
83567
86589
26635
3874
3661
96100
18497
82266
73824
50732
31783
35731
74412
75175
1632
16357
61549
22262
64665
80854
62126
27468
55176
23457
73645
12363
91833
29308
75384
42502
45846
62158
30096
6354
83317
72188
82300
63614
73746
9969
56167
24308
29469
77894
773
8285
39016
41482
36501
50267
35694
70190
93756
88792
15970
9624
80460
56872
75913
93659
55616
38283
976
47106
88745
29010
9344
83829
17566
52375
53797
81293
66282
70371
4192
76558
80098
51548
37521
11023
12203
54135
54323
94009
15179
52991
78856
2576
49855
30094
34219
7411
10801
79421
13605
55666
81746
56708
40937
21941
94373
38319
8232
8058
20753
55792
46911
54810
99042
64291
20511
27177
59410
56601
39326
65286
72214
9800
11011
10427
23467
80899
48199
82543
68278
32340
5634
53291
47484
58222
32189
48958
25295
5921
2521
98883
50286
44970
24337
87351
78519
8874
39264
9133
83697
50357
14764
66639
84794
26273
66573
55922
93690
73321
64986
41614
37478
42915
39459
54288
71227
12426
86999
77925
8139
71503
75503
33141
12094
51848
75506
36185
97947
53562
12759
93154
22300
15524
74338
96951
56194
38773
92190
40354
2459
21013
15713
75581
96271
96353
83809
25256
12320
63696
91980
92575
57511
30231
97196
52385
17998
23062
34167
48394
95021
63938
83036
7021
93792
66905
86480
32504
51901
29221
85645
82627
73650
44499
74012
63348
31968
38178
2571
95411
79248
87830
80787
77730
30169
2128
89328
97181
84035
23075
92291
43034
8273
7147
65256
24551
42208
78810
7978
5639
94692
74267
22255
88701
3008
11628
55066
2911
85102
10829
24642
45550
25713
75614
63766
93532
10005
47992
3310
56718
82391
83857
61224
74388
26547
90714
26648
86600
75099
83768
35655
72363
1468
87964
91263
51979
34047
49757
631
78364
28039
39080
13548
10800
41551
34801
19889
75711
76398
83397
10086
92580
28062
21502
56976
88576
35899
79935
69307
85
58816
80350
94233
54597
44115
35439
34483
15197
92824
56727
64401
65380
23477
30347
7313
29597
82929
43682
88332
22851
39010
44265
43274
16097
96938
39412
76711
8265
72514
59413
15425
94738
26289
63143
75976
34952
85509
48884
83751
89078
69915
68147
74165
57371
46787
3436
57147
60329
44949
27898
66540
87080
55611
84269
38274
60625
22839
93675
60035
32870
15078
45208
12534
75086
95523
19686
5157
13442
30048
87120
40731
7778
42476
80870
52642
59412
49528
27779
77295
18290
20019
74709
87920
37514
75548
76595
5949
90602
26973
12346
89555
88575
56562
15416
81008
3038
63302
42327
70277
9425
63382
11746
4414
38751
94802
9416
92300
6665
86342
58638
82032
49504
16417
86152
20783
47837
27363
42668
93966
14273
45660
13193
30497
5713
38306
82824
33828
2848
60973
38635
15572
85406
5775
4456
80674
51852
42882
14595
43962
65375
93542
35856
74698
85269
14682
46764
98321
10045
31952
95128
37317
56503
65576
61639
72773
48703
35343
61411
97054
25487
46155
13012
17936
57546
52882
15592
11143
42378
22832
59968
26562
73100
55466
15752
60975
87729
81255
81759
18250
67777
58862
77956
32680
13125
26457
305
59779
65253
99465
97960
16466
57130
73777
46575
99575
1202
93617
68850
68112
18194
56040
18523
3446
61775
26254
44960
4106
6714
52869
94873
65461
14139
89008
1648
72569
60603
33757
1293
13425
24083
22995
44983
52588
91170
81343
29571
24437
69872
30642
17388
39623
20563
90325
13326
21665
18748
79003
44201
16932
45500
57215
56023
32172
44572
10219
40193
6468
70224
20222
21573
14567
31836
7440
37067
70927
22361
34827
2531
75033
55873
54089
64519
2452
1714
97940
45018
84348
46116
7289
88176
72713
91409
22924
12297
52585
64043
89923
81778
87039
4075
5607
15228
1224
26873
2384
56830
74129
62481
79612
71819
76896
74161
71355
3635
81154
49143
62303
88574
41516
21906
14749
67934
87393
57480
83015
17563
43203
92886
46163
57239
33911
56248
28424
46577
7150
4121
7900
11369
71547
61206
70548
83176
487
6874
94715
81059
16414
43135
71537
67213
47433
23034
47993
36049
55841
40979
3129
67898
246
64595
21559
67417
19239
28724
76386
99403
19073
95786
35063
1304
93688
21031
71638
58629
68502
98738
54438
15245
50968
92772
57626
52658
4899
87238
89032
28639
25338
50389
25510
62745
37375
67011
94475
80804
11713
96408
70444
27232
30573
64842
53036
70206
39765
1132
79902
62837
54144
63360
12719
33184
19919
26683
62538
59907
74197
23334
2723
59338
99162
60439
74560
91107
73841
31166
90242
81318
41336
43382
18819
65773
4375
28954
3070
55917
79857
41074
1740
37972
94259
75496
64503
40156
68569
34132
87414
22539
78962
54184
95991
65095
97154
21611
21786
45067
50057
67758
17924
66278
45802
53676
97415
75810
77852
91882
47773
92477
129
85561
45901
63955
71356
12675
62412
28253
16484
92222
14961
87252
31068
42342
66370
41559
3473
52250
65234
15052
61128
46202
91678
32715
58672
92560
1791
87402
95203
68164
61778
48763
29423
8779
91843
83778
41926
20677
42887
914
61699
35468
13771
75888
20151
73955
2933
37751
34824
74824
99277
13508
51935
87025
66525
19782
96696
2686
77307
35688
28939
18494
42725
26493
33494
37832
27312
95606
3
13572
80000
77092
99441
51479
10789
41101
95790
13443
81872
28339
64427
3726
51487
21035
10982
7488
7149
81303
38010
32936
46485
21110
25701
93521
22651
56239
24421
29682
78659
98670
49695
1338
78966
26974
58659
5735
13724
60498
20341
82149
88824
47346
12144
56365
48317
80790
88591
85231
39937
92816
28848
64523
52634
45390
73742
47542
61674
10949
37855
55026
89044
96485
90043
81457
84075
19227
25227
68746
88085
46232
53750
60079
64804
90797
8688
14016
33470
9312
54413
58674
21594
98079
5688
97448
20808
44076
74571
68415
64756
33158
52599
66537
71548
45544
82962
70783
5289
63976
80642
81612
55031
48925
33961
98195
15848
93496
65456
77000
20411
45222
67033
93109
52548
46090
794
58142
32538
58069
71425
92737
5809
78776
49502
68905
65494
99328
75453
77391
84587
41778
95225
82871
24419
72566
14467
31400
7539
17228
43562
41808
76348
41796
74004
17516
92759
95641
98090
75853
399
98236
76549
76646
28941
77526
89291
73273
1573
67225
73648
11426
21200
8015
19780
80231
37352
41718
18694
73829
67318
43018
30106
48808
58161
74700
26306
41671
77562
84964
42622
35985
74342
77078
36832
62393
40338
60053
44596
96711
36810
94117
88312
49569
96622
81630
43302
91721
37319
69243
19565
74521
48584
39353
56789
30624
23823
95856
36901
83513
48980
57177
25633
65434
28361
54331
87097
99242
63703
50014
32886
48909
20194
81965
3912
98436
73140
85755
237
94929
45203
95480
43683
32915
24404
95118
16411
80448
67833
70568
96770
89462
94777
23522
13933
9118
74728
85788
9486
72761
458
71246
38129
29330
16402
79063
63328
83327
12382
21062
35221
93806
74376
79774
2934
94524
99725
93717
53362
9776
62261
63946
41401
10124
10049
63812
81360
63075
87935
88897
90201
36949
938
64436
15372
98741
29595
80206
20367
71871
45405
37486
37816
95080
33258
39522
32170
47933
30412
22673
11228
21479
27016
90434
67503
58696
54842
23172
56363
24389
87289
77786
15763
89832
72476
6267
13664
42351
87424
15637
11624
72945
89979
98502
51301
86058
71075
67984
87090
24069
20122
95757
64903
38451
50766
63749
90554
89129
6464
20484
26269
32853
10600
72922
52771
78695
7015
16406
65616
28781
39752
69125
83180
95989
94805
99236
76546
4091
22709
37197
41322
29346
43210
9099
6099
2127
49278
85256
63557
73382
52854
21182
95404
70566
8306
62872
92238
83956
13133
38203
77513
50643
5704
58614
97091
77869
49992
15321
1366
73881
57049
13642
10509
3536
26522
82447
85853
63368
26938
90776
22491
17471
41797
11194
1551
12614
67449
45560
22297
88585
47007
79488
14490
7348
3623
75946
28514
56984
94579
83600
68643
15860
41579
8089
99770
495
87133
5432
93393
97239
44295
13053
90519
89896
37813
72086
96826
63154
41428
22994
39991
24112
1242
83855
22500
41126
25542
49099
78099
63391
3371
94710
98564
18130
36928
71165
45329
85015
72953
28067
19044
28987
24679
52444
66508
99191
14587
32595
15320
59220
2633
43443
46235
89278
66635
78407
83250
72877
25423
27025
35269
22204
38924
57698
8462
66147
88590
54111
4343
83403
86537
85354
91150
69296
31392
66733
9469
58856
5219
93309
66680
70658
58499
2097
15612
16359
3213
69404
99454
77902
63227
45190
41830
9564
58882
40562
92711
52002
30984
26819
34881
31526
38786
37334
6753
45898
15946
93854
61682
4874
4826
28076
59678
67358
81294
24505
57106
50522
96740
42392
90414
68871
45136
10004
97527
98456
40739
91682
27008
69180
31017
25594
61327
36890
11522
16292
99426
81586
23173
17453
33139
89267
35369
66902
12845
97964
47478
69494
7161
32089
74148
32442
88567
97720
63387
43810
30937
53519
96583
97694
62761
79406
51047
53473
98711
80610
12183
41112
77537
18747
88907
63568
82963
89339
92281
55916
45397
74760
24512
55418
50605
56356
84488
68378
14460
72140
72536
86904
60112
95793
3856
20883
24806
4164
47345
56431
60045
59526
70028
47134
1980
50854
64880
37505
48507
79990
88532
64934
82732
12753
36994
26592
90423
4956
20562
63268
79374
15324
72939
91905
37385
92062
95054
51671
72575
93640
25690
44176
48518
52803
3040
25769
54183
26756
49257
75982
20578
14105
84251
26638
53689
77519
82373
96669
85781
66361
55282
40911
99857
8333
58778
72054
72267
97966
24208
78897
6047
69634
92865
84492
88374
29578
94239
66449
67535
86258
76754
79564
45755
13094
26393
6365
44821
891
12303
69187
79472
64989
35892
62789
37242
49400
63319
36279
59561
59921
6718
81504
53330
24230
33283
49568
217
27288
49558
61421
3413
48455
71619
52714
75474
17871
71854
95736
73088
6386
61306
4722
27446
11371
94132
5228
69112
22740
20555
64239
31065
75722
52343
13901
90723
57476
73620
36171
79109
9067
92426
41812
82173
70123
78855
17289
34146
58831
14886
29644
96975
1281
9474
58080
16523
81063
82800
14825
49496
46713
6861
8602
84054
44245
67165
99878
53340
1328
56755
95912
36330
31973
93695
93161
88428
83347
76784
11234
13684
58601
66233
45742
55798
64770
38188
97300
59401
26075
66084
64886
13511
73587
97133
19347
65143
33106
89102
84013
92800
15311
25395
70286
35377
37609
39471
60791
16011
19880
22909
86760
83367
380
1008
4291
73193
39610
86433
23247
3833
83293
89910
42
40962
6658
35433
24648
87487
15081
65829
88092
95470
37568
83976
29424
56481
55013
57325
93947
15317
40759
99528
11811
38183
40272
17358
30302
52734
56240
34780
90997
92739
66689
58515
60173
36713
14990
27375
22128
46463
31410
5002
89861
82010
43864
70762
85860
12210
73414
13197
74087
61114
16454
94336
94965
67075
82658
59614
94111
72455
67570
26634
30574
33265
42797
12757
14707
76214
94995
29249
80530
37985
51119
15814
95570
34659
27286
10075
83874
14479
23269
15824
32516
39174
55567
62696
91493
72851
84101
63400
77323
46928
2454
64200
23295
79993
61377
17783
62475
40576
58196
44846
58098
94821
33884
95931
37117
53312
5268
13976
3317
1364
62674
27414
8081
30534
40492
98944
43979
9317
65909
30249
62663
91271
45746
28601
79519
9553
36896
27405
57590
83866
22665
18728
88594
12077
29438
51811
50747
5692
18902
8600
91041
48717
49809
93311
60499
77486
53258
59576
7794
68096
78302
89041
25994
62673
58789
36981
65184
82714
68017
46921
18781
14471
53746
91620
22528
95318
34602
6243
99497
90148
6155
62148
39261
21595
33302
44444
43326
67116
27195
40882
51787
88776
53204
90038
35550
39382
32996
25887
5825
98735
51964
94619
26438
32879
780
23929
67453
42359
52638
15316
66075
70285
48697
6021
86574
34190
47899
9902
49009
22069
33555
56174
50857
83236
77287
38216
55087
42433
65732
75693
86815
15620
8520
9066
5886
75800
80570
42994
64954
58521
91910
47721
17620
42712
90445
74828
7836
50009
28631
60744
23853
84026
56951
53349
38888
77999
8374
26534
46654
92456
65822
34091
31467
8709
87155
3700
85371
56083
63011
27384
13332
6538
5790
31046
14008
62658
26886
37713
94422
51307
15622
30971
63424
31529
26460
28502
99316
61373
93588
14976
1175
31298
12315
9959
52481
74301
8504
52201
43658
26394
66145
11005
33197
78312
3154
88438
53890
49068
98386
79208
93184
64859
82003
37667
5589
64495
15309
28472
46958
66892
41454
51122
73541
15711
63993
19522
92817
84284
56394
9381
4190
61577
4361
86976
74038
55262
38005
84135
27825
81627
27150
87922
42964
34835
82757
47379
9962
60080
74173
63984
23057
73790
28101
18666
60992
58682
26145
65227
17582
82196
66398
97931
76614
62010
7654
71856
430
85520
29709
8607
89901
81295
39209
71996
41712
60194
47066
73417
96188
69098
46052
45083
65927
55412
5748
9522
5113
52314
82451
6107
8978
47527
9502
33481
99915
10779
11453
55212
5970
83635
94614
286
33738
64589
48827
71517
13966
44836
9879
85938
52173
89277
37207
96396
10689
18981
91300
33053
55219
91706
7509
95819
88505
80161
69303
94590
57748
53560
43056
96576
60026
34506
80733
24399
61163
3527
19041
87726
45672
62617
39263
17865
94276
79927
16170
77071
96346
4882
7203
64676
70855
57574
34725
12436
24385
55442
93835
9683
40964
60837
53455
91175
62511
70768
14909
28055
84922
75106
62751
97769
69046
73268
74685
48963
84837
64130
49023
62180
87005
63724
73702
62605
76185
41308
27125
79144
83713
12477
19174
86752
19755
86487
50800
74533
99305
98304
59450
75399
89426
93121
88713
60189
93447
49799
16204
28666
43920
20286
36628
80070
46964
60581
52555
83201
245
92017
55953
99848
42151
59583
44509
74909
50613
70175
54311
18675
7162
39164
86593
50120
52865
92533
14505
16102
90177
7093
19854
87466
64004
69975
99675
71437
40612
55399
61423
51219
92411
64179
71419
52758
57071
5590
53236
12032
46551
46231
91352
78197
70307
83204
97456
58924
62310
14172
408
63022
68662
85879
93705
41168
46516
11530
86291
26816
20591
22527
79924
31307
51012
44703
71695
86272
32835
47397
22912
653
58470
754
42185
24820
77887
63572
53629
2665
63528
61093
8010
79060
2791
50689
9429
79653
21761
49037
33255
42983
89471
60494
2417
81946
98307
12244
12536
30685
72620
98901
62891
84578
32833
16989
79504
41053
48293
67703
37982
7469
37526
46839
97408
53988
55952
46354
92686
60695
68413
65689
16795
98302
43264
47501
95618
77491
85477
78458
60275
19548
92024
61931
40472
79925
40941
96251
1553
14636
64860
87895
65388
71853
80263
73495
22498
11104
87056
85004
8078
94637
3998
25176
85966
47913
167
60577
73806
35493
33229
72994
32272
80054
70173
13454
52792
69453
9383
18041
16110
98127
5296
59072
47872
96075
98637
4657
94589
51371
21136
68477
35687
27863
37558
53021
66093
22670
23474
44542
47977
31978
83660
1083
83580
2847
39359
60774
49387
79212
79727
28025
25099
90114
44412
93416
22364
14443
84761
73509
84234
17517
84899
34492
41473
93859
1053
32003
85931
71986
93921
35417
95954
39055
48550
4679
16861
7646
32512
55370
70270
5200
58377
79481
62801
34279
30037
61741
84848
9068
31518
21098
81989
72786
81536
73921
34548
85112
72794
15163
14724
21850
39472
13336
71956
57211
37316
93800
46609
63948
8837
91285
336
42397
29109
32523
67688
96926
18418
93500
32828
55467
43271
27864
6196
98011
33414
58493
31439
35763
88381
53072
39633
91699
3613
59210
72987
36222
1033
5395
55887
91067
91796
95476
80731
42627
39909
10729
52014
66144
16085
46144
25336
55659
98876
80114
79425
44823
43596
86831
8119
15489
45333
54582
70986
95719
6194
58276
52136
36610
48597
26115
31133
35969
99044
52166
38923
37125
96847
98214
64162
36464
28510
97883
6863
95848
27647
38659
74375
20716
22520
76368
71857
69518
12528
19561
32831
24286
35725
42368
35089
80534
13683
72614
81936
12613
81224
92256
16886
16136
80584
40140
33910
80068
6184
65039
27427
25759
39520
33135
76460
95107
88778
63039
56753
11070
41761
91531
90052
96406
46241
96668
91710
29510
21174
91737
24189
60519
50351
16151
71030
32243
39213
86821
85902
11419
75584
11872
22270
79994
50416
44058
18218
82058
542
35185
52932
76500
59109
121
69733
67508
12119
81539
62342
39567
65127
51999
46729
24278
24832
13890
33055
51780
63047
74167
99866
24742
51458
99213
27390
42217
77941
65980
62492
11314
17837
87625
62147
21403
36502
1507
57295
56142
73483
50195
78920
73401
76145
32623
75908
32576
98540
82336
41156
22241
49700
27542
98552
19356
26443
29966
92243
19258
44407
39707
18285
41724
62221
91190
84640
84318
56456
5857
93089
88741
60865
97566
35623
65398
14748
51827
5725
92900
81328
30232
29852
41983
87428
60820
65447
49252
90751
88641
72758
88708
73519
93430
32548
13623
85342
90065
2422
68517
74991
50275
57926
16716
25180
25756
84066
42211
77204
4194
7431
41265
12982
28058
35495
35319
76170
31363
25297
94690
32157
56227
54175
16801
62972
55043
29047
14148
50546
29506
53400
16918
9781
68897
47517
10397
21558
11584
25575
98487
2669
3269
9286
34999
54227
94853
704
27120
67270
58517
46580
4734
69793
33546
8540
25637
82961
49473
68554
70963
5426
79383
40706
24924
66222
97114
25235
72255
52979
12693
40968
25130
83938
52652
21651
28258
10513
60280
13267
33442
76063
4738
16907
63750
61691
51076
70777
13014
55257
70709
61108
97707
56957
3021
68552
18347
7483
20358
10658
63762
923
96438
29809
48790
47785
22286
97834
10030
91443
19605
80860
91092
53424
8576
2492
79473
81633
19298
13418
15941
76767
40885
33711
5435
67610
3816
75796
860
24948
73143
89140
46216
35169
32953
15428
83827
4169
87354
8557
69838
69586
8643
38815
71693
20761
18855
56351
55647
17326
97430
14437
85958
39761
68274
18280
57018
3326
69034
30374
15820
19485
75326
60076
34628
9803
87581
92511
74265
47405
7284
35276
29719
9240
26732
27689
28644
73289
22609
99838
40976
79743
60666
84747
40464
8927
70432
5968
81012
56792
86073
1996
5831
42925
39093
92325
51586
18808
66570
95639
58494
75034
26623
90474
82561
41544
4653
15100
2553
78376
75200
65593
76097
15994
8906
14003
55308
11750
95922
884
10533
3185
94791
2378
12871
77332
94729
48495
46108
30234
46112
14705
28018
46096
71961
12913
76298
40649
24111
85036
98192
92011
64187
31761
26445
49936
27495
1161
84248
61673
29445
58547
51909
85128
46023
20500
11715
99539
83946
913
76644
93708
41543
12466
25788
21943
34924
6728
65846
5212
47500
78377
37901
37615
72644
98348
36926
3872
74171
53995
98646
46847
54952
50323
77801
38950
90450
54370
95252
46362
6259
8389
47541
86869
3870
94166
46148
44800
32072
29945
44289
72804
3376
64649
16390
29408
5885
62821
52914
6087
69958
78664
84664
88798
23746
14774
46223
1035
88489
76087
52312
29159
85124
10029
60367
86156
57395
87191
18881
42021
89822
22733
19474
598
85315
12899
25261
49592
46468
28191
65117
13313
71680
77922
91642
7445
77469
88329
52772
76179
45017
73018
69452
14043
48800
99239
71249
45989
74006
39013
16713
45146
49361
83448
60707
8372
49699
50089
48427
84168
97827
9189
34715
52547
84386
91739
54147
4275
31124
10266
14187
75158
96133
74094
78754
63606
93840
88541
38772
58687
29317
89116
61714
32218
87915
19421
55941
89718
60896
45176
23378
58932
26600
52195
88081
56262
63889
6397
49654
42221
89830
84213
46945
98975
71296
76485
47257
48488
77246
42035
12574
96094
58136
45150
3117
81901
11828
37274
91608
10557
38628
11246
94003
50672
20950
80540
46952
9526
17725
18094
19790
86369
15356
64305
19898
93423
11259
7151
62049
61798
6956
85457
64764
62455
88971
64046
99315
2917
75246
79328
51929
98466
18461
35617
36355
95924
11293
64785
93837
1537
74067
95504
81427
35361
54498
5549
10245
48146
6257
74943
46593
86385
95205
28333
86627
83641
49658
71672
99813
47724
20776
7698
31060
89077
53642
57474
89059
2705
61056
15164
36180
86749
75379
50774
33319
16896
83727
92852
91492
46461
15264
72415
68830
81511
71485
5888
43892
50243
58323
42821
15037
95951
92043
29038
23845
71571
91502
91223
57207
26793
27749
20050
23778
47308
94910
58760
66780
84978
34593
47151
39708
18007
83415
86810
22424
98890
11604
65417
63737
69908
30317
44007
66844
6808
83431
29925
45820
49140
7576
45771
85665
24846
10616
98021
10329
22877
50982
49788
54146
70874
58424
67913
8739
97383
66447
35042
29542
73656
41889
60114
62769
46949
30625
78809
22306
26770
84093
34024
7530
72020
95541
3529
37563
65865
50624
88679
91898
13301
92247
29817
57245
19280
26509
17081
5723
30268
19719
29079
91076
83086
86966
29678
36053
86594
83837
80436
72056
41281
6604
36133
42837
75597
66575
20201
22068
66198
44721
15906
45118
42074
82789
88669
94063
96882
91731
26031
88031
61869
93421
28013
20240
99163
13888
26806
64666
34053
97316
22967
66972
53787
20618
39679
34335
76365
2621
53734
90163
21824
15397
64425
50957
97648
52579
55903
308
26665
40813
92889
17531
16248
62269
18468
34738
36442
82291
26528
40050
53985
14777
25711
36375
71282
8692
36872
99627
54307
92132
27161
14098
18805
77531
45183
44766
62622
55281
39011
93337
11054
33974
24052
81359
71173
32309
82387
9064
27652
80840
6490
19872
78120
70536
52428
34864
42905
68029
94464
78598
5191
38761
21115
19042
6284
86844
75567
33724
53591
83616
1070
13893
94478
9311
91477
44384
72628
42138
9386
48029
25075
37429
21378
66189
17338
74896
33472
15982
1557
20350
87085
87154
80251
19180
72988
73154
82677
47424
51249
69300
74251
40594
35673
98686
3997
89018
42530
62800
4330
23045
78769
41918
54646
15186
6256
44757
34651
47898
6235
88873
74737
81832
12178
92495
96068
70308
63549
63055
7349
55379
80513
17859
90607
97208
68563
41485
64603
54137
35165
19051
19089
70550
42237
81564
58368
43849
12290
84570
20695
17497
53609
79236
68549
13783
98724
84541
61916
33136
67101
9570
57237
60001
18075
51180
97090
79389
51365
52829
97236
92730
59320
46437
80363
82431
42253
81118
35527
82148
29496
96028
99282
92392
44156
56829
62402
58622
68435
16446
55552
47961
17251
25761
75157
971
24709
20052
42143
42816
8127
85172
91634
98809
93979
31000
99397
21268
44971
43164
4124
41651
42042
99515
69599
52017
4016
36039
37821
90136
96921
71257
9137
76160
75358
40056
22263
56326
87309
84256
34769
2037
35024
60384
66822
34918
32081
28074
84921
1444
28881
75659
11581
46019
27087
539
95837
68915
89693
44352
42996
42198
21713
7453
19470
3983
53509
52456
24183
37579
32807
65239
69561
92081
15027
39037
13020
87786
32649
98105
96519
78741
12671
66602
99381
56896
6969
37796
70702
89561
80564
86430
9333
41113
11217
96726
98125
61073
24169
8886
81385
77375
5509
46005
6377
87928
44420
44378
61439
20121
56324
55375
85332
74900
52910
70468
53662
58743
25271
74611
91158
19781
40293
24532
12493
28223
6741
57005
64803
27105
73388
20582
26937
6575
23114
79095
69529
26652
61558
28168
51383
39458
60216
75405
99160
34787
90894
38138
50168
28321
65052
38321
59429
88410
49263
33837
85318
18764
21343
59559
92343
80754
67593
75485
40484
35588
53308
91144
67141
89807
13963
89540
27594
69666
53128
38490
50904
69392
14925
51346
80186
18889
23244
47290
73472
34994
80698
55243
79768
36367
78878
92008
19611
21077
3072
22694
2841
62249
81308
95427
99448
96838
45501
34217
63300
32490
94967
11951
27447
87595
30450
12940
33967
94415
27332
80269
29148
27089
78473
41384
3975
82356
62351
27610
168
57853
61902
8019
54444
86198
71703
93279
71567
7773
74138
54199
11614
99607
61498
9503
78785
10649
45413
45909
11
26191
43028
14840
93506
68927
62598
77266
65437
49951
89651
19039
89378
35263
2862
31381
48134
19640
83395
59560
89556
27691
44391
38165
20079
65677
89014
82393
2831
4126
43090
41882
61162
89461
46419
53336
33985
98768
74646
98737
25014
16854
14196
99504
8212
66301
77604
32851
63289
32992
86053
46114
75102
14117
63425
32418
92883
55951
57042
39285
29611
66008
78358
52209
14706
27064
2261
32832
7568
48601
4840
29298
18975
71682
12204
36905
66193
32210
77590
71506
75673
93455
4156
19145
52106
52699
34125
81165
94200
82942
49807
27532
52307
80411
65000
75080
75749
47613
55246
96275
43992
37080
2000
48433
55757
30524
48423
66162
86948
90104
83223
60705
6994
98328
88692
85533
11613
90830
86109
22516
468
22499
18350
68175
26682
17071
45062
2376
27450
63066
98176
20714
27948
7207
67039
66627
5560
53915
91261
13257
1608
76516
90535
7045
95290
30674
9971
63544
23542
43319
90505
43966
66636
32796
81837
6725
11510
3298
68438
36165
37624
10512
54168
37557
55398
94832
34655
47770
76409
93268
33662
63745
87839
62338
53459
82653
1972
14248
97653
99483
68458
77662
77745
39836
10493
16838
6052
43579
91563
16008
2456
80499
60713
76787
42659
24692
28925
70131
23425
81558
49065
62305
58169
91411
27687
64349
41846
33355
91937
36281
15933
37039
88134
13009
85872
57153
98368
46923
74424
29863
97645
61886
81321
53987
23962
86859
41588
87566
57846
98993
22050
69845
92734
40241
605
52124
60907
93348
96947
28314
97275
27048
8804
18149
92485
19510
4785
11037
59977
43768
43800
77419
44259
92832
11672
69195
62940
60822
14883
3614
23968
62219
19360
83274
30061
6368
80624
42133
41745
81852
10355
69704
65242
46273
92146
12690
37463
7795
83527
87159
21577
83965
29878
12083
66559
79521
56425
25676
98488
12859
40880
51627
14826
1634
50049
63431
4336
60465
85146
57768
63728
73257
73075
12978
13431
40051
39548
6983
89387
58729
53639
35329
89482
93745
26862
99876
60911
31435
26727
59645
3914
13049
59066
13496
29144
71233
50015
16318
4042
31110
16283
73148
12611
22222
67341
71860
95101
54577
20246
77207
9571
59287
84925
54565
84758
21294
20047
19111
70454
12551
6864
58756
16806
47447
63046
58777
21234
24888
93505
44323
14560
77759
90188
37361
34397
19834
45937
12453
49402
62066
14721
85467
36782
38625
68805
73421
42489
86310
78749
86900
83068
82971
52070
71232
43025
8255
47525
96375
30822
5791
80238
53471
14094
14500
90523
22366
77676
97439
73890
46286
41937
7068
62832
90297
36913
95486
7317
98154
37656
6884
37895
26223
62063
37503
59582
72552
30523
17145
38383
67292
48845
43809
96046
79664
40730
9506
29355
31011
77248
36250
51264
19162
30876
41624
83207
8950
89391
6613
40641
64697
52127
57052
4255
87518
63664
29295
33190
85673
59364
35979
88058
91640
70695
91358
20235
15616
97454
82283
55316
22678
64944
972
66238
28712
13809
99176
46366
62549
78603
43796
8685
89085
87821
74261
22396
25123
98081
83689
31248
27729
22922
16163
15464
53714
85896
38877
10003
87868
61649
26664
88547
57571
29063
43316
68743
2637
81544
79143
50591
50844
56020
18726
13255
72809
35341
135
56307
17133
92337
20075
36537
25974
82967
8395
80137
56961
53437
46544
57116
72451
20927
8053
18301
56894
76901
82978
72262
48405
29395
63484
57793
6865
97345
72335
90369
75240
5929
51857
52179
72206
24712
79314
67184
61420
69427
75646
80537
62512
25459
27410
62995
27677
80908
38846
49790
2291
20782
75774
1712
63947
76380
63281
5379
15427
96825
51711
21840
23121
98472
30435
11201
11239
59259
83294
56453
477
5327
45455
89196
60235
49901
6595
74921
28707
7389
23979
11649
29693
33290
76744
19842
11145
3793
40316
43908
42951
24039
81717
48705
56778
79745
20488
42893
51008
85768
75437
12976
48990
92827
50554
98634
39123
50890
96789
55560
32246
37038
52583
59753
67110
64228
73805
24311
99784
16538
74557
24822
83674
2050
38096
81757
53037
99524
35810
31259
30017
95939
74273
60487
87328
99244
68648
99839
8930
74352
94709
34718
25194
35247
67729
39229
84910
36650
5221
66284
9128
91951
91167
75274
42537
20873
95560
47543
56485
41484
14816
10777
51503
15530
40552
48091
50971
45882
28286
36545
6827
56752
58703
5534
82628
78910
41807
80302
72688
64461
25929
99559
21942
69654
57805
64475
53821
67208
77041
32927
92521
23879
93087
47023
26396
87635
81576
73767
74152
12735
65133
58590
14871
90213
107
48853
23760
35346
67045
99909
30432
572
1500
64048
56080
76491
7152
25655
77103
10845
98254
9343
76883
67071
86921
50300
16440
37880
82572
69014
25288
25436
8747
84070
31951
46171
41142
39746
49879
26051
79701
60449
76853
89226
23792
92223
11047
74549
62945
82847
11052
61820
20585
59580
97622
9895
41612
29609
12465
4960
68593
47922
98235
2859
7012
2629
20238
3633
15879
45063
8569
30759
26598
60283
33059
79165
44712
96136
4093
12177
35757
9527
12729
54138
77380
31809
67038
18135
53106
73053
78532
85393
21864
41468
44870
27914
22414
28166
87215
99522
12991
48494
14069
72280
9413
67471
61320
69212
39873
5058
41052
84207
33428
7824
12930
83290
77322
16541
94687
97050
65720
97878
94224
68372
77283
64725
74826
26320
5815
45076
94582
4997
19248
15493
94112
22485
50642
17352
85039
42110
68556
80245
79999
9061
98609
73373
63
48014
78231
14326
55292
30011
4301
46985
72092
2884
19717
20275
86407
78254
74454
78679
3840
50008
75177
56620
39632
5468
5987
97896
37674
44057
21721
24594
65192
51395
10388
94366
39007
26194
94263
33627
84849
64544
71721
42304
18677
68508
63810
72274
87723
97732
34372
49167
19293
55302
90286
2798
12218
14064
35632
82503
18536
4925
29174
9141
82102
8297
79062
14368
81650
96032
54732
38486
73020
1869
84416
22659
78696
32262
94455
53643
17836
39523
23510
10540
26276
59696
94340
80984
70773
68734
68970
52164
62001
9554
23560
68896
67451
72728
8585
54628
69100
70083
40900
72725
80354
32736
68332
87531
5332
69945
23356
20902
84641
4923
90426
97166
84769
1541
86222
72195
71954
79650
60344
29614
1076
12949
25930
3276
44676
84387
22964
66979
91914
51542
48605
38613
34090
79992
73247
19453
64608
8730
83177
14156
57317
76300
87315
54359
75478
76038
99704
44722
30315
11093
77402
74602
5022
65216
60598
10362
2448
98043
39756
4228
89892
97225
76626
88703
18036
24179
3538
21318
26401
53329
43719
71933
78738
6866
6149
53875
87468
66205
77052
1321
10564
32734
31615
58213
95219
99730
59798
94065
24941
77808
12901
51148
18769
2982
35895
6921
52942
55698
60062
90339
60948
10830
41203
26152
87666
78940
68791
44612
22006
58128
65944
18303
62177
57340
74762
60731
73900
62595
96852
40309
36750
87079
95934
21180
87182
96961
38260
31687
48101
96589
52123
90147
5483
90301
39259
31684
990
31819
87372
59274
4319
94612
89546
21291
53542
92244
76081
23714
45279
78833
59108
23445
92019
91385
77277
22704
57715
35749
31999
39066
63602
66120
57919
8795
4103
40006
65745
4217
94583
81608
46306
89369
80466
17185
4892
79298
16682
22368
69396
99
41904
87567
86588
68105
79583
5663
47427
61980
25511
46633
7127
99724
95185
21007
15733
96593
75929
7104
40064
37441
46093
46651
85158
74182
56691
21369
16936
59664
13593
68024
1405
29729
5829
89167
87857
20663
15765
5805
98440
24226
17319
97016
9267
12935
6704
86167
61747
63558
33826
65931
50647
82802
40619
45357
259
27536
5820
65027
55119
35541
61906
50034
51938
4295
2600
30647
24090
79837
93019
58524
42875
94299
84266
74897
91183
4568
137
40514
80855
15951
85542
7073
75819
91164
68492
99953
23589
51761
34103
95137
57097
48986
85245
27986
21088
31117
70364
65397
3932
27062
32579
56442
32889
94227
17076
35800
57720
32580
50058
97079
32116
51394
21783
93149
1875
37890
2497
77595
74618
62226
47661
62223
10735
20392
84118
14093
15244
28029
42057
76634
47319
72604
65419
493
82832
78370
19884
50674
93793
79514
5040
54022
14957
87129
76362
69807
39162
40750
53355
18346
47060
83642
41436
76062
94474
17394
73800
90418
75883
93974
92474
35345
26977
81601
52095
10898
83243
82987
33634
53850
92634
30270
85786
31053
53051
9616
51333
14878
62638
36819
65352
64020
91214
65422
71559
44860
21777
30225
41080
24263
59081
6328
90067
68410
13421
2294
48832
99595
49641
30010
91406
28254
96170
67916
49608
8463
80325
96038
79174
75134
31258
77942
72111
75692
95537
94221
49281
76639
73958
96069
76913
98447
2670
82568
78126
37782
37913
74245
74466
30228
33626
19819
18877
27013
35418
78263
79706
78946
31183
24610
43188
34264
77520
32973
57982
5089
38397
70745
44078
35436
76559
50384
29056
82688
3020
15379
35600
74411
70283
30665
70415
47810
92996
29273
50757
94277
21612
47790
52053
15442
16180
89908
49390
8683
31853
74910
41700
19894
82969
20683
49435
60111
93638
73962
62166
51739
38384
10534
74622
79765
74561
68459
47759
36729
50657
65247
79180
85831
33482
4659
70208
65647
20239
28788
9221
45543
30467
36571
18838
15863
34556
44922
58758
19690
62766
48972
97463
65077
1065
88966
82542
9550
68539
33186
45569
93684
17789
65168
92489
12896
17584
60087
663
85553
42625
67083
17802
20674
31635
60794
36069
49161
81332
62201
31309
11248
54934
32258
69647
72244
11958
1450
91654
85443
94757
19415
10438
54815
12347
27700
79951
80588
93771
30444
22429
40712
41362
67068
46084
17957
17353
32045
28718
85092
67823
96238
89254
75233
59379
11242
79197
89031
79874
28993
13479
72317
45107
92584
67707
76505
97979
8807
3348
10876
92764
87983
17972
1236
71389
39377
93029
73534
28859
73095
89771
13466
60127
88995
21439
74490
84432
87335
83205
95215
28924
89045
25219
72656
47260
45234
29569
9442
22510
89467
37547
36285
45224
92031
2277
24691
64051
65470
58472
74384
15152
63403
37095
94661
96014
16547
39953
2357
8850
97560
76198
10224
29996
99395
20748
26775
40825
5981
57266
2744
3877
84755
75801
42318
2915
33947
41677
47199
91807
25382
84934
12241
64247
93044
16004
92975
19129
27932
15633
47152
55232
21440
95948
85264
3596
41977
25112
38987
63169
50955
40012
81299
81058
45661
82643
97799
80037
73196
55171
22020
87676
7776
62240
90122
63446
96791
73550
84716
69578
4175
58192
74185
83576
83202
12348
62920
60694
92460
54911
19694
37975
60293
55196
66482
11855
23299
56690
28899
59860
99862
39672
89111
59294
36473
6172
81272
34811
22253
42856
2146
93905
21092
73340
26262
36071
47665
92109
53832
79675
21295
21132
17400
51918
53363
46291
70691
4834
64719
56024
62065
70025
28500
47171
36394
4188
63402
10741
7949
12393
91080
74985
91199
34637
66353
87415
16863
26114
13884
28550
95926
68352
15757
95961
78907
84436
21889
53751
35021
34696
92895
43065
82484
62584
47175
27908
28697
58336
8039
79238
61731
39507
3109
27457
14536
51612
7907
55636
75113
76279
61769
21707
57877
33263
41005
15357
1232
83501
60891
20679
68266
22532
9887
12561
29882
10968
70931
84315
41393
91534
49574
65696
44882
89224
82237
98240
19412
4142
68996
64361
61578
34603
3795
98133
59317
11085
70219
42946
76993
5171
45971
25496
66132
49627
69154
73869
37013
85986
59956
69564
16537
97137
40477
56740
83137
72087
61311
67047
53323
41519
82879
28900
31250
60188
5830
92058
57193
47323
14232
99334
76394
56171
8429
71262
24050
51096
26708
6247
67190
11860
30226
46666
31416
89566
83167
5971
11845
15741
83254
78432
53491
97961
86872
35595
4476
48435
32824
82039
75551
41165
2490
55594
76438
45613
36449
30720
29754
79438
67925
59184
82079
3439
55457
95265
14405
55345
67519
19700
86973
59411
23700
32323
6687
92083
47043
35782
29389
61849
86388
73981
98073
42687
32510
25848
55519
57289
92807
59764
94739
36733
13958
73630
38755
28772
57995
93721
44679
55860
19290
97255
96670
85638
90133
80375
19643
81823
92631
36346
31885
9917
52065
7956
78830
19308
70700
19612
76888
35838
76682
71035
54611
964
98952
32195
19741
70149
28927
94328
96122
85738
75508
67998
37218
18032
20017
19655
39555
187
22171
25301
78644
91137
55655
89549
21050
93533
419
18880
51427
64156
56478
20178
35470
388
72220
30944
81887
98514
6124
27738
67312
30898
60408
43661
9985
22507
50670
1025
12864
78431
33513
30814
91754
62829
11917
7814
83143
46110
6998
9691
79858
19207
58828
29762
60788
42940
21377
34817
88457
79759
29013
13026
3725
55444
3702
29362
69933
42575
30577
96153
90098
69269
23423
50777
90504
59206
81756
94863
57922
50891
22881
63142
4791
686
23022
62312
20506
57887
16905
19071
75037
73621
77761
32747
18103
50687
14365
39747
98765
24150
16631
71879
31239
52891
72418
12954
99134
74199
78469
97387
42763
57072
58198
3601
85500
11343
40067
94000
58662
42666
53677
59494
16766
1920
53418
36613
26642
61089
3766
18404
80127
32448
24496
14981
12052
2143
18505
90795
51106
96441
83588
26347
26121
82955
86209
90691
9035
2402
39408
47413
50850
3834
59868
46823
39550
1237
71952
95387
90764
75075
67424
63635
76604
19289
51771
71274
65094
35107
59331
44783
75878
3777
77647
98319
28245
33100
72289
40521
72404
93018
60977
90702
22066
93202
19229
40847
69170
91315
63202
19731
24114
85753
16416
68083
31343
78941
9090
25035
27705
49586
83103
86361
40285
88440
15656
60368
22301
39077
7164
89554
22794
42586
36616
10028
76758
1442
61268
16897
26022
26304
66812
33032
54395
12555
44231
87467
85991
6517
99946
32838
58206
56947
85162
45521
33143
55368
90009
83393
17182
41300
56897
7042
13449
38219
72903
65122
59485
2132
75115
8396
60722
73770
811
99468
67751
71623
52818
18227
31657
66350
16333
91576
7118
60901
31042
54474
99183
53996
81706
89921
60405
68341
38503
48837
56192
76283
45531
89427
93795
57631
58397
8124
67178
55075
91235
40432
86308
88830
58934
72065
82279
46047
11302
95816
52183
74462
6390
83133
46695
82897
98802
13651
4442
31759
69810
25413
84999
76506
64469
62611
8536
1301
78879
73287
50865
20936
10501
34457
10859
2952
50893
91063
37094
25125
13679
40928
16117
93010
51591
98333
15188
40732
23882
15214
70759
71915
22461
83545
89966
51241
26609
74436
78618
17372
84190
52402
36543
14638
99101
42486
33465
49470
90513
77386
78022
33767
39861
45400
78426
72609
62651
5119
76747
58545
18259
95458
62566
70202
98496
81498
91735
86048
11446
17927
66213
13055
18182
77372
34405
19028
47329
96659
73926
10285
27306
95002
52112
54497
18091
89080
22766
35296
79357
86004
86562
5726
28544
55871
84195
93751
3803
44097
80140
63294
79624
28005
98
35475
95468
12253
88345
46934
97450
57131
52311
33565
23523
54928
5216
1397
68439
42483
32113
53747
22184
87096
59646
13493
36970
2949
93906
90593
2837
55331
76818
2641
61342
99585
29980
50566
39801
60669
22836
89602
26752
76982
12728
66511
14790
59194
60382
89559
69588
37543
84014
94191
24708
30370
49304
82629
37040
52490
42633
49646
63321
53649
17590
53020
4994
42692
6144
58299
91442
66418
86002
3624
88087
63284
82570
70543
20413
91565
10222
31949
99051
81056
9387
78529
15308
71578
8912
20161
45537
75997
64817
96090
24652
73014
76577
4366
74542
52959
97198
10864
30495
49871
48181
74423
87304
23366
98885
40904
38003
22669
66138
40786
55005
40214
83134
65061
52944
75835
2428
66264
36754
83991
2868
34760
47097
91538
65955
158
27970
90588
80293
22862
94352
66929
8033
89980
53541
74160
1404
60562
62320
94279
61020
18452
31087
46182
44553
2214
32388
58092
84616
21290
25734
13607
99569
94861
69865
65707
62804
11506
24721
29806
76522
31773
43087
74495
72862
69150
45963
40188
38036
94452
62796
43447
97831
54609
59601
76623
9400
26428
65124
70429
47328
39644
51629
3965
16755
72106
76694
89062
69366
27277
66481
24360
53383
70977
43553
10500
33873
57815
13827
38217
11720
92599
97127
38156
13436
28113
32123
81685
20510
27254
67745
66106
10887
76820
68972
57759
6683
95114
47441
1963
13028
87012
71193
94876
6578
94344
91801
23731
76538
4359
78397
73576
98716
45074
36825
69797
92203
24940
59820
83683
39226
3299
15253
66276
39999
22612
53755
79997
39146
4920
69081
54947
1693
79426
36008
92609
4049
83950
41997
45349
95628
93973
69512
99686
6054
75974
72388
40801
43339
96117
41829
30086
67826
43441
79454
55324
78563
20336
55284
26804
71371
50622
94891
60548
49705
29217
27061
27282
55231
55032
76514
1932
41139
80483
86984
39920
45173
51625
96227
30516
76075
60092
49364
76596
31263
19941
18883
36187
53307
6120
46709
48355
88600
95258
26244
77185
73183
25894
68748
6594
34757
1267
31791
8567
4935
53628
17291
99768
41277
61168
57035
1695
62702
61940
49564
59276
53345
50181
41566
76290
9671
94594
54376
26461
75458
12802
87601
70715
46013
42062
88445
7384
29698
49948
95765
9479
58887
9340
37577
573
57306
13797
3563
54198
88098
9043
73447
18000
25416
72468
97722
13381
451
64887
37744
54880
40237
87152
38531
39582
10313
90030
37763
64450
98365
42862
92538
14019
994
87888
90076
46340
41600
44168
91296
29319
67726
6167
88378
15662
8424
21683
5795
73412
10725
62578
70072
9192
17634
46038
58
77497
6506
39702
87125
91288
81913
98157
46554
77716
55310
17131
78559
47164
22796
63473
31938
73255
62523
39091
51677
57988
78945
56501
79846
26407
59621
98058
9078
48026
14333
58786
374
66759
24759
11178
21556
18739
10479
16760
82370
85033
68540
57514
48061
90331
12648
78512
70071
12475
87823
89217
67701
14351
37902
19948
76240
45105
21955
85765
26014
44857
1058
93341
64789
44865
90288
57471
7305
79546
58018
30286
25901
30820
39675
8171
95030
72684
1437
63413
17661
77162
75757
33497
56946
51399
58870
23890
4534
23032
32691
64578
30529
37293
97749
33699
90629
37617
12059
4168
1770
8123
34317
35938
10948
5252
39389
4958
31430
40822
15376
80726
70068
97431
13631
43478
53130
70413
97663
96814
61084
8241
10816
27465
17478
27811
30568
89448
83408
44873
8999
34853
62543
14582
50637
22760
52678
47787
70302
15902
48336
34620
95378
99555
9111
21743
48559
19966
42908
2141
81152
22283
2080
18852
19422
42044
8431
3043
41893
83885
78460
23364
8221
88333
1616
43036
93655
49016
55121
98028
55095
95477
48203
36656
28796
19534
14537
45242
2368
43812
53422
28740
94331
40690
87526
22425
16284
78297
97492
27587
97993
86143
88829
66629
84558
29867
24996
61779
18302
80647
46128
88086
35502
42863
82654
86120
1928
72831
1992
97568
63395
52346
50829
18398
52725
83496
48504
85032
95464
39001
31989
41317
26449
26403
66490
27270
92636
14676
65445
93265
88357
97934
30068
98879
44364
10337
72233
21686
56400
88094
505
89367
50345
29804
37448
13086
54651
13243
16567
30797
70788
84476
82497
55068
14466
42336
56074
36294
43738
37343
76547
15793
39757
592
93120
60122
54363
34792
33518
60314
84042
69796
79893
89787
32187
26946
95702
53483
89995
13376
41094
68777
29140
14711
82254
11266
46125
37741
90074
39657
42296
44417
31383
29941
80871
51020
82583
36822
92831
14813
27252
63910
37278
15790
28120
24518
56700
90345
46801
34852
69627
30632
51514
18518
35531
89239
12289
79190
26141
84802
67152
90155
75378
35127
73282
16674
42857
72732
10234
21806
15916
71413
79021
43854
39479
39745
88534
7239
20265
44493
20737
63712
87523
5624
37767
93568
78742
12497
29402
90922
47157
28366
22813
10379
64026
70290
2318
65711
5658
98109
98590
92702
37017
3517
12904
28466
97795
67702
60520
62194
2197
57048
31216
45585
68224
17810
99743
51730
60506
69321
39134
68038
47633
14629
45797
98760
71138
76803
89698
40118
47942
89424
2625
4903
91903
59284
81475
3576
25586
3316
67855
3675
15123
60741
32293
10867
33416
56791
45477
94748
40387
30651
2834
27651
14511
50881
74577
32036
61104
51037
35737
68949
98414
41603
25893
39599
23204
94357
81432
96663
15322
67501
1805
67223
49587
61292
2559
66050
49933
35651
35612
30998
19314
86974
7241
16076
17560
9325
82267
15798
30501
12338
77167
8138
83666
95887
21915
21310
26193
73854
1758
6337
85376
52396
95065
86863
4125
89585
59300
12503
17173
8854
21046
74941
60956
11488
42184
20015
59672
48398
27096
79203
52464
58849
73004
55930
37672
42196
12305
53080
39638
99720
97124
85143
22311
8283
80550
84007
95490
99410
28247
5718
1991
13164
50703
82849
69257
20665
36331
98907
30597
39286
13385
53897
56650
33462
96811
64085
33584
17271
74717
51952
34143
37562
7402
76655
39911
540
24475
20890
86779
91936
81167
98208
30900
32717
44799
41964
98062
29470
91344
36619
14681
7291
4491
76628
61734
99444
51494
42688
15666
32821
27785
42450
41331
85669
73159
6896
60070
16081
32417
93728
14361
67990
36563
53267
35266
53515
8605
59736
90101
36270
94572
51260
27160
45711
53960
56655
60273
85887
60208
95835
89168
8503
10098
46258
65994
6093
62520
79716
4087
52086
24823
44494
48813
74735
85022
3748
29992
41604
40713
74701
79359
10662
99012
53517
66244
35753
72803
86445
89209
12652
82983
63385
97393
91327
25849
70626
71351
35295
14844
20580
25226
83684
95977
19190
57858
42574
75488
44660
96378
46630
45444
73114
17623
69395
92084
56466
44033
91049
73379
29199
68514
74457
61530
90864
95461
12358
82862
41248
88254
30599
38769
42632
60876
87398
88959
91969
95251
66889
47628
37696
82736
65344
35364
58951
87879
62334
82472
22124
86066
45927
39482
69812
72977
8095
93801
54066
39433
85297
84335
24999
44689
6646
20440
71332
68866
55608
52813
33382
66574
64612
36980
2375
35882
63049
43252
92272
33318
46745
42526
85630
4363
77651
15764
72199
59573
59970
81277
86303
66492
99902
6068
34968
22271
87658
23268
4558
84926
99781
43489
71678
92479
74631
6967
91595
89749
88804
92487
69895
56954
36094
50751
91241
43651
91915
36321
65897
77305
9460
48356
76713
70644
96215
94249
47360
22742
53199
8398
2393
12016
14130
34249
99624
22638
25055
45638
94696
75015
17169
73764
98877
76966
58998
63995
88665
12450
6712
48089
32179
16589
17022
97247
57899
17348
38962
62900
77538
32605
66744
17139
78606
28093
42034
49329
1239
46336
74668
35553
99089
6370
43180
16
76131
52969
97571
35554
3552
67845
48835
7462
5554
70265
91748
57086
81051
34816
75656
90770
72585
32319
93939
64474
80520
1389
18752
6813
79078
90573
84973
43685
37281
67936
80185
94625
19434
67619
83439
88802
2241
35438
33735
35887
33904
15473
54706
88370
90318
42743
24453
38197
64373
60324
92866
2943
67723
20619
25484
438
13602
44601
97872
27807
66343
57702
94914
38565
65653
88882
47862
61238
939
8240
8671
64674
59192
42409
64888
66633
83546
85040
15736
40145
82925
61164
33264
38063
87855
15796
60400
40715
94548
61525
53910
80388
55054
53919
54177
19671
96666
21437
60540
41242
20916
63376
19354
75672
49466
8768
19658
34075
22139
18340
89215
79110
6394
11337
8731
57009
10683
72443
85521
79698
44987
86000
22186
48439
38293
99814
33458
57895
42974
60618
96776
40495
24622
68015
7087
9912
29042
52761
20977
56316
23558
69466
23662
13476
74334
71386
65167
50135
15172
39949
35413
57066
86655
43182
52085
31359
76247
47084
88656
42921
26546
39317
41872
36150
46327
12687
47167
94928
8736
99253
12560
14697
91460
7022
49575
16728
44871
9621
38403
46905
40018
29224
3736
88930
54328
24840
50974
95914
38667
46230
93198
21899
79913
7259
80213
82400
91258
90879
65516
76427
78295
94461
64752
51731
15226
70634
82154
57466
36347
97071
43479
64650
36783
8663
11559
290
13556
23008
66632
14221
90900
13154
67665
66991
27639
75390
77565
51038
49413
10778
62300
35040
39590
99997
57268
10389
84707
67582
58775
24255
24789
47385
3615
74545
26714
28252
46683
93503
24452
44185
10832
27874
94890
23440
38121
82419
56652
33155
64941
68831
92666
2251
94448
53896
15781
68285
37355
87654
75146
95375
50119
68118
26065
27790
48938
18362
10423
5980
9154
89079
69721
12655
67639
92448
66240
5675
6733
65203
70872
63396
42717
9725
43473
12508
1406
68327
9316
34772
22576
75325
92971
18527
51601
51493
47735
5367
25949
29184
29705
80108
14678
19220
47351
25215
86195
16571
89792
29767
3618
83112
16280
66999
74378
13903
44669
36540
86408
53661
33349
82092
65915
31827
86549
26560
89251
20068
13042
17967
44044
18086
68416
87284
61407
86556
90870
87805
38240
18258
88856
2136
6799
55493
81411
65240
72650
59529
45512
60211
1089
63509
82321
52831
64914
42868
22729
63497
65233
7710
56667
12001
24462
80476
737
9174
17561
79470
35474
91280
2535
29132
79571
23319
627
91616
10218
72516
54490
62371
51872
57723
71959
36551
46337
57003
29307
72130
3866
95950
32133
53722
31371
14986
35271
10945
23553
87987
70981
90940
97445
31407
32949
17522
82019
79787
23372
37283
47774
9977
29233
76510
62864
94728
89025
13315
51027
63913
86261
55172
20836
45419
39699
90265
62191
91001
96354
40851
88539
53504
67608
88009
47211
1926
27018
87189
50626
544
99442
83945
53000
11451
93245
44040
87862
48965
61336
76605
45706
93477
22080
79843
57620
66223
42770
3591
47672
26251
58242
38291
58373
51416
65660
92115
39410
34352
68963
34157
78670
84628
63180
48663
58244
53251
20165
33076
53480
97937
23511
13743
1362
69902
21789
47978
87764
96522
12413
46498
38624
15527
61040
25659
30842
5575
25724
34018
14923
58252
93526
98837
17413
34216
43080
37793
86380
67216
84417
95737
6049
61645
15827
78025
75876
33041
11709
46991
52715
36821
98588
71555
21125
53148
55409
44334
11535
38326
71395
12396
49950
65387
77157
93802
89777
13524
62094
9580
4782
36535
94538
9452
89941
15689
71306
95294
83671
74884
87049
20906
81959
68725
19669
97731
13115
20523
58707
64813
7115
79418
33448
4765
30128
19812
57164
93798
56012
16867
47767
17420
25640
90701
54345
11122
97375
17382
56622
40439
52131
39837
86997
51294
27740
93462
81315
41884
84020
98744
7585
69900
54616
41480
30919
75650
41124
53394
87303
69814
71530
42959
28783
87078
30046
2596
62899
78012
22170
68309
9705
36965
48754
13773
93634
5269
63849
81793
29934
46735
30239
94556
87528
13457
263
42460
62466
59778
15682
88910
28838
70752
6160
51418
48277
97000
41986
22308
59272
30687
5180
94360
14549
33980
57830
99340
96821
94002
40958
99926
20298
47179
60385
65900
87281
78894
77720
49867
72963
28498
96884
49235
71315
67621
42255
85926
80095
38836
67248
75180
73096
82864
52783
14722
36756
95665
97178
65488
63157
40743
34472
75317
76716
21894
21119
70815
33748
15908
24989
95199
59961
19120
30190
84998
51888
3443
25426
65803
87972
15872
71561
91062
27360
21898
49458
50092
80505
94829
12520
37406
43168
31210
3733
83554
60712
59530
73418
67600
93595
74190
66582
3472
55167
64586
83982
58519
20158
37350
10527
20472
45812
85340
1850
72350
73567
92573
32884
78493
34791
18439
42369
92695
32004
69830
97744
86398
36169
34947
18603
40959
87406
32822
1002
46753
4243
15276
98673
75746
25705
774
63620
26248
11496
1873
36877
73191
59448
79933
82705
94153
31965
50147
79249
84920
15361
84133
53041
53208
43194
48915
21919
66842
52512
11799
94545
44878
22743
52426
69443
25237
16094
41632
61803
4182
84373
66710
27944
26594
58465
40665
76371
63654
15314
17799
52270
36864
25281
48133
11852
658
94402
95576
73366
19528
99451
10515
38668
15754
52590
55461
47562
3524
80652
56207
65043
18146
12135
21551
6917
98916
70375
27212
21566
51949
14637
85188
98696
84090
19882
54838
98827
73023
31530
28046
74433
43885
36157
86371
81842
30173
47743
75391
49888
28382
4812
22489
82795
85582
66937
86366
89664
93318
89067
55683
38953
62903
18581
47444
11066
79013
74311
79641
36338
57629
16363
77934
7542
79527
52434
74408
99467
92537
91567
880
66423
50378
63466
27503
20214
76569
4532
10823
41140
45303
75124
60801
2503
62957
27568
34869
94053
82674
87913
54592
24343
10731
81588
72324
87142
66210
86427
70249
4115
91696
47070
82259
46429
30555
44798
59399
75071
95412
75085
43167
44055
87758
82046
13704
33764
10411
25287
69468
63941
65499
48924
9175
78369
88048
65817
27814
49448
34953
6128
84088
31911
79680
70070
58706
50148
13697
1327
65066
90853
15995
84657
72932
75562
26681
33690
78068
31352
58945
7599
49800
14263
25026
72540
14469
89124
373
55968
81556
71864
25556
7752
21256
24695
62325
91034
55373
41518
31184
2835
78455
86737
50426
20344
96145
41869
7946
33079
70318
42190
98867
55735
67794
71903
90542
91326
82777
88493
110
55189
47050
9981
76686
22097
9493
20025
61863
13108
4393
20871
49388
84036
61037
96930
27743
52988
75556
16095
33244
22028
87436
71148
28135
37758
28399
62950
24048
14667
49514
95416
89838
45663
95221
36503
82161
34763
76273
34027
22107
26668
57843
57186
32473
99189
61221
43363
82520
43305
44463
20508
21086
94181
33092
81888
81031
50461
10902
82605
96953
96191
40829
91399
61885
90278
55749
82696
81795
4872
35062
75369
41371
5318
5366
7354
18024
86919
66379
33432
28061
90876
69519
2116
93633
83662
40930
87112
38266
98951
62772
99159
25148
11355
90918
43959
79094
21986
77418
34124
3938
90659
29858
1302
29519
50317
27722
45319
48383
34837
28355
23329
6618
35986
85445
36835
49704
14801
43936
48991
63420
12128
89672
42752
40722
1154
15287
88239
57442
87682
24253
55039
85494
54150
78406
12974
99319
38202
51996
59650
82691
12058
25313
35249
24277
60071
80255
19489
77829
48719
86414
81533
37271
97055
80903
52134
91414
20221
79632
70395
94261
11907
58313
41720
78986
35686
78034
10530
998
7995
8067
8767
77037
31686
92843
36966
41246
98721
16127
49518
1295
31069
35738
52409
70893
34245
50900
8387
9049
28729
98281
26572
28665
27166
76884
603
49192
23250
27964
20844
75781
21762
80011
39136
55652
32043
58249
59198
24776
23896
61060
91768
46570
67106
21741
43775
83152
93293
83897
16470
72592
9095
81264
73988
25737
46464
27796
59636
98067
92671
63682
57971
28594
33564
52879
83597
38124
99973
63883
62869
24457
3500
31540
16131
34469
73530
29686
42706
63892
66173
31358
9605
39684
83504
26239
96698
3977
14396
96001
86799
52521
83497
96377
90981
91020
98648
96134
21902
97309
52138
52057
65858
51437
61830
7788
90769
55800
85282
50884
75607
50768
60185
8223
96780
3662
91381
46774
14504
48564
36090
65276
16419
52035
50328
3889
27855
46415
69886
92370
52541
77077
98094
8678
49712
71215
54188
56883
10891
94573
19914
21402
53374
82924
111
42832
68883
59282
44868
86492
27244
65841
6129
81489
29451
38756
40983
10671
33982
49632
52430
65569
22702
78340
70176
27327
81669
82799
60091
76199
52415
44543
88373
96350
69573
88237
78601
52950
60402
46586
96108
41780
42812
8277
4704
5179
6872
74616
31799
18941
35083
39018
61973
91808
59741
12537
64405
64767
44353
136
73099
22773
77161
97488
76816
60427
9740
58132
31587
65668
6316
63841
74049
25018
29270
58433
51725
44309
23883
66446
18524
77901
3404
54681
23305
31863
86332
71100
78224
55200
41511
56887
13245
21989
38298
69554
18722
38679
57017
23233
69521
28743
4232
50503
7841
65849
20579
72503
59859
4241
16686
54132
1666
68874
42334
12122
68971
12956
39854
82490
18535
40053
58727
65686
78096
18943
91226
41947
47054
17142
18085
80484
99987
70471
38511
32177
45066
91701
73712
61630
95710
67088
26700
8252
1127
58227
43281
93020
85870
16883
34079
64619
57260
85255
37981
50911
31191
9044
85898
8717
91427
86333
14318
88610
70048
47516
14309
41610
89422
33787
44288
53908
20779
48644
49239
31660
35456
79870
81497
76695
59815
16298
68525
74837
61106
70373
69476
87494
39597
96667
30303
53978
78236
51598
80254
80694
11693
40093
49360
31413
11325
26807
90882
13911
94633
16026
85978
38832
22313
62299
16599
96792
74233
68574
28579
25675
68548
95850
3754
89937
6610
34015
20248
71943
91237
16638
77179
15084
75971
2866
42123
59288
2257
38308
74492
73310
82953
52703
30
10201
14810
51274
85515
61864
86166
37183
25961
83492
71466
69357
55514
46939
84706
72966
18488
17018
64720
7340
23043
61241
39021
86094
2157
76085
5020
91840
66114
74194
49829
82345
32470
23873
35608
12352
17334
13745
97343
15398
38350
75950
49974
66507
68794
97412
95933
41687
38463
55837
39798
46874
90793
94216
33736
98751
37919
96914
75261
80015
23661
34533
75541
99919
25749
40965
7018
78955
877
5730
31647
84204
66247
62788
23513
20397
89150
31585
69853
8106
3062
2941
50022
73643
53861
10408
33747
15109
90721
31614
2806
67430
11697
90103
8586
44711
75335
44322
52325
11639
20607
51209
80445
75586
63709
78104
94775
93
94310
95794
52423
31061
83226
24247
85285
88686
33759
68773
80597
78416
44968
16884
22132
22278
13134
66309
39954
63307
75149
51052
7352
80142
92137
63398
54510
68821
37917
49057
61088
94363
88661
89230
59227
43123
75838
1660
21731
35901
60167
45302
69907
1403
96374
64844
1207
1973
80978
73982
97790
74780
38398
81631
88512
82922
79372
61860
69415
9711
45747
57410
8062
75872
31869
10701
8830
58632
41204
85920
56711
22675
7800
74968
23324
83248
28625
43412
38232
94213
52148
57644
89512
52833
14357
11692
53372
63037
76578
20791
3910
1030
96671
84262
40366
65868
1884
50179
45914
59319
34037
80418
11859
46095
21232
8245
51740
13979
99520
84756
44947
38715
77858
64332
11307
97482
51434
37226
95349
84247
57588
25890
48575
89630
69066
10279
96706
59562
54500
81920
14076
65682
78234
8516
64513
46803
44708
37907
44961
79057
75133
44792
26521
61488
31731
77046
10702
85881
24219
70421
26576
54990
80373
82680
93192
99428
66272
51302
81937
94899
11913
23393
7559
34938
43434
9786
43563
12881
76156
25000
18529
67329
83364
91375
25234
35987
13880
51102
74831
19423
11150
61002
21140
16961
59605
8270
32861
44344
35015
32911
25792
58280
32503
57696
86255
57909
17151
85664
35563
16784
1618
70518
1848
1599
75816
25710
86931
95324
4195
90596
1755
97545
73332
53365
86263
71660
65666
16255
52492
10911
92972
58501
71053
18213
18598
46582
76665
5054
45367
78513
47304
92662
93313
54598
75513
55239
12734
85137
13584
36816
25970
44620
49669
12631
91581
54291
56630
67172
34891
71769
44758
47706
60594
66752
11944
96143
31079
20243
11165
91309
23505
59018
70858
23360
1010
94398
26030
94577
86393
21843
68945
71642
99356
84228
7716
36047
78930
80621
30446
45516
6110
78766
27887
7864
49149
60688
26955
86970
58840
96974
60232
13844
70796
6846
59958
62541
72248
15755
28837
10140
67036
70793
13435
85390
19514
94180
5362
74149
83434
31162
43877
51271
67719
75020
87197
7378
66126
11466
91495
25703
65571
31852
78994
6880
76495
41993
81477
35896
57463
20653
60230
64580
42345
57428
52108
16408
24088
21813
94885
41233
22201
6530
21701
64827
17383
58684
65306
17121
42843
56856
24747
4779
93000
9283
17020
76292
26142
4934
21763
66496
43380
94652
59365
26050
44206
89326
33033
23208
74915
49117
54711
57818
91979
85011
37900
44148
74596
23140
23503
8279
62484
80490
40305
27612
76217
26329
39497
25064
7120
62738
60358
64958
84336
70825
49231
6645
45101
4676
31185
1742
19029
47153
52236
32950
85339
71792
18079
98520
90525
1264
6740
35292
11607
12972
17450
97483
98630
60174
60239
98929
47547
31337
45139
65626
67467
82234
71388
24465
61413
54306
38940
62479
33832
94353
91102
98615
73455
5613
21084
54735
36112
76411
24257
63662
49126
31076
85590
28654
35342
69220
8593
67673
87476
75424
87435
85989
89100
54555
88750
5428
68367
64956
23361
12547
61587
13178
82908
45191
53368
12788
29070
21316
21826
65409
98163
7674
28140
68204
58374
64592
3598
86956
823
78934
96061
63163
94544
53084
37452
90239
70697
18428
52039
2667
71409
14370
8099
15414
70129
26170
56408
94703
23655
4380
44284
91589
89402
99016
84499
47702
76272
43258
95508
23951
29164
17396
59314
93512
88628
92550
91211
45395
47033
45148
42374
82093
88834
98532
75296
20426
32041
3313
77774
93099
79916
71431
47948
7857
70009
49533
87329
43161
28390
52686
39344
12826
16865
66190
47232
78400
52542
72795
14051
15150
44361
78367
77343
19945
40828
83858
32329
24883
92464
86312
97751
94119
95554
5227
44651
48954
19865
99980
44006
59993
5356
94747
93052
91945
40620
25595
55480
31368
49404
95238
85606
72008
35210
64806
41066
98279
81802
69540
11780
87847
72345
43426
91892
71094
52491
37152
203
74386
11445
62524
72701
6366
7644
64251
24800
49694
72484
57407
23677
99452
70178
50398
6261
70943
88970
34366
44377
96444
80223
52232
45323
24623
40986
20702
83116
16574
31084
75934
89332
65446
10974
93805
24570
17532
50913
42441
2025
44297
2192
23676
46242
2332
71620
42800
70156
33853
83027
98382
40065
57512
92553
38070
20183
6527
35009
63706
26205
63856
67343
88845
65062
67862
99965
77602
69301
12437
22137
81386
10757
69503
59351
832
81933
2830
35434
27540
23506
93572
71803
98865
73228
80658
32499
30324
65951
20273
13162
32377
41958
8493
65725
86741
6159
85329
25695
91274
12680
70778
39586
45142
43226
40841
41694
8543
18932
52971
11136
57196
64379
39666
61231
62949
89093
47140
31238
42029
50154
87770
40970
22214
24602
74697
21900
24036
7425
76113
39252
95420
38049
59003
2021
72412
9255
83357
49580
48777
64973
88149
20038
85697
52945
95450
5916
18291
30743
91700
61990
66250
1189
94565
68089
8833
18487
5946
37409
25609
21606
98246
43776
92801
63104
47263
94409
84440
53019
85540
34359
60585
25820
93548
23456
26044
46841
23308
95069
18683
70677
60710
74109
72143
64680
81115
881
78351
70282
10144
34234
79674
20410
87811
39603
23580
44351
8597
67281
69132
68399
63351
10566
99644
79896
26037
74827
46060
32675
98089
43654
76405
15508
673
14439
97925
47845
42928
21365
83573
47838
57777
91234
63891
58317
30756
53481
49643
75254
50340
94540
6944
35580
15159
67524
92423
9473
44471
98905
14092
98255
1064
31378
78578
6545
11006
29382
29256
70742
89399
70735
83510
74650
44157
68135
22689
62586
53428
21175
62784
18484
39147
63411
26924
82552
41790
24669
1828
22531
96395
73106
67937
54297
32285
99808
79348
26475
66072
84362
4043
70031
9665
37364
45574
92131
34131
10556
27772
77257
65612
72154
45603
58271
45878
34399
45181
51706
35677
95555
88990
75304
81071
36300
64536
8775
97219
31964
71152
20525
2400
16066
65771
8476
10322
83841
46792
95070
4973
77576
42740
36305
21475
7226
49275
54657
31817
59262
28701
39325
68935
85006
9921
63341
22479
67448
45513
19188
30938
2938
20323
2481
76997
3136
40569
77824
56677
42078
50338
68267
57307
34218
53552
22163
33276
23261
15983
60470
20754
40412
65005
48666
45448
55641
29117
92513
41211
15474
77433
85739
11932
44701
12929
29961
93518
28331
14534
90385
98587
7536
7475
90925
3813
12638
48746
23924
48812
48226
83016
42463
82268
54207
32498
21254
68065
57146
64718
20806
35242
87940
55350
32646
59856
3101
18584
32124
5403
47117
10203
91568
13847
9685
82600
96158
68577
19315
56156
82618
37245
98012
97185
56570
95803
26676
20234
39818
76302
58871
55974
1105
83212
6168
29552
26725
88726
47244
91598
97640
11757
55632
99842
71495
29095
69769
81728
22991
2233
91057
78568
3177
45920
81510
18164
14102
58578
74638
18167
29635
21670
73003
98087
7230
9105
68331
80760
17040
14307
71749
59703
8849
10723
73561
99969
60776
78319
43628
483
53357
66000
78806
26949
64992
46867
95281
52217
59103
60430
33581
63870
64325
69662
39700
39820
21848
22722
57228
8249
74654
1981
74083
99533
17984
55742
8881
34039
82368
90636
16830
66500
85299
56440
81798
47574
60534
79517
86339
61800
71894
30554
28274
6796
58886
81501
77688
33575
22799
49186
57002
19779
3022
30565
62046
44658
19419
15931
94460
66530
71064
87246
50083
43115
42272
46612
96904
93327
34654
60825
6892
90005
6765
2818
60346
35399
28410
47619
94520
32964
96599
9123
17600
32330
9741
55485
40457
72174
16162
27319
39017
75468
29162
77819
32782
52676
69543
6156
62839
9856
95006
64479
33185
93970
81239
93406
70996
85379
12170
11489
47332
7937
96025
52575
70629
46034
85908
39888
80692
22842
35321
79430
39493
54517
95192
48608
93400
87109
89092
40688
49718
81979
27053
1093
16858
20987
13924
66968
53382
8420
5754
21148
10847
76854
20699
4100
30763
39067
18209
85566
77058
28445
12821
51634
85277
54872
1756
73859
61634
66319
28312
31727
63534
26563
17912
89605
72820
20020
25669
31537
98866
75268
10383
20970
72042
6152
63491
25139
81807
41162
7452
36906
10459
28072
86470
62059
86155
5957
74188
18968
63041
4594
73655
53716
39025
60937
21167
31266
5277
92217
16588
69221
25937
40002
28035
31839
66384
3174
93818
10113
20196
52463
92593
21554
57945
2612
33090
12525
38711
5738
1110
37222
94887
20992
94396
84330
41287
40504
17048
13688
72414
80857
12786
78710
96182
13672
54855
51267
61862
39887
48296
41012
84660
64146
3241
9577
89667
44497
29574
46117
86245
29344
22165
91316
76649
29089
37100
74113
42016
74399
57365
91207
77838
27775
60531
46556
64394
49551
2283
49026
23805
46018
9342
30356
57339
29397
30318
63569
99638
675
70953
62710
8041
50699
57799
14726
58902
58599
4107
86111
6153
14260
93263
46153
52906
97373
13156
61301
16451
45167
46665
22374
96003
36630
20414
73280
49581
25536
76984
41400
54695
50068
59816
65413
70746
23159
72298
83371
40425
39928
27538
59681
82763
1965
10277
16355
17541
27075
88169
59437
14661
99689
84328
57322
33164
49892
95213
51994
973
66344
36020
9667
52529
30056
1429
2970
62912
8740
86552
23020
20182
31662
86270
46423
76565
39202
47454
59774
57757
4021
2566
54024
61201
60447
24322
1209
33601
55059
82740
6145
24004
10519
50443
19942
93333
13402
23282
62067
28483
40802
13983
84951
41836
73901
30970
27027
2532
72068
74407
89094
14559
38870
67010
37530
55864
37583
88895
83381
73133
90228
90765
34741
84224
3589
17027
82698
54687
10648
73126
4730
87903
47959
35951
27708
6746
24744
29814
51638
97982
63375
49949
48606
6036
73773
85296
36314
76823
62048
30164
49183
87336
49938
23960
43706
12714
62315
8977
49862
48174
82837
25318
63436
97897
29012
29348
64911
38226
79986
32931
9559
82372
63184
1372
64406
40463
49196
17846
17943
93269
27117
34158
45587
29745
39396
73297
89613
71254
15817
55158
10749
85754
69200
83711
50498
53537
26336
6186
31104
39805
32368
4783
49832
20604
89568
18080
88491
39652
3824
27218
86849
287
74953
37671
29500
69473
32877
46598
98175
20765
29667
74257
65695
83052
45275
31218
64290
38899
10909
51917
22798
39142
69387
65632
44640
14264
33127
77873
64105
93926
87744
33670
29905
89960
56560
6405
17890
81931
30230
30087
84321
30391
20385
27072
32138
62676
44965
40246
75479
41998
18296
19641
59016
75491
22721
50919
68002
60364
86634
92570
66323
55340
29685
99309
73167
82236
95331
83334
48194
55865
36037
90975
22145
66376
98598
97096
25058
87522
22514
14541
86296
20445
27502
68657
51961
6121
23836
39449
97068
69247
63272
34668
99892
23191
81159
21550
91692
38835
89104
23395
68921
52048
7895
5469
34308
72571
93831
53732
71114
52892
49999
3656
4772
13204
49385
82094
24511
19724
97605
94828
93775
21030
28332
53934
34967
42314
3713
56157
88108
50949
41458
66634
75024
10375
36151
76526
67135
29281
99422
40727
23119
86382
10761
34832
31257
8684
90766
31867
21740
1819
76560
13959
56436
29312
22557
10874
94961
58056
95889
64419
35710
74597
5988
39639
21601
26183
55089
57990
58686
56877
42161
25841
77370
5721
41459
24727
3557
15609
79294
20167
90143
95332
27938
97771
49491
30416
99698
67095
2377
32657
94571
90372
45738
48781
9618
9216
60516
93981
18774
10625
60988
41915
11705
69640
71463
40734
76732
63438
23386
45469
64531
73744
80931
90401
28167
8941
1704
42845
37422
97391
88583
59229
29398
71287
81620
86039
95074
13985
54944
60905
96919
73671
20292
2273
24886
38418
69924
78310
28919
16848
40886
91242
61692
22267
86832
98264
25440
94774
30659
446
19831
76945
45786
50490
58096
91078
39516
21617
91391
434
96737
71806
63133
33247
54776
38893
76347
4475
5345
7619
73635
89451
19491
5695
92475
4604
32142
846
67975
33087
69652
23599
51990
5222
62749
66699
12079
25364
1486
59481
46793
67715
17034
47422
51896
80921
54220
51558
24365
57030
55750
98217
73011
43637
96837
79351
68907
11524
44541
10181
73323
4401
29252
15044
95153
32059
53539
11079
43887
30405
10592
34559
94094
15018
69687
61379
29848
46620
53265
48114
26551
8756
2714
29617
86620
10734
19908
10523
75684
15492
47272
75248
49456
14276
93941
85862
60416
91618
29180
64778
44455
74336
59389
48020
98311
77145
76105
11539
39951
63234
85042
21564
61455
38871
70029
3275
8492
32001
58405
22840
7511
95361
49990
54590
31131
60879
15183
19127
7806
65017
69177
16825
97569
3710
26230
25872
9733
88941
78201
41908
72822
83383
90357
99676
40564
99835
56796
50151
79871
20917
87210
26453
55877
59012
80946
99721
33801
16900
2098
55147
90072
8355
2124
83892
91520
27933
90692
81882
52160
84217
88110
80174
76684
25795
50382
40413
557
67531
36753
5071
27399
27857
61367
81253
68374
10462
61765
30022
48806
79319
71706
13426
4489
65584
75350
31013
86489
70330
26149
31745
43746
7936
574
27207
1778
69737
79135
68010
71061
40453
68751
17605
956
61635
84309
32083
8603
15823
67149
47247
58827
22004
52230
32318
16321
4511
99266
68426
74090
46188
72870
75009
87900
44844
6693
50963
31142
58391
69260
53582
28244
41707
20399
50681
4502
43884
63434
55578
60044
75120
89271
50021
4127
57351
93340
55085
12356
56769
27674
29069
81485
55367
41481
38883
41647
73164
97328
2407
22911
88561
66199
44778
18947
15343
57264
85882
71951
78942
8200
84391
64679
342
21584
79001
60272
25257
23573
47253
26070
608
64408
8266
95672
81087
79331
27834
38548
69035
64353
11507
84094
92864
40029
61602
85142
35355
27702
24934
80573
40350
65533
92778
77205
19519
84218
90794
45241
60599
86611
56060
16403
24868
72014
36146
69681
94796
22073
67654
34948
77240
9490
63460
34966
43759
27860
28450
37309
37928
30418
84045
32282
83854
83647
80056
28526
25456
50928
84840
63392
4573
88651
9215
58260
67236
40939
17193
35181
18229
60640
98570
16146
32959
11538
13798
61135
62304
31940
41237
65193
50477
13122
15271
42300
52046
11773
58275
6062
69963
27880
50994
82510
82681
30547
33742
89755
74016
93385
38414
90669
20242
75574
56878
95071
90595
60580
20345
16510
88554
51408
17867
57096
62574
51595
66155
30196
61636
99799
83252
24379
3806
9104
97260
42961
30823
28770
45281
10081
10809
41726
97946
89536
95446
37330
31318
31354
54449
25884
73786
97562
92774
38566
58028
31441
25605
85970
4365
18460
15553
85679
10563
8339
49899
24293
56664
70481
4907
62757
48283
40410
57753
89244
9143
53551
45904
56378
98482
64076
82831
54447
40767
72964
12154
87552
74751
46652
91441
28104
67476
80561
78595
28694
36986
83078
80636
29412
61263
55824
26530
28691
80757
48761
31402
63643
13048
34034
5812
18245
54787
14712
68125
16757
88459
80261
53564
24
47509
9501
84446
22904
47602
21490
74052
81337
64526
38658
57568
93179
97446
9715
44426
59086
63236
62324
23824
24773
77137
14848
31519
7770
61029
71522
57961
55690
17432
78429
20668
2142
56102
18965
34137
36660
50810
84874
12642
7753
98024
31803
56314
61115
8505
1685
69299
67187
35719
15787
69559
81044
17375
17273
89915
75238
76329
84333
22788
85193
69771
45752
38539
49468
4089
93530
95834
87971
25955
43340
50623
59619
55898
96286
17487
76197
45363
53815
32683
10626
61574
74813
31150
68388
27675
49570
61545
92194
21868
50514
41434
71534
94269
72548
96861
14944
75863
35794
18982
24018
19610
13599
75954
33460
42753
36188
27357
26866
18740
36848
45990
96004
76483
44830
53354
79568
47950
13936
79100
24640
3992
74822
91514
44732
76520
92891
74603
91396
65149
67676
22869
77062
46199
21987
13169
14012
5876
84513
69537
52286
96830
92614
92360
99910
73894
2832
67255
11798
43950
12484
11062
35217
48792
62923
23186
97062
1343
49927
87828
41698
4314
50237
99879
35018
71939
56913
11519
54005
73556
6461
21195
70732
46514
43716
88043
86526
50524
36552
51286
95348
9430
33999
78414
59311
3645
32805
45962
16723
54314
21847
6345
5697
57418
54299
31019
28876
75025
91776
88342
62865
57513
59637
44411
23602
55596
96269
44373
71921
18886
48408
42009
35515
97076
45763
38855
78697
96267
58894
37000
96849
2627
64587
69347
22427
24080
82140
23214
44147
15254
94948
77115
7423
20049
46435
31180
40548
14945
49392
77079
92155
78860
97036
27506
24382
68989
95660
37139
23755
68506
40855
52978
22121
57597
83653
44533
97601
12583
44803
58929
38960
30915
26953
1953
46414
23721
82412
25492
95253
32594
21395
6404
94238
73290
85905
22749
82815
9389
42652
96053
37214
3441
44124
94488
90366
11189
55211
11825
23799
779
7762
61339
89576
65597
44780
29210
97207
19530
40699
83099
73496
53814
55692
76601
72398
87974
79266
86134
94903
78124
37732
56117
69823
26856
45131
22095
59097
99043
80802
7486
81850
46088
2928
54533
14723
30611
7980
75701
7374
26322
68801
2186
12193
97407
96168
52258
35746
78820
16050
10940
88977
53709
1641
80477
31953
83256
26259
64648
29748
12554
46179
77639
95019
11965
67664
71243
72765
36710
29115
70271
57176
76004
91113
95578
67960
81174
37342
42101
71739
25012
37498
9349
69491
73302
98525
68910
26238
73230
1055
63622
75119
21397
8811
4071
3665
43731
57029
43166
9926
848
60631
56610
17838
6500
90863
22828
8856
56441
71066
33707
92782
83323
32223
52993
43488
61887
56388
6250
3385
9101
26045
36876
88057
76477
13387
23167
56605
44049
83508
98306
83259
29175
63794
7027
12668
93904
30073
97680
31422
39857
85507
15861
87441
45799
66016
57548
8647
52366
43130
96173
12860
45834
78196
98820
26687
77937
53901
31041
23554
78763
35796
27165
83399
91210
8031
68146
35684
78677
56197
50462
18925
38632
71468
79892
75218
93275
89200
8338
75912
76859
46517
28534
60197
48713
6351
79687
62618
53209
80487
74078
53878
67660
42482
52169
10276
92733
88779
1527
43722
16171
48851
95483
23381
41312
71650
44136
3610
30089
56722
87829
89192
94957
87967
57273
89780
17284
81138
63752
3339
11375
87849
14946
17842
63072
85363
27781
97073
71625
72470
48160
41817
76095
88044
3862
81376
4614
9086
656
84553
53885
17045
47795
70935
30255
58631
70551
71382
9320
96570
8475
71284
24508
62703
69955
23218
1519
17377
90078
97517
82725
18039
94015
92231
39529
85616
1525
43837
78139
65538
28473
79451
70427
37419
51919
1746
81984
75520
25501
91466
15758
772
72329
97597
54300
99861
55445
46279
80637
44809
36238
20373
95930
95986
67579
18238
98601
1275
97389
97053
53202
1449
19815
81908
90430
83962
8084
14778
24991
91855
38487
82909
57795
63702
95036
37596
84982
87377
43644
54734
97913
23690
97491
27813
87048
19794
80078
66032
86942
38984
5585
94048
52098
97548
92748
81535
5859
19349
56112
28406
23734
25698
80096
82959
51859
58130
63378
64110
35970
19035
88702
57142
21569
84360
85075
51531
40324
510
45899
67526
32631
11968
42227
65630
18338
73739
62266
61031
58836
56543
84740
21912
23004
73356
54481
35750
40571
79754
7007
75289
92536
49918
85397
75807
83759
28242
97043
68467
87871
99166
95193
73466
85636
17192
22408
70593
99031
75439
82565
34168
18010
1396
74415
66351
26893
74889
59343
9739
27979
92219
85637
25957
67345
65582
72397
26
59367
16711
42249
80332
78904
30656
36084
46470
2516
96843
14279
23292
63150
71378
27514
5173
74307
89301
35108
16186
22355
81024
77790
35844
67573
13146
54991
86030
72079
88295
15619
19342
86416
56568
36546
61926
78913
28263
18992
45468
80631
74934
8012
4082
64204
92961
95802
50093
26602
78640
13378
80136
35897
19507
25958
19533
25335
4740
6320
75531
9492
82678
65575
5844
61176
49826
412
29019
39958
88164
67234
19449
41298
73436
66159
74203
3424
91114
68798
27609
73999
56139
71907
53414
46634
46647
92235
12790
65907
65297
54705
40460
6296
50005
8554
28852
29107
14182
9034
12287
91304
79950
50295
56930
86285
90050
84071
64837
28176
63929
13151
34581
11283
98790
13559
85888
78128
62763
49474
97594
76037
60004
99705
59919
76852
76418
85544
31532
71242
95505
4061
96902
47208
59832
53316
86047
69224
10813
27408
26582
59155
22686
23227
21236
30331
62765
28751
76180
59212
66961
36019
91981
42076
8155
72753
21446
87123
80158
75526
61321
8060
12905
62387
44421
51966
95807
99765
8916
932
65500
52352
51824
66899
29365
93978
28916
66621
22685
1013
58877
52372
741
69371
41909
10755
56813
53770
48243
16330
89586
45396
15168
48599
43013
36249
80796
87178
98644
44675
17486
59421
84698
26901
68696
70455
12676
8003
36542
57591
96554
89909
51423
66617
82223
77561
70819
41527
82201
7023
62391
19049
58286
75504
72192
97977
47589
99707
74246
56170
13972
42363
28133
23148
24001
7919
79579
18443
88754
50359
64692
53529
22763
25899
82406
83905
68800
69023
22775
95024
37109
31494
92096
78533
95778
54720
65933
96896
79250
6106
66480
80571
71405
845
60529
61200
23525
94394
55361
18923
1222
696
68163
49058
77483
82830
68995
4916
88225
85144
52565
52999
96515
33361
43842
66
85842
40042
8766
1831
68281
68701
78495
72109
26780
81546
84702
69475
87067
52007
32284
76039
2506
88351
71309
91652
99459
94816
5053
14216
31021
77215
40243
91461
48282
91354
48768
22213
23224
38874
3007
30819
91318
67848
35393
89413
18127
49127
49717
30112
88235
98606
96273
92380
59426
42542
46913
29315
4792
40747
43533
80212
96252
49894
74954
84277
44919
25533
92257
42025
6590
42005
45921
49069
33777
21547
33812
85181
5796
99889
47386
32852
67274
55025
92520
97518
31495
42581
3976
73646
99055
52812
96633
6020
99954
62154
25515
85046
48373
70348
16619
43834
43414
3410
51103
40796
32552
62623
44030
97371
71141
82485
94679
3638
76361
46146
24076
68230
28342
85408
65418
26071
62515
21340
51610
94986
28387
48485
70820
18234
43315
44946
83969
23266
83141
34536
43833
96410
5603
74809
81383
21699
63975
85047
65228
21186
7996
69562
17349
18202
92111
75846
88474
52694
80911
89547
32611
14583
41192
55648
6616
32559
79601
11853
2728
66852
37303
34609
93994
91388
40280
81786
96762
22392
91788
98902
96246
85009
46113
65190
22457
43407
48749
38664
56569
67134
10601
42851
20136
90919
30631
37897
47989
55123
29342
85716
34243
99289
1205
84821
18563
95708
80983
77804
84381
68630
48679
20482
37186
31838
49376
69470
29627
7182
2851
51993
28583
56203
84737
74249
63594
29775
86260
54088
53603
90056
81217
87854
11386
68522
20770
60735
92073
46150
9939
70300
10918
33281
63989
64823
10851
86215
23514
67264
77794
47512
94992
14384
1545
3108
83763
34113
16954
61330
21447
5594
59496
90799
46906
18729
74819
87576
15605
56891
45184
36599
63800
65964
7628
96045
97069
48616
63945
73361
71117
36304
13850
12733
20826
74875
73367
78494
65341
40658
94999
49223
6496
1990
35793
84891
67491
48019
67569
15233
66874
39627
72690
56415
86249
12153
54531
99408
43051
36089
14635
38
41704
79943
14512
21909
50759
54781
42206
39051
68036
65433
8147
49615
88256
31196
23001
2765
9292
61275
2135
96163
26984
4011
87110
71403
71726
40862
98093
80088
71022
91594
82459
65006
70479
93559
4444
34565
96891
8066
58139
95646
57350
36135
35017
17573
79149
5475
80604
84529
64717
32372
31478
43634
7553
19048
49614
84565
57240
49096
59595
13540
92500
20022
50787
16270
50109
79052
17483
88025
61333
48577
33137
62986
68053
19959
84953
19751
89682
8660
66279
89596
72538
29997
90317
39279
15643
73076
8751
1837
38725
34127
84797
62019
19771
42377
57089
89655
75271
19705
10119
73369
37487
31092
66390
79888
88008
14692
40859
77556
64014
83865
14010
22453
60063
86397
98479
71208
80701
7608
23042
41416
49358
16216
71731
50807
34097
63244
70191
75203
91246
42052
44505
63511
43839
8634
78054
56490
15738
71675
28531
15659
38760
92394
65702
20860
59556
71744
34663
47914
63873
70510
56555
56719
65805
20912
12038
63756
20954
34635
38140
35257
69114
81212
32632
35504
33674
18803
27984
44539
19883
56819
48260
88922
28528
20944
50278
17657
59862
73778
40684
80837
20026
60753
71194
25080
53213
10580
22797
56687
64576
47738
6349
66056
4045
80997
97911
95062
45515
43371
52593
25764
73181
27477
34680
57544
90631
9810
54421
56933
94629
17293
44645
34896
92088
32084
67244
84939
77018
36295
48640
98645
23245
25340
9180
31734
40254
55745
99294
97984
85012
81423
44813
71765
14663
64765
15224
85498
11611
89388
66917
90484
68856
40200
49436
17248
27439
22676
2545
20469
15031
97535
282
60482
91402
98042
17005
42226
84414
67682
22974
30846
83853
3150
6039
7427
33326
84946
82042
10597
3219
43455
16651
88650
9689
83862
52601
98527
90512
30131
31517
74509
27049
99235
23610
40705
66613
77038
19810
36396
36659
16226
78266
87864
46542
15415
60108
19897
98050
29647
24100
42902
49661
89628
7260
33212
91405
4629
97816
84959
49083
77169
84010
21311
96795
23582
67599
24303
5213
25377
98945
76194
19860
71992
24334
74230
75312
95334
32513
97988
92942
94413
10366
27894
96076
69432
6923
41372
96052
52852
7904
55218
3503
6987
97991
91303
95048
1530
6410
90421
19409
38158
15867
3680
97899
29731
30931
21494
11226
11791
30723
70110
4119
44923
54725
37055
84171
93910
74720
13616
57694
97974
2960
56312
60247
4419
38980
53054
57244
45826
55810
12025
47003
92319
14114
44126
19251
53134
41553
58269
2139
41650
79645
42077
52709
9017
58793
6844
46982
8414
79038
4099
52615
14556
51529
65390
88267
96256
76781
28340
49020
47239
89868
56538
30903
92568
41421
74605
74493
17691
72349
88509
26495
51214
20766
66913
3739
52683
25746
6313
6147
726
49338
51490
26266
71518
59218
24003
45379
10320
35510
67882
39282
51429
13810
57098
84639
45736
12706
22508
54912
38516
67932
22154
73343
84881
55254
96056
13487
28033
6870
82611
9724
7833
35124
96060
57873
45604
2583
87486
62033
5757
70519
13660
98778
57761
20997
4263
22957
19668
57247
83993
81250
21544
79625
44171
96562
61353
25571
34329
39333
8913
18707
54700
73187
28108
63462
17456
7306
3237
35811
83194
3229
66562
52603
14379
29033
3315
48879
82934
41232
20594
33754
48581
75137
79554
56513
68195
71881
74859
534
77106
7749
38079
23074
41379
92050
71207
80531
30276
75655
31335
55962
48032
5933
63590
9484
82668
3076
11141
72323
79605
39232
48941
64864
63681
9330
87732
89207
91231
50354
60783
30934
78847
8998
60697
14290
63996
58598
48844
40758
42726
92338
60547
68584
59346
93761
12325
48004
87781
9072
68405
52693
53031
2886
13940
47027
89108
53905
42271
80416
18596
78238
59777
92127
17817
92749
21247
7614
70979
63257
72598
6089
27067
46837
79758
90835
43740
12327
17675
91419
4332
37684
79619
88022
88348
97833
40343
45748
44496
68188
5811
11840
88366
53877
82820
57807
62110
74945
46658
5517
56874
1115
49136
85178
25588
33855
47170
31812
78740
5699
4773
67147
1483
99955
47534
30320
90778
21472
22630
27262
32781
96429
87184
30804
21171
62011
20417
13394
80
82464
33395
25469
28938
21859
56270
38485
45644
96545
92979
58534
98779
80454
24607
27230
38368
68899
63723
63634
50505
6576
9153
66421
36373
49667
49854
30706
47138
60270
95738
98358
74008
82197
75087
3751
41019
95029
15212
27295
2483
48918
37843
81532
27164
68820
96816
38723
23050
23102
60575
11373
99107
56448
13865
32505
26586
23630
66883
14655
34858
40788
52832
37256
57906
75160
61685
71888
74955
56629
69158
35819
5206
85383
2586
72093
27104
66553
47076
74644
71858
56914
18949
29757
40893
38026
72380
47924
43774
64953
29570
3658
68244
19257
87294
61328
37237
76149
21855
59214
86517
76474
4964
76956
36408
25771
34196
5461
13795
89710
18233
53070
42715
9960
86343
37995
76992
88998
90127
55714
34621
78339
21217
36061
57948
84255
41864
11268
12548
54640
1017
52143
78825
57989
66526
35788
68471
85725
54125
17177
33233
41085
82501
12736
12700
34016
31296
3522
96808
90159
35972
53163
3934
95248
1956
43129
90093
57358
95603
6699
39088
68044
75098
40639
74634
19677
6829
85337
28839
67339
91938
8408
74516
51789
83784
84092
36011
62349
12754
54898
42889
58477
24188
569
76307
11392
83754
21228
8118
45216
83061
68804
32291
53235
18534
70965
53577
74227
88361
25451
47064
50696
38144
20720
58923
22564
27488
90128
54699
1863
26358
95703
91588
66389
1511
61120
26669
8028
60359
74876
55904
36942
60229
40550
39889
89665
22885
52155
4983
18242
4583
51975
82057
40028
78861
39650
9148
68685
20816
82713
31038
18366
62136
75114
19131
92612
22265
15539
53949
89481
269
81607
69685
36634
90343
7545
56956
77926
82366
59720
69382
57740
22550
93145
14209
46357
17992
31314
99920
98845
13040
74567
24072
84546
29844
61214
62831
5538
14262
15516
53573
11060
61627
49767
80441
7990
20939
31385
78991
74724
96179
31415
55116
1543
10610
4623
60543
28577
12587
12879
49655
38956
2381
20606
2262
71043
69203
21161
610
12891
62991
44260
70857
90031
22038
7579
76826
55590
79969
17114
82338
18753
75947
58199
87094
19726
28494
89349
60473
53776
90820
60592
5654
68724
44730
52300
27678
69819
78214
27752
32524
23443
57282
52268
18801
79946
90312
19460
22672
76795
76200
96494
18727
55788
30396
84040
70088
68134
61945
76987
78798
75273
65778
63463
14198
46460
31813
64766
94959
63186
59823
46889
30905
51705
47538
54240
25081
76496
58695
4823
61559
73525
4992
86399
92181
38559
7681
81529
77924
17351
21454
73892
97061
2388
10956
25807
19718
76442
48179
67797
20346
6005
69124
14619
88479
33222
16935
52327
64421
58163
46720
9540
9122
27746
53168
2120
29073
26981
91526
61190
5950
71320
12379
72048
15871
3042
65619
87116
69174
43376
99646
45149
27194
34965
64852
5676
5963
91382
98114
59643
68610
69004
95953
98468
76498
82297
93280
35802
22725
1169
98388
48895
78849
427
34233
91044
73774
14103
64749
59134
71962
54826
26370
40043
37097
94823
52451
56536
90837
71392
46487
93485
20342
98139
12161
37755
40473
87027
48828
55663
25825
20288
77588
34410
81619
40929
57469
1435
1452
16437
92172
74580
49498
90394
88300
18802
66533
11553
6003
42847
87986
64454
2300
77473
95408
1713
96087
46986
76404
30697
55945
27774
44387
26514
83539
59569
60572
26566
38037
97376
54129
54283
81013
93212
35138
30570
2533
79485
46828
8192
52608
61571
62808
85611
38254
87318
2525
4554
12438
98201
3783
35298
50817
67337
65478
91109
36608
75448
73232
97998
85170
80589
33639
95473
14433
24028
14900
21216
78482
91683
23065
21221
76809
11864
60958
23921
12215
10514
58784
67651
64163
50248
98565
97429
60875
85884
13361
71839
84272
65770
79020
86304
35077
5085
78597
17082
93056
28891
75222
2595
6734
70020
76764
65638
1378
74716
74488
25205
32932
23808
54785
41607
23612
42281
97619
38057
33672
83870
34432
66791
17746
17905
34371
7153
46189
30462
91627
85913
40697
4237
26267
75756
51373
69218
95088
82579
74439
58815
71543
14116
1843
24774
14135
88729
62396
28661
56193
25824
89875
66857
65142
97102
39847
35548
8359
84497
9098
15668
77702
66002
50708
76827
64485
9470
12129
24553
64613
40488
49929
11737
23387
46106
79513
80403
99489
95474
94435
52041
84413
92139
92183
83233
92003
56521
4691
10736
73740
14887
21272
17682
1446
1949
37046
2206
39206
80862
66277
13859
55206
24760
37368
38596
88967
74483
76137
13775
33576
27975
42361
13256
76219
26713
99938
68741
98691
32306
98395
14070
71590
99487
41528
78436
92741
5986
90704
83961
75748
25361
9500
25821
49543
36899
58060
73972
93063
46788
70982
16799
23595
36297
78549
633
95175
33791
27368
44203
31611
35203
62034
64124
15988
51786
63005
59428
31998
48935
54035
52791
77879
99304
59519
70051
5734
98185
15046
26645
82384
32558
49481
99677
13027
18578
79713
69091
78205
82049
68859
53043
77995
6842
24164
43288
86636
94138
63250
21791
31176
89383
94737
27762
24713
94849
72971
86317
76122
54833
40345
9278
1374
95273
65995
12368
83311
67214
94075
35084
86163
36420
42954
19824
17154
31476
54187
79442
48444
62527
12269
18247
22088
22482
36829
26138
19141
84867
6026
79744
75617
97995
7805
40856
98743
36897
81184
44920
81641
73966
65175
32255
86619
91649
21757
52755
87899
22502
75643
72579
23518
41236
78939
47241
7891
85567
97216
83973
42894
13879
44282
62499
80704
72108
38282
77641
39835
81796
14808
59398
19022
53411
43344
84816
59914
65535
42391
1014
21747
23926
51550
87606
78448
53364
78212
68201
71909
69544
40849
32369
63409
40434
19496
5090
76590
91573
4933
26925
20879
34826
48006
97477
34339
93002
57451
98697
82186
65314
32118
67078
74050
20101
80450
76641
58787
47467
65204
78953
11350
87029
86284
58489
16369
946
13029
56106
85806
76207
38838
4753
74422
63827
17665
18369
12647
34493
79960
4769
41691
93297
19675
15596
27443
9880
4137
73622
73592
23113
96183
38339
13081
1341
28371
33317
56803
36022
34535
69658
75534
37058
85644
33336
40735
94220
74435
49683
14996
2827
29121
91191
13849
63550
32225
74189
34690
56639
51991
79901
8890
72561
96265
22856
26805
83164
21016
78258
63325
46456
12149
22850
54483
14563
67783
82974
50863
22641
59936
12598
91921
71029
1588
63535
85704
42998
89947
26424
74372
80981
87751
83944
58651
91575
23180
88161
78033
20011
55889
88232
4574
44200
94480
58962
69
84780
72423
52320
74768
65524
19890
37925
60895
86682
23086
44273
78378
15702
49647
72390
74195
54977
85780
27641
30110
43350
4322
86546
39789
4189
34831
85328
23271
64363
18854
1376
39249
1566
3600
57884
63477
36572
54464
90273
25721
92258
54074
67113
28538
53114
42202
81156
17369
39463
40165
254
71608
17932
84032
13670
77998
96197
6514
54813
35288
1469
90335
39535
79770
49602
50814
23408
56790
80335
6597
84419
22767
98986
59053
35239
79549
4415
20884
4684
32109
54294
18399
62452
35013
56678
59004
89911
70561
55926
49622
14299
29922
4165
47204
43888
8884
61877
10360
43448
65096
91697
85560
16223
73898
99822
73093
17857
21005
61606
3505
1528
85844
55986
87243
97110
16157
9229
70920
97094
64310
77293
9280
52712
38759
39484
17538
85828
93830
55949
4640
16761
53190
89442
67548
92331
47937
50249
73017
67675
42479
72665
92796
99590
1945
35522
34070
30603
19228
66463
60308
49259
65937
82977
55069
70138
78314
67847
82320
87248
82512
25560
14065
70148
99217
13308
34108
26165
40702
27114
45278
96878
34179
34842
47829
95999
75852
96491
98065
98712
54036
15732
95366
69959
99999
13772
21563
29919
91953
93470
34665
44204
19316
75486
44989
51162
52361
76989
65675
34710
62357
49910
25654
64424
98444
51694
2922
88920
81200
30138
53611
94862
39274
90116
87174
54276
53683
13909
20521
43547
19133
57464
61651
41933
27826
65310
19674
4416
64734
85852
61024
85803
7979
67294
12717
6288
53442
40703
20688
23375
98824
98886
36322
22829
82030
156
654
30923
27688
25941
62218
2988
87447
29457
37520
69455
24828
54388
95564
33293
61127
44198
39716
6344
88515
23096
3293
1448
81157
78402
54041
78722
19973
84644
40483
37761
60123
58349
37398
91329
66007
15930
39499
16067
78824
82060
56564
13216
55107
76964
30476
77311
60843
69504
56084
40033
43625
86003
21990
11714
78280
32217
92966
71080
7330
18345
1587
43494
99367
15956
42916
88968
15472
65932
73724
23529
47750
40943
40761
79998
79304
47553
64796
93200
4971
78883
93233
48375
99599
28114
87316
70108
56178
54982
13788
75077
29846
1856
5127
41020
73566
42696
69495
28612
12301
54384
42269
79920
13978
83426
29146
53924
82548
78964
14913
43379
81838
83062
58914
62313
45818
30652
66153
98207
85600
72402
32687
58983
95534
55431
99211
59001
82840
27917
94925
70081
39039
63587
38631
61967
73102
36485
10237
88422
23507
18857
59368
71092
39439
79652
15716
94215
3791
77050
19917
55079
26549
77312
56053
94820
60486
3685
28313
65202
41823
83479
35582
11894
95732
51160
42913
90828
54214
74821
30035
24621
11710
95598
50298
10111
66545
41117
76773
50709
55740
92567
21647
34701
7807
15475
23270
91024
92267
69417
53272
53470
33042
83795
3442
71880
90991
2320
67239
53045
85904
47463
30161
14057
17316
79302
46122
54011
63792
74530
61802
58380
49170
75566
2152
36277
93769
25826
82686
34392
79938
44841
15845
34768
70750
80614
25629
97546
25789
27656
66728
87637
2220
78797
18638
88102
6226
61425
10899
46678
37136
974
85659
90806
86610
79553
90905
21285
22391
41438
50754
64158
57579
25083
91425
48740
19261
29110
59172
17032
80125
2240
7477
31642
32721
40083
18076
54613
35663
63840
37003
35334
81043
31957
49382
6059
7973
93073
96993
47697
43618
99614
48017
46329
70472
23188
52966
58193
23458
25129
15546
45863
55181
72393
74158
20171
52153
49566
77373
12030
31547
34929
98932
56350
58355
52621
25251
88861
98549
62946
75902
50066
82004
65229
11222
64647
64937
41503
49022
99249
29816
39416
94569
47062
98242
39733
97350
76013
95993
45779
52968
58726
61094
21627
92563
60014
4603
20046
97490
33429
47999
85174
57431
75889
5894
97972
55153
90744
30129
30285
88158
15580
71319
68159
31127
59124
8456
58247
55667
86419
51834
66522
7944
98795
38209
70993
84790
43687
61072
1814
32787
78857
1976
26910
78307
71622
82452
66088
58174
10711
24436
13058
67191
33018
43556
80364
7663
79850
36392
66096
63073
46893
21993
67432
39205
82225
15072
2916
95352
94160
99648
36862
52798
63882
80169
44026
97044
26785
47755
6929
75747
77930
67354
47663
8403
18177
7040
49536
23322
35626
83701
89877
82028
22101
40871
6919
19363
93350
92692
63265
9854
28228
50918
52216
22983
91603
50164
23694
55699
16138
9238
76882
37431
16293
67185
51816
88299
90248
73453
50392
71648
2089
32035
63617
83407
58660
48795
61755
20802
44948
31319
10027
29585
53397
45657
78244
35968
88952
24659
10496
11684
61921
69785
76688
42099
9243
38377
63825
26497
51817
16053
18189
97356
96277
87385
65477
80217
73233
17118
37165
20374
15055
67332
1271
49819
16421
19895
1538
14621
15142
52884
30185
19592
62087
90507
58283
67827
25694
70813
72189
5992
62537
38348
96358
57046
70018
22533
67999
88956
48760
48372
55266
24175
17323
11256
45692
62060
50914
36121
15466
27980
33271
72547
81232
59390
95685
20528
56623
49522
63801
76652
58955
19879
12159
7507
62376
14782
5007
35196
92911
14742
93036
14061
17941
45445
2615
54924
54451
95704
26740
55923
14989
18420
13860
22530
44366
55332
42360
14553
87268
23684
83755
52429
9373
88124
86870
14828
70370
63370
90983
20692
40831
64365
50758
8383
14783
5404
54073
74743
72834
3852
82270
60285
70144
63973
84478
36234
72997
39424
38558
91985
53338
1683
3115
90768
41
24782
85546
24055
58556
86116
77146
91026
74127
75698
70181
97180
4063
31059
51533
63045
38861
65069
5117
62774
7365
64873
1323
23056
96073
6266
32409
10336
39787
62495
45130
14155
68256
47764
68594
30972
43862
8921
70433
21983
40062
36796
20190
55957
80538
41791
57676
57719
3540
76701
52026
80198
40519
67159
95661
39043
48629
42988
73696
14308
96311
98770
91239
46205
92089
93599
79477
2313
81223
53711
41279
25490
61753
86431
2790
19156
97682
59085
37127
63648
26301
7499
66989
53843
59751
3572
79703
88287
69041
2865
94450
63688
79844
89305
50808
98650
72891
60148
62327
91248
72763
93671
50981
85157
53863
56105
53494
34520
25044
40716
86256
10971
95967
55753
16109
43589
99419
73659
67434
61907
74712
70209
92249
12231
77020
7792
90387
34464
19223
42674
65917
51615
30650
83023
22302
29018
4513
6369
77381
90341
50273
28663
2530
8291
68604
59708
57233
8141
6898
43095
61789
51261
20976
49178
94275
24197
33138
70615
30150
25744
9259
36516
27463
79800
83267
60223
36240
31326
68133
85466
63312
48275
54432
34242
71369
49313
39371
58053
99360
30806
35808
95706
39600
38653
93601
81640
20904
43631
21716
83589
89879
84994
63079
71528
64058
11941
9010
59792
17238
44269
92825
21070
93510
40298
62124
71299
69204
34524
54049
66912
46565
76911
89457
377
39002
80249
56444
13546
31078
7025
50506
30932
28936
39413
65106
45620
81502
28940
79356
52233
63633
42949
88179
40729
75537
62908
31412
39940
39822
54683
62819
84347
6287
66046
82886
1841
35287
84005
24854
19472
79906
25798
49268
1146
47415
30485
46584
79429
11523
68687
44851
78454
95620
52503
19826
43769
33243
92340
5580
49935
57160
83507
87947
61490
1591
26247
35457
31997
59807
26169
64049
82480
48125
67179
37809
86918
91679
69071
63874
73923
47689
84694
20998
54766
5649
17380
69645
43458
64161
33511
16294
74398
57178
96330
11934
19899
78334
84884
14872
76447
21988
96180
59303
9395
21914
94141
71226
66735
77461
97302
95398
68911
60109
9984
7236
77970
80243
30735
40753
66041
34657
2189
29865
92459
69774
257
99877
26741
99913
34730
83676
8481
77154
94546
36095
9114
58981
40068
524
71047
97923
30245
64646
69960
62474
79842
87157
74209
16430
51696
41374
10120
60253
96129
77484
6447
93788
3193
85811
69379
23620
45745
85448
45867
62532
63676
77025
50412
86274
54985
43061
45001
76015
7125
14894
42004
90045
1333
91711
65880
56260
82631
60564
37258
7090
76141
21193
82065
85422
11879
42179
14533
10720
60835
57361
80841
47888
63905
53458
9770
84048
93411
87716
92998
8665
90903
44316
76439
32935
6303
27963
76870
73428
72968
96521
42825
51724
25989
3537
62319
66280
33529
83606
77671
37164
30980
68100
39125
96397
82690
24016
19254
527
58446
80779
11208
55366
35539
48241
92944
36930
1674
83165
72502
77751
92488
25103
20778
26216
18030
78271
15012
34771
35716
53195
21748
74283
80192
83594
24206
80501
31912
64677
96534
4632
49945
94926
72085
55378
53358
14
26998
17210
92608
24177
16545
51810
36031
93742
97593
95495
66313
98920
91790
50541
28315
63160
72972
33377
50253
83331
21800
10309
1535
65362
38082
84376
82899
95566
55015
31901
94772
63671
48676
63218
93563
90609
74030
17384
52985
94187
59392
50953
13471
43500
74942
89265
69283
43022
73441
79125
90166
3819
77101
39409
68011
78560
5021
77870
8453
33420
73430
58354
84063
14588
74005
40224
15601
55149
40738
54350
39905
50011
23011
65714
58948
179
3303
98518
23973
6888
32483
68280
31577
6957
88343
35283
79191
39283
23622
60356
54305
88106
42813
72921
38550
42449
4598
94517
25425
13271
18286
18709
63390
61828
7642
91390
37827
838
48132
55018
21082
57080
49973
40132
3640
89333
3982
92888
14063
76709
96524
98107
70187
71496
52362
79793
67661
72429
30796
70447
53435
48994
84729
23357
16818
26277
36173
47514
84704
96585
52022
48269
3988
57876
31560
9246
24162
11650
4633
2951
72923
54480
33799
99490
14627
57460
38933
89998
99155
30988
35770
42071
85554
60034
60989
53496
31592
14118
56668
68090
48445
75569
9744
66394
46082
1701
27330
92270
37284
39730
41568
41354
95278
8846
42424
26202
34188
8298
6615
96804
96783
70024
39411
17830
94642
13263
17480
59947
99382
11105
61264
80059
99128
23916
27057
62490
18109
41463
2081
61302
63132
5339
52842
89285
67690
31243
51652
43745
29258
37966
97153
80247
58569
65529
94655
44338
15011
57663
34833
73433
61576
99722
77857
59
49708
87807
98122
96787
77143
79649
10084
87459
80241
98427
26309
99058
85534
78832
62116
83598
55439
90839
68626
57612
85205
6484
3236
70904
8404
5744
45154
73351
81764
25530
71830
76792
34436
5973
30176
80482
11232
36484
39741
35222
96492
18723
72303
17901
97469
50297
15063
43730
14569
86365
17585
4844
33842
79024
81206
68939
72309
3191
43043
65493
83974
9802
61424
95622
39735
68968
46944
65658
89732
56673
11356
51984
55356
13389
22471
88490
32843
12575
3574
65058
38116
87561
82528
45590
73353
37870
4720
39161
62596
19766
98033
72991
87730
31349
36258
22480
15020
60266
8985
40148
58583
93948
60536
37676
67511
94537
32809
20515
52353
95700
27004
81725
17463
44155
34805
2267
72118
15067
14718
93861
78382
84577
64732
69309
70811
33160
12958
13845
73278
13590
11437
59557
70899
92607
85266
25405
71510
355
47010
35748
31832
35877
71715
62372
55230
25091
43165
19018
60061
37291
7613
866
18260
84965
47983
43752
28393
49367
20116
40636
78451
36788
36388
34447
34671
99476
56405
28957
29340
65982
98055
23122
56288
4050
21828
8799
11826
7133
62603
16062
83757
76657
80592
96450
66062
13592
8499
69580
84869
89
99398
7638
33562
65220
48596
6401
98145
53945
91694
32613
985
16105
31008
26288
39182
71121
244
80022
87450
13195
57081
66267
30901
54459
11675
20980
31906
21087
27243
12010
88203
44767
4548
61846
44183
8288
93059
3985
15534
17304
13896
785
93425
25229
49521
33761
91021
36678
39966
19773
20999
78309
41041
70948
2272
30776
93374
85323
65913
50488
98372
83436
21730
21487
40258
75550
1847
79119
4589
11442
42446
29455
51419
12492
90901
54342
76444
12476
59106
77750
3157
17961
53420
58544
23018
44360
43649
42918
85800
88107
59169
24458
54419
57487
59433
62417
23977
94564
59542
85757
4949
9434
43496
61697
83031
24726
4318
94093
21526
31299
57838
94607
87346
78667
50888
32024
80919
9534
97151
59729
32040
97540
43172
91902
5273
51430
71079
55261
13136
11027
12066
96306
76040
80806
56244
40357
40163
45785
45656
90808
67487
14841
94148
51868
39342
59521
78387
31028
58041
57422
927
65722
24369
24182
26296
70109
70462
5131
9345
10468
65431
7110
97059
37262
15964
56660
64203
63799
99824
32883
49579
21360
87190
79536
4434
34054
6080
74845
48195
66539
89464
20108
71220
74665
73987
71957
44304
14733
52028
49116
67285
85675
13062
91506
73935
70990
91507
45522
64593
37541
71554
38281
97951
12950
83522
2878
69701
38969
61871
12165
45231
2918
99002
54676
3984
26632
58931
48524
42697
14634
63043
78586
3714
73464
18222
64300
70
54204
89687
99131
60637
82025
67140
14899
19516
86214
62799
82723
42291
17152
26474
86020
13488
42037
73816
39058
92419
39492
9127
78264
18333
87580
54739
93159
70154
57242
6914
93392
65200
3261
97860
51563
53182
87584
11931
52003
3810
39551
87516
28184
5989
59144
5430
45226
80328
35601
30669
95663
55135
76736
98295
99596
27742
45854
26140
23720
62756
62735
35278
11467
78069
28632
363
77969
31194
80180
48128
20863
9327
11979
32549
21958
16678
43456
43364
44336
5911
32430
93516
74359
96626
48185
42447
43410
41064
8321
37474
4405
92627
30626
67679
83377
84458
36298
93596
75953
58585
26869
30572
42365
10392
26180
46149
37162
34969
33994
9370
27400
60013
97590
24567
55642
25310
19076
6979
96382
55772
7820
30752
17677
79435
47381
49017
17894
82304
11651
54650
62734
27333
95207
84730
15208
63297
1985
74841
77599
24559
98186
84451
46157
52336
92232
82881
35214
37873
42628
95627
88863
78736
15374
70378
88846
63683
70679
22200
61026
61598
15255
27412
91842
66001
36007
60627
74787
60366
42947
94843
61142
13562
29978
56214
40112
97257
53430
49030
58024
33046
75295
48814
64546
43870
13721
80667
41766
18798
90410
22857
39070
75681
67574
1686
39331
45040
95743
61065
28496
16309
21055
66042
87742
49362
82158
59983
58785
32313
27638
22150
86072
51881
46567
11161
71218
34949
81483
96214
13208
80043
29675
75411
70321
40407
43373
56279
76148
55752
99956
1122
44084
52532
57666
63231
90695
19183
41522
78657
84893
90576
87188
52823
8300
65758
22563
80527
17466
59998
14183
39230
92145
75212
83237
25996
12005
99540
21504
80486
69171
89809
88909
12275
89567
46757
15503
53139
14020
31379
72749
41877
65977
91394
8888
29909
58865
64212
48129
21151
23876
8910
35649
76775
95183
74461
7736
606
85807
20846
41050
25465
63667
63326
5338
25572
92326
57398
37501
31154
43921
37641
65820
50322
56133
28096
77778
3564
29620
95868
30712
80611
18978
16043
99682
75885
66838
33394
77839
35199
87832
61974
30443
34013
6736
59223
29216
2797
38981
61021
47725
97516
9110
47822
37861
81330
59628
92641
58123
59939
1149
14292
14599
84826
94508
99079
66795
60355
81775
81259
76266
63422
72996
14709
33169
6638
25111
73390
34139
81577
39084
86887
81956
66891
37011
82610
97531
86660
44069
68155
6717
84385
93549
39814
1734
48060
15714
78543
51460
89252
91147
42547
77363
22405
40756
83477
24428
82007
96796
44080
83285
23016
52200
47671
49836
64982
11706
38123
75000
26672
53225
52538
96525
58772
5294
38481
92678
63902
3705
25870
79603
15641
36259
57157
69651
86017
240
28435
53748
3923
14199
3178
58617
2766
50780
46132
84674
72837
65136
43059
3260
6857
82432
67382
53409
40955
16166
71144
70352
24377
10875
23898
64774
73857
9972
23813
66826
59215
2547
77843
5326
37289
57746
55650
36264
15792
98607
30237
20276
80081
31929
4666
18473
58876
83619
76
29104
92689
61317
61457
59375
65792
96443
28662
11514
39240
65898
2475
7080
45828
56797
1026
80473
28710
74690
56841
20143
45359
29781
43927
25728
47335
60316
21541
72692
81996
23314
2622
49000
66415
90459
72487
24619
41479
24700
6670
71256
53153
29708
30612
66133
4083
54789
71416
22525
36229
92880
68877
92036
34031
33213
34863
75789
35807
43027
4531
28358
45474
22223
89663
34719
18837
47655
41935
16798
6555
90230
96323
66076
35691
5937
9592
94056
71108
8203
78923
28019
27853
60664
23343
40908
28468
98550
31714
96135
148
32637
32375
60414
39767
15315
74184
50175
35621
1399
63090
90722
49430
65511
25599
68433
99083
43773
68683
64096
16447
20112
7000
72096
76869
17515
26387
6937
8840
79388
68796
66297
53928
31718
47600
47569
79891
91129
28825
92680
71667
16654
22626
38643
52821
43241
32199
91128
5017
21020
70918
4715
70866
22048
16311
38061
9106
15598
69006
31190
11927
59784
52188
53741
33773
24313
88404
53482
8369
1889
28159
15199
24314
74271
98313
11275
1751
76715
29380
78564
88460
35853
91870
24584
84462
7758
23158
41854
74725
20735
43370
14177
49848
80765
74193
10614
24346
60968
10185
64249
45073
48016
35099
25779
73333
26325
37789
49138
12752
60323
2751
34291
60880
70970
83693
87668
16993
63894
17900
66858
23100
29178
12097
47128
66156
81355
21029
551
15418
17307
55183
45035
17579
94591
89737
80743
69531
70873
83491
59584
33768
90044
43368
78184
86677
85690
11354
2505
37460
32985
29242
89144
6755
6389
25883
35702
81147
53725
26871
97800
76355
13915
80156
89715
57889
64701
70477
41609
77962
99243
64444
45021
35670
314
26571
7078
16185
30628
85197
15567
18047
91120
20439
27899
75536
51522
36528
16817
64411
76602
65160
48050
55016
54595
1598
98020
30770
68072
86656
41673
2463
84533
49347
4508
99481
65748
84393
15260
70907
81021
79271
29100
61380
56315
11450
68018
12854
35914
35421
67924
65084
29931
80268
56371
93312
56612
20621
31308
61481
67957
72208
16634
95842
35095
38813
50860
9126
60853
91290
94557
65395
8844
73844
64984
30108
75538
93990
77658
32608
27710
53453
47446
39924
70660
4022
64233
15877
93101
49272
50593
31461
63152
62375
17773
66109
32961
55389
75949
51258
7675
1760
77684
98581
30291
78596
69059
45029
76297
94447
47515
48429
9188
10043
59976
99113
54643
56600
71477
61608
32615
19086
10760
23341
7282
96216
23021
20965
56831
33843
81531
37052
23559
59789
60056
8093
7132
60327
97843
71368
17613
36611
25670
14287
40437
12781
53781
35310
81806
33337
20302
82782
62153
13561
38792
79627
47370
78265
43482
96502
97052
68578
63824
64038
87359
10054
35724
61279
74970
37004
77320
84788
43935
23049
42020
70355
77992
3164
68771
84576
6474
26157
94682
15329
53344
37537
44031
26919
76028
48928
90267
15806
33756
142
6614
27563
62998
1144
94632
4889
21334
32395
90219
3969
96419
27989
7232
46094
16100
58804
4112
69696
55244
21633
47809
15747
56267
13021
77291
22084
31543
60186
6897
54304
14604
94567
41294
60429
43691
60254
21642
3465
1536
59989
53427
24056
36416
17009
42238
68923
10743
21710
94758
77871
34402
43540
31226
2690
67387
81727
27303
75512
30410
21717
47000
45993
50283
19153
60995
21197
40125
56290
92347
4549
69445
13249
9272
41960
89994
26581
60931
62534
62053
43110
38736
42140
54761
83735
42049
64240
65169
14474
61249
9843
68071
43865
43913
53305
96572
92040
89303
59080
97807
63555
23391
64713
37366
1749
69948
51959
80424
76865
4673
64041
95767
84836
82645
65261
12310
76977
6697
22419
49748
14234
13088
42258
28642
27491
71576
76429
34773
59949
21884
49662
96142
46264
16221
67572
33854
13571
57241
45545
62616
16696
94407
5906
40122
17934
89764
50682
12681
92350
43576
33979
5798
51178
52170
54692
16593
92409
58410
82633
89354
5569
17735
76589
25053
96623
78759
70596
57408
30646
28950
21019
82766
45687
53729
34484
64581
47537
35273
94050
19817
37270
44064
43841
35885
31459
27128
17041
71855
76011
40533
93022
90215
76643
15030
81314
4060
99734
19916
36685
88946
28147
31323
45158
49711
71014
58306
46399
95829
21923
97298
18493
9973
40905
45282
60595
27559
78573
76846
23267
73673
62275
70821
61202
68103
40063
69596
41309
85455
40948
5456
43073
18976
60051
10085
98327
5557
34930
22692
17422
12182
76313
93131
32264
92746
255
13647
77964
58648
74192
32635
37468
4324
24443
6838
56472
75402
97810
11976
28200
32535
3469
99545
10993
7668
38050
34703
38571
74427
74293
30798
7061
39942
80168
22167
9144
2623
95772
15429
39183
50130
95725
94109
9845
27052
20357
73506
93865
17747
6282
96326
53656
60616
31361
97835
28148
87736
22776
103
12654
34846
14912
49224
5832
8122
25952
56694
42616
87766
41881
15618
62268
72296
668
15544
71862
75495
69944
67395
75665
23168
20084
57394
58716
59828
12093
20029
41575
96989
2168
82949
17068
87124
13816
60947
27879
8332
55451
87505
18405
32295
4967
52785
8697
52855
28221
32700
30468
10298
27349
24232
19930
5420
18317
78813
90786
77164
76450
84034
23596
99788
25610
26390
47595
7552
94838
86024
77395
33479
25165
67293
50225
45109
32304
67713
45665
4379
73888
84686
49195
15369
33861
7116
65679
70067
26465
12224
51727
44577
75649
81493
10947
55428
43186
45031
32783
64793
43891
2069
76032
34151
21443
64191
97587
86394
82525
46536
5335
98838
59439
36122
1240
2181
56955
11272
66782
47756
16520
66249
47461
28398
48424
65628
21574
96807
81462
29910
93076
84886
59374
13878
46916
58050
60282
5214
7300
83569
78449
15065
46540
95892
91431
2113
35783
1812
86509
39939
63014
58968
32900
3660
56081
7961
62867
55351
75497
9073
76089
50658
69979
6873
50059
38621
58413
4020
81412
45949
39138
21830
24284
42503
63251
6662
28711
67176
31769
64006
99993
78814
77155
66108
60067
92503
66400
15949
14592
65080
41327
65383
76459
60205
97149
8
70461
80470
98817
85201
93669
91187
47303
26519
83077
96360
23567
8401
95883
66981
15365
33454
53889
42900
83145
44324
9358
89811
48137
69917
79748
4861
18265
94648
43546
89438
27589
90010
41784
43199
41849
38540
40143
71025
42535
1490
33864
18794
79919
51095
68498
8239
89515
67466
91554
3307
27196
43114
67970
40685
69227
29824
68172
58996
12685
58613
39193
74390
808
48402
49103
80203
82089
4871
62013
41297
1651
2762
11116
29488
6824
86544
91372
44098
14740
44028
54126
38342
43783
94004
67974
89368
1116
93747
45680
15149
45732
96924
21951
87867
47643
67132
25925
61087
26788
92130
69168
15661
3962
29604
28337
72611
22070
7720
69914
74548
13273
57955
41292
93579
11271
75685
95601
19068
64735
71550
96948
91045
78899
47114
14987
47987
26783
58233
67032
59698
59871
14403
37997
39703
7304
47034
67009
74744
29855
57885
75279
9650
4563
60125
83632
24997
90500
42719
88550
68210
61254
70608
10236
40676
99104
47681
51681
95592
86663
61939
39656
9775
60475
72689
29927
84711
27847
87452
78374
53401
57441
82383
52339
61012
14453
92179
52407
22336
73991
89447
24054
16016
79867
90610
92221
79621
1816
17308
983
24903
64861
53576
87453
12906
39651
71339
41642
9025
23703
56149
16404
15794
99896
45047
51349
1357
94824
99264
3718
26913
51925
30461
53015
41120
9840
18951
40954
85082
40491
20693
68008
67431
76651
52020
90746
48714
62930
41792
88211
39364
40431
14023
92951
31468
14699
42759
33288
48526
44687
100
6635
21128
81257
20132
51628
88433
72952
3667
56959
33885
5767
82737
60867
12927
75715
63016
95485
46955
9827
270
56191
71396
29136
34687
1051
67708
23862
94484
9120
20432
66543
52868
89158
15173
54830
14121
91232
76697
34204
86765
578
13013
29828
19279
38896
98332
62794
84942
15843
57643
27670
81721
17592
88234
65568
83484
86221
11134
65049
18357
4271
45605
51722
92029
53763
56474
61553
18163
63679
40414
62093
64927
22770
90425
37511
60277
16923
38978
41541
40945
63858
7418
88560
10895
7697
31782
49334
83928
86458
8037
72755
81256
36992
56295
21315
14824
48987
77914
69748
74260
80031
38693
73491
1094
55203
14507
25033
33340
27238
61701
51057
67818
48136
89686
45244
37659
92955
27723
81583
36390
13828
45504
76575
73123
90538
13558
38979
81748
33162
35353
73234
5371
80033
85491
93335
78359
59793
8176
82625
26860
61972
10599
92653
42329
38424
20314
84274
46752
5737
98874
41365
40864
8899
66987
27088
54866
32529
59249
92906
7439
70520
48609
5954
14708
90571
5647
22645
48943
40832
42931
58125
78801
50216
78524
45563
77445
11258
1143
85916
71914
17097
83648
29247
31294
84480
81711
48840
45199
19836
81389
37688
14933
36351
99424
26596
86295
80462
109
39721
61643
83244
93975
69592
60365
79963
36437
55175
88377
37979
18935
77683
55463
23777
31692
98959
23781
41051
42050
58154
70934
43432
97013
93645
90785
91347
77607
31178
96682
74009
96401
61161
35173
98631
71026
81451
61071
91734
25305
12456
62103
11115
93672
36687
24632
44054
21230
78906
97422
32008
47680
38642
88929
49957
13384
74333
21749
96558
67991
79007
88530
60542
74244
38278
35697
69209
78819
86882
43254
48263
70460
67765
64083
63198
49197
30604
50775
12364
17039
73445
83261
62642
96107
36046
79267
46796
878
46059
7134
82794
97254
55840
85614
85598
68140
88120
40836
23909
65979
18009
25171
14934
38954
53276
95379
61657
99112
57139
42735
92512
37833
39918
87175
53299
13748
74076
45997
43083
61501
84149
12914
93737
10536
78218
79851
62434
84119
98092
29003
57083
42201
7345
51237
64080
76251
41971
53064
14084
85816
8743
55156
26557
87808
16857
22077
38067
33717
42870
98046
83506
68618
54173
6045
64683
33551
13446
27001
3365
76790
19355
93227
42352
61242
58497
98484
53167
65531
32173
74482
58417
94420
87050
6263
56225
67532
6767
20548
20378
50037
60082
54012
31590
3418
34129
46846
23436
95315
98695
3176
88853
54014
87484
41927
77132
53616
78383
21768
49730
4258
27884
41218
93398
30989
82904
97270
72306
95125
83029
79056
99010
72005
34189
12082
92963
86190
53261
20601
72139
99140
15210
8865
7597
72717
58991
33538
59748
80792
41663
63123
66104
83911
15136
71345
34515
12245
60236
37575
67206
28404
36407
23978
98843
23460
56527
95092
29029
53761
27543
20865
78535
48558
2894
95060
45942
79524
46714
12800
5042
83182
71998
13870
9187
78249
69601
82891
74443
64334
66517
1539
88506
16844
54033
7782
75272
30982
23217
52293
60537
66099
8638
71842
95841
88
9942
19325
57928
5576
30896
75718
91760
51336
48822
30440
57507
70690
22536
1412
20667
74794
90324
61059
709
33685
86883
36833
15893
75744
16244
91724
69593
15914
94640
19317
49886
71674
94689
58484
36732
70177
75832
40382
74312
43444
31169
63253
53378
84555
63480
56183
1988
29207
95590
79819
33514
84621
53933
99598
77987
81945
79199
20433
56401
62251
4543
65953
21985
50311
89620
90409
69343
9964
87069
88820
13998
57094
71036
59491
85983
81779
64822
11962
94146
78166
29231
39338
94386
38648
2447
32394
82230
32370
50750
75032
43184
81191
42566
32661
80175
58702
10193
44913
63850
54854
21561
29200
99831
18462
19147
80166
57520
579
11683
36042
83221
22104
53610
13083
20198
49802
34002
38095
30809
56364
96166
98680
49774
19307
65369
46409
83596
57652
84052
62678
98353
51413
96746
8120
97528
57316
35275
43141
22242
96120
86001
3343
68391
13372
45553
50571
13624
23207
82990
28220
22042
25140
87082
47857
18706
80369
77855
62189
11359
49693
17175
10243
30511
64045
2126
41763
85317
17558
43408
43948
9934
26249
9698
17073
218
80793
93387
60457
77699
5552
77787
80298
53487
99342
96433
33881
53810
17880
96886
93119
6581
12745
48397
68078
96636
95343
293
54756
15165
44986
18403
92928
46855
75349
29129
87681
96757
38028
38357
73747
47949
56093
40776
14789
37025
29454
18987
86069
46169
35172
74469
38901
91201
94388
46685
91148
83856
48071
47265
33510
30074
71771
10062
45432
93620
6245
73657
91269
79914
5441
85602
24321
56992
53947
50321
47719
87011
25886
10740
46472
31588
91259
2569
67070
52779
44001
38168
79574
18900
92220
40426
43212
83344
34150
97210
1256
79192
71628
46011
89138
95503
34525
77596
38001
72767
81313
83151
28971
64166
3865
78031
67609
92342
93085
93663
45006
52308
34946
81615
17366
329
45488
3251
16772
86958
36562
30875
7266
67479
10797
42636
98923
92226
6324
65768
11529
38392
49706
85149
3535
38083
85917
76593
47184
51310
60020
70612
73220
89386
86603
32542
45284
17254
15774
32175
60018
73574
70386
82115
97262
87003
68484
64742
895
64420
70425
25679
84208
13477
38875
67224
71336
22172
99672
29302
92177
91253
58880
85587
13756
15961
28065
53069
25447
14015
96551
91328
86502
17749
70430
51240
74754
3264
19864
56276
97674
73578
93482
18564
80850
87325
36508
40109
94624
52042
33342
47185
92773
94443
52835
58043
44399
35473
47510
79604
86498
43031
3858
74086
41721
75855
45032
62447
75914
14335
31743
71261
94253
72926
97928
62206
77923
38812
30897
97748
87437
2404
92298
67173
31753
78019
48654
71643
94189
17395
45966
98821
36178
36694
4074
20535
66521
52453
20366
68809
93630
92777
34907
22472
41274
13769
72889
94206
33636
63293
54690
45702
41667
91846
94720
90493
75866
12682
70195
50149
20175
7049
50853
4097
66932
36377
16768
28999
26976
29204
14054
58893
69099
73722
77667
57328
57738
95864
53866
51283
59301
17499
28988
63201
79805
12775
94797
60084
60477
85353
27100
88360
8287
62361
73644
7737
29490
48677
52917
20249
63167
87617
86807
41083
72564
70665
94046
53006
37993
51718
91848
86613
70053
57133
23108
31146
62025
24650
59608
76974
74705
38338
29237
42157
56793
47651
96785
12941
35920
24105
71786
75734
34820
56745
65288
21497
9597
5108
10866
2805
33907
58464
55194
1670
41811
17066
73753
82853
12344
41306
6388
99150
575
96285
20911
10878
85304
68922
64757
89088
48774
77319
91832
38396
27765
56680
91540
62876
23258
65048
64641
92756
35636
72070
10669
79219
68371
31822
172
80126
43272
64661
5494
65366
84091
47479
28021
68843
81417
46546
75483
66150
50142
6409
62307
56545
89216
81825
73362
16657
94735
49534
57159
99771
78092
26072
71103
82045
79178
17190
87775
86207
73583
40807
12022
93243
88983
65051
87172
43183
15086
7921
25913
69116
18478
69631
29665
64008
24733
70044
14033
87232
21849
8423
49928
27523
18040
2796
44242
77811
28425
36841
90497
41963
81843
6220
11146
55722
96800
45
29967
73184
46804
53189
58264
60687
89989
28407
72790
48535
54726
16994
85196
22873
13362
65831
9228
21945
63865
93221
34762
90073
45739
9623
43856
98722
46649
10942
76730
53907
24017
80340
64466
73267
59219
44606
54380
85548
98603
8303
37208
98815
7724
85085
9897
70098
37845
1024
33109
40178
91430
8608
64919
14562
90224
32760
5976
75975
22556
16514
44517
58561
10695
65518
82090
25387
80679
10450
46755
79804
71150
76108
5546
96405
52631
23160
39218
57010
26874
86848
11045
5664
13927
65109
81831
46548
90383
99333
59844
38747
95236
85915
95011
2237
25988
65076
87738
43361
74026
30780
83253
53678
49554
96691
37018
90844
99100
48723
31283
58273
4787
39931
53801
60852
60096
95388
19964
78356
73615
87953
27767
65135
61398
51830
23990
99202
80181
56050
14062
92784
52707
10345
77878
30619
29601
78020
84051
8110
24461
68453
29007
32456
6539
77960
56811
58655
53940
53674
11412
33934
8855
32415
2593
55540
82721
14787
29190
86226
25962
37091
24958
3936
40536
87457
71523
69446
63081
43505
26265
45944
15638
12381
29676
85293
14877
18066
2174
56853
44332
23604
11140
98934
53637
39811
47088
41664
51118
50349
81153
75900
12446
37886
56320
46871
28172
51585
86644
3698
2605
15965
33653
354
81340
42451
92873
27865
12640
36055
615
34552
28778
71690
36751
20232
23840
8450
97650
12661
7426
88344
39496
37576
45636
42019
118
50332
54927
26733
1948
74627
11796
72950
67542
10502
5232
38453
69835
90644
27403
51474
97739
66524
4199
82905
85726
2657
81323
70499
26159
95391
57664
41865
97294
2169
23185
23575
85001
55498
32139
48839
59008
23764
77632
31357
17171
95306
79662
68722
34007
84074
16833
33569
58557
36099
98316
39975
93048
53963
44194
63101
95949
15958
35961
69992
96250
43504
54585
4374
547
876
33519
84950
70311
73745
95230
29560
45322
31996
61036
42276
33991
42176
8113
98734
45562
64605
94485
85077
96458
77777
25443
84379
47092
45175
62080
66051
79218
66787
47287
46388
9878
90081
4942
47698
44704
14640
25438
97051
16584
19212
54658
32724
76543
15715
86265
2487
13129
27385
64932
16384
83808
6038
70586
70338
26447
55979
66117
71348
23793
57465
97370
9348
92205
48496
58282
18293
28368
61283
30079
882
4101
32553
59649
74820
23155
12340
54130
22219
19871
173
4961
99684
51749
9056
34067
43851
53441
20051
24178
28273
67097
2125
20477
88723
73843
99050
34558
93366
73109
5132
25293
31706
97886
97556
98561
29447
23539
22929
28650
99783
17974
35189
15626
5742
3295
11487
79732
83563
79702
38381
20833
7176
23079
19560
35549
64460
93127
79878
47213
39897
66957
46379
72783
91549
29495
35809
20937
1796
29641
85635
78903
44594
41580
36794
46428
78061
80950
22833
50551
66583
66837
24666
59925
15966
37578
77124
22481
90146
90548
14348
2466
30488
70995
9401
44998
66995
26559
82827
48948
93750
59647
15153
84260
33629
1881
92135
23869
16775
116
98263
7301
71732
19334
54445
74529
79311
45036
79034
91421
37569
24384
21483
52697
49734
72010
74686
41775
74300
9679
78488
62023
82274
20330
84402
39501
32191
98850
34978
91306
89720
77456
92549
56738
10271
54122
67017
85761
70914
48440
11332
42605
2599
43440
96596
91672
61925
2757
49384
74358
3798
44674
85472
6510
81690
90266
44548
50365
59686
30671
27885
24034
10657
50558
27907
929
88640
22644
90911
45010
22487
56154
46360
85447
38085
75682
47154
93842
49883
9782
21653
80961
65111
88746
73508
57169
15785
2450
89729
59321
33118
55921
8803
27497
82135
92838
93765
65102
18284
20762
84086
11829
51298
36698
78646
37762
91765
78084
31464
3342
87961
74044
56854
45629
62966
85912
28363
90486
79010
9535
70674
73219
55070
77515
47394
46959
60032
10026
49492
19733
84494
65448
40189
52561
81448
34975
80120
66077
10170
18092
10017
99794
2451
53022
49461
48899
72528
39952
76461
4670
74946
94609
75150
94418
16073
46664
21759
12126
436
77890
6395
42278
16804
27470
28070
66608
30115
91753
28048
31158
14163
79008
56463
2363
37593
10348
79634
69086
60821
98251
89357
26192
93098
95699
77864
34044
15505
32426
81585
7353
76057
69605
24579
17412
24441
23248
71955
9876
45332
12832
79678
65072
7835
91169
74226
38151
54579
70351
17150
42783
99971
23856
43830
91560
12463
37952
40121
69408
22228
46784
93949
57115
74536
62317
44514
60043
5342
51133
87216
99616
62913
52484
39
86983
23196
14157
10275
23851
49211
59445
57724
5061
22650
18649
24245
44410
83922
51981
36076
25177
13835
95792
72471
75928
21852
8243
81070
944
39420
7500
59230
42723
13345
8805
10429
89071
20427
55383
48180
5462
41987
5513
23672
79204
62203
86148
60826
57558
13600
46515
27005
3521
68342
55782
21094
34475
8822
29902
19302
60633
95394
10272
65988
64653
2041
17821
74718
81940
26987
34135
4497
24153
49981
9364
68004
95494
31037
61858
80925
94972
98567
79092
56475
45642
51792
17180
53155
28928
71177
76825
93445
89166
16112
90227
19431
47289
14397
44988
67219
83088
26212
81380
30601
32530
49101
74395
64151
68863
4225
30326
57221
32509
92250
45215
78262
4274
7935
96279
58126
62174
46892
3102
3693
94319
47316
4509
79111
36195
58771
44583
98248
89914
38436
31129
90598
94291
20651
10190
20983
32345
3993
98519
4231
96754
62123
76206
37551
23829
32622
39659
77704
82973
26789
58715
39222
92845
58749
64912
24049
27886
23348
21338
36266
48758
4300
39395
99854
51200
28079
89876
5399
71698
87137
85698
25432
63292
47825
26662
63601
77815
63747
90515
45503
27679
426
16788
54942
96504
36860
6737
84505
25927
13183
95360
2691
65681
1037
18510
62451
36313
23786
32012
8651
53463
51544
92799
98104
59666
51866
83720
23785
38111
72750
26417
94958
13863
39749
78807
31462
70340
40680
26685
94608
70985
41795
28768
79459
2316
59361
41188
9463
70784
19859
82516
32346
68336
22178
35813
43128
32115
12660
18570
35033
81537
95667
23315
24378
48279
73918
80012
2726
4793
85583
79595
28324
88924
82839
53816
44723
95565
77544
57357
18034
37834
68182
44184
22808
40518
64555
9178
95721
29572
99708
83553
83926
98935
92120
34883
48210
36139
13318
53024
83738
52732
8454
15019
9227
51366
80876
95293
82278
72168
33101
5230
90608
42443
67436
9304
46617
60443
12732
37516
60295
43536
665
22896
439
55573
15087
42831
98832
52628
30994
5229
3049
64514
45809
25008
93379
65151
79273
18176
16906
19371
53543
6978
2184
67696
66531
87259
89337
9195
89055
1902
59991
74180
17577
25531
47045
25656
65440
25105
82593
13393
30149
6304
58885
57197
95795
77931
47310
5684
23897
11967
99508
4876
18915
38937
18820
10307
78633
12046
69762
62624
8907
42286
49825
30338
45435
68084
18376
13680
10378
92246
7311
96400
59340
75173
56036
63793
83637
25109
89054
49548
11655
40301
68686
74524
84860
31295
20156
26260
92106
26293
56559
16272
67245
4630
13287
90094
27044
29853
6258
39300
43594
56015
2029
95913
85973
26501
51710
62542
15303
92667
87135
70668
64570
71574
6048
68445
31622
69374
95611
2603
22764
34001
1864
43734
61941
82351
98212
64966
17762
3947
62428
38687
78552
50224
80432
95478
71783
90355
55049
71008
66483
40322
39792
25272
81702
63630
63554
30463
6077
60830
54557
84212
82240
63656
58012
38553
79019
42280
40554
98728
52292
79441
64768
14168
84146
43155
79312
76797
75446
83387
42326
25495
2692
53124
22169
24224
72670
51946
52970
23451
43389
4155
31396
58642
69181
82287
82098
23930
30583
79712
64150
538
69984
96249
33218
89631
48289
29236
70399
73736
98338
75606
83429
77017
1235
18353
72268
13517
63065
81447
33468
86922
61882
42546
77776
25767
78889
10821
92844
53402
23473
25801
23809
48873
1102
49589
94145
94752
90873
87534
20799
24332
68912
7639
43196
13069
23036
6387
77563
20203
13467
35372
59380
32991
18180
18330
32534
65785
49284
22546
67740
33492
94963
83677
87761
59575
60967
99396
71070
81061
68646
5584
13954
2543
21571
62198
47226
58532
89188
73328
84485
19268
33869
54179
41759
42933
44193
1986
63847
44573
26163
63456
32065
16653
12006
29450
41701
31749
4522
85984
92540
66232
38292
76772
50018
10136
21431
66242
23400
31697
7367
67876
89927
7079
17391
2420
85809
43615
34666
32792
52617
70310
58592
80089
51755
97296
9562
6804
35921
59101
75805
33962
74807
53143
916
59208
6122
29185
17243
66018
37742
78318
22493
7337
7184
92359
61843
3346
84988
90356
25023
90885
54417
19007
77031
45072
72587
90429
24008
26107
57915
49064
58172
84915
2114
32965
31581
33425
1457
42046
38904
10349
84705
11939
16635
36491
36752
53125
74658
9279
44226
98069
98078
75138
81042
87735
51081
43499
33887
71239
81196
9519
4592
94841
30031
20454
99268
89257
48671
20391
17090
95579
84598
99241
72057
49325
61827
83231
41251
80697
69756
86932
37251
10776
40031
38022
26615
3283
39295
67689
42579
26950
34629
3075
89509
24394
94911
38162
46632
48479
94699
30354
38366
3434
74610
70356
75986
8347
12036
84112
6329
76733
78411
50097
58262
73061
1060
65205
32845
22259
47528
27845
26526
63574
291
9513
79898
61422
53619
65863
53348
37778
66747
79596
70435
44402
24581
80129
49033
54913
3167
72480
65814
78409
3411
54904
6108
26503
81911
85177
62382
46987
12609
51717
88284
67525
76083
18811
48425
84796
35125
20418
37934
55869
76289
60488
52317
28287
7198
97573
97315
73871
97329
69282
11033
87203
86052
80306
23352
89976
32034
85375
74417
52103
19407
82523
66933
80891
60060
34913
60331
85592
25437
90092
8378
39549
79154
41078
62807
78102
30787
10439
41197
70264
74840
48638
83793
26198
831
67260
78227
46431
76317
37670
12219
95078
60806
1402
68950
66761
18059
59015
70534
71965
89060
79032
40991
21248
71042
37839
8802
36487
83211
21872
41376
24339
43640
41843
35913
82708
21671
87591
1797
84017
72899
49024
60142
38662
60455
43324
23723
755
62536
34033
46669
74804
65596
28636
14067
85365
11863
32048
12108
82941
76746
19901
42494
87438
67420
86055
21562
25244
38746
18464
91225
49745
42963
63598
1118
9794
66110
75854
33946
88371
68000
6375
75610
73346
49214
24882
28962
96712
55894
58649
49356
44132
57082
80852
44926
5388
83773
13138
66026
4024
83556
54973
86607
5105
5817
88607
54261
79268
70736
70915
29499
29691
75861
20280
21345
52263
12494
16297
46363
28684
75595
14596
10192
15621
23192
6298
19429
3749
85377
2274
13820
66354
37341
79150
10812
29883
35075
64486
9206
29057
96063
18187
2853
71459
87167
63362
4541
88468
47229
31553
20325
10358
79841
59268
37083
61609
8633
71379
22037
16803
51185
56810
96440
75690
12610
92605
3377
83878
53486
77826
51976
20889
95690
18264
94083
26096
5136
88903
75361
11168
93034
79072
9336
19765
61156
7797
31219
59432
81982
6928
94659
8838
14332
90249
86971
35011
59594
78498
92416
65965
49571
32645
59167
57655
93898
77276
94196
76905
47016
27123
49526
26371
86745
4569
73448
82577
25279
32206
77022
51974
54840
33249
35034
66659
51393
57163
84198
24805
74849
25290
70059
12174
34877
30215
38825
36415
14291
15299
22894
4991
23470
41114
28780
56175
32018
4646
356
72107
50818
58044
56390
73101
71465
86572
76397
90541
58369
83384
83045
76399
87662
47634
21227
43189
53818
83932
34296
23482
45987
80257
53320
40996
53993
59509
66960
95295
75027
39191
57022
75813
54630
62849
25582
73461
77242
78419
76286
20850
39793
26327
28746
50662
63423
70002
80688
86671
23571
18898
60030
56919
68211
40614
27185
38328
28117
21484
63105
65215
4218
42536
88740
46055
54956
98323
83575
8758
61441
86709
97313
55964
12892
76345
97486
21374
86005
1759
19364
27795
48825
84760
48108
13947
39368
30769
97199
60024
94601
80210
80386
64317
36592
61107
91661
59824
95910
9629
1114
18390
67886
15819
6585
40259
14432
73214
61080
63943
94952
59263
31043
16771
77100
44298
78180
74835
22793
94494
85990
50600
52174
39153
79108
98896
22045
43688
62293
7292
77618
29955
56198
55908
22625
93858
19863
76191
9732
62262
34214
81647
22370
38683
69794
67558
31272
1331
93424
26486
47293
26771
61513
58987
99329
18859
64426
55637
4340
37872
1625
63306
84919
65799
88513
74666
27930
97837
17498
38830
22693
1871
1987
83217
883
20384
84286
57204
894
40267
17640
54879
18025
5521
44569
62648
2496
21545
81460
23578
2993
11403
86353
52403
20751
32150
5715
1478
29303
20941
3784
16032
38581
23251
27210
43925
82407
16704
61915
15873
4035
11294
23555
88112
59128
2695
43646
41819
54067
73961
45827
44534
64306
2659
84481
37459
22718
93777
7008
28142
80359
75334
32013
34672
82069
66015
32294
27318
19466
8592
66360
21280
74526
65134
47421
60227
67839
77342
78183
85066
57420
35804
37513
28695
50250
38909
63020
72365
15876
48216
67770
91803
87841
75339
29722
4697
61640
68980
28375
55474
14240
44921
70694
2985
73796
35170
51120
83551
69340
9678
80167
67192
51750
84812
90697
23149
77765
56511
4985
95038
44441
3080
72297
50880
49650
78270
14286
19753
23888
90677
48028
19318
60360
71297
59658
28996
66334
91932
21445
51138
20142
65291
53191
59655
12778
42761
32446
69779
50707
7661
9951
23772
15761
12188
76370
13280
70426
38243
28453
53779
62909
79907
97803
5028
85226
26637
61324
39418
83453
22011
60762
61458
85312
20703
31601
64108
76658
61845
87909
77118
2685
49727
69097
67961
77543
57816
83762
42971
57970
48259
94421
88862
91291
51224
19521
83361
13059
96867
87621
59902
21165
14578
91004
89376
64960
21201
86012
241
12798
70834
91112
25334
27472
38179
23953
27492
31033
90071
51992
7567
69335
45612
83781
6074
38018
46124
48715
49046
20502
23980
12034
65848
91325
70260
83300
74747
2802
21075
52043
26263
76172
6207
52119
95188
99324
15022
9181
4527
25720
65370
97952
92965
66746
36708
97721
35675
32129
54098
55397
18123
57494
72551
93527
80455
41837
60432
30889
23338
7793
64543
19927
12023
42965
21187
4356
20694
45007
82888
47279
87750
15268
45045
29561
95872
63876
52963
62000
8466
96650
35845
71107
10024
85655
53034
20305
84108
44329
33029
5134
39960
13328
36302
4966
59372
90743
15636
87472
60789
82640
38039
29400
27637
72308
41167
86623
20839
28028
89327
88390
38524
84595
48962
24143
75170
68177
85946
35186
31145
70125
47772
82996
618
98204
84604
96365
39883
10857
33177
28524
33942
27633
82310
36414
31252
54852
87134
26963
31770
10576
7209
78152
48147
80959
44409
10941
39993
16518
41760
34934
47001
62853
61748
19968
49955
83959
57470
52962
73929
46908
35668
55352
30114
85080
6362
80814
30995
68729
33797
32943
37706
92539
88138
55694
83400
18119
28505
5484
41521
54434
46724
71349
42903
31864
28795
5070
87043
126
7124
30436
55142
97894
73438
43876
21799
5333
60685
78565
14404
98080
29022
54586
14919
87347
58257
60193
29114
60924
31088
49702
14660
16777
60474
24338
85067
63126
94159
67759
98997
31933
86135
93545
61158
73984
95687
40510
82365
29962
58456
93339
54548
43330
35639
60228
97267
49994
78456
35201
22663
17367
46636
28413
15035
70687
936
13429
39391
84551
19374
1946
39478
25351
95902
81784
44452
96908
62083
43298
8384
80489
68838
86324
40704
66951
6588
8826
11270
87322
20115
52125
52271
576
72135
19621
5016
26164
58907
67578
50716
67439
35499
5400
48632
66893
99416
18344
81925
58847
30906
18716
60345
16987
16499
46289
31440
5493
19450
74508
1445
62257
81459
63007
37944
10090
54404
74126
73707
91931
68042
81883
24038
48619
27154
73581
34212
49118
30668
17628
61726
24889
83876
94199
44811
92557
89135
90367
69363
39167
15059
77428
79791
32079
73211
70035
16561
74805
21391
72348
70021
63631
39172
50139
29512
74385
94693
87517
18503
76914
10346
72965
77214
43857
94535
31810
90814
25812
62058
14256
7336
24184
84444
7920
11937
2310
79168
57678
73260
76218
49488
46462
83739
99500
5401
22428
88597
56065
96328
48371
64561
69597
89255
57155
60832
36018
32472
81639
82767
26848
96998
38700
68828
5224
53723
73600
62179
61912
35175
29551
56002
71913
62971
1904
91264
14222
21737
36512
18872
45961
54876
27736
13969
67028
20872
26219
64036
99388
18775
27832
33886
98979
94711
36477
37321
85058
58052
81140
97038
39676
10524
29663
53321
23617
99894
88860
96898
71929
61209
18760
50473
77501
23605
2335
78868
18843
28105
24353
16072
2965
98522
56418
68881
92405
4545
2955
26120
1613
18829
78195
93536
8650
49560
93377
15126
7381
89123
60126
41164
70326
56283
67157
68491
45897
99197
86473
52502
77430
21387
59517
91879
48124
11546
89577
51960
1513
68444
33892
27440
96844
6584
62006
59038
3548
83737
57980
85864
11379
73899
29554
19136
51613
28463
44283
97773
72149
10430
84082
21032
64433
84606
75778
50430
58086
27786
46177
96722
12727
42235
71542
95528
2513
64385
65377
45291
90238
98293
86319
86102
5097
48082
68057
54026
88495
98541
21047
25908
14669
8782
16375
31135
53665
98950
76768
19172
31855
10044
51720
1324
42960
55779
84609
31116
36074
51341
4759
2369
83888
45623
215
66345
9212
14518
45168
64303
97082
73322
90157
83929
53638
89395
29244
8956
15624
55936
6786
94501
89241
56635
29987
66588
14134
9151
69026
24318
92694
12907
25050
72145
16051
77978
73825
73124
97935
49523
450
15313
46662
34096
65738
66315
16577
42330
45645
12405
94660
32307
37601
54467
84764
84098
32525
29383
68991
27585
89913
6629
8112
70539
66800
30043
37510
10640
4957
57370
47251
16385
96535
27253
70881
57642
197
76821
87449
39481
17446
72827
34606
35597
95602
71178
98451
47967
37451
20137
35389
74923
36789
96254
66580
78091
51191
16533
95684
99067
55301
36902
57656
315
92651
78698
67105
76873
19511
24720
92665
26496
16091
70066
54001
58107
86450
47430
61011
6335
62077
85214
10257
56816
46043
70218
80492
24060
26947
7746
8305
21969
58643
17898
41432
38032
44504
81684
64266
31539
18549
96876
70688
42117
97828
837
78465
26280
70971
33365
95376
99699
81334
93347
89624
37649
95879
72047
72294
10089
12571
71582
52149
6968
51747
12229
52545
71641
392
99117
56833
25371
27616
71113
91479
81981
42107
49237
75116
95754
26442
22299
49527
42550
77522
86346
99972
52356
55416
81398
7862
65505
9455
52883
89906
47118
57933
64216
47307
76786
8619
7237
10765
90992
93938
24574
50293
96315
4980
85261
12160
94536
39743
14046
74873
44740
10166
11801
3920
1776
50391
50484
22314
57376
53343
32584
86534
63990
35080
25019
53079
79967
64840
73058
78900
59768
20458
87081
64017
61491
48182
89299
62157
45461
64675
58155
22030
66443
64011
52110
50549
44801
32326
57292
20587
64962
95552
83430
39189
4364
11099
8558
25113
88185
29513
71737
62580
60656
28970
69477
42866
548
50347
40374
45111
42596
83902
71415
44232
10646
30013
94379
48561
66771
64229
1066
99751
38047
94732
16254
30789
71981
20274
28154
98312
56224
24113
75403
50
10794
67482
77961
18467
80235
69249
55437
78331
75608
51714
20228
52848
33805
1715
58977
51578
98226
74272
50859
58223
35815
17973
27274
71271
1212
20757
79155
16023
84655
75010
26429
66711
17606
47022
82272
74926
65157
70091
82606
51908
19970
64889
75822
72245
55300
1309
10296
15430
23151
34518
45306
23312
12624
63731
67474
97351
51382
93224
58263
13580
89917
93322
15500
14652
21904
82187
19319
61579
6742
10
23740
48120
85055
29466
31393
39967
21184
64883
13792
78774
35774
521
19142
29545
61207
26751
82604
24444
45823
72080
60784
69077
55895
54544
50183
74816
5977
36343
65255
92224
98437
51509
26852
51853
43667
8108
27267
88296
16887
93681
94792
49946
12002
83470
79784
88760
11362
22861
23136
44558
84491
50920
2563
502
42393
30675
21668
19094
29259
38125
45905
70897
21324
1261
51882
31858
23491
33856
25666
71867
91690
9593
49380
20024
60593
11698
17064
20309
4240
60500
44981
39108
89916
91105
37119
69841
14703
61203
51567
17775
63112
14616
19562
29137
35304
99654
32076
96568
23047
63879
31051
10804
52049
34511
24821
75564
72016
25369
28130
2871
78160
64074
18219
64881
69348
37132
8086
99261
5892
88240
99466
97808
71267
96080
99576
64596
4277
70960
9198
39653
41235
32066
65515
38612
70074
71899
96608
9266
43487
1165
28983
89675
42710
28655
17125
18579
36643
98499
37264
98844
13742
81704
95890
61082
69936
63605
88246
97047
49768
770
70846
27770
34058
16141
68885
7273
26734
42072
46086
53759
24154
55037
47087
2331
43924
21890
55896
28626
33320
75817
65090
89525
53931
64527
93897
21342
79043
7581
8336
62826
97176
50917
55668
50882
10756
91655
46471
8568
44897
50930
12349
85132
35685
58033
59524
12592
31157
88982
29393
66901
86062
90364
42419
72818
431
30878
25359
46767
91060
21303
84872
63145
65153
15392
31097
69264
47497
18847
92433
56019
13179
78049
8965
21694
43755
90875
47918
21965
30077
80204
64280
61655
37903
71898
78085
89243
40969
1936
67718
26059
93820
58563
2308
42907
60472
27773
82635
17087
32300
58960
47712
38455
70916
21675
89827
83710
91378
91310
39421
50153
53613
68516
95515
53221
37496
35160
67552
39293
66128
75110
86121
52078
12333
98619
91593
4287
32360
68313
9688
90509
15891
68233
39763
36801
73726
66628
13117
75850
38325
29765
66779
46406
42108
87563
49051
33181
43460
5926
35060
90955
68086
93609
49270
24366
41134
3086
4424
96773
72017
17593
62620
33388
66208
79167
45597
27998
69331
2204
4809
32267
52964
95908
39100
66166
96857
84056
83673
22554
93985
33267
41425
16976
29503
50650
55528
72867
6123
77510
28584
66226
73259
4507
34873
3677
99529
92918
89276
26451
18261
29849
77729
53841
29797
36975
18788
17449
13814
86426
85797
84752
57538
64262
85260
98688
88954
77369
35251
4493
53893
83349
26889
6534
60999
98544
46412
79059
3224
80076
77254
26565
20797
33894
27353
96468
56565
81326
49753
13123
13310
96986
49295
60813
94509
73016
25255
81596
59579
67419
7399
93615
63062
16916
82571
78607
3126
10331
7601
55489
27000
81929
90135
16524
86182
3004
31558
62462
62843
71081
93591
86740
14836
94035
42259
12843
12099
48655
74354
72027
11280
27419
87034
844
65349
22196
42711
67840
53743
40741
92724
7558
56245
46210
90469
53086
25740
64329
80730
96198
42457
57404
16543
13391
44047
16433
9957
70016
4018
46859
62470
28832
96042
3847
61831
4177
88255
89709
44665
83519
84159
12509
16025
78232
46799
26680
70288
39868
82639
29820
56374
88563
45703
33986
12261
31470
91911
6042
43973
52856
23901
8017
65295
97282
27839
83028
8330
38466
41622
20792
11166
27202
54180
14577
66809
63389
84076
68197
44196
91859
31155
56271
88002
31679
47639
75539
27690
85730
46883
49926
68288
80558
65599
97344
51620
81331
76232
98297
30448
40113
78522
89912
49416
46381
73480
81605
86640
31456
69401
83235
38349
56669
8877
46206
54062
69988
2608
30147
40396
97493
21351
75401
84081
85368
60424
2716
56118
70114
58436
43971
62195
97021
41773
25117
6017
1923
38270
84534
11795
54905
78078
99816
78391
70671
11376
30952
56250
7010
4108
43481
41768
64722
7799
79124
89648
52887
15639
25860
28519
97002
62162
47820
81131
47577
63503
56818
15451
32685
88905
71314
48897
88051
82859
53768
12181
48212
52016
84675
38388
42665
20943
38478
24537
38149
13759
97777
28807
89848
74629
59329
66607
51800
46707
45601
16014
34809
27664
87796
258
16128
68451
8008
17882
92442
16782
25481
55193
78199
35544
66631
48220
3722
34038
79940
25683
60759
81324
40208
41299
27455
88657
57545
75299
56457
88346
38021
90924
91973
83586
15529
97586
93324
90428
10637
10436
33198
97734
53488
54632
12698
84992
74089
61616
51089
54894
95945
16973
17123
11699
90096
85367
24977
43627
18325
92644
22231
40640
36077
31910
23358
12451
1867
13034
28137
47237
84918
47945
96372
36727
53062
5648
87887
5694
50364
42836
62332
28843
54591
87616
98819
90760
34595
15680
29734
55981
32934
16902
4660
29326
57055
666
1621
53447
1417
54193
68941
8286
98736
5451
58769
85851
67869
9851
82139
58889
76532
25971
56942
84728
43163
53450
43396
36413
36231
32174
77462
95728
62122
67499
32053
38311
25522
61537
21935
36880
1251
90638
85230
42398
29556
49510
27428
79763
36589
11003
69858
81983
52083
86734
59826
33571
27037
86006
44462
9722
8560
69213
64918
30088
88464
62654
30493
12069
47908
71988
45542
94110
69690
32308
70164
63247
14949
17095
77249
21408
80072
26718
7928
54221
5651
10754
29890
93141
52383
35362
81342
28883
45402
81818
52373
83524
95870
47819
81084
29177
82174
83026
67247
9893
45381
39969
395
73968
49336
58079
2185
61194
16304
39838
50325
78875
97045
94070
60871
31388
28818
67380
60000
39929
99306
81341
97253
77140
24213
27429
58002
83936
14670
96222
45336
46014
47932
53165
13004
18268
96972
53219
76903
99564
21400
58820
73819
27313
9377
45174
86029
35517
10943
57144
69881
38185
91273
52635
712
5631
74990
67465
10661
47474
1245
7871
4743
43465
79401
48904
10926
334
85173
90179
99147
66975
20940
96941
72815
7637
35379
67428
28288
21788
38459
63956
78430
25427
332
66697
83940
80605
27261
84394
74553
75072
37182
52514
5150
72705
76714
59603
44216
98218
31678
46942
45991
86506
76134
89593
13597
52836
58046
94129
64830
38748
17694
76620
66009
189
59713
78248
22140
46324
55783
13044
41581
67985
93825
58054
92698
69728
95877
68428
8655
53790
73998
65736
8027
59648
55736
40331
2016
11761
91077
29476
76267
67408
63479
2749
90399
8951
37768
64347
91641
73697
16031
2731
55407
42617
70050
75031
13247
26867
49262
72872
84842
39579
45252
31659
36859
70349
56609
21449
48947
73162
11452
10404
65787
45617
85437
87713
70086
35050
27507
38439
48392
3926
94941
38657
44796
42525
95773
23750
70508
12876
15342
16967
75067
60770
55036
77241
52077
41767
47163
37613
54253
55128
22582
2324
72931
6731
94044
96439
71886
63738
2604
61440
68487
27943
1569
45973
40359
17884
95694
84384
99280
79090
87324
21793
13222
43152
60029
16929
48250
15107
70685
44831
83148
17136
39044
2002
2269
16398
51753
13643
2578
63844
2410
16617
81189
47180
51764
36380
85430
56522
44951
26339
23489
6582
13131
31134
66454
52261
42209
2187
81377
41802
69820
7326
77577
11336
91530
31062
214
89543
29074
98166
52553
38110
57776
58892
25230
66931
89662
2149
43916
70929
96672
36761
37733
40467
99151
28894
33038
88492
15242
91854
33174
85079
2242
93417
2748
15148
17162
97812
74581
63744
4385
6533
70932
4485
48699
4249
2499
85018
20013
93433
84718
86232
58560
24506
66270
76114
88275
33893
94223
28716
72357
93091
90032
27197
26160
49797
94759
56869
62916
32626
98010
98881
45463
35643
15678
51735
91028
11592
58016
56548
34549
75641
88533
13186
36622
93183
86886
57409
63699
64314
27545
17948
32699
67409
94247
97146
75131
26006
38471
902
12765
24974
60647
94473
69572
18899
78301
52749
8559
59209
6651
10585
53857
30029
40279
97968
70006
95938
77983
12523
44531
16555
28296
45273
52391
71591
95903
85963
77267
41040
45220
463
69103
83303
30380
76497
93473
66049
32718
76215
42218
89454
57202
36963
46076
47963
17393
58612
95888
10632
76722
43602
47416
60724
26695
98593
98148
74883
22369
29589
19660
97651
49680
1409
33568
32566
28216
96601
79439
128
57630
48998
11725
79676
11387
28542
31208
93524
13728
5188
9235
71068
12095
66940
65936
20921
10058
41959
90789
66347
69457
98173
8812
61230
4747
31683
54702
55623
55318
37140
79254
34152
18627
46733
53719
40389
53599
32161
84303
31280
49193
55630
8213
44782
59006
69611
52825
73
46452
63613
33480
58466
64423
91302
1935
16147
11723
19827
55516
43409
35044
12957
85607
87700
3357
40160
65777
28083
62436
52080
31432
88536
93716
1258
60902
91600
23287
53635
11834
69000
78803
7269
76080
13290
84343
8238
20687
86707
19501
76930
74675
31959
43390
13990
19682
79200
36526
14820
58458
51846
83526
79287
28910
77598
46650
31293
93117
32619
39607
71197
16349
68709
43835
55546
85900
58407
52025
44478
39611
4681
41529
27030
34106
64022
93841
96299
66212
49419
29801
61905
42822
35764
72209
62529
48122
95550
19332
67273
92486
73222
31007
89064
66927
78375
81967
24297
67142
62414
86194
22281
19571
74389
53252
34939
95050
75633
7156
10440
39974
73633
88153
25202
95169
39570
57789
65976
34836
45401
55382
14496
80683
20103
46798
26611
79432
24530
11195
93355
60706
19952
32614
70640
13840
78778
58274
81730
32407
45490
15117
4184
40303
54029
65212
85565
83975
24276
91958
83789
34660
72826
77825
67158
51022
86213
38443
44181
9391
62248
30126
95751
70526
26500
21307
17313
28257
85711
44793
19754
89048
51484
92233
77203
71980
90521
1199
26089
8538
53038
62244
6868
22592
35876
79717
23072
90969
94228
93014
15993
44832
6018
75561
80845
9858
4412
66860
93847
83321
95099
77535
38670
59785
50419
25299
50155
65265
84734
44982
54373
49979
15094
53553
86139
20491
867
54767
47960
97889
80601
54802
48716
25620
31324
87546
83937
11633
88961
20843
99313
47903
17996
80794
96949
31237
33709
44666
4040
85718
19414
39510
95839
84361
22412
91906
2881
66850
64616
86876
14561
24454
24954
66527
27924
40364
82504
83351
87478
11193
1041
57555
3001
95836
96312
84995
4486
38701
55427
93458
49611
94815
93118
16262
61181
86307
85656
42331
45483
37373
63628
55654
4678
13503
73359
20747
25607
30873
74143
32732
65861
29349
60868
81672
41751
59564
95760
40505
6307
84306
82200
16985
9798
53211
76458
33872
91789
40874
27324
82522
8184
9710
92960
62482
54797
29004
84509
5670
89309
92602
85705
37582
8231
82595
50802
16558
44214
62064
16000
70226
98605
76785
4267
36447
55199
13525
62225
77139
29211
95822
76796
85683
5128
64926
22093
91048
8810
517
68113
48949
10115
16591
74765
12556
62576
56524
55568
4007
35184
69327
918
80954
83587
33161
59959
3925
25638
55131
57073
92802
71562
99201
16474
79764
69648
70003
49314
61331
8657
33678
45038
14978
18833
66023
84124
64565
66452
54280
62856
23182
18704
21821
58627
48681
95873
36467
63753
93167
34255
82353
40947
71767
46225
79945
71919
70005
66783
68148
56122
60910
31709
87667
10467
59325
96501
91266
37499
34995
95761
35581
41533
29060
51476
86331
66640
71321
2182
65870
71417
36431
14671
44902
1230
26826
91901
85062
50356
73127
57525
15968
58401
65085
66038
58385
46450
60422
29803
1724
47691
53500
96167
40046
51378
81568
88059
40009
39008
62581
88119
93346
98225
38602
25421
34691
14259
15999
21337
13765
68150
56310
86822
86637
4661
31356
87717
69878
31355
69971
54859
7103
10342
96237
67207
55488
57051
52411
74868
52219
10415
64265
67824
30337
46539
80205
14079
74540
16123
21249
33912
13957
57254
92097
21501
27479
98506
16921
19270
52262
56713
91398
12496
7373
90561
93461
47745
49398
87353
44917
11409
14802
92650
25042
37196
93129
53001
74229
28429
44169
53932
90207
6252
93984
82937
73906
3915
88157
39390
5323
93709
3830
46489
43004
1728
38990
41813
15912
86950
89393
45214
15476
3583
80900
63579
46158
75256
14350
30917
54736
62199
72814
88942
32317
50969
18600
79017
99376
5177
13606
63031
79537
15644
66983
91823
12115
21953
95179
61075
20264
15608
50809
19166
41827
90950
5518
29434
6424
15410
95530
55993
52723
39027
20615
58165
66378
3717
67283
27344
31887
54017
46074
61774
88719
27367
1252
19262
13350
12837
3474
82833
69286
86927
29028
45135
62022
82803
72401
49822
66767
75275
12649
31256
69216
398
34415
28922
5300
87512
48304
32711
38448
21451
3471
84750
76115
60207
30007
27023
8827
38917
1410
69665
10447
55707
49791
41504
50576
49210
88963
19573
23039
11818
89490
54993
43466
72272
36892
67018
82775
81361
97201
90477
19171
34433
80406
19799
19813
58711
88151
74445
32463
26158
36882
96300
27382
6556
91793
81338
27846
18139
85262
51112
33868
78082
87219
70968
54568
61723
39557
12542
27289
30786
68541
47980
60256
73553
68744
78744
83181
63505
97449
40014
38580
31717
19173
80010
35005
41364
67402
69129
30296
66163
6185
28301
43975
6779
15782
23788
5548
51499
30774
82239
3361
29399
46547
61326
27995
74079
40397
14506
28759
38077
88695
94334
48930
1627
74624
81999
39517
39201
55774
18678
20524
57099
67946
34161
77913
45952
72798
35674
13234
15184
44133
36012
90737
99753
89767
82590
95200
88097
43232
45540
32449
38212
39678
55112
30920
12850
80155
32910
6004
21673
75012
98707
15910
23061
15688
75571
53451
4215
53549
52953
2398
210
20039
40528
74343
95323
26787
87752
10589
33815
91838
79692
3187
29048
71527
3530
50617
94889
12343
81320
68031
33525
12411
68537
44578
762
57255
58737
73868
82299
63233
16034
47371
18391
55038
62939
1798
64175
92565
70888
5198
34008
93509
20709
26405
95609
99979
60667
9699
22707
66318
77095
93794
72053
57443
2340
67215
95286
38584
73686
70441
21101
64023
59822
26196
80818
25449
87265
98626
72901
77053
20988
55711
72221
47314
49975
27551
92038
11126
90747
1532
40117
57856
5478
15992
60011
59102
89527
62061
57028
78188
99221
75578
56710
89023
82733
81575
26876
43848
62230
63261
47048
40361
79558
80736
64510
87540
61626
86220
41623
72036
68974
88768
48789
92613
33637
56500
14589
22044
44591
89761
74811
37034
560
92206
78300
75828
32612
42885
44908
77739
10932
86034
38833
34112
32701
43372
5358
59453
16312
39671
35038
28462
21579
47536
2944
87680
14725
76607
20598
76637
61400
18836
41284
34594
99064
56172
16831
42492
46876
64283
61139
52225
83766
63818
99550
43684
97461
46056
75827
68853
82381
16427
11816
47215
40089
26250
95906
26622
78815
54902
68184
41835
11499
37390
16502
4122
66897
89531
51837
17260
44236
25291
9423
34176
85945
32384
58144
50798
41722
43580
85573
5882
44501
34699
13601
7318
57483
85008
69075
30069
53837
42520
63397
11719
25922
44962
28696
19442
65930
91614
72677
86711
40708
20775
40490
4212
43197
71430
21845
81598
12615
76664
60406
34360
6363
36865
53858
52926
2226
77467
98875
30279
889
61987
34082
29605
51457
84974
3684
18381
52032
4825
13077
67289
62079
78321
90821
4789
66294
1007
73241
90748
71169
96085
42040
76432
9424
46993
85791
91511
4571
49265
22975
38837
22382
41523
93039
83362
13610
6881
19907
93573
74630
92445
24678
55977
93654
4160
46078
25794
18145
87756
5431
87342
9008
76771
80077
9263
48070
5768
68597
98835
75204
31121
85906
70004
13371
96376
35672
86784
11255
99493
72949
91154
702
95740
63486
45800
21661
62185
68550
38078
12703
14579
52922
28465
33739
8566
35806
96072
67846
28917
94998
30541
79760
41674
37974
37926
53558
43413
88363
39219
96681
5302
10260
99033
87873
96888
63217
67021
74266
45891
48412
33088
98818
88406
38493
26093
49438
38691
58393
33112
86484
93786
76515
8009
87291
58857
30367
65237
83030
50029
83604
68035
46390
57423
10963
33110
9441
42570
34713
7502
77415
33119
68343
64502
13706
13812
94839
11214
88089
41941
28969
50337
16645
15574
83473
36893
80973
35769
62925
66758
59904
65312
71241
6772
6567
95279
41838
49245
50579
5259
49728
94091
45087
58414
84349
8432
6078
83197
36802
44671
55305
52245
41375
32450
84633
38816
15469
51573
83040
36368
33668
14935
76255
70376
19972
3855
39856
27750
49605
94392
52781
71050
68693
8706
74563
62993
95309
70734
61217
96976
74938
16652
19368
28959
15068
9173
10114
1774
84713
76164
67026
19756
77326
96065
84614
71365
29201
50163
74162
53829
11429
38120
55724
72368
79026
63565
53479
30838
10872
45388
310
21758
16877
29477
1690
13861
40212
72325
91380
96324
87032
18721
92367
23302
39454
80838
43181
71979
6802
81410
92936
13019
41611
56382
53621
67425
54974
26167
44279
59964
32770
75388
42080
14192
34409
2207
82517
52447
73682
93484
44222
63495
91609
74847
3848
71474
33026
79530
55880
45941
62593
66424
20915
71892
42383
59388
41920
54722
86540
40198
43855
687
39668
83487
68848
19252
83824
48623
65162
77687
16449
64792
14336
93730
49355
74459
92983
41627
90221
63713
71938
46912
81356
91617
91909
81127
32400
35787
77701
33066
28022
42084
75510
31477
88399
80299
36929
96658
66325
50538
47653
7649
60342
89450
22467
88933
98584
11196
17853
64330
7302
15259
66801
53775
34073
17426
99082
69164
94691
27797
13953
85366
14347
18884
81799
65132
81508
29988
30142
90805
57342
65225
48454
79049
33056
63451
31995
959
15001
54402
9231
72018
98288
58953
56777
6647
32325
96767
68465
73037
76127
17507
43491
43064
31730
59248
88117
72207
43146
28536
68557
36316
12627
78582
11812
69635
58348
1833
39349
84669
57878
39589
19912
76729
49297
90862
54870
88799
12008
68064
58798
47166
77234
64287
4422
37494
12981
36635
6999
47926
41231
44066
56733
60898
47535
79672
87980
37804
85646
57262
75592
8631
19569
76973
86928
69338
78499
41424
45089
11721
89063
35840
24350
61785
17897
21581
71290
2003
26151
99284
27184
3625
99462
73703
51617
4904
61039
81935
8406
20689
61028
23479
91145
81761
78171
7351
24829
35444
21359
58582
51890
31151
24897
51812
77593
40022
19878
74154
58788
16325
7089
29032
61979
64551
98812
37820
6509
68370
65634
33862
6993
58106
35237
44599
3582
78500
358
76975
7754
89016
31751
18033
5979
68582
82469
88393
97740
51315
46240
55826
32380
23820
5135
86718
45476
59671
73195
12033
26353
48865
64847
33669
27058
83555
64462
86561
56773
51189
87128
43052
58505
23420
55285
46028
69242
36711
31981
11449
75576
94827
6493
95152
22477
4552
91659
66971
52431
85182
2574
80277
26835
95442
38936
58452
61733
29198
89455
32480
50358
89165
41731
18407
52672
55937
10264
22835
21220
55797
57636
81066
43600
10452
34577
54508
91606
75181
41922
40026
18952
36486
19538
64235
62914
29833
19997
43909
253
43980
93936
95333
56721
57618
83764
78921
78393
64119
78675
43049
14928
85605
51176
44362
3857
88463
32689
61370
33444
13453
70043
41686
90397
66366
70692
152
29290
18440
77463
27350
44059
3761
79272
22553
82599
67966
31804
86601
63194
65426
25307
41145
86953
56633
48756
23076
16835
64499
26053
28369
24456
67993
84986
24093
90419
90153
15218
92077
25342
2159
17550
54794
52573
24207
64712
46602
38673
17911
98476
20678
86025
28734
26827
44019
58549
52328
81121
54559
85536
3330
1336
2358
23735
32023
47540
64788
40989
84744
94364
98257
56437
51864
33914
27251
60855
13910
87106
81207
20801
46809
78446
57986
90102
40323
67004
84506
79416
89591
65248
23945
4685
69905
31508
4247
40
68562
8087
35492
60717
86809
82416
6462
41639
66714
89057
73852
28553
59731
81737
122
67065
57206
742
2030
9451
85558
39448
99182
8691
70223
53954
1765
67497
57037
65551
32980
84952
88243
91611
25100
11296
47021
14205
85783
39060
36261
10092
31502
9956
25154
1753
63224
38221
27567
35534
8154
71168
91691
96978
41697
59292
20842
72739
20008
92332
82500
24288
50453
61527
88322
67773
70502
14158
59342
58010
56692
17578
33254
84375
50679
7796
96218
61276
51624
33086
16275
83454
30171
22239
33124
90976
82359
90653
52167
85779
22636
7945
54488
67209
46347
92410
63553
86488
2341
68928
2512
31921
51513
84559
50685
68670
421
3972
92561
10482
31825
63215
43349
51225
58999
89473
11923
86464
27940
88744
94021
49599
93225
88076
69089
6537
65243
90834
45251
1314
9296
77675
6413
15201
33585
10984
42829
18199
80218
13128
95861
45892
59971
53724
48942
64945
48698
59632
18595
37462
23889
36246
14151
74022
91091
60748
57497
70753
73254
49048
67133
9176
49454
5561
15346
18519
73814
28787
59400
84806
66219
15676
10681
17153
39899
24705
11998
38131
16107
88280
52522
51230
38264
63301
38872
13043
24133
9595
34114
72197
63093
46151
63533
76807
27483
70451
57621
57602
74761
29006
49500
21978
47519
53281
87253
14856
43423
20290
9561
71964
75945
27461
27322
59376
9024
95139
84157
81878
98149
95907
16926
25736
93067
35676
74308
63344
7707
52408
43202
67889
82712
41213
33763
65676
20124
6476
7728
13557
24827
56583
93466
32795
92287
93884
40539
85219
92684
88781
35405
1419
11155
74075
83206
23931
57025
8331
3704
89415
10255
94410
8982
69459
31336
16607
66098
68501
60976
76597
77747
18074
73847
71407
43566
90732
22089
37570
29623
71248
64382
91208
64540
18147
50440
82463
1263
24065
89846
47268
48481
81382
92629
11014
6430
57430
50366
22762
20684
83195
48295
22439
91718
45385
85949
86287
511
30927
53431
85461
26068
94197
61392
93025
94446
52012
57290
35624
16660
92510
95595
20643
71104
60810
4500
71782
19379
54520
67528
58509
14509
36067
33178
90443
68311
89987
90627
49292
75171
14462
23850
21885
26052
486
66753
48540
42695
23892
32999
53740
48235
8254
43541
12559
85839
39625
72956
5485
38372
29039
71393
89184
59476
22036
62982
43127
53505
39892
52613
56258
44610
32111
73701
19564
98871
64684
37009
97895
92037
93255
9929
67397
48611
76412
76419
78951
31020
11456
226
57390
41125
97427
15939
51459
24984
54148
30294
22552
18733
67455
70314
25741
83873
63642
88514
88248
89813
97959
51351
12645
8485
92165
34159
37465
72616
43067
11039
27434
45936
68420
71460
53869
98509
31288
71838
1088
13398
75632
22618
28956
46691
64754
42796
55644
48109
56137
64294
12221
820
25315
81399
27725
29811
34662
53254
92006
47526
30212
95056
28433
17025
62149
24981
87651
36010
70949
84107
1424
73842
80097
53298
5092
63789
17350
83639
96239
18064
34754
15667
83913
20128
92053
70239
7899
44959
83318
26425
5707
60041
97654
7180
18516
42768
21745
43965
420
51332
10069
4848
38218
87995
46992
96853
66356
84425
89187
40631
19250
86761
66956
2031
46167
8759
15405
44306
95371
2653
99372
13188
84648
63128
40408
89205
65348
12031
21422
60016
12890
12527
83056
75585
76229
23497
42023
2745
47089
64686
77368
26095
81700
6603
88773
45843
85939
3745
46862
65941
29316
36280
89812
30847
15050
46361
57510
47902
95031
9914
20278
72508
51392
40819
91198
91360
83043
5907
85298
9890
31483
79384
390
81300
99782
22442
71653
52024
41474
38074
34251
42006
87230
4918
12169
87588
61374
22376
44554
34904
17929
95881
18132
32810
68565
63155
84109
87186
90255
7854
26909
94123
35481
30773
71752
20282
98494
78442
81523
969
18360
88062
83822
63564
92211
91599
54938
73614
24426
77707
65071
94532
29046
67551
18396
52834
21102
18098
16816
23874
17493
34640
88180
1038
36498
85398
96745
71798
1586
15628
36691
4533
81479
62688
39683
33062
48328
81430
29780
76029
78259
96936
74980
70613
17164
64866
31292
54321
19732
40816
93850
16389
79958
39917
50466
72146
86395
18122
90735
57560
59405
4490
70933
94014
20434
80789
13051
21495
88872
30113
97849
87033
49152
45524
22581
42736
71521
50820
72492
10347
24306
58971
93879
30292
55267
25011
40894
20042
12399
57987
26378
62476
75097
88671
39179
19648
2216
17060
23767
7364
14558
92435
33710
64035
82064
30913
51167
8929
14200
1039
26488
6382
33852
8955
92728
51322
22478
38211
98485
63260
21706
99024
967
63168
14993
48168
68702
53825
11776
48875
2538
25198
91786
55349
99749
75893
23837
35631
71478
89519
58200
34406
659
80568
49828
97669
63277
9560
47348
90361
82108
19020
61482
46218
38594
35564
79799
75663
84545
43784
47593
10269
61547
39910
12335
46259
4455
69698
60889
82312
26799
88309
34517
50320
52304
24478
26843
93234
42962
48964
9591
38276
26049
21835
85238
98423
63896
38310
27581
22470
12739
35374
46181
4591
22717
2550
53808
81094
79131
102
67816
83770
35370
29422
64199
55330
22469
85186
20996
84575
9406
23692
23125
93189
38804
40207
8325
43657
29904
41770
59766
80821
30179
70527
84625
59045
5220
97879
16658
1145
81402
84498
56783
76735
41097
97673
13632
58776
77690
50090
66142
89121
51728
34553
37879
96738
50733
638
47940
43996
13710
80795
7119
28930
95488
81809
18257
12116
47889
87394
18715
44248
56298
13834
30828
75653
30790
24354
58363
73085
66566
80830
94033
31391
91292
51842
32166
19531
83957
52873
74032
80645
48815
23970
31489
13306
83346
94934
23686
70705
51893
14839
36262
62675
42572
77788
97712
61123
79512
83867
13991
99262
51385
4977
51402
37620
75621
59683
62929
91887
39617
1866
73832
17684
60302
90340
30335
30078
19176
55492
10903
32573
46642
5066
32738
31955
30738
6502
5544
98224
49351
40812
54666
21107
43066
95796
70512
62111
70336
6408
4921
27188
30451
84522
9080
36418
91826
21459
37008
43763
80141
24045
21091
50437
67061
92753
13205
89403
58516
62144
17766
33421
40563
99925
8587
26548
99931
22448
57668
80594
27370
22598
25601
15497
75841
39571
49673
26338
57796
38724
13750
15039
18834
96027
10520
62978
13294
80124
3386
17442
11480
57849
83048
51775
87557
61637
78267
43895
35180
38051
4913
22155
41692
36176
87236
80112
4159
99392
61960
78515
2476
36580
81454
2905
97918
60809
33755
25259
10961
44485
31170
81097
23060
75457
57324
86452
90033
46165
38972
18848
47729
85812
17697
4445
59704
74793
77737
62948
97649
38850
23132
46250
7948
87473
91972
35858
97652
9661
6525
39694
14253
27073
35301
47573
22933
91939
59930
19902
58426
16586
54615
17208
29897
34958
62975
56706
43055
56180
98047
41491
87213
78281
70835
13617
27703
86144
77006
73683
27617
18849
43048
27815
51335
4706
31225
10189
65780
22373
62413
6549
39169
7867
86374
99220
35758
91918
4068
53579
46897
63931
6079
29991
29305
82164
83659
5442
54901
66798
43610
66359
10134
77685
9862
46495
1773
80963
39241
69804
33918
4269
47890
55060
14081
6817
63807
15669
60351
12316
69390
39160
52482
56039
91465
33225
98363
33282
46882
33226
32799
99475
33147
73040
79711
75668
8778
18556
68227
52808
97398
28231
99038
2825
60267
20784
43103
51661
39115
4867
79790
33515
28549
93958
25546
2073
41195
54521
13052
492
79099
40604
14643
62517
19688
52130
86128
75109
42387
4433
72526
4525
95075
40575
10253
30645
47775
96812
59083
94755
26305
69863
252
60281
13217
45725
74120
92668
69176
57213
84662
48357
22287
66121
15047
17863
84239
73248
62418
86019
80014
45403
95901
29518
51973
54587
2004
46521
81622
67433
53311
94613
57683
24803
49114
15182
82506
32145
4790
61544
49013
72002
20855
42400
59840
18977
96281
40642
23071
33535
74235
43648
4248
21819
56968
99587
99666
99726
66148
5170
12628
7859
4827
99092
70516
12208
88336
85648
17806
18408
76359
70954
48689
75347
65411
17512
17255
55726
18930
88131
97962
66831
25212
95674
73755
62264
18761
8934
50442
91929
83656
62964
77612
9361
88012
91287
30775
80988
31103
76561
77709
74456
63821
92014
19951
13338
30453
61057
5033
70676
30771
67146
25993
93152
83651
61604
35565
53975
95356
99671
37883
59574
20150
35373
33899
90365
86829
28237
24583
34110
26721
10674
67117
59073
59714
86302
93013
99157
99649
9919
32779
42199
91469
97222
94920
2485
10421
5806
93180
79014
4391
39305
69197
43308
27220
70096
44428
26463
66352
19401
79290
15480
1927
49348
99037
12158
93551
8005
98548
74262
20777
86762
89825
34795
51350
38820
70365
60926
18738
96453
1565
67529
60769
24269
56489
1133
89117
88172
32343
53112
56412
8681
70459
88403
31346
58205
13516
67131
38600
71006
19709
80503
64843
83438
6294
69159
89400
48625
86447
71565
17140
66476
25649
56507
60882
46645
79282
13735
49769
53840
54769
45547
42801
66887
67871
1764
67253
60469
92067
35037
30868
30891
55226
62727
50797
92227
85620
64142
57750
11341
85341
25039
98958
74814
66821
5503
48102
75762
76260
10461
41683
95362
4341
34563
54939
85048
66909
88516
67378
21998
39092
32754
45759
60411
24148
78412
42684
97495
59240
60393
27441
62368
70738
42886
48480
77086
53407
9838
59168
45262
43889
4246
5060
87222
84125
95445
9000
51019
50222
51899
22807
43590
1509
5755
77752
35330
14833
19663
42660
2164
42168
28829
36207
14166
59130
32875
79505
86126
37592
36609
58087
85921
80429
66935
10321
73107
58963
66808
62931
49408
39036
92841
16479
52717
21816
35615
34109
72001
4955
83579
921
74316
41617
82181
51285
68217
65680
35790
71196
93912
1464
91162
70197
36884
97241
77570
42878
65035
90510
24165
89436
17679
92113
78347
73503
83951
84548
3807
37212
97857
87099
3147
95766
66225
46780
58693
9353
64809
74163
17107
6845
22542
1514
60409
51375
57114
95815
31105
33874
74177
13570
84518
56126
73880
34486
8853
20938
88784
32673
6255
72774
48448
82124
26185
56637
94254
68981
78144
41001
99295
67973
54719
92430
92261
61258
19703
40471
85979
40609
29101
16291
543
2510
66125
99178
74671
79073
38944
47077
92013
40811
92863
58023
37292
7565
19625
15463
93653
84971
2096
22646
50788
47741
57627
74982
30415
91413
99412
47011
76151
52309
85959
20187
47388
13200
53469
79840
28208
95946
14812
94534
63632
24604
69732
71928
87945
48048
98442
99933
54013
13288
88540
99048
31580
7822
42806
97990
89258
59261
8946
54409
24521
24362
61594
6943
22779
46550
48857
12510
15630
22193
46321
83394
32422
51411
49441
37415
95413
44252
96147
26515
71206
6941
99702
51117
2824
34272
87358
53909
24470
3786
25143
44693
66456
61256
76908
94507
26484
76805
57209
83375
43251
80617
38965
83097
45195
32303
95428
71937
73537
14966
70493
67153
97338
24126
92514
65189
57279
7390
77409
70946
32531
93130
58868
71662
54233
76239
80228
45113
35220
68759
1200
17559
93132
80516
18790
65894
29837
48582
37325
62589
97476
46389
14628
82308
10374
79390
51885
10368
28573
85748
78065
35893
76436
70605
12691
71976
35146
72933
3263
57208
54915
87594
95171
69057
30162
76390
66024
23178
36593
56055
16614
48622
99021
57549
36163
81713
8289
38400
72239
56346
39334
78269
52253
73876
55401
54322
75494
92792
89762
38154
94927
51773
18058
64662
84023
69775
59438
9768
22346
50819
19749
32777
44286
17299
86679
31918
78691
85925
63094
44146
53749
53687
31347
58226
15301
84805
29953
96996
94169
58799
69312
71023
96734
31595
13023
45532
18955
62614
54946
66186
55695
32263
80253
84892
22381
16802
32220
46123
33936
75331
45970
63790
20493
89433
16836
90186
25116
3703
76926
58298
8269
17134
39941
94716
18393
12222
23941
11517
5168
68611
59316
7135
85649
57589
62722
34528
31538
35585
42698
73893
89365
10880
52987
4924
48437
35029
39602
53587
48979
31149
38852
25005
67819
83679
32987
63982
9853
67694
10638
95941
74565
47604
66765
26422
84803
46694
92917
14770
89384
5749
52511
87251
7404
49028
82724
62714
20058
90791
37722
43099
49088
84158
63188
55455
79448
5015
5370
72321
41449
99620
30576
49464
55041
14786
63317
87145
34271
7615
59758
38968
6673
97666
14366
520
95222
14215
72740
39685
25331
35723
81506
39912
29634
8315
67756
70363
43840
35795
18486
29548
12407
29055
54365
25785
15002
44812
78628
88707
57812
76258
31593
3588
86239
35732
64412
70958
12791
51211
21623
46768
43463
6688
20437
21722
4557
67186
25672
37556
2249
28116
2365
97104
25900
10123
18765
12822
76947
98702
45641
17710
69185
44538
5251
76021
37721
2527
41852
9411
71122
47038
55901
39294
14743
16737
57234
13681
88904
28907
8195
28953
97233
16945
78261
7870
32067
19844
50214
49396
65956
4117
44072
60714
66869
82420
1441
70992
43046
6350
98989
85867
93720
57135
22889
53936
94526
73950
85113
60613
15213
39127
17203
69167
58294
93005
33121
72117
79307
27851
27059
52673
97366
58900
84352
99377
86153
22571
83622
72200
21210
6990
8781
73779
2180
40917
69970
38739
22007
28952
82585
58118
48113
80073
15240
12286
28330
55725
17053
2391
893
15000
2022
47091
60609
87955
57368
17033
18668
94204
33549
88006
19776
66788
33240
43377
84243
21817
49963
10283
95090
29341
33401
94575
51828
34854
42597
96478
34326
94205
90998
73365
42484
91435
49479
64943
98289
84583
36385
16908
24936
21522
4276
63546
18779
26439
89416
77080
96624
34101
62017
77481
98591
98674
36505
49900
62308
51813
90432
21134
83741
11736
44250
34770
87908
72578
5822
88722
18406
19867
34239
16551
51552
59532
6195
31229
83733
87906
14545
56159
10613
67315
62775
90025
67259
73354
36532
6715
75421
41111
95640
95301
84520
52442
65640
68287
9899
90169
84467
87896
71507
17373
33681
76572
14738
82189
100000
91362
76001
56104
64566
61191
42048
80902
32061
58074
49489
6140
57354
26421
55235
5998
68953
39149
72980
68422
7081
36088
27297
64833
16966
17438
87801
188
76931
99386
29254
97912
25189
15141
86778
41018
26620
5048
58411
48843
75601
18292
62330
90944
53657
92519
50763
23795
36556
25072
37427
7194
22786
19735
22328
138
14202
42112
70726
43033
51646
55217
41465
95136
54361
21329
86991
27034
67567
69403
66690
41970
96718
98580
39015
43142
31594
36791
48946
52045
7158
30655
915
73246
25448
30557
51181
13960
44637
48314
37311
777
64091
6448
42467
80772
77971
89597
99982
7044
32279
52128
13981
50007
21393
53090
93033
53220
54543
45870
70064
53498
46591
11095
28240
86575
186
51376
7896
46367
60049
28418
3242
72437
69730
79093
94778
69482
59806
11076
67379
63264
727
1325
24887
42990
19288
34887
58229
79607
14576
85244
45699
41905
42897
67340
97103
26423
97140
72257
53162
22406
23550
89747
66151
62962
27003
81674
20423
88146
34269
83981
26105
28563
82125
12810
82852
91424
63999
9905
87641
27754
99755
58950
97880
71531
40362
9115
97836
79031
82086
58957
5491
64891
91522
82699
77614
79334
43606
17689
69135
86518
71632
99553
56186
79028
30044
48862
23012
68296
10107
88906
16340
22205
34855
56070
66372
12911
32827
62161
11959
71125
11433
41215
59140
77691
59944
44051
88899
4421
17390
81445
38297
72960
24730
68202
47240
56626
27873
4716
48926
29189
66425
17404
12281
73802
52439
14794
67959
14857
22726
74779
34227
11603
24572
67406
96394
96743
78064
67196
4637
52911
28802
88945
89049
69884
25968
43994
12403
73936
32818
82327
64172
26774
41876
34612
78346
302
74410
20795
9898
7206
83483
55597
10418
26583
58108
81085
61811
40139
48718
71613
74040
30907
10507
11708
18121
46433
27501
23054
61189
3383
35472
22345
37057
61013
88036
22114
6669
68154
8134
7450
45586
38637
20457
79555
82613
25643
9639
62168
12120
92133
66497
41141
87419
25987
66308
56786
7684
63008
98508
80435
19391
55628
8217
69946
99732
5824
19789
8070
748
54329
35648
2966
2195
17944
25333
79464
99904
71400
70912
37495
683
78929
71444
16468
42760
76611
77165
60435
44647
24725
80715
40255
38744
33354
61223
28958
37823
81856
69842
18841
63086
63323
15335
26062
9510
5669
6761
90736
35508
24013
25635
39564
32868
10133
89186
83577
78468
39180
42437
66134
2026
50816
11162
33214
40540
28869
18545
64087
17954
10294
60396
63708
34253
32502
12442
112
57523
58216
90928
49993
52654
77057
28307
68788
32716
48593
94400
20087
32228
2427
72800
31193
79939
49061
28897
97944
6684
84833
69040
53396
84896
87375
19392
51179
18635
17591
81175
28858
62989
76055
5717
90334
58160
43770
74315
6559
76557
35192
62612
10763
26485
33330
9916
59942
46965
53693
40791
72243
10548
8595
81082
3907
78472
25135
146
1227
38417
78194
70486
88447
49070
89791
99692
96774
58009
58164
56788
62720
48911
9924
10036
77818
8583
29576
47069
5671
60721
76249
12146
29684
64901
75475
94128
25048
37635
7154
80233
81233
11192
26199
13253
84077
82014
5162
68841
20928
14861
79826
54052
36724
95354
58109
32336
28541
5298
36439
35300
5635
48969
28822
23969
8382
29093
29085
41900
79104
81101
8900
92970
46000
28011
78656
78159
87299
60994
24074
16828
74564
87734
40101
30863
963
7902
10382
14128
46941
53144
56632
76812
59076
94436
81298
50076
35144
50429
93665
34740
23652
83382
24405
69832
21844
42216
99039
74068
93133
64562
91065
8250
21524
65304
91824
20220
30805
95043
80972
58307
76026
49043
97359
62556
68275
67821
31559
93867
60505
80153
97930
74447
63846
9021
47650
26967
25691
88785
95436
50060
73138
50017
89394
47107
9944
22034
54850
89374
99325
57956
13060
90483
98015
14329
62089
11448
23284
28951
53886
14236
26656
63903
61149
85749
24706
92534
29630
20318
48086
82673
39574
99658
18554
41653
452
96302
31685
34144
13696
4556
67468
98331
66509
18183
71866
26459
52528
86962
38295
85361
38430
74430
76942
80106
35699
54717
6103
75182
84665
86425
28149
24671
29459
48738
8242
57822
21155
66920
74510
82811
16522
23950
56557
93945
5355
93511
21427
56372
77310
28178
92504
90001
81828
79179
60878
25391
61033
38195
49806
19614
94133
84122
56480
58807
31990
3566
90877
58231
29311
23958
19075
58328
61624
68173
11518
63226
51306
49746
5863
19647
85438
45450
50508
98438
98709
6209
91455
21615
44889
46973
82313
53118
56985
46364
72621
6519
40587
42500
52903
96550
14483
40737
18043
14110
85617
42090
59377
73672
91165
96510
69093
32281
30911
49004
88877
18619
83153
38296
30592
35294
17235
40512
30484
41131
67042
50934
40282
8870
65553
36598
21456
20048
34265
7272
36175
73642
48274
94434
49120
21331
56047
89070
10663
58584
18644
82550
22459
82477
41253
4863
79589
98761
89066
98771
48380
79349
4342
61762
45534
60678
10608
3292
90279
4219
28003
78420
65327
24826
90036
99818
16915
95374
98627
39962
65492
81944
68316
90350
13159
65572
47299
94225
80769
65753
90011
2536
54018
4575
36858
1700
28545
35183
46930
67027
18614
53799
42305
22715
62649
46877
48646
87946
59783
66434
17379
62363
9140
75340
69388
82534
67496
71260
70622
11610
18909
68093
4986
26517
70332
50746
94333
9265
65056
15521
10267
63966
54751
15868
23759
17678
1663
30058
98862
3533
24439
97077
65903
76755
34117
58800
47203
84692
31682
70772
44476
7076
27777
16024
51605
16143
78988
37069
60756
8662
3812
56256
51125
82462
77674
70011
20105
22706
89574
95151
27727
11365
58694
31350
38818
66861
83543
43947
75215
52960
69854
75344
34489
91512
90657
28814
69818
149
38921
36204
20544
64505
85220
19646
80139
16071
72741
21635
19365
61612
90763
48775
55795
857
79097
53969
17202
80191
76391
55533
42514
73393
21302
79123
54828
21632
79061
62602
68986
60795
49863
54108
60503
51709
92175
25646
48023
72792
42191
98258
35785
97100
94007
49446
73711
44682
46247
43187
7992
29235
22633
64264
67769
19903
69523
69546
42672
55990
43253
4260
60150
8582
4607
37703
46293
42528
41348
90904
3836
20098
669
91695
80783
73129
5587
35824
63926
71621
16582
1665
82743
53864
11050
33624
25065
60463
93570
93012
45156
45705
27544
25066
12865
15857
33183
42068
79380
22660
93589
93829
55919
6206
85411
38753
25882
97342
58644
24845
74544
37423
82887
25161
32859
47777
30782
63652
9908
28383
3603
1260
3794
45740
67752
99847
28444
98446
4129
58692
71223
38118
2167
28752
52142
96284
84465
64346
57911
25022
82982
93734
55204
8644
38620
850
94406
42135
86626
39254
95896
39078
90584
38788
81409
40953
44814
76385
51036
79723
42183
95536
55224
30357
26207
15119
56628
8835
21672
25787
55697
84960
90606
71824
1006
94697
95524
21284
26964
70350
1398
7492
45829
43605
56782
90616
27985
50827
14550
19269
1243
19515
60217
13155
71250
78704
9993
55606
75419
95425
65275
47824
51619
43403
64372
95493
47466
15076
71702
87401
61003
33040
93925
58668
6776
33847
6385
98665
18548
65946
64397
61332
49417
99850
81995
9158
65420
20734
75988
52082
75563
8713
36490
64846
73479
91959
40213
1702
18636
69766
18500
61489
69458
42142
15865
38440
4582
96483
80412
60978
56003
89666
39709
66174
75895
75999
6947
36209
7903
10157
7173
57784
44293
78905
99405
31106
12235
37921
38588
32269
45340
52319
30602
90403
88442
10122
28053
18517
51843
75775
2244
43820
79567
680
44523
95630
41228
71076
26631
14803
14039
26365
7394
16974
4226
69689
30845
63054
65474
19956
97970
10870
91551
45453
41489
71729
12481
15424
78758
9860
17368
66037
55453
21649
42162
13944
89283
2577
20958
62627
30508
39988
53317
1596
79644
90907
49538
2441
62370
9076
6640
17666
80696
97023
81213
63595
87445
33929
70765
54731
47976
36098
2034
46442
33727
76493
67442
80512
7240
46772
80195
53284
87834
89212
84521
72366
15775
80895
41705
11415
80756
62472
3029
48493
15069
86180
12742
28144
37466
21773
98426
94944
4362
93235
47885
90095
45957
85899
24203
24702
91777
15074
37447
39276
42582
22621
91712
71013
36404
66647
28844
82821
423
95146
34060
78969
235
95952
45793
30663
55496
25844
52141
34210
67484
75187
65510
85836
51270
67994
79534
280
47669
25463
15750
32768
86372
52324
97825
65324
54552
18562
52076
24167
65
28449
97322
22176
30505
330
49283
98160
36334
12724
28239
89174
37275
27761
68496
20381
93930
9674
31775
77087
97729
48630
20283
30257
86205
79539
70639
55263
57726
46393
7670
31066
48422
26153
11615
740
2317
41363
49897
88617
66487
41339
88789
53753
55693
14356
92478
32406
61617
62606
93874
84232
21523
50730
79091
63439
82257
42658
20322
8966
44935
53563
55234
35425
67571
80993
2333
34136
54259
22587
53315
93103
17727
59996
99727
67375
5835
99739
81
30947
35904
61878
96305
77523
69941
24243
66996
61981
18573
43647
20225
11943
73855
99871
25034
48021
98526
2212
8388
8528
91478
80875
25311
97289
71876
75324
94586
93685
13768
80075
37188
39076
77035
45354
16956
24964
65837
88828
89406
32784
15923
65911
34681
721
24032
39674
90920
37652
66180
55854
95669
57181
16530
23209
56594
54997
1626
86467
39116
41075
39104
22444
63404
85485
36082
72990
76393
72830
6088
8750
80207
66947
60645
91774
14554
23222
33623
18029
85224
96141
86736
18363
85222
31493
51554
72523
52218
13236
82546
13293
72884
25213
61459
38770
76058
11084
14863
61675
6713
51083
39360
3562
34197
20257
15541
45723
85414
88674
62392
24078
19800
80844
82214
73364
87267
65699
50655
78252
42619
95847
35291
34240
157
79964
29783
93217
92252
40283
17604
72342
50160
63835
48005
42802
38847
8860
17903
11422
192
20435
89220
78079
35707
27731
41974
73249
65809
29943
195
5031
8876
38858
29478
56219
65021
77
24319
49310
66942
74892
53625
33402
78329
22695
39434
93976
12444
72290
73837
3450
12499
17021
92312
14620
48661
8220
65929
56907
86081
50792
72160
55691
68845
44842
98267
75441
46726
27014
7139
53172
41326
41466
49623
21158
7098
86987
3691
33235
5910
44880
96050
3257
54861
98847
85564
45070
93188
4017
48191
68638
55831
73309
89888
87345
18081
80523
28738
91440
12975
4798
32546
56950
79128
26677
17156
70233
50251
66289
57775
99588
98300
54610
67086
99804
3697
91353
36038
61505
42713
28409
18383
34302
94620
68478
73681
43214
33173
21376
77153
39117
63042
43176
33716
38406
87963
43177
4895
42874
70865
7179
75303
36568
95072
6211
96655
76948
30699
66619
34571
10508
66669
73049
96348
70973
11620
81110
58157
86157
48517
83978
39631
32720
36149
37241
59199
68404
1262
53742
97507
70183
59718
93032
13166
84748
3033
70720
89881
95106
3427
55094
62836
30856
90898
66448
71192
40681
81542
12701
29368
82554
25292
7280
36506
29742
75700
3170
51535
62353
82878
80565
6491
51831
81388
34800
88259
18386
74965
8800
89256
45618
40842
17633
74431
86129
8121
75321
34704
32909
1096
75283
10692
47313
94208
76100
27074
82972
38376
35104
11793
67096
94251
20547
97873
71160
11485
83779
22141
31341
26691
7505
81218
40205
53647
19469
20600
49952
68124
29264
19263
77067
33567
15703
42097
95057
70494
23106
768
10552
93196
90449
40355
60862
54317
26651
31891
70989
82415
23566
28493
66622
98278
82050
66541
12213
50441
33485
14109
33632
92351
67124
63653
71098
89959
15194
50030
93687
53998
62354
35163
48364
23111
88672
54765
72781
44305
15800
95683
26922
22339
77049
7908
593
53737
83123
95264
995
92818
75830
18067
25017
24229
80750
5519
45125
26127
70437
9508
47641
20177
74727
46622
10517
27147
41493
84150
7851
17981
94462
2518
88715
75523
24665
69609
71095
10855
66124
85911
89670
49535
18402
80417
3942
13354
83091
91408
7993
44464
153
35032
96247
52501
50765
62182
71926
70803
13038
3194
54883
97030
84096
99837
31894
68389
24087
91284
11285
85505
45998
62554
97861
55844
24459
17237
5504
99662
30522
86340
34648
95814
40040
31200
16529
10401
67338
89431
82573
87434
7701
37748
64834
96582
12878
9454
54526
90661
39488
71816
8495
11198
30877
34534
36974
22246
29384
49188
50892
20886
68753
25480
73629
16019
561
89936
441
88888
28965
69434
63788
229
84188
8873
77313
63059
23051
60491
22039
82068
68180
51950
55638
73090
59087
3481
16012
91428
47545
56549
76471
29871
91952
12139
22486
73175
46606
18326
84736
12794
86199
12524
448
57573
86122
28820
80234
61658
453
51934
66604
21999
47115
28651
3337
15564
41661
54072
53806
3643
7939
85278
65825
95256
52983
24687
46343
88487
41868
59790
64168
7252
52285
38851
31026
51880
49428
70040
26821
21322
40689
75471
46025
56661
90887
29772
41010
40763
10385
84673
64874
61610
41981
71473
52379
99413
95423
51716
26056
97101
95017
65055
80321
31300
98393
79630
14520
88340
2963
73434
97211
78538
92837
35401
9658
36633
12784
2458
92821
70464
91277
36715
95467
40673
57385
21720
22243
85956
8928
17274
23857
77388
7213
28758
10651
94491
33680
96259
79293
44937
86208
23544
1983
81395
71707
68196
64685
83633
98937
66123
39630
19692
50698
43268
9870
88867
90923
41685
15384
50661
35509
60048
69708
55982
25618
16276
55769
21356
69122
31570
69308
25823
95487
33840
8308
37450
36286
95705
81048
18134
6926
42122
87600
67278
10771
61171
49625
32321
63496
59965
6321
19148
34605
68774
34182
9601
60953
32491
96983
51983
47887
6007
9922
40515
39197
45012
99457
65562
83536
62953
98699
75042
68559
26033
1844
1669
75179
80009
40679
44312
48610
21267
37743
67725
86297
27381
52388
87994
61522
9365
91240
86843
56274
81151
75702
62724
87277
79947
52068
58105
93920
79838
34476
25879
65282
50830
84006
90508
93914
84961
21089
44939
2058
33051
12989
36252
59186
74478
60797
25217
96088
95865
49912
10555
74632
31878
63200
84004
9767
81719
30629
47803
84681
55042
59837
98239
92048
90407
98651
32257
23171
58834
79115
96398
19873
7197
11729
26206
58029
62896
34460
24307
47321
52606
57218
32885
50680
71874
54931
39903
97599
99891
28001
3532
99032
88805
97424
39277
46918
34510
25896
63845
15980
92185
7635
17820
96257
85392
85456
53593
37739
948
66374
30953
41793
4025
29821
60518
14529
67858
95755
92993
29567
78541
70974
73381
71492
80943
86960
29072
4288
92255
92064
4202
92324
48898
98025
53464
94055
50475
58021
96203
72216
73911
80292
87339
42555
43513
53485
88981
21108
79626
40814
59586
68641
85798
92547
60081
19430
14206
63139
45418
61781
18835
53154
64414
38498
50299
17653
49039
8425
26661
28842
28726
64070
9849
39686
74973
14499
96064
10117
16919
93733
56764
70019
70727
53415
9505
60874
37998
78501
62432
84695
51849
92812
4852
96310
94939
86803
17010
77784
30532
21354
18568
24554
49808
81928
47814
54529
29222
58400
46395
16860
84581
56127
81045
95742
9936
61
19286
95218
45717
31939
26243
79731
34202
95066
91912
29463
72693
99088
49618
22372
77119
64554
79695
30593
9864
11924
3045
90354
92259
667
39415
43085
83295
26742
52316
18942
6780
81541
39355
97943
78639
98504
60403
56259
90164
50837
17424
27753
16781
13551
65665
38699
4423
36087
34950
7310
89195
74061
29147
27347
45576
15595
34181
54078
84083
11946
78389
26097
86834
31599
93946
3401
16409
50965
80049
24694
1653
53243
22966
71111
94921
49213
26764
32826
93454
67031
98325
99285
60573
16662
91831
6814
10573
70327
27139
22115
68545
65624
58518
55295
15613
45916
67156
78851
45147
41349
76280
85907
76995
51158
15554
75489
65947
82041
36792
81222
15720
16666
12985
80336
16394
90300
31904
13444
49738
34587
39598
20095
51732
94424
63582
56602
52807
16914
86917
97396
59239
73979
37858
59850
74708
87233
34785
42693
10354
35850
25837
14132
92699
37555
75425
95197
75442
91862
39635
1285
4883
5852
49565
80661
17993
64656
66441
68347
86046
18214
7146
3466
46201
63563
43283
4111
54000
9096
79350
61896
41841
10305
45884
71188
20670
91860
78242
11331
47793
34473
16087
42468
56184
44114
26432
48121
76079
26533
29750
19244
89404
71186
69856
35148
54195
46673
62850
60570
19381
39287
8801
4690
9835
67564
88927
4298
56772
9371
88285
20086
98559
4621
14869
40277
38347
32674
22264
93880
63884
76616
2707
31742
98636
2322
4843
23193
87326
83919
89381
10396
37554
82020
36441
16431
32460
23955
6572
78943
59207
85627
44630
89052
16289
67504
53506
552
8968
4584
5703
23806
72432
37716
18929
59180
92528
55846
43211
896
38656
64404
41475
68603
37121
43896
8889
31982
79177
77030
25077
37999
79366
90663
50801
87022
57921
33610
97725
50725
32353
98915
60490
82401
81676
49817
39532
56641
57001
3135
1960
85632
7294
9307
13057
36870
29133
29282
8104
86878
93045
16343
14906
24892
61225
16999
90016
60261
96967
46196
78170
45902
20449
80331
34545
57521
27328
94705
76545
24909
55599
68870
77003
78636
47637
20658
44636
51259
31870
84754
38774
63857
82206
66762
66111
32474
84263
21542
88520
10403
47578
85843
39620
38532
69487
16353
28533
80511
64606
71624
65959
86915
94270
38842
9529
49076
97414
21654
86652
67041
39159
9954
74525
32951
11803
5579
80051
46057
65156
74511
52151
8970
99991
89114
84018
13475
93566
54084
85250
31137
81047
7748
95824
34028
59745
67452
78182
92293
83178
8693
27904
16356
65633
40497
24644
16608
17335
96733
41444
17301
59746
90193
63507
40870
17686
11904
45858
61771
27082
36155
57313
29599
94496
99438
38180
78520
64295
38961
21646
15454
17440
59613
2839
21058
82342
24932
52912
48418
31153
83104
27976
27257
19662
73760
85391
83721
32501
82435
92709
62893
4837
52221
60535
46951
79852
93050
66550
22600
52122
12875
27260
72045
55927
74213
72940
61952
45602
58579
29739
85410
3759
28470
33614
52499
19877
73549
55478
71391
15558
96632
36774
99683
18016
22109
35409
23868
24282
5241
28909
61173
14113
57730
37781
4644
10063
14037
65209
19267
73125
98766
86442
84624
2774
58171
51406
18690
4498
830
89444
48381
71171
10810
15073
13564
78349
42641
37272
30831
28689
29977
57729
55421
95826
82774
34962
14115
18743
35190
53152
59468
36384
33824
8196
93226
77122
41389
3642
89264
85845
33811
52982
84433
92209
19617
28325
50061
91195
41517
47439
52977
89579
25668
620
35074
59791
58947
28000
57938
1
40549
83753
59691
32102
69606
55912
69438
64034
95449
57711
48065
79396
98397
17535
67059
17702
89036
54841
9050
35586
3648
15024
92530
10964
220
35348
42613
7013
75103
21991
68299
8023
96151
51622
90412
83199
50126
59306
76723
64169
38885
67630
90424
33804
9237
97945
8537
23679
76985
35070
48847
82559
70652
11221
75879
4654
45715
52185
75639
2371
48567
3868
12636
19438
4953
54664
31505
55092
82923
54804
12104
96662
51092
81705
71845
57718
70377
36549
89027
33146
85586
17893
36995
17982
4261
12026
95110
97434
67613
91948
6716
77144
96932
69345
60514
24064
36907
39530
27717
21879
98259
35884
24397
13017
47808
47112
19940
84560
74105
92874
63899
10990
70203
7321
64258
37396
53089
87794
21831
5944
98689
77027
53706
40273
12992
43586
61588
75871
44357
20771
53891
55440
1915
67832
55452
2282
97325
21703
44714
38425
52226
29973
6654
42694
28386
6553
92373
17339
96093
31071
3999
50573
47183
2626
33788
34451
17184
87665
53319
12812
54443
5764
73748
96357
18046
74995
97698
28745
3064
75290
2996
36128
13984
91558
77527
93762
49480
8652
99779
89626
78121
25006
7416
36290
35228
92558
49607
79170
86893
93175
63626
39111
45313
78117
4157
26907
71640
63107
5465
63088
1547
69391
37815
24510
9582
35043
96356
85147
93846
63778
17242
24613
44725
44186
74085
73035
29710
52537
31095
89661
40892
94090
29431
10330
69225
58567
8698
55127
69161
4605
31926
8574
35627
39086
43307
95744
37657
27250
32621
52519
80699
9991
65923
33657
83422
33412
41361
42064
53205
69603
10824
22771
6010
50722
28555
66195
45361
11768
22989
92592
64744
57860
99132
6607
6679
75628
47818
87923
17548
54095
97610
46509
72456
65458
20952
72377
68271
13104
89370
89343
79443
54716
87968
70258
79044
11042
73967
68834
72441
72995
48027
98639
88415
56348
765
15786
8271
88116
76428
38508
34307
33248
19580
80447
73318
50302
52004
325
43639
61081
40052
77300
58450
32459
34516
14674
44914
45519
64963
52054
6701
70384
48656
32337
84033
52489
58530
25939
35923
90749
49279
59471
60764
18552
88774
32082
88577
46444
25126
7682
80509
81554
49296
7547
34462
79239
10416
15157
94020
34346
39362
68681
33728
62558
47638
43788
94539
46696
39381
7111
90623
70157
13277
58314
69598
57387
11174
31993
30981
640
31188
35835
97811
54979
91744
21246
56479
29419
41637
22936
57150
30710
49968
7593
20040
37206
13073
90088
20003
26736
47281
56720
10369
68978
91663
79037
2014
55524
70284
12353
71916
1332
10922
25122
63867
27893
83219
2032
14136
91498
95695
71513
80438
89242
10147
91204
84938
7669
90947
85955
12576
32028
47039
53622
75707
85522
8777
46989
39314
67958
82518
62519
75354
92948
80905
4712
3894
80288
3454
39316
83098
56940
51314
53653
15060
64915
62377
45339
72941
50753
45436
77571
23469
85513
38922
19599
4831
53384
54263
66603
73947
96999
99510
28789
88823
84708
68223
66797
11106
1668
62404
78237
69822
62178
4447
9232
62559
7329
46508
39124
26657
82804
98917
90150
2039
61794
23657
52577
61790
41210
31365
82704
23323
93719
58805
42571
80314
59810
37614
6323
43464
29540
83463
43192
4178
13906
87040
76417
60644
26283
38951
41415
28482
72091
91218
11131
84904
10187
61151
95577
18415
6274
90946
6515
28908
5243
70921
38045
59755
61842
65962
68381
10301
787
76210
4664
35454
50333
89435
62181
10744
568
86376
2743
82619
54302
69022
54763
48922
82339
8114
74722
37769
8146
94857
99358
85098
90260
7909
462
84627
80485
70552
5993
986
3734
26800
26292
2679
88809
2885
22024
85027
5257
76305
54127
56937
78438
18720
35863
2173
2929
65466
79162
56319
57697
16212
21015
97056
66399
73027
78808
25983
66427
62072
68768
51659
60386
94874
51228
72497
34356
6664
46660
70636
91623
38069
24849
25838
43094
93092
38974
6164
36500
59690
11153
10338
23651
97331
18105
42384
59593
57670
6770
53812
1319
82489
97470
51466
16426
8710
86336
27228
60085
64149
88028
55737
31664
43157
76535
84646
84731
94167
94896
47567
72632
57553
49787
47968
98931
43224
45498
25478
19411
55091
32688
99056
30093
97481
79387
71592
19570
76489
14410
53672
57731
92515
10223
57311
22106
54076
50520
66137
58767
53489
51972
67202
56577
37471
33144
20780
82514
89323
90498
57758
46500
9191
80519
74211
12313
73119
84571
14809
9706
49982
45652
36226
77128
17277
73022
23923
26772
55414
83615
44980
68635
65309
80680
30777
51862
43578
79326
9539
6286
97775
73265
4799
98262
94219
94502
80407
34928
28377
93256
84298
25174
52172
64341
22152
24324
95346
71791
59740
48617
26448
15235
47292
92793
54083
88273
42849
82067
21124
86764
90842
73320
242
24408
69013
67290
64259
41208
35380
80663
47812
67485
84273
47666
50569
87269
28009
41391
28634
45238
44448
27712
67102
14461
73943
64533
60317
37686
88388
9584
45475
29449
94131
2672
56200
95326
62845
91559
2907
35545
53833
79976
15029
92465
33230
45447
76324
41201
26903
80071
13097
50265
30313
10278
39769
18380
18368
34607
14277
67671
68690
77892
86334
76387
54310
59694
56998
33870
52330
96571
38477
8107
16386
5890
96605
68028
84967
69451
6636
29035
15650
53078
47709
3240
25462
26166
90696
32914
35780
72506
583
19468
24481
30343
25393
62571
80425
34834
86093
21168
26959
71212
61450
31077
88181
48643
75724
74532
4579
21982
77299
27591
80724
68740
350
41755
43170
34815
61935
37159
89862
53731
66922
51647
35894
42977
48886
53214
76895
22578
47835
70716
43185
12089
49870
29908
91795
85136
9453
23649
8137
21779
44456
99557
37531
75156
53807
70817
59238
41081
49517
83746
20327
80367
58754
75322
3254
81310
94365
45929
12113
1688
34481
35359
96694
72984
76822
18861
23859
18232
35729
38518
99224
87010
87898
49816
62003
5839
92731
68723
69867
62709
79869
50790
21815
33656
94043
35864
72789
1554
67843
78622
92170
39426
46313
60936
674
45600
42810
247
14866
19711
7238
96229
54356
71119
74662
55024
14693
78235
9589
13866
35814
54895
87
73397
3827
21085
97027
99153
78641
34088
48878
80632
35255
12262
75890
70895
76335
1266
64005
11814
89882
57552
5084
88765
42635
87691
38841
48085
1821
25763
80529
96879
46137
98172
7882
18531
52257
8562
18814
44909
45360
73743
69745
23480
44760
33708
18155
49294
19439
80326
90781
86389
5291
21719
86357
22703
30527
32261
88755
2712
43294
3341
67104
38959
51776
32540
8832
60509
16241
59819
54407
55057
16040
36978
77806
56823
37135
28106
99661
78225
46287
64968
96549
36035
10694
50285
25402
29392
75944
6192
13368
95649
11680
47507
60552
76699
87332
96638
42083
16845
23346
42445
88199
30660
43828
64185
26386
4394
11629
56627
74878
44131
69490
53769
7030
84564
68396
33721
66585
6558
82422
74419
8438
90537
97411
39654
91482
16700
88803
90254
49040
15705
92174
40263
62339
50084
7333
81371
8508
93943
43392
28866
3828
63820
48294
32382
90916
22802
32656
11333
37709
63978
56384
7596
59987
7557
80986
52272
86241
98336
88648
28799
58258
52733
82111
99121
75544
51042
46705
39323
36772
699
89867
16490
85933
50845
25025
10453
51783
58344
7680
14391
2971
92004
16864
98119
89847
47192
64114
40032
83538
30724
72883
27649
27836
63727
52767
66034
49914
4006
32274
47197
77156
39394
14737
7102
96192
32880
21818
43012
51640
76230
9244
52992
42755
7952
13213
96371
32025
91811
78509
68273
79215
80026
69808
9036
39422
64981
65394
9682
52277
63110
76452
76034
609
76615
86783
23947
33541
43003
68510
78796
25600
99170
45235
90113
25553
41222
48580
43986
19506
16812
64950
67584
72844
58135
82439
43813
21417
94078
89298
26298
42364
32842
20241
27481
46721
91379
88596
83685
53161
17063
91986
6975
7159
15822
67265
51093
43092
97230
23864
59000
99296
99855
29537
86873
39591
98553
61394
45530
85667
15739
98340
51675
70913
81160
80521
56807
91279
91486
94243
43333
30168
37856
36454
93365
45039
78952
52349
48306
72343
8721
67737
78980
44513
11841
42631
37572
78027
53898
22327
76731
11478
2671
54897
42324
85551
60231
80816
42252
46773
46716
21463
39893
52027
94505
83675
94113
55071
84295
73064
15090
98179
17654
72954
72166
15098
2660
96171
38805
16765
62480
1780
5072
23432
32324
71539
20412
80042
45264
53076
6325
64769
39779
58586
56591
72158
9983
83939
91371
261
17920
36271
83823
19203
36448
17374
84299
41333
88643
70272
484
37581
21944
71216
60916
52067
61426
22218
38515
12952
54645
33880
66246
70498
64449
1571
96779
62410
89855
94130
24244
89421
57541
97173
99580
58781
94005
34532
59941
64148
95692
78336
37483
68873
88163
34702
68401
858
22125
13702
84687
90167
33700
87330
2609
63904
52949
90680
39231
33031
54698
619
52284
76906
84473
50182
86743
30643
72744
7335
58055
67633
86648
62369
53039
97392
78148
80239
18221
16924
43999
10814
55111
68252
68764
57745
85424
49309
46430
14369
33073
80896
55511
32947
24796
17674
6769
49445
10006
67437
60209
5118
8828
40629
7200
60738
14409
32352
35781
25674
10655
40061
90574
5250
60153
51143
97144
29191
28920
35698
71700
28306
16098
14510
40219
92100
5964
73065
52564
86151
25816
92160
91954
19081
62222
87266
84620
22523
6011
74100
91908
22841
77542
20096
60202
18322
13229
27768
6478
39828
67325
56508
90398
56196
12483
93102
60265
71446
96495
87693
1743
78791
31506
24094
98029
40185
18266
27085
78380
78676
92670
11425
3672
42465
23367
80797
25592
90304
2217
47817
4352
81079
50511
6016
12793
33369
7673
83021
6141
73021
18684
45796
85091
30288
39509
56762
14189
67646
3162
55365
66934
50500
96024
76586
44330
1430
7470
6906
45505
96248
42402
52956
10991
68694
30609
39374
12743
17647
19366
60399
36658
34497
97612
76106
14278
69524
86651
29367
42937
800
52571
16231
85841
13970
41999
45497
97249
88190
22046
84339
25124
41405
13618
43156
32585
96802
32022
58438
62425
43278
65855
37629
54043
80945
58287
27509
55538
76291
16222
74131
37749
26952
13079
80304
92193
47469
22215
825
31409
22596
23162
36054
65421
95237
40751
40171
98618
43969
90218
17057
37378
5951
35194
20923
28748
73176
15409
89281
93902
39009
21276
82687
1654
90517
76793
57861
58928
19119
88901
6655
92579
10476
43629
20744
40076
98560
81629
87753
37893
8407
14760
11436
35557
22874
56634
37190
6695
36033
68153
39813
15344
14805
85428
50456
941
19486
36780
12172
67527
77509
76563
30218
45288
59285
44940
15928
48067
28693
62493
17252
91140
24950
19539
48657
74278
19777
32464
47269
93956
58365
68363
59611
75957
84307
22987
26610
45239
87392
86329
5364
51954
91770
27597
59848
9736
28767
28976
25731
65311
60038
48877
24228
85152
14941
43697
37065
2787
18612
44466
4725
94246
50806
1136
4634
88681
9737
34285
13447
88582
56873
21104
57782
21677
15582
11652
77440
83612
91412
8368
60800
3065
79823
91276
56411
27374
37400
39989
31192
29636
51588
54248
10473
47100
97892
99932
52913
15571
68490
10609
23683
63363
84155
59117
29836
41477
77424
58543
29530
83880
60892
40496
69990
66466
72776
58167
5000
13119
25184
6217
89218
97384
59626
41961
77427
41147
69789
65812
48908
63782
71849
54003
88067
86825
1771
75727
93251
78852
61066
47288
92813
68872
65975
81616
25207
17345
41031
1585
67705
80227
97502
74539
46812
14992
51359
79245
92976
11950
81785
19448
5862
89609
37399
15862
71805
75979
29861
30319
86044
17525
45404
90734
16992
79542
94052
40745
15766
78935
84471
54551
60877
69672
83613
30154
43069
32765
60579
41681
13774
22900
87549
74239
43542
1640
53620
15547
92643
46723
24667
94304
25381
96647
25661
63828
9935
98460
4235
52006
27076
11770
49220
14891
38789
29857
16336
6951
5814
6974
5739
42789
33250
2171
95616
30045
58710
12102
59508
23115
36328
97501
78363
74691
20353
72573
27420
21488
32447
1766
1853
16250
19742
28921
40321
53119
30641
76674
13056
91725
66438
35950
24520
16459
75404
62401
65789
97368
3952
34474
65213
96086
7136
86691
91685
50375
30204
19452
30199
77803
6104
90132
40199
89900
75430
26931
50912
84955
73959
34639
6433
36303
53836
81660
5361
13907
94026
56297
21863
98137
68511
32213
55220
79107
69138
27929
23347
19679
55277
22826
11102
9427
41923
64855
91053
76606
39023
62271
58574
89768
28961
75451
20334
45792
11482
24135
58864
48512
80643
61143
49860
30282
14852
84404
59127
68323
24624
97194
82779
14924
59597
96721
34561
6589
72724
77652
34943
81731
33120
51528
95389
98983
44082
53293
22872
64318
93328
65772
93137
27513
10188
46814
7872
48211
95957
23830
21262
43480
77746
91518
64826
77333
98599
74139
40912
86230
19622
93828
22801
66536
871
44718
76898
9300
97319
24364
94260
87409
63611
47222
75736
18295
19209
6930
80514
80673
35420
8969
41325
17425
25540
79734
95614
64057
55786
88934
45514
28426
2699
44532
7484
22973
32921
84732
72900
7848
91746
10475
96308
79613
70662
91836
97702
64500
23290
47931
42599
23285
2556
21728
90986
35482
80660
19056
67857
35680
68494
95195
27204
26815
36560
25873
3495
92166
32725
20438
50082
71968
89738
40019
36721
67741
35233
3482
72407
7095
72067
25802
10174
82930
47186
30420
4223
4727
40924
1610
14390
34270
89970
92675
28728
36558
26123
55639
7315
19214
44383
53658
92569
69923
75310
29183
28356
13415
10737
59204
5287
55180
33165
43821
16420
16642
82002
78215
42370
80132
90422
99418
8182
58027
29323
96341
56537
82556
15461
98597
93475
93325
37937
15460
10302
75108
17827
3735
91095
54367
79970
38915
60021
26988
26941
17812
34345
21379
66803
74672
95302
95156
3629
73889
96532
44603
20935
66505
47142
61580
2651
94076
38618
12967
3173
9494
26956
20110
89668
34320
21265
3820
67685
61898
33457
26168
62898
77250
79532
78840
52332
852
17782
96935
76943
82298
784
29293
9746
69072
57272
32104
80220
55965
43077
84189
2860
16422
6798
95597
46194
25420
65250
28588
81553
13813
7912
13050
93431
12873
5153
93166
85237
64828
65694
86240
22420
81642
33125
92908
53404
67391
86238
40597
78557
50261
4354
32537
23841
64525
97692
75101
90804
58966
44867
42027
82157
26039
72185
29320
37737
19704
50504
76126
9234
29751
3338
15241
34624
9363
96206
57845
85019
27547
87418
3752
55006
5711
96794
27760
16142
34435
20495
32240
33915
56217
95363
17122
61597
372
40187
63364
41668
7627
47457
81545
81663
74221
1315
97070
7631
58291
164
70625
45907
41342
90161
96210
64832
65101
71697
2418
43354
95917
5974
88209
38644
5877
4335
58224
26332
18551
61351
26894
77748
14939
34597
45578
86929
7898
69425
1193
17616
29067
97126
81516
74789
77282
24765
7322
3058
16557
88831
34778
62054
33193
44343
45795
99390
39450
8823
6536
42852
32854
383
27588
42274
38236
36457
13583
43881
40674
1433
17589
14956
69048
38509
68518
86895
57870
16179
67754
26589
7677
59176
33439
23455
17364
44952
70868
47068
9795
62379
24358
1012
99516
47834
46253
6442
41345
65161
83736
71882
8904
95033
80209
14339
79608
91888
79881
6113
16579
37798
91851
1741
10806
28835
78464
7379
94214
40628
17470
67648
9379
37780
16917
18198
89611
22548
67197
34026
56030
22340
95405
86462
62644
27512
1622
22129
51060
10442
33530
30537
84632
14901
29068
20085
7319
5281
12629
54257
51265
54379
13527
5566
54972
61442
91403
53249
39629
98769
21599
89342
50188
75243
86515
31148
47533
88193
95987
82382
20131
39681
14792
68500
59120
17696
71414
74059
25157
4851
63316
53800
47132
6176
61309
39840
21604
18482
76341
95336
71784
64807
90792
72617
54167
60373
53490
63748
78106
88795
47551
32475
67637
83800
79187
56419
94819
47182
40235
57360
70610
84989
21404
50032
82183
85057
95419
94493
17539
79483
43346
51098
25398
5183
39112
36400
52885
51760
16604
76073
8264
77238
11642
26650
13560
86401
1411
32292
23390
44021
55017
42588
24728
44667
53839
96594
10977
46836
64607
63147
93803
17241
34498
83432
93456
5489
60201
52288
65218
81860
8945
51697
15710
10881
45269
25483
26686
95780
35641
10889
86787
32410
14171
48612
2064
80300
96263
43528
71344
33917
77172
17468
70192
3551
61736
45678
26888
78149
432
25260
87160
11542
28471
31340
36068
75909
51607
55834
25087
67367
55992
43219
50070
43511
13327
17822
7745
14090
23463
29687
81027
11938
22488
88003
49563
97028
6097
18757
34142
41657
40474
63331
32722
59310
70606
43530
54916
55907
27922
73368
34241
52858
33145
15837
44770
46407
57000
38299
69508
76938
29536
28249
3644
68169
23103
11677
33037
68385
19500
65003
95500
93660
2734
31985
28456
91009
98529
86418
6035
91733
65793
22261
76315
27092
13965
10495
84861
339
71953
69120
23138
55173
60441
20189
12467
9881
26588
2879
62029
49253
23344
49688
94814
93894
36671
73030
63806
99558
7324
64241
24690
91709
15054
52096
2844
69121
16808
13951
99103
76518
81741
72025
23832
88611
84651
98708
40120
85320
23768
4297
39114
57070
91868
15279
57110
81904
23659
19463
78143
78474
5778
80739
14250
54357
89524
65427
65856
4053
29947
98115
9780
48315
36476
8883
65078
23448
87503
48933
83041
9913
61718
66606
89800
68149
66720
77529
66591
48361
38015
26719
94154
52227
95825
2872
87399
19083
19346
61004
35090
34427
53594
33579
93889
74207
58490
60773
20429
43748
749
53412
34933
90151
49067
59982
3669
87391
73348
96530
2247
30883
28591
93432
81317
28732
38771
44052
98578
9603
63136
33417
58637
91416
20710
46237
31420
49511
54166
98805
83895
56275
45438
2696
48097
10890
43989
52662
27028
92669
66900
30076
90978
56263
62409
65925
16553
11991
31572
53501
59470
98963
32365
93934
67458
77866
49285
11891
11988
90850
62135
73277
36541
95818
91066
30166
37240
71615
69657
47649
51963
47875
82062
64620
72442
96426
57732
15215
69890
12646
9417
96799
60805
36017
5091
3881
74440
2524
9884
68519
37026
5471
6795
9888
67250
32311
62820
93613
93427
36852
81291
16258
55408
14458
94605
56488
69406
4931
59415
76285
26564
25461
97726
24330
37098
38734
39186
51206
33358
69334
1348
70252
47047
73937
71363
70553
32624
52661
88580
10715
13450
53257
76599
35603
20213
36015
95316
20948
39020
47250
17513
15082
42521
94563
72044
57842
1628
3223
94813
53419
28455
8356
26707
93075
31004
49216
74241
79882
63249
54516
97417
83275
9980
67099
71681
7257
19427
56779
11660
45704
27630
51689
21621
21282
62188
83142
41633
27584
40342
9053
82423
57598
87793
7463
12578
74543
34263
8050
39853
9933
69289
34543
17938
73632
83918
60526
37668
70279
61833
8416
63798
50306
79785
97529
16575
9396
33523
58835
72360
79228
84305
85588
74033
27804
78444
22138
56359
17770
58387
46251
41740
12267
84062
83228
32603
82801
57832
52030
18217
139
42614
23277
77224
22035
66624
87047
36680
24764
16532
61865
56855
43153
44847
20453
12062
15998
68672
23237
46875
23762
36570
5581
2231
54907
34744
10064
82607
72864
98848
26863
84165
82499
28989
60459
80823
31756
51565
73252
60099
88204
2864
53534
26102
5628
64143
37736
72293
25685
62974
7433
53777
85943
2514
41972
24662
55434
79493
1718
13098
89177
74578
64451
64967
8422
25078
23340
97467
4347
44153
40525
30355
82805
23872
55336
65235
13782
39303
82935
30531
56743
83471
62888
54976
2507
90989
80784
38998
24023
92884
8829
81274
88923
9168
8820
63352
24261
55503
8326
19242
65263
40461
6542
7408
5960
60798
27354
75787
85061
45879
74950
12861
13113
31265
90003
48227
69038
16234
4264
78209
60156
51693
12136
62294
47165
16010
693
81260
90866
93439
65238
23206
77909
76979
45458
45197
22118
57091
78112
43786
54661
73069
464
17300
11526
77450
80361
88912
4460
97385
58137
10466
86563
41752
54425
91719
27784
16598
20467
94032
77741
61554
8162
18699
12856
93951
92989
45554
54857
45345
26829
34927
24525
51867
68947
18412
49726
97881
27861
88833
2276
3491
87639
39131
84817
98071
16995
55122
38586
99745
46036
75440
73487
91229
19397
49524
89170
36124
41950
83476
59146
90527
65541
44735
30959
16677
57319
19801
75393
48519
38130
76381
14969
98828
29297
12021
53728
98668
32351
4829
48384
9904
83008
73872
56663
1182
37200
29918
10145
42495
8976
8962
67464
99136
76794
12376
5120
65325
49485
19783
58228
78767
87237
15222
46699
45718
90007
63118
35437
62469
4371
85034
85501
2598
91771
65036
80706
48687
28431
22157
40226
8637
76868
39275
8845
83038
27758
22112
87759
56054
61074
51742
33368
2981
21328
56101
57920
12990
33696
20899
60657
4987
34203
43304
72661
52370
81166
32050
73045
80275
94179
88940
32411
58430
70103
79671
60590
85957
25725
44883
46238
17037
67786
88144
26531
81492
53033
64206
51806
17534
86952
63421
53256
69157
71426
91759
88677
51075
48648
13763
69226
28867
60415
31525
21214
51587
15762
53876
20530
52137
65746
10050
28589
40770
93206
23064
40593
79977
10691
20629
43955
8841
62107
86083
38609
63340
95680
3732
64224
11455
7860
56467
22490
33971
63912
50998
42787
89498
72444
93779
8293
76923
45484
31566
4888
68269
26218
57168
20081
38100
16581
29588
35558
97136
66813
2086
38304
43907
19309
84475
35740
96723
77743
61523
5397
9610
46281
72466
62150
40603
90029
74519
10103
48520
33205
40742
34756
84724
24571
3928
27868
35976
5879
69581
51172
9119
6415
3306
85270
18175
57953
94354
33426
48665
84638
75625
14027
52495
22938
33131
71438
48033
89985
36329
42132
81202
70374
59814
35410
38689
69702
30914
2419
99811
29646
33817
99897
2892
38458
9673
88396
75333
21208
88114
70469
23718
64644
39137
60787
42911
94650
85434
13363
58474
44697
7587
64178
27992
5532
62101
71428
56535
10746
51863
38905
5967
45407
91143
80971
37851
33600
60288
96118
46332
33958
43751
67128
76778
36889
57379
88868
59265
24116
45295
84430
96448
1184
71599
13132
42731
39648
22291
48399
37566
46808
22151
3699
371
93492
48266
43527
67533
85002
1892
27891
11064
57981
66188
94865
12370
46744
26553
48362
8101
89539
23490
29575
2642
46359
97967
74988
43742
91658
15769
11152
59252
67556
52787
23304
56510
96362
28559
98690
82178
56114
80681
69094
1895
83200
18477
29034
72985
9222
68544
91331
18441
1082
70485
83668
1639
17583
26188
55470
1233
75219
51086
69560
81594
37929
9974
28556
19578
76944
66383
91557
72721
56765
6840
90752
16169
66386
34388
3222
97875
67860
25555
60836
63467
15360
78044
76564
92938
11752
53726
3906
18160
68762
68037
32378
53142
23419
64252
5529
32867
34258
38497
17489
50575
89335
11914
92957
48711
99363
42615
67581
26346
74302
26601
46963
78123
68825
88330
84148
86077
58736
82845
41055
66059
25178
42577
15892
88655
27066
31325
81524
3498
27654
58063
33556
80764
75063
24541
19960
11501
78728
20113
16671
15987
34208
59772
9298
934
71564
45090
45267
37404
40000
88518
76364
79120
40332
81181
59277
19284
56870
62875
13089
91052
17570
28420
63343
90311
2890
95875
5492
5705
39486
94164
13465
79397
15802
88166
45631
63997
50025
29525
98471
95857
52296
88231
48859
57924
46861
75911
1056
31236
31637
97728
83234
70159
4479
64279
64154
38267
1495
16366
66311
65763
3801
3226
66201
73189
60115
80351
13103
44240
34656
96031
66868
82000
72998
30358
68575
14275
23483
72646
10570
37914
11017
39859
78107
37320
73924
94121
21650
32437
22399
82720
70809
44552
88026
77943
37301
28467
69542
51894
75431
94195
62762
36657
88236
47675
98928
30983
74929
50931
92744
94595
65274
98714
56749
12563
40561
66992
88709
50399
29289
37113
68185
98455
2877
68937
99015
98638
40034
76585
49972
94978
61993
67831
22758
46856
80001
8405
51250
8391
56867
76961
6139
83638
28967
74179
37405
75952
35463
23495
63096
51851
19554
55362
78933
55848
27968
59786
6137
20166
62246
35129
37377
4470
65650
48452
51254
75955
47403
64991
2259
40141
90757
98469
60504
72446
11330
92967
43237
28937
13652
53796
43991
90833
55225
69341
82793
2498
39238
21543
2926
22914
49280
76171
89228
57134
44893
37822
31765
11636
96332
33544
53766
81279
86551
69431
18112
935
20740
39979
49525
16399
43017
8365
82470
81974
38272
23541
90451
47264
29889
86543
90126
89889
47248
8261
82703
32899
84285
43347
44331
74925
93917
60420
80419
64821
55526
98337
80999
10199
85699
98408
32027
7166
7178
80713
51327
89213
70385
46719
59406
81869
76018
89120
960
10938
91877
49320
10370
42758
55994
50327
85069
68789
73826
76188
71203
45099
28537
24651
1958
20745
90971
10131
32176
38024
90553
66967
13181
28815
37416
5210
76625
40932
95266
64905
40789
95741
24171
8894
67904
13785
43782
37806
98717
85657
88690
8859
43275
44833
16352
50962
48284
70199
73691
24509
7777
45946
23681
52581
10007
39168
62442
74538
94840
21364
68916
43718
48360
60179
74676
57378
38781
31944
50397
4402
41514
72697
64165
25266
28567
16834
98505
85706
73463
18730
43911
12473
5343
94092
12480
48438
89151
83007
21804
53966
36478
71821
18515
1108
20076
52753
56429
56398
87554
98535
99152
31322
44075
98655
23070
87254
39728
44195
49859
22570
62453
76369
45394
55554
53888
28605
66094
9809
58153
61415
8427
20120
50545
36235
9155
89701
15382
20498
7632
89770
96629
10489
8494
66304
39660
37924
31152
88182
8117
17292
24248
89733
54834
55595
60718
6691
39719
84511
33107
71930
35092
44451
7962
59719
3321
11160
95542
7759
71684
25163
33189
31063
13661
33215
49770
63279
21181
27556
28547
43280
23815
94081
94993
6721
92007
90021
10894
62713
61047
29799
713
2154
92468
24409
19887
66107
66285
74608
19542
32074
56748
33501
64614
51069
63122
43139
79585
21798
36695
8018
46526
18019
73667
65089
65368
88670
87822
50999
93080
64678
17896
54218
90800
27952
96297
36066
45160
92640
74491
23519
87568
6626
74132
8808
516
43086
8986
9403
39110
20073
85484
23893
31108
19915
95671
65465
61269
77105
48927
83090
91745
72175
31475
2443
68123
11819
71544
63401
54381
46765
87356
6787
10868
27909
41777
70807
23895
89704
56452
89594
50294
22123
94207
2850
7738
56726
7844
54025
69686
52689
59869
9943
53010
30627
84365
83270
14551
62204
63909
91301
52510
72333
53122
23528
38848
33304
29064
93261
77042
11114
48115
54753
58843
18496
53696
28452
92708
18926
1223
87264
87882
33011
12417
60350
79771
43912
69691
29421
90381
16673
71770
69982
45391
25294
88066
60134
96565
77196
83281
19934
39385
72391
98642
91894
14864
72685
80575
98000
3950
99097
4149
10213
38587
7387
99888
9236
33035
50959
27901
59328
42498
71200
45813
39622
7994
74295
40733
74994
55125
89607
5156
47009
72050
77900
60807
80654
20966
79130
75058
78932
32488
48130
56886
67082
97656
20834
68452
90524
77876
46391
37353
28214
47026
23232
42598
5774
32167
35064
6182
96055
58049
54605
28316
35213
68735
74832
25314
16287
93988
72015
40378
59797
9847
51215
60555
59307
39906
38169
38215
99660
82217
96950
85213
38231
53273
32694
83803
4830
84372
38630
444
7041
10394
60763
20616
14296
46621
3079
47611
92903
59967
56731
84049
82379
42590
72856
37323
83934
10682
2250
29790
64483
41015
41406
23590
85207
51354
78637
53555
49077
83456
52432
87644
3765
94393
89895
52331
28491
83708
91155
48056
45384
58081
60930
34917
4010
99106
25580
75245
78949
41853
68960
52674
11243
36962
54239
11215
63038
76237
41183
37658
6732
57102
23353
40011
67174
42089
92823
81182
24517
15588
62213
16930
17197
54821
27580
80535
57062
26887
43802
21206
18371
74281
94244
71758
57031
45310
71905
55074
41388
30567
23963
67870
79518
91313
17423
29413
18628
45187
38189
96697
80906
61101
4051
7901
28086
97577
39267
16365
65501
13685
7972
23886
29031
49226
96819
94497
34389
66963
35209
68481
89796
59330
20711
4198
11532
10588
87156
63493
15586
20030
15490
86579
43425
70565
28902
62965
89076
5785
17752
54655
90336
35423
40588
82193
40546
80664
31242
38346
31487
83171
74237
17962
24497
36078
49833
19065
91816
37236
50336
10781
19
92893
13185
24033
66708
790
88073
67782
39357
86227
99517
81677
83646
64588
15380
9091
58940
82262
17953
58461
85405
15960
91867
64733
75373
23600
43149
18239
44628
90926
39807
18332
65211
1335
18571
48074
12748
10458
3974
39503
93995
45850
45860
56671
86532
50409
87416
32640
1696
11632
60949
49507
37064
95241
55290
42986
80404
72557
12220
79834
26929
90492
34226
89058
5069
87699
20675
69607
11975
79344
72172
85936
89533
52389
55814
76521
84428
21536
28291
60383
64755
78805
59457
1497
29099
73363
64484
46160
68307
96241
98666
41486
97596
51104
32839
33630
57084
6936
80775
55862
7892
47830
50633
35700
16092
41939
93766
40133
15345
52843
41844
52187
19351
25547
86448
2842
61951
13764
65577
27946
34697
48603
64786
15021
83986
88694
24605
17458
55252
17227
32312
73092
35332
85982
75343
35272
57229
47513
38360
40670
27007
29856
85801
48554
18606
19338
11551
14698
30306
38378
31893
33013
62805
43291
6340
30741
78491
21922
13699
71669
71453
24047
69155
62471
65543
47692
32367
28145
95367
51543
1470
23220
61340
97626
92508
4910
83286
78001
88324
2887
52984
1667
84838
61454
72319
74635
93541
76408
26492
15023
87007
23310
66557
50422
86818
23987
74327
22572
88297
35158
91508
9578
74101
60649
76383
48940
10497
82898
12986
51978
84719
72531
26613
95985
7223
15239
77782
86826
72330
40509
54941
55584
34578
7830
95233
40774
99149
4595
87542
35432
20723
53216
14773
31012
66493
35537
13568
7629
1503
70398
48641
18426
63308
20134
6029
681
58168
20335
75244
61166
3811
93614
38105
14237
60591
22970
94453
35952
61650
88150
33957
48759
10155
77197
22655
39723
79089
83595
28441
35412
64104
57554
71399
29111
98971
85747
41014
9029
30623
2754
78480
80839
98972
68324
31160
57529
30003
77504
14896
31473
30639
40942
22433
23092
580
80869
71221
96427
15945
92969
78979
17198
76147
44768
25775
93916
69215
21133
37488
86837
48368
62365
90726
26795
37015
32219
73402
27558
56918
75372
60184
41038
75729
54825
29602
36363
45335
6685
50116
98542
25846
80433
9734
32723
29511
31915
57158
38182
74186
85335
83265
19215
80040
91256
71502
91677
54603
45112
48735
35693
1671
3041
32806
6024
5407
79419
54550
75007
89612
50972
93569
12238
32562
96287
38428
33992
24046
6659
62814
35660
70824
36354
44673
45227
41366
76627
34294
1682
69882
54368
29703
93373
88109
81613
54378
58353
47596
7983
20077
82608
35415
69899
11117
29847
7811
50961
36777
88030
84053
25286
11109
6037
73533
99986
5398
25337
93146
75892
85585
57489
70291
16015
30136
41602
8307
11865
49472
35971
14988
97567
28486
7653
24688
89466
60628
91713
21457
25144
80867
46310
60262
82475
39040
92770
39428
77366
73694
56367
58292
67547
39228
23790
45249
60568
60929
20147
41789
59394
32625
19473
36072
97078
87719
36806
29815
73034
69608
48680
32200
72558
38427
60745
90352
58961
88133
54932
33927
78977
65892
39094
42415
306
30528
95656
29112
36216
4474
17925
15304
94337
20749
92191
57392
88197
51009
32574
18156
93066
89468
83752
75579
88268
71204
37048
23430
89739
80882
43861
11579
25714
89441
92682
54103
8227
42273
84864
71480
33646
16688
4331
51557
60140
87679
86890
6573
78355
31262
46075
3956
49540
68348
67364
66004
95756
97559
68472
35105
7407
6885
35735
74356
41422
79490
27603
80222
14873
99641
58731
79457
72236
29482
77194
32860
58554
37178
89905
49729
95206
63006
89330
35789
34006
55504
98995
4703
51840
20605
73131
87305
14544
6451
26997
8514
35982
50492
20099
84791
81528
49332
99066
89245
95395
37783
31886
30854
66479
24342
67100
39512
60681
8470
63121
77094
80150
29725
60313
39925
56515
33665
4386
68240
17245
75532
94281
93622
70155
1098
85740
92123
73139
38547
23143
77789
5351
24557
49846
39198
98428
86075
70488
27009
38721
71963
94457
96361
41099
56199
47046
18141
73775
5409
90258
42565
61157
34675
10747
86229
38834
95076
19937
49506
92591
28290
22682
19275
38666
84710
93105
20662
81271
69642
23293
40325
51907
99593
15066
40236
38483
66097
71065
33262
21066
29756
50688
4492
28412
93648
906
59892
47797
15498
41696
63650
87407
54318
80190
80316
46754
27732
25396
18521
65268
26878
18382
54891
53783
81922
63839
185
57435
44490
14888
77263
87599
7918
73833
51381
3534
29796
16153
7666
73922
56188
32954
64971
12789
21636
70367
85453
46730
70890
77627
88565
25504
94858
3179
91384
29458
82413
55929
19080
59547
79330
2655
19761
55612
74907
60757
17278
51010
85687
21448
20271
16785
93953
80387
69661
30708
76788
72073
41526
44182
4220
13377
99874
86118
39981
22134
19187
79811
94597
10913
71027
68380
53253
49218
22716
54593
23389
53982
30124
42583
31049
16702
27895
69693
16450
36692
65412
35256
57692
60454
99950
64464
82191
55029
83623
1924
37754
88730
79973
96862
63153
28551
15446
42824
53046
14316
24187
92897
32596
34781
919
44941
46610
67443
65457
85300
68784
91376
7217
31823
54829
19950
77643
97223
13815
40517
87692
16057
71277
69892
85759
53851
51256
55169
87440
77082
37104
97983
11078
78365
29533
72880
43577
58984
67227
91865
81161
95285
31545
25228
18671
23643
94860
48354
21626
82915
71716
21752
20655
48351
56987
708
40147
66252
20317
58432
22860
67139
21975
84265
54031
24913
93173
44308
76717
55276
20930
25630
97432
41552
27604
74967
64990
94551
31431
32197
55617
70478
22993
30247
57223
4151
29592
83172
40330
72485
64820
64627
49019
92069
82465
12893
94445
90235
57403
15187
70701
91656
2666
76635
1748
61184
12189
71161
79279
65064
82910
20313
95079
16959
90099
15434
57716
57120
67878
35607
39985
27113
2386
96379
7584
12425
68546
32652
37089
70604
75630
21597
59043
58859
70889
2117
75376
98719
10652
47312
97641
43233
97323
99951
6455
55610
76274
10251
74582
50405
88405
28460
1903
37122
81367
27273
63697
74613
34921
9997
96013
25119
89035
84472
91809
76416
91275
73121
31850
79422
72187
33789
2995
42429
66011
3397
33810
79749
75918
90180
83499
84353
69235
79922
57578
73782
74106
34191
19313
11058
34184
91717
95220
29887
60306
94833
35745
44918
58201
39869
73716
97339
14793
93060
13889
92049
16187
48772
76250
63836
59020
80007
84463
96556
55909
95827
61793
28816
69223
50303
19006
25162
94902
76413
20900
50704
88286
50778
56812
70379
88716
4807
70755
73522
62902
35847
84588
79949
54086
43750
39354
43760
60630
26709
85355
75418
28476
77749
69047
46929
96750
26507
80901
2573
4378
28521
40782
3632
75196
60777
9488
60335
6467
3909
47796
7718
72868
65374
7380
46969
54874
68079
86724
16314
18865
47221
87308
8952
51669
73337
21188
37548
85935
49307
95909
70620
41090
68294
71646
65022
96472
36561
6910
99203
71596
87004
92159
35430
96189
77351
25422
14732
78873
35682
95201
39373
46334
38454
56978
37403
41706
26382
50668
43890
35669
38938
22898
6577
21525
51970
83053
94975
88451
90594
51367
50842
4944
41319
39701
2102
5004
12553
30765
3918
86733
21452
4262
4692
60017
37941
65498
84126
80970
92408
15180
79700
32224
73849
99017
39042
61550
46404
30794
28052
18961
51150
76481
67905
64063
85961
74861
19763
37185
9162
9707
64600
38112
82582
17514
93043
29119
91993
42675
11494
87009
49873
69240
21794
65047
43704
47786
73542
43779
74562
83480
15289
86570
91458
21622
41176
34496
10410
49371
9903
19544
43995
90518
55881
11497
3044
24810
6532
37844
37327
11874
13390
53981
8068
64707
78070
22000
52266
95535
34647
96282
10215
84
18055
41577
19169
71374
62645
41831
40879
62142
7308
52938
92471
38593
91071
12342
79050
26414
27108
23601
23695
82807
81912
59716
64535
81972
81876
34987
48555
91305
48544
28359
84858
12877
75311
46592
39601
58525
91043
4477
49677
69536
75167
78721
26086
14352
37889
86914
4930
54053
65972
96897
15293
13945
17586
5729
12482
78989
78514
49330
83280
5
64547
96815
43808
37648
76068
89246
90384
57121
67607
66362
61876
44470
95268
72161
72060
93718
30457
20149
61631
86959
16424
11269
42531
15913
25086
4564
55248
59912
89321
53679
24349
18904
87683
76576
57462
10730
42938
11211
90079
89506
1561
30713
92000
42241
58284
33132
45639
54546
80344
37863
63832
94029
26413
80774
27955
28485
3511
19957
3422
15784
6131
12552
48313
97404
56032
44562
86161
37791
12345
6221
23213
36704
61751
63751
29352
68815
97197
99417
5387
32719
11420
60240
49676
97105
17378
47606
87977
22915
92552
59592
39998
43720
36299
49172
92480
73372
30899
24222
8668
96506
90756
38170
39456
73688
59863
88737
65137
65045
94489
49600
90728
61068
53540
15804
91698
37792
37387
36914
63240
11206
29357
86421
48500
52265
72026
16949
38389
25780
95677
55948
15192
7245
18995
65904
5797
16807
26930
54910
18323
27956
32203
80495
84538
28507
19481
41290
90522
22875
7625
14035
9758
10877
87448
29404
72467
2689
85813
75664
36353
42311
27300
8915
34177
45119
25155
29238
88620
44702
74035
6676
51293
84818
50619
35496
43366
50793
48846
67322
44993
45052
38382
65254
323
82876
52088
59794
81458
62790
26896
21929
39562
42134
64093
44450
29782
14393
8635
26357
21596
66717
50468
53210
54634
95701
42656
81581
10928
30963
59069
70852
5740
74056
48138
17554
84854
80937
39227
54642
79141
42920
90544
40417
45120
23226
31501
55249
97520
78818
39595
24848
82036
51451
1018
51674
58949
67043
16208
4504
91118
56176
52074
67739
77795
91337
71738
57338
131
30369
37421
62723
82870
16943
61573
30152
47104
99518
29193
22135
35712
26001
8519
74448
60652
95330
7594
94695
4069
54484
87767
23775
17552
77446
8581
14138
13111
75002
57615
39185
28319
55118
52915
91934
76455
89475
78211
7723
84099
14689
76261
52470
54416
25341
34048
96119
61402
82033
79420
78145
54886
1308
8083
59913
83521
38387
14283
52443
98100
29921
64970
43832
20593
38127
79733
33908
98616
88568
71872
23997
69994
54466
37092
68985
95497
45947
82341
68130
46300
88455
93890
25963
52533
20146
99494
937
9528
9694
81363
21259
31003
60650
16531
91036
10008
19204
71184
3902
61825
81171
18096
25472
22827
23667
33612
32231
22220
21807
87690
25330
80345
23215
16005
99566
48834
35792
57593
36123
89680
21298
37235
69029
98515
46458
64409
88997
97589
25285
84442
50851
79776
98072
54411
73256
92122
85200
21336
60248
49274
3016
64482
85868
12568
71352
61408
8069
1400
57836
84456
66825
72124
72678
17805
37028
53955
50113
22053
41123
9384
80648
26400
21074
89480
93061
76525
67081
15045
16536
53379
94678
24483
84924
26041
53680
69254
1865
31732
30274
21888
16288
53957
33049
53065
43452
80572
63530
47436
86341
17705
6240
80801
86608
56344
96845
66055
12709
10960
16132
85440
15118
98308
22854
26490
91828
61924
76817
36587
58724
23822
92278
47300
83776
10581
47233
75990
59226
44071
22756
55067
76656
71636
16546
80357
93452
4611
61470
19559
83700
94028
92156
19292
46858
16975
4763
95254
79636
65249
79194
14890
1504
64364
17779
14141
27576
48030
88813
24527
22506
56166
26156
19795
9009
71947
67724
38952
3740
97737
8857
90566
39649
69621
17960
90110
7129
25460
32070
11177
13388
88499
54949
28302
74746
40678
66966
68061
52047
48106
13258
74437
41196
9585
47306
56010
20583
54523
14618
12014
14546
23784
2285
82976
84898
15625
34972
67080
260
51480
25865
761
95267
61085
54576
79783
49230
50776
84380
35722
57653
72211
31550
62980
92559
18049
63977
7191
82761
67885
40131
10041
53762
1493
3723
54077
40711
80678
5672
30936
46217
57504
94631
40319
35378
11504
26792
99188
59423
22256
9868
77060
4244
61927
12461
71091
6119
31421
37587
23835
74400
23127
71694
7739
94895
26606
43575
91919
17990
23749
83033
92093
86519
37774
3423
90930
96587
76208
54215
67231
77365
40295
77548
77438
48305
20789
40543
75263
92143
44325
13723
96262
10901
19245
6242
26822
72605
3571
75464
22454
27388
89219
8596
58396
17849
49369
12429
45301
85892
80586
17978
53830
74886
97938
70368
85695
23855
8879
38034
63018
75152
87118
72757
17314
68997
58210
86732
77753
76955
50393
43997
91813
57764
61985
76831
93277
39319
14870
43112
53391
70978
73431
1727
95531
17205
31802
2429
2722
29752
71679
36939
96447
77174
99267
19806
33408
46351
1368
18931
53146
45675
48251
69616
32476
14734
56285
99735
14835
67744
26109
47682
35991
93679
73539
60224
69864
77649
93811
64
88558
17101
43309
80038
64681
2431
62742
39049
78683
43764
13826
35349
28856
81453
45996
79139
46283
3415
81028
59431
40346
58449
88315
29778
46947
77336
35874
221
67052
13460
37086
43287
39386
14838
47584
85464
6064
91767
65485
49715
5595
48804
37344
24294
13192
26431
16963
73965
18655
5801
91806
11681
69692
39823
56001
45410
6262
84923
44779
37918
5827
62659
19762
39690
77539
44089
28327
80274
47871
33220
58566
28277
64947
94837
92881
31641
22216
15227
35637
72313
45994
694
3987
16729
80872
64274
31723
86624
78647
2808
59363
52849
62996
89949
32371
1498
30533
64118
24627
90470
69399
39957
23536
15305
48239
32766
31073
46161
34735
5236
50444
60566
55358
75420
32944
7262
81073
86125
33379
46953
81149
22837
76813
50114
65428
22179
49056
72264
59955
22628
33875
91418
95109
72591
49644
23607
27246
18300
23080
56516
32413
97122
86840
83282
93038
47994
34746
59536
17167
94834
73261
92617
74212
39289
75594
98019
40405
14214
45817
4996
2303
48184
8199
19301
190
59857
51218
5905
6273
41714
2591
2486
85097
12835
14854
32149
22315
96788
8937
25623
1562
84568
78386
40686
70439
82433
76501
91051
12148
26698
57686
95047
70737
9600
87432
72695
62260
78654
85789
35484
44927
93557
81017
42222
97037
85619
85426
89919
78203
2572
83047
79467
82334
57580
58751
12657
87636
77881
48173
66191
5507
55422
20496
64140
95214
32977
36320
42701
75535
21797
43217
97443
51129
56131
21430
48563
62241
81889
73692
79752
19608
27157
75444
95061
20007
91799
39045
16458
24402
14967
41598
87509
87240
86978
84127
99394
21286
31067
79414
60834
63585
18181
29704
58596
14959
71247
64157
81198
29688
2254
28741
49881
51452
28905
70614
9130
67559
5306
93054
28059
30111
17510
28944
5542
54995
95280
67298
54600
31947
74935
36318
30278
57334
21147
28715
968
81390
85974
86907
20897
95832
32160
36638
82685
1845
50031
43104
7067
74367
10560
54287
14106
9374
43342
49341
79299
32320
45058
96960
19281
57170
77623
45984
7221
58241
60418
48053
27615
1710
93042
72483
12968
34344
8149
82746
27936
31766
3272
92397
11113
33603
69355
12073
23647
57312
44149
41029
57744
47080
13379
79735
72098
98210
84137
6249
25814
93176
34990
56404
40078
45206
96911
47338
60605
99898
60851
8659
76030
27534
63538
78134
35137
14775
74528
31762
67049
2380
96260
52235
66959
17141
44152
11552
85165
6096
97285
54653
23371
71649
8362
93472
58333
76464
91553
7189
29558
13591
94576
99945
85076
32432
67415
40252
29041
43514
76000
93584
76922
49782
6823
13727
17743
54160
31534
14395
15499
52805
69846
31781
42194
23543
25948
14858
51507
25880
7369
45982
91728
80453
28164
76473
43179
46459
1977
4296
82210
66731
6066
8627
60847
14875
67177
61001
11397
28218
16610
59591
19059
23779
30737
39028
78811
95624
30360
86410
44207
80046
79666
70704
66020
5743
37857
1391
16473
21435
83105
10168
30553
31018
39945
29105
65350
33677
16494
72132
20538
32686
60196
18966
89743
14940
21014
95997
29832
85829
75174
27903
96901
99936
20444
99238
62879
17084
98604
67025
346
21618
69612
40313
50230
715
16205
1460
34465
20894
72071
85350
29862
97274
44492
98383
67776
45157
70180
93399
83067
70706
1431
82809
26210
70757
94027
44271
3220
38740
50454
7454
47488
82662
76841
72513
85599
6019
99723
73944
76182
71106
85681
46842
72520
19543
74164
87521
83813
52997
23403
51029
99098
33693
49397
54936
29214
34960
55058
62350
76066
79369
25004
62333
59022
78181
49155
60137
82560
64672
11576
15175
10065
77011
63991
86982
54747
26585
2770
53971
7290
36263
80979
94651
90184
16717
28853
80034
71003
25160
37726
99030
98537
53405
13671
26847
26694
72760
47522
18057
45760
33871
2709
84574
57820
54403
9931
13755
64836
66095
37203
98810
32266
80666
3285
86728
98004
66063
75667
22741
15938
66677
30262
85100
18410
18560
36488
77698
31976
87331
11657
83014
75554
67805
6202
78169
15161
65857
75456
36627
59602
34328
32759
16144
91139
39489
60708
14011
22249
84663
19003
96207
11897
81736
59126
63176
28026
83144
75066
17457
61607
6886
91449
98452
60328
54389
39880
59258
25543
29401
48407
82615
85593
9652
83559
3085
97139
64710
99882
18583
90648
39365
50491
46477
94886
97992
12173
46121
72951
99464
81505
31484
45368
19537
6609
40419
7970
25619
98083
28006
72269
49838
79670
79206
40281
11883
22078
33750
62146
89622
85227
10304
18372
24526
13833
4079
59063
44696
39033
15108
38840
68678
62785
30372
94686
63295
975
35338
63837
54851
2950
96112
60444
12804
56355
75082
36823
50470
71877
9644
52126
42105
94825
58301
80087
38499
55545
96212
71054
67734
6849
43428
29001
43664
3159
48469
11980
69964
82142
30464
33438
57366
15844
24460
50101
66683
39192
28281
58652
34030
54835
17038
49723
4880
65502
67566
31434
68606
71538
16129
44388
90154
81958
19680
49995
5978
64100
40151
66745
88900
82061
70458
54773
56291
34223
75837
61563
15504
18118
92718
2144
71045
84525
64815
15779
44691
67942
40635
76092
14696
77842
8376
84762
97390
53462
84324
87778
20236
66721
7700
33301
46979
93372
79587
87603
68591
93342
80431
89154
65546
20856
38698
17868
62358
41191
4726
75447
92652
86104
84367
90082
32590
44931
89528
71969
88364
98006
44929
53057
7874
66618
79948
28391
67800
58619
27634
9491
27275
5412
37380
70366
83968
82144
87427
50028
37724
40223
1501
1311
91949
10149
3262
74222
97667
24804
27571
85307
40877
36092
20181
1101
25206
20978
19905
56069
58640
87933
630
98924
50394
22092
27361
18717
33577
68833
23563
84132
63861
79346
47056
78095
68555
37643
54906
27308
81069
93587
61965
87244
45549
97921
66115
50055
99880
25754
50686
40423
28578
51877
55961
57551
21680
35400
88898
13682
17955
22968
1438
78715
22535
41507
66534
91370
95645
14481
14382
7193
81269
85557
25855
99209
27183
99809
89545
51114
41816
24654
72590
7943
95342
29234
41754
18756
37915
25052
65783
124
72125
40266
89952
91003
18712
80057
61144
14417
97179
57985
52973
75262
93088
10034
60106
45343
58944
83333
98053
49967
16307
33508
23081
41788
60571
70127
2067
251
90018
66600
98897
3782
87214
35886
85923
86100
40155
68803
30002
35358
19102
80017
17195
87180
61282
97421
76225
9634
54873
85877
78497
60925
81820
67450
94713
11358
16084
17283
54799
61764
51044
53423
43171
26951
54372
71402
72173
45776
61903
8565
33878
94414
55989
82427
33882
71688
22700
62954
62633
14073
55713
47277
2541
26989
11312
54869
48881
95430
61947
65098
53892
78024
96089
41779
17718
35227
5875
31055
83859
56282
22305
53389
21350
22705
61676
28525
24101
73395
94404
36451
9666
43961
12841
58305
87578
80208
57291
86150
63621
74504
79428
14174
26494
29764
59324
11992
65545
56800
41902
86757
16889
19164
38555
53773
65902
78452
38062
67699
44160
51841
13690
670
78366
85064
52404
81671
11741
28782
29730
70030
51626
92237
52476
61739
95443
19009
77384
72424
72892
38145
48651
10207
97134
86596
15483
46069
91015
62355
92403
7915
9832
79370
50176
27235
34145
76876
6013
62736
68041
3158
31902
12040
19456
72924
33790
14028
65318
95173
79614
5898
84880
49591
6300
27158
16715
38677
32451
39753
51061
52376
99247
79525
35992
65342
7518
22579
88989
61541
63773
64816
25799
64256
27561
20603
58399
52193
89275
70436
74486
65476
40627
22905
33437
10165
14540
22010
34996
62990
78360
92745
19297
64714
73331
32587
35516
93501
78854
59805
84977
13114
85508
3094
32978
98143
75961
51933
31778
47664
38757
11197
43882
67877
81773
45106
52605
2314
69191
83744
17209
60195
86793
2675
39406
82670
1216
14484
55205
67787
29078
26274
3512
27351
67709
87023
71846
42626
20559
26660
13
72915
57965
14972
76090
85604
46797
64857
31874
9157
74242
73665
28103
13993
67879
25374
28392
86536
54339
98190
6241
92982
83106
34527
20347
36166
26750
30300
3077
79561
86437
26124
64643
14876
47580
96113
62521
91880
47874
62247
15323
84550
76839
5746
12593
87420
34512
14580
16622
22295
82734
9346
87966
38911
6889
86218
23666
16341
16391
88168
5205
94604
50180
72371
11417
74066
67350
84329
51489
95779
50614
31332
46184
60478
93344
5866
32627
14442
26067
50252
68257
43765
62539
32847
25539
54312
59607
52305
57488
88619
32791
51287
86719
7339
89763
24591
33385
92376
54685
15537
84617
33713
32096
1609
79172
37840
41547
86223
50979
21812
41717
29448
4254
19126
3273
23549
4800
63266
98367
16920
34604
68279
17556
59366
21390
24176
51858
84815
1574
79984
59350
88431
31289
78544
20010
16962
65811
909
74963
3325
69712
58964
55259
65600
68110
51467
63412
98129
86133
34847
20877
59882
28968
6224
54672
63988
29975
69800
45940
65221
85232
31654
45212
42642
13408
14322
81942
91792
17968
83787
65781
91146
33323
69880
77329
80147
69118
69039
61601
68781
55311
84579
7494
94203
19344
29664
2290
49923
77435
82846
98003
34677
87386
44706
15671
61393
89553
25115
66065
14300
78216
14867
36666
52459
72801
87239
74286
5159
85095
42975
28785
43113
57869
20608
24645
17347
43844
9557
17105
19108
10985
86196
98314
3078
83818
56682
61722
94977
50480
65300
50085
50408
11521
67272
54937
22338
96809
21711
3772
49519
97220
76138
331
2361
81777
92659
4578
97266
59151
32982
2337
50165
38290
18089
91321
80888
23650
34734
72486
56439
94964
64186
52935
54324
12175
50855
338
66520
44173
84418
79403
69143
92532
92454
67122
25069
65843
72747
35447
49054
94378
23635
35776
42741
21684
60310
10762
80083
41260
2738
87757
12589
67330
5678
76327
68846
32130
65517
72311
73916
84073
40013
62575
32492
87511
26011
33597
51759
59427
60928
30692
3606
71611
87464
46105
83314
87921
42152
81846
99728
9202
27102
48890
15097
40231
55626
23766
23379
65491
67825
6600
94471
25373
18417
23164
47732
72711
66726
85824
63520
54327
74680
13472
16407
35927
64207
71755
53824
89578
91907
75481
22304
19300
39944
11759
33536
4032
85003
98101
58671
76193
23939
24801
63315
81766
79897
7514
67046
65754
36847
20882
43630
30297
28353
53870
34542
55424
69798
66291
23880
87200
10449
81105
96368
82347
43206
68568
10079
37682
54143
53188
49624
25548
3345
8761
6146
44621
81307
79915
90077
77113
12963
59027
1579
88522
7128
78869
61312
25766
12932
35058
71462
49980
24410
41494
5841
77348
14266
36525
50110
21836
41803
95585
28765
61229
57693
11985
90660
82513
68054
93220
70903
82337
4377
16780
36565
71340
11867
67943
29870
52517
24181
5808
71387
61244
28119
27170
47317
3141
25002
5129
46543
32526
5895
79726
47051
11144
58625
35265
27969
27011
4976
24280
46555
26965
63091
90204
3445
70761
67691
94193
87656
30070
33686
41492
72238
35428
31313
48055
98480
51924
43289
56901
62100
92633
8551
1104
18633
68656
47896
41089
31871
30049
92581
4879
83450
29126
18062
34470
88993
52508
53580
28995
34281
98044
65107
22087
84928
69248
64794
2888
19802
87411
43173
71865
83494
60291
65294
68325
39298
28037
72386
63781
30654
69465
23747
61314
74202
95898
74096
87525
24340
95833
16130
21790
49324
82426
76110
33152
12163
35683
69144
99116
58343
61684
86483
37803
45080
46637
42820
92336
35057
14338
44566
12201
83398
81851
60052
73251
49876
97193
18254
55763
94
37238
11051
2650
53566
40123
7255
81499
33602
49185
47988
96067
25569
99447
35593
98534
78580
74659
54663
45637
9018
66013
90909
10154
2537
55120
34225
71063
30818
50669
26118
591
71762
16103
57826
99589
76053
48386
37489
49686
9332
32119
38995
88566
59479
89644
62018
44413
13139
38312
76143
45777
86173
43136
50134
65935
37698
51443
84623
38207
31787
81225
85251
9569
12887
45517
60938
12838
98357
41821
99206
83218
43532
42215
37647
58700
3175
88957
41550
2467
44253
58967
21994
74000
9338
78908
78435
41417
4283
70871
84278
22845
82180
97203
30272
17461
50926
13786
42995
2610
26035
20893
45373
31699
58722
23476
35827
23998
50145
79292
96871
74025
25384
26279
10097
9659
47625
51799
96137
6541
8038
56593
19787
67441
99215
42160
11999
45981
7342
60246
47798
75070
11945
2489
18195
3649
11414
87562
478
45720
5330
29462
36160
47561
32568
54119
45071
65329
66754
89843
24756
45290
95876
28233
15352
57284
54212
97919
74986
8045
53306
32383
47504
94542
85459
11753
7647
83743
6100
79241
90168
20819
98747
81364
30195
15009
20628
28659
79910
31433
67167
80005
71202
49839
82884
36184
20957
9837
9797
87671
27755
14173
35906
71110
86598
95689
36912
69591
75915
29568
78503
11288
96077
71577
47779
36044
22956
14962
15167
95573
19062
67522
44244
1218
50290
68400
26710
83444
98649
97891
5244
46922
5836
24448
13538
18364
15881
65355
32397
40470
76088
12723
50326
17305
22849
23035
33499
31914
67385
21933
52851
24025
8302
27041
46134
21225
72499
27176
39724
3980
2978
57943
53764
28886
93635
46631
39350
49792
65788
22681
88504
49315
59839
76531
63427
95466
11056
66645
73594
31156
74914
99865
81668
65439
53443
22321
99007
89564
10698
47659
70528
2024
38513
40190
318
38638
72038
19556
92277
74858
4252
41703
52102
6724
94541
3604
30498
34922
97768
36673
42121
67616
45552
48139
91249
38943
46531
92815
53798
75818
46786
65123
90378
7056
98913
20180
13207
94500
14963
66364
85733
20261
10769
27671
53026
67161
31080
281
71279
44188
82242
18623
99651
16381
99937
32097
61819
71728
37315
19691
67757
11583
76897
51944
4873
4689
48144
61665
27539
3395
73904
96058
17854
64182
97174
58310
96786
1131
3112
98891
68056
67407
77190
61823
17484
63864
94025
30065
91546
85537
34642
27021
52210
28943
97659
43292
2280
78992
88646
93608
90337
30144
1439
33296
97321
53976
97743
97697
48508
89366
18481
95782
96590
7850
98536
95484
92414
88598
36101
94909
89452
15884
39527
79068
19192
98982
25909
84100
34872
64579
76519
11933
80025
90022
37253
76757
25508
86474
57645
76835
50621
21771
38071
13935
68073
73960
22483
97143
95034
13054
95711
33643
36612
83460
36909
61382
55677
63138
72886
97497
52199
98343
38362
57461
1171
22238
49162
87819
51279
25277
31509
90246
18224
3218
82205
99864
65279
42724
80334
84008
23769
70810
7295
50975
59980
36533
322
89191
50223
1792
29707
99789
23129
7086
28874
9270
59712
77454
46170
61347
68521
79436
77088
7395
23574
3844
45839
46667
77592
54599
68225
34459
18585
48465
31114
22893
36341
43552
40080
86583
82752
41496
99052
90771
47081
35956
32038
91591
55843
90860
58589
37884
90840
95915
68755
1834
19100
29523
65029
63237
90333
97785
46807
89157
87507
65007
89511
34590
16952
11303
90790
43249
84958
2589
18289
17951
87403
4278
96414
48753
94888
95138
72295
57998
3796
2764
54818
12594
34248
37519
50343
92361
232
39984
46140
64103
95126
65285
71364
76828
73009
55613
90223
98568
51273
80552
33849
11351
27263
80246
11491
45525
68869
5550
41951
69747
15125
48341
14830
11344
39223
25950
31576
19055
4566
30689
66391
29435
3435
59326
92978
62984
5591
61528
85070
38081
81197
24084
61362
92523
2980
71333
93287
14751
43617
4897
77723
44443
80317
20531
44934
88687
59533
78206
52168
93929
27348
98677
1964
91513
91864
96548
77833
26091
28683
98813
23922
42010
39569
78569
79751
9497
81898
85387
58255
6421
1880
17824
96518
48967
45967
25401
55822
95045
50162
40650
3913
75765
23637
37718
67054
71796
68321
1752
67271
4015
77984
17829
16478
8836
63918
68802
72658
15957
55253
23169
94898
60
10052
75637
32668
38517
44346
86666
30014
32600
58138
12750
2112
96209
29716
72469
25392
86325
60660
16273
92904
73153
35717
31934
19582
22521
46541
99480
5065
92697
80384
18116
47610
61032
80583
39106
46178
93231
18501
72489
93037
66749
68756
45710
40215
78922
56409
41737
98800
2092
51328
44070
8487
15096
72029
55796
80808
5467
32697
72157
99142
46256
81368
86439
91935
54574
21097
12326
981
38626
29083
91324
84622
24196
51911
62232
91093
41118
72890
48127
41508
8613
7370
82233
39540
54648
56098
16035
32926
79824
57484
34448
12350
94854
22746
27883
91319
55629
42104
31574
65704
92063
46821
52774
6774
99154
52618
69795
45659
6623
21756
47597
65463
34069
33108
61706
50239
2954
9627
12072
81346
49038
93046
28535
37228
86060
89858
1211
98566
57078
66854
53819
66393
21025
22732
42178
65086
1624
6805
67492
90473
71347
12782
56736
80113
37205
46762
30704
17051
83352
60993
39065
95189
4774
92482
9314
98478
48950
59917
15160
83325
7618
72193
27546
5896
33052
92929
63258
44197
73384
14845
49363
58097
64009
27199
10373
87782
46919
39634
66641
45201
37313
30207
28955
30132
55027
42367
34618
68251
17587
92738
7840
96343
85815
59652
40399
11906
40260
22387
81122
98701
90187
5001
90287
67029
5924
33573
2768
86264
92466
44212
3802
7105
43041
7513
9773
37973
3000
87890
90344
67892
74102
50100
85420
19909
69722
87485
74329
75001
47982
91647
51498
33372
93520
32802
83025
15471
82932
92387
54477
36056
69172
77950
78116
86088
66491
31311
7927
40469
95489
29366
35518
92765
31919
13856
74072
81763
50700
74289
63501
28300
55271
83640
92743
74276
48647
43329
33944
24960
25049
16946
970
86381
36428
82651
6580
30526
69467
61889
66295
1730
36024
37199
80496
22575
38692
40021
84619
98002
43470
70497
60037
46506
58605
8679
44954
11617
48750
99617
32571
87813
42081
49777
14998
6407
37580
12263
75
32462
40804
52716
6599
470
34959
29299
29907
4682
91987
30967
95750
43279
88732
97711
99895
18607
90788
35388
60841
61475
68242
87803
68020
57212
44810
40669
13298
19701
28153
51166
6671
44763
81322
96781
60803
71164
73031
41395
57848
72662
18051
2046
36115
30125
69489
651
86988
7685
16452
1158
18755
57043
79264
19382
89849
83846
2047
44761
58209
82333
28161
45236
49247
67505
31424
3646
88321
46033
58529
56432
85267
86313
82785
64032
46401
76373
60255
21341
21708
39844
29428
89717
4836
93748
94451
87754
53548
49243
13598
10095
16006
7066
89785
42448
7755
93338
46835
55141
8708
65823
6392
75981
56834
40988
95777
82260
79142
24912
51334
58969
54325
9160
31029
41996
61183
20398
64492
68117
39271
62976
1594
40792
24438
78756
82933
55682
59870
21281
39465
35182
63729
68045
46590
13967
37111
51521
1276
62052
46578
45535
27453
33741
42413
23584
49267
96885
207
37102
63304
69375
1655
4406
75605
85850
71383
849
5311
66626
97367
79202
44495
26730
91142
10420
57406
29600
48565
95155
50635
47015
93574
12288
68429
59835
49423
68900
87461
32183
79928
33751
69746
94151
97851
3235
67546
22227
47624
74732
69360
47355
11993
50436
15701
6984
93157
75021
853
78674
94230
95472
27934
93064
87846
29626
99752
27140
33983
73823
17435
86789
14415
46978
4179
63921
21163
47986
62594
70633
58670
62444
54260
59205
38599
2147
39965
45773
46492
31374
78296
13512
15533
99769
22522
96380
5679
11277
24783
84230
87296
45938
19870
49233
77149
83629
77968
92453
32919
69973
46385
12529
77009
40523
71410
14747
63608
45951
30816
28608
33009
16367
71597
28234
65526
86023
87687
31399
31203
43539
53989
45832
62871
1952
9011
92449
17212
28298
12983
44129
24000
21641
89198
85948
47480
52796
24979
61378
1190
56119
35067
39332
32785
74572
66681
67917
6127
46920
60842
74275
17067
12602
89754
49204
88160
5172
34322
15040
19031
73585
20256
8380
72464
30781
21465
75642
5762
96005
43970
12521
4344
56255
19886
21681
6882
52955
95111
50341
43242
39533
83424
62979
28727
23404
16913
74937
84448
20712
60824
20868
76374
94643
7954
62291
35478
72279
24656
65016
9932
91552
2920
36325
66556
93320
75123
67614
33732
97410
81284
49097
90670
16595
81658
84317
75285
30238
68145
5263
33698
22400
57931
72857
77959
71494
3172
95249
94598
1731
36987
51161
28587
29351
78392
67930
42065
5329
24875
83455
14573
45420
93351
38785
7157
292
26844
13142
73761
97767
19061
54210
86105
78609
79909
6486
33098
78021
25743
70431
15133
64073
87741
81422
32286
88326
9209
30978
37831
60913
2693
57937
18687
29106
68837
19385
34693
98141
41026
34627
4029
19328
1832
78223
70645
78057
22094
85570
31397
8523
29077
8193
24411
80545
27397
70139
80146
53697
62540
9347
61677
27138
57809
83617
36693
64858
27487
21937
99918
21992
44571
97279
49490
1031
3619
79918
90859
34923
30034
47326
12606
51358
83365
45849
93844
50038
31090
33058
63981
66560
31206
24834
45690
68328
25918
6959
61835
85065
56287
25282
67541
20543
59170
13143
83893
77376
50077
37181
90590
21947
3205
6403
29638
77580
24649
50536
5724
22583
31074
13223
57607
82425
53884
35604
97561
87799
95424
55364
16118
5378
39330
67074
75935
9886
48110
85185
63443
5650
63099
69305
38072
49289
34728
70575
34979
58919
41412
65563
35246
30649
76837
5523
18031
86801
30425
78327
38973
67807
65130
27900
44481
16469
44419
966
57762
8552
57704
37077
26982
96617
14188
26957
88599
9321
42553
63954
82081
26112
23854
22526
64457
82901
57798
81287
20539
99219
49710
94826
26705
3580
18850
16866
77853
20148
38533
33730
46371
78000
66755
95103
71272
47518
18618
77617
82251
59454
18336
97675
51396
73231
68417
97011
77208
65958
11790
63720
88034
99678
22426
18903
79040
10334
34064
86580
45451
36924
53141
98757
28805
62165
87144
37779
22687
69372
82580
67730
958
39383
71077
22652
19478
87317
61372
13633
51987
64799
58217
73983
86578
54541
51472
69322
51758
15578
78014
59788
27694
34783
17253
64490
96196
15721
46725
44710
88439
33491
19274
91126
94662
15110
50852
98849
72213
59883
78140
82179
16460
17664
80566
25040
54255
43899
95647
59505
63454
79959
32629
55186
97958
21971
31419
54806
7188
70922
48111
91488
95747
64573
66081
26561
77512
7678
13707
98675
54206
32184
77061
4185
4084
82966
65912
13874
42861
96588
97870
69119
88762
5152
85053
83096
83468
71442
66849
95104
19978
34455
46827
80987
18251
66184
6822
29143
28370
73152
48543
8862
56965
29170
44445
98497
66939
616
30479
2348
25411
99255
22714
58915
71198
15746
42664
74537
53942
50764
23139
7881
14044
65451
72723
85035
92771
65967
45529
60170
35442
63925
2814
20632
43806
36575
77823
89741
208
37518
97160
5139
53467
48533
24983
70046
85131
28183
44328
65326
47511
28656
61504
75739
14451
84327
93097
19784
79831
81092
78193
21644
93604
19523
19021
8310
95785
40105
37268
12240
50646
86653
763
24641
94125
11402
2956
90871
89583
86874
69502
14905
73830
23259
60322
98589
36422
4383
96736
45526
30714
36497
37597
30059
73914
15812
48586
7734
50184
33227
11347
70649
34886
50599
12720
86716
95212
80297
38214
25406
60012
50715
10538
12707
34425
81010
70997
35455
93376
64545
48450
93843
89272
93446
26603
14108
3289
26376
39301
38331
84767
28007
31555
34104
59629
95572
59665
34790
13818
98445
12206
93992
65408
95599
80305
79371
57112
60391
95759
35797
16504
2482
40944
29075
43811
89437
48793
75769
12266
25917
43681
90622
77809
90938
61383
9487
3284
52718
48737
85910
46260
13573
33256
72472
63547
50105
60077
93586
96939
1637
78177
13373
27840
47853
90027
93308
88397
58697
2115
34312
92458
86943
18692
42754
51391
66067
97084
47614
72170
17306
73839
20355
75348
25003
49102
22752
65473
79398
80091
92118
95533
38405
83602
76296
75777
47618
52036
32904
63156
91886
88035
94781
75417
86449
80232
72205
70295
79367
2522
55233
36228
30791
23369
18763
18158
62184
98017
3113
16108
83080
52424
34350
50977
69937
47558
17688
60779
82455
6050
15283
64282
71972
63476
17031
46212
92604
28523
12962
88303
72555
33297
36991
83373
10603
47575
74382
50695
60407
2776
31039
77170
10485
55718
32825
4754
58005
20487
31569
41280
42953
63732
73801
48462
56672
80066
481
22310
32137
40985
74593
61933
69313
9826
43902
13333
30698
42003
86565
28929
99825
6251
35871
48767
84316
64597
89232
92851
50770
57057
82335
10992
90957
20287
58319
78625
37362
8903
45248
19219
48240
55450
42871
59620
81262
70641
14571
14435
66014
45046
60204
81231
64496
25704
28338
99124
71551
34347
12056
82245
99407
25300
26538
55572
99496
97784
14161
70213
58175
72400
45801
89934
98180
83955
46711
53230
87187
94008
40292
58162
23434
19807
65293
49412
40797
37500
5535
58854
18984
63012
6086
7174
3300
69497
43474
18782
54971
64275
97440
32856
58610
33202
12564
73467
89302
53668
82957
3737
28946
86618
41497
52751
94635
97188
60369
58150
64007
35704
20750
16215
20009
71018
88301
12045
50308
94951
70967
44804
85343
51276
35143
67653
85967
71850
58439
26406
16327
52681
75129
9779
7476
91722
70160
52120
52727
50056
58068
44437
75725
35414
12191
28600
2511
43385
93752
70402
59549
32539
24775
6605
84257
72905
93126
70632
61512
98491
79773
74236
78219
48389
30028
15880
81414
43785
22614
30008
17703
97278
52254
46766
13532
75460
62021
10148
47419
56520
62141
31297
45572
90338
68583
5315
38749
33762
37223
89288
11423
70822
67799
41583
91450
67342
93832
71109
17889
82324
25153
10460
12145
66953
19581
70299
47800
52494
7448
81040
81150
69285
49529
43445
32533
25940
98976
30949
99495
27586
60643
96614
88976
18485
52475
78707
19322
55044
66164
5316
34742
88220
78141
24893
29080
40876
8798
31740
54133
35642
97438
10531
69012
27716
30510
11817
19627
5381
3128
24891
24990
1381
21948
35394
89886
4408
95022
83447
65826
70939
96981
27291
91130
63263
14542
51562
31960
1289
50330
53873
78688
38537
61050
13668
5923
93304
78119
36597
65802
56845
96724
17910
2293
16145
48262
6214
90880
77742
5199
33081
17648
77411
45876
40577
38324
13276
13182
43442
44311
94750
49066
55934
5383
59436
2248
5154
58341
35061
66314
59885
35427
46840
24031
13589
69373
73971
90253
95216
95459
87045
55839
18645
52526
4842
84164
64213
38541
56917
3696
35703
70669
10365
22076
47821
88985
70448
9156
62631
30688
94669
49073
14679
78718
1762
14942
90994
18642
14446
4655
75904
38807
75713
92902
88890
50631
5947
67119
40511
20715
24300
66930
70616
66337
76810
35126
70390
56701
50638
72237
31826
90014
15010
63137
30413
42242
21860
72544
79393
21553
78914
55565
85858
43923
74200
91630
67909
92323
42561
57893
10367
81848
33308
33461
60144
5059
79029
55238
89412
73419
7376
37828
23157
47962
1068
24658
87969
14017
68946
11372
42683
90534
63461
63220
6319
30275
17637
48156
64371
73501
51268
32893
97954
36728
63615
43311
11703
39825
86095
33157
13780
55685
4658
3093
48659
96049
82749
86742
64121
22495
37340
79088
37986
27526
95439
42113
47483
7168
38229
77554
69435
28310
8556
80825
5258
45582
30600
1705
85792
15718
69510
17706
85674
28225
92285
9790
90831
15166
62210
22680
26790
48298
92828
94096
22622
78634
94698
54382
8617
7717
20104
62522
63124
56000
7229
54775
82927
7170
22005
69266
95605
26703
4580
88992
84824
90152
87792
67592
40598
30566
63353
41863
53088
31840
71946
42137
28311
37310
73449
46641
36110
52139
5661
8542
55080
44135
59446
70999
33339
12960
59938
31438
73719
35008
1575
62943
46994
4561
4521
35658
37689
71828
42513
15440
94013
43795
78734
65340
27307
31223
614
22183
71558
2570
51804
88497
95013
16218
34686
95862
40583
16037
60766
41669
57658
55838
26899
84878
33926
28099
91013
12740
29417
10745
86460
43772
30409
52691
47336
6480
42036
84841
37517
2009
47189
35507
77412
44056
48237
57862
61295
96034
13464
40004
77341
74972
77564
73610
22963
55464
29426
94845
7884
94165
59616
56705
44655
10109
11772
48704
12378
14763
82105
84489
51561
61805
11183
5640
78477
65131
71434
18050
75286
83933
51549
78566
23531
40992
96563
68665
91491
21368
48978
3859
8825
76212
69932
10923
35514
77223
34100
59337
31962
55815
26090
43325
48836
75382
43858
389
23431
28469
19150
90878
26046
62779
29171
10837
52643
36199
79320
48667
87357
11593
2730
54439
57778
19435
73978
15373
10888
25803
31987
3320
71740
45126
16360
23174
33423
92548
88198
71361
72629
21967
57321
78283
18718
22677
28593
587
75993
26308
97877
63589
9799
96412
903
53659
45494
31881
46770
81280
59490
43744
28195
32405
61603
52421
93722
30539
44575
46741
45875
64018
70280
33617
4639
99560
59452
17629
73763
96703
70369
54503
53569
93238
5833
67956
46168
28380
196
96916
3487
72383
41488
70069
96355
50254
3871
54385
89434
73887
88835
56964
13238
27215
99384
62400
61963
67811
84261
90272
3937
69493
3875
50597
12162
61881
27918
26828
25001
40008
50785
69791
99179
60677
9586
58403
54823
87859
43824
85700
1346
62937
61664
14572
13578
91341
10850
94495
20642
28199
98070
92142
97471
83848
72648
30290
28586
25912
20492
99806
81015
32439
65548
33588
96083
29005
29103
3556
70882
73797
30515
45731
49985
36025
55884
64010
45653
74502
26587
52052
32565
86392
80020
44659
28454
99130
20881
47301
40183
32819
38561
59527
62056
72541
262
76769
99597
39722
97287
96715
10933
16253
3789
35085
67919
14982
96528
30066
80951
47947
45311
85808
20885
35281
12760
49539
42781
3760
98495
33252
60700
21179
50952
72634
66620
32467
21421
91525
57050
96290
82890
79188
9134
96205
21586
59163
58398
9555
45375
3721
21973
27728
6758
68383
41569
25276
94947
88328
38608
90149
49484
28488
22061
19339
21177
83983
9421
16496
27549
62753
52399
44576
3382
59723
77840
10854
68111
42873
52700
34682
40748
2219
9341
12926
67398
45737
60696
25024
68680
8001
56575
75609
30852
49835
78724
65963
3403
75710
58920
46689
13047
50012
89961
25653
6076
85096
88525
4788
46972
75987
19398
37679
93714
97283
59639
24970
55700
88313
99977
2554
51582
50950
55535
66718
88341
68814
97633
28931
57388
65525
66715
41110
61381
97752
66834
73873
39398
97378
46822
61138
18409
49852
17713
98991
35574
90303
32251
88720
28269
84139
30607
55050
99318
25355
93658
69463
47705
45579
6550
97980
54659
91108
27141
20933
90236
88973
54112
57093
36682
96232
8948
92654
34865
89491
43001
72935
96307
3689
82762
20934
47156
65443
30732
72041
22697
48062
69169
72875
69852
793
93329
66407
82813
77966
32060
57727
86758
14955
21883
11233
67982
60508
39995
7328
9632
43450
25302
28896
55190
59890
2649
78872
76698
99115
17430
40393
99260
80289
69010
11320
50693
38866
81636
45877
18826
91570
94931
84975
58189
16957
4067
38259
24473
86585
18617
80562
37604
19362
5702
67189
15401
32354
4207
15657
49264
6142
54278
26464
55313
98339
78443
68231
16368
9315
17477
9857
2953
92964
87535
35449
50864
38685
23687
25045
87860
14927
67180
26130
28977
97678
57495
76678
45098
312
4801
29823
51243
16773
75414
31220
99546
46475
66445
48874
82594
57149
10104
15368
19586
76765
25851
20707
98868
51433
38263
51541
97926
97758
23003
52092
80240
55558
87948
85145
95117
86838
82665
82479
66760
25936
98374
70033
31312
51774
60015
21044
3048
29819
40167
79285
62043
34971
59669
21591
56281
28158
31779
54116
38194
69870
98250
63739
43879
90015
74002
51537
2323
70588
3893
39865
54714
67735
50870
52507
70591
62318
9055
25470
4236
98076
78752
42834
20759
25263
87795
66154
85116
92940
64669
26122
36344
7338
36382
96457
23917
79944
2387
96420
29008
3475
79400
10327
77672
1836
17436
49198
42164
84979
95976
74839
4096
78373
74055
86808
99402
56952
34893
26902
71359
93919
8784
63372
68308
45633
13145
97159
24923
14947
49633
19572
89223
71601
47935
868
43282
87835
2703
5082
48794
18384
80287
53916
38730
8484
54784
21407
99787
26916
7842
68158
58808
27624
70860
43341
95654
38363
24813
6419
79105
71456
84786
84140
70167
76927
8434
57440
60790
50307
65159
88277
66092
36345
79820
28151
16299
53941
3774
26389
40821
48658
68315
25494
4711
37817
87611
42608
52870
11133
75416
99881
74501
27256
57377
42709
27281
29044
50469
68586
98967
89425
65093
10707
21362
76377
24327
98209
60981
12270
59689
33806
3005
91342
63736
44296
14190
96578
99948
64657
27537
27095
68718
24136
80451
86554
42148
61054
28402
8436
70712
77734
35035
216
53449
52527
14305
68207
54057
3249
34266
11416
90413
43723
93554
95784
28706
17266
97189
50350
26798
96818
73283
42835
11567
63786
76116
76845
94783
68395
67022
88645
82273
8755
64336
98676
88698
51084
46956
19936
22613
87990
13673
81033
45753
5714
20533
1955
37524
88473
23337
40531
12000
68499
69019
42860
64936
36507
31179
72687
43510
8732
65642
58239
10116
29505
90582
73885
98128
1187
96962
56254
36028
63310
84659
66596
48034
38560
98431
22430
61910
76726
23009
9245
13486
36453
61148
57936
79584
35145
42747
89440
55143
35695
76278
59353
94303
39034
34840
98629
11074
63337
40217
15270
79163
81897
20993
1255
83542
71802
26470
73510
7977
32297
11251
38505
75790
91780
64059
15408
81916
76470
56868
657
10568
77785
21429
43581
83584
23110
52520
46006
62564
27844
73400
93474
18035
25875
66047
19437
41073
38597
20828
6292
13747
13399
24233
6837
79317
49760
54981
51193
74169
99763
96283
17551
4072
39596
56459
15105
24310
63199
67456
65267
64812
24386
68669
24851
55732
28668
72622
17543
33695
26649
48430
43914
33798
30686
58356
42499
72379
28863
73812
77222
38551
32052
98155
7590
23452
67866
24271
40371
94793
27744
95262
29683
17728
4638
95813
49299
52900
5860
22937
51504
10545
80532
72300
52655
61782
47563
67785
86884
52902
45624
14744
70473
51941
6922
49921
20460
90386
76176
27152
10077
35277
54867
64117
88697
59217
29094
63027
13565
92786
3787
48634
36875
72894
44317
21209
59675
84561
45437
45342
15174
41725
92368
75651
10414
2411
35728
27666
12696
50177
13161
35254
42230
30118
45780
63636
61227
17831
50625
72608
59231
10900
17835
33075
3541
82646
63513
54100
13938
87355
77528
4919
4
57841
86597
73460
98577
13694
65669
56468
8723
9714
62983
14389
69547
5524
91787
99534
84466
21805
49266
95119
91878
49721
17016
45698
46815
34057
73732
83465
18168
62787
19436
90506
67067
97074
49555
80105
93053
26945
50821
67232
39366
6343
77635
22545
15135
70504
59504
4353
86702
50271
45466
25363
98632
70600
12619
41318
65733
75966
84002
52422
11586
15481
49685
40475
99741
26345
3165
76702
5889
40161
4420
63646
89575
23944
17794
93931
79981
13281
30466
61159
44367
29406
70540
16022
150
65345
50431
97346
72888
42228
6843
31228
36256
26773
72336
12143
65751
11573
71467
85189
44839
17100
15200
15445
58890
50710
81819
72413
64092
36651
15
16485
8641
69416
90440
15896
30392
31909
90190
2903
86573
54612
73771
43934
81822
47742
97705
32669
85647
56737
50414
82657
88724
97413
2193
81980
77889
67721
45643
10306
77711
63695
79338
40809
70250
41727
15348
55972
59472
67044
56517
44627
28187
22111
22679
31040
75127
22811
42895
88794
7
11267
70680
51282
60388
39196
53920
70988
30904
22294
90310
27456
46671
58143
6656
24216
31348
80737
22551
80301
21380
59943
90447
61944
17899
95471
38234
45056
99357
54968
67203
91665
63970
17828
45496
42058
45085
36588
76468
95370
47696
18272
94156
73938
52460
15332
7377
52251
3349
9938
31564
63795
88819
66549
89904
2133
74763
65245
17555
2315
98475
60147
44769
77638
48805
29026
26702
17099
79375
27613
27172
51397
86099
20071
50527
26073
15420
50236
72440
24962
39400
68495
34314
83019
36803
16371
88352
70075
48960
67939
2364
84115
25583
23231
43692
33279
14552
85352
13126
64369
19626
97212
18828
60003
34011
83128
20812
72148
12779
97035
72494
22432
93770
20949
46854
96316
16809
81698
47150
13024
96298
27249
29014
75044
54845
85175
18451
72976
27396
16626
28906
40251
74115
26074
3050
71375
23005
30264
79694
76613
5052
71993
87474
30470
66880
50121
66778
2424
51253
62803
82869
27550
32869
1111
68377
11854
74993
88417
16237
52543
50990
92985
68046
77977
64925
1052
16767
54908
53887
57536
58429
82380
16979
44616
57680
51348
41554
90634
88279
15813
59634
14728
41418
77669
48690
7072
14513
67635
35010
37634
1516
77069
99912
45506
77269
26512
83558
96735
80171
66561
30762
63478
72177
31656
25509
8317
56767
32706
273
406
66616
10679
43404
64682
50825
99288
45247
61344
76552
23569
49648
73977
4294
49359
95184
80464
83308
16758
9509
67001
3311
58182
75679
77390
58600
8780
6912
37394
85929
32010
1777
96793
62810
99591
2366
48688
43198
11490
32748
54418
86235
303
90119
54134
37285
16168
54620
17236
59188
30388
96454
36389
29726
53585
205
61923
33638
24862
95400
11431
92830
74844
86665
67005
44784
89240
35575
7616
91804
38655
27527
95707
28349
35638
635
32575
54042
49663
18784
15399
9295
25030
21401
29995
17699
39372
91674
97135
46706
32445
50560
74045
84029
27662
53187
62715
64465
13484
73307
8228
38976
30474
33325
93282
79931
17564
88733
70263
48013
69469
51053
50839
64261
60446
69707
28414
66611
17969
77043
49716
76426
29960
89563
17226
29381
21121
23645
46851
77085
70827
27315
20681
12485
10096
39689
23863
51770
19963
81263
52414
55097
49475
18621
98134
2587
18374
35152
66182
79303
18038
73482
10593
42611
86715
7623
66385
95317
45283
15771
61725
99240
62927
27820
11094
18660
65922
56604
7130
296
4224
44896
29746
33387
46377
84487
25563
39824
78787
42643
6416
37694
91926
7441
61044
57930
65851
25208
59743
35466
26850
59042
37955
7679
32775
47757
32427
76669
5761
9117
49537
3148
16813
96411
55110
44029
55293
44488
99093
82281
11044
95463
22407
301
49856
96707
41351
43216
19359
74104
15996
37243
10448
5433
42309
68601
95159
81188
25308
82301
78669
44602
46020
59104
78981
92390
67761
71483
63212
29565
4735
5438
55963
91610
93564
92425
56202
49815
98531
76158
47901
25133
73865
11128
40075
76022
34804
75514
95243
6253
77726
36697
35139
90910
21996
46133
69270
6903
80936
16376
705
13259
99642
80102
69149
65662
40482
29895
96619
62791
97888
71440
23089
54424
88994
1204
91607
87024
60636
35303
98911
4841
37948
66045
86015
78410
49512
97015
19101
12294
34500
23743
59143
35925
50645
68062
98947
23656
76159
60914
24211
92628
80974
80657
87114
3513
91729
10214
12948
77849
6422
56211
98400
14781
13438
72839
17199
79166
13184
85150
90703
54954
20310
91135
558
21190
6426
46100
18327
90013
28599
16347
57271
21950
86753
46834
86253
27335
54236
20685
2823
57774
41161
88658
94712
10022
58752
63512
23038
40268
76610
60460
56393
45719
24959
84116
24547
71217
61854
17959
30683
39266
60009
61296
17069
50045
88938
73028
98443
2289
875
21687
79327
68409
29929
61228
96452
97602
63783
88289
33553
62473
22997
30731
86654
9848
84308
52367
33329
24110
99736
45108
99567
88467
63967
73992
98054
30902
39440
77408
34925
45609
60307
33195
32404
5204
10261
9003
81977
44859
41258
13779
27200
29261
33722
81547
80716
36337
62768
58371
50812
84839
95460
46878
48861
19380
52161
20661
69186
91515
39163
52722
71146
43476
87858
32408
35659
23093
97374
51244
20016
50577
48549
78192
51360
22744
30332
83368
54308
73443
26881
34180
11966
57293
94024
48378
18411
67126
56148
36984
94267
68760
99156
26125
42256
68633
1664
86977
71673
38421
56006
96503
13167
86176
52140
49720
74948
16909
39217
99369
519
8625
71902
36499
10860
95709
29564
17346
25598
30940
97235
91103
96175
82715
65308
24625
9793
13520
25688
93618
5098
7551
18274
19527
35911
79225
87031
2123
18343
50944
69997
7769
30316
23952
76153
67940
60918
20184
55221
80199
9574
19594
13061
8417
88787
28864
1198
97363
68356
48486
14293
62435
51912
54391
56963
98575
94184
42289
74108
85301
71118
85135
45049
79953
63637
71191
38289
91397
42427
88886
25446
54920
54518
71475
97761
44828
86646
55289
56817
8328
3652
3253
74649
28484
40339
67550
13480
67784
42411
51263
7368
78083
89103
33495
80969
21614
4327
30373
83544
91338
42204
10959
40845
32811
61870
37296
84283
85814
91392
79424
48570
16348
50390
76449
38044
3153
41906
64659
73734
18688
89600
54890
81584
85195
60183
54596
67064
82083
15041
18672
35576
18988
71831
63787
22113
12886
45265
58459
25628
13971
49660
56237
24239
81405
12107
44942
14457
37699
51815
35883
23199
25090
35733
6757
16089
95849
18546
11824
43900
34199
87850
29880
95163
7878
89735
52857
66152
87492
8764
10040
91668
6954
1795
24466
81919
64345
70061
91995
94976
75223
63944
88260
42349
70567
64876
19695
2442
33903
3634
99744
2299
595
20763
32229
41303
68283
68878
18997
12684
45730
31967
27377
22266
55776
36183
86347
40005
22947
33559
56455
16637
96728
11098
564
42919
73409
94924
97550
44727
68403
82537
55002
98669
65088
95122
24704
31344
12304
80279
71385
31589
6952
13221
98855
87341
87624
41311
76378
49598
90206
52156
77327
10567
17904
99637
80457
64795
61284
62885
92265
2409
72754
32314
8153
53197
58485
24250
3800
73954
47149
13986
59082
23417
27606
5772
5623
4505
82948
38253
60143
21764
10634
20542
86349
84084
87444
43174
77489
12704
75469
65993
76612
52778
56498
42088
38793
16641
31528
38246
10480
76504
16701
29885
52619
57557
58850
40918
856
92134
36744
19425
37811
54572
14548
18736
8642
57481
47704
27017
2423
21727
90633
64390
74506
68168
1369
99077
31209
30785
87343
31834
96540
32014
8794
33381
39563
64272
4469
21896
24484
3381
9869
3550
40150
77665
63829
26516
57425
59796
68523
23814
12507
98763
56232
18844
74815
83440
87927
53648
49453
32301
18297
69555
42158
3015
67875
47880
24151
19888
70440
55371
92518
49629
41102
84650
30596
86717
14066
53902
3727
85302
13898
55353
28667
50433
55320
68333
68658
45889
9996
11596
15709
74150
68904
62114
26178
71936
71822
93677
83831
46166
62582
31231
57914
44822
12622
22416
26569
50540
45696
46245
84080
33839
70328
81119
70515
23205
37603
45440
75292
44475
28100
91100
31771
22978
81693
13000
92239
22858
38714
59933
19590
66915
31100
21396
97468
37022
31818
43021
74755
74137
13171
44090
41240
87607
40487
50547
29805
2581
55673
92218
39642
4510
9408
90724
89096
80668
24081
29491
97756
61568
83722
58149
36083
84630
70728
81162
24946
63053
74479
4869
2072
44966
6821
41689
62197
97736
49322
8745
24951
21073
6232
91356
70214
3433
839
58733
54002
66316
86725
4134
19447
19226
18244
99717
35117
89190
14704
84252
5935
60538
1177
68651
15450
31330
19666
5043
88165
32519
71318
90662
66130
68940
34550
5716
16948
33857
48712
81478
88767
43898
39885
30494
81525
20633
81107
54822
20910
54768
10258
70442
52720
25434
29335
5087
25931
26865
48833
83581
72475
73213
10620
37665
35392
5038
62634
49541
17055
59979
9816
41223
27467
77736
25513
35718
21157
3764
48040
9894
34649
55959
42518
29738
75209
63536
25110
82103
672
35645
89249
66416
13401
17765
85688
99944
57783
28175
28077
16313
37229
75580
11439
67595
38577
48057
41557
96430
83794
83644
26999
44535
61586
95992
32419
24130
34353
47710
79985
33332
2632
5389
27309
88449
10807
71553
36621
84187
98490
45852
67311
62176
37407
15825
31619
44401
4590
56920
26440
87784
23241
19206
85597
85774
47030
65882
43097
63141
84599
980
34434
12749
65092
55420
72183
85378
72063
16099
4926
89688
56136
31861
25986
99978
76111
39257
40572
91628
48390
47826
95774
73380
5374
19345
68695
45245
71151
36971
90117
69095
72729
51163
53733
60750
17091
78694
77441
67944
20852
24449
26154
60425
18106
66377
87800
55766
5359
96806
23680
48595
68300
32057
10925
5439
13237
24029
26769
14650
49154
61121
80551
57362
2019
18746
69083
10106
19838
3335
91704
90966
74047
7606
9747
10574
84504
95958
46009
11582
18685
5239
34487
28836
94472
34300
95190
23942
13654
85701
48472
63965
76406
95016
8094
87697
5310
78517
67291
93026
73360
71775
82285
84009
58762
25644
42469
79769
17494
28619
4110
65497
33822
49764
87218
11464
31099
40211
68708
25268
94674
7913
57253
13064
77340
1899
77039
49977
46914
64078
26181
88391
59642
48149
25991
91
37030
60389
77181
21022
48155
3797
46317
34403
86146
75553
84793
8814
10780
37942
27831
62290
32905
56484
85105
40556
41988
39971
20659
88276
39826
55465
48653
18611
71155
95232
38863
6295
18159
17217
73276
88049
51469
59462
11470
46604
66848
99836
10326
26129
2575
13526
77985
20185
55227
78506
79265
86967
59369
85527
24674
60404
98563
76939
78247
24908
5646
95944
85523
30719
86944
39236
49389
61090
82903
41103
14414
54241
34743
5385
85284
82418
7554
35978
74029
98435
9590
99764
48538
46219
5514
44681
55988
8446
93739
87853
79033
94658
80380
21103
31222
80968
39216
7263
85429
38895
13596
26302
10586
63715
7764
91345
54918
73949
90124
60615
54364
82819
87648
67098
28397
45024
11158
44678
90055
99437
67150
74252
20787
37969
411
63701
48246
25562
92107
38323
91174
44644
40095
83907
77899
67927
84668
48633
25817
8455
71884
78045
4911
8392
13876
91178
79386
78792
35206
21552
54621
80356
44119
53588
80104
39061
29594
74418
79729
18044
25475
40038
14795
97508
19451
43137
5666
83952
55830
13676
34505
62125
35429
9999
67659
10905
46403
73912
34171
80352
26900
68531
53882
144
64416
14089
13544
59825
21924
72908
50871
94108
35868
854
28851
32731
18413
11605
44904
9507
81915
83174
70611
50528
40181
86989
72234
53530
89324
99761
7531
81387
82868
46663
22052
43574
42746
35202
77096
82156
43256
45473
70038
28791
10817
35530
25839
56299
37673
17685
63171
23486
82182
27046
62426
35880
78589
2909
81449
42159
34526
53608
48273
5848
48547
40390
42298
99561
90754
51239
42501
63871
62621
74678
50342
39994
56233
94172
7971
28903
15092
84735
33771
14936
29267
369
16770
50988
98032
24779
2354
82317
27174
38614
27701
40130
28422
15904
84680
97195
14050
68247
84963
29292
69641
49372
41525
77732
39423
78912
58372
83718
70505
52954
78954
89505
31
637
90441
29994
55665
7708
61994
89798
55268
69558
16342
7520
79316
54169
56991
27356
72635
41678
69394
48780
94913
57250
29181
57374
13615
3968
24542
92535
58232
29279
75683
37623
21567
71032
2896
42630
60320
40602
6109
72458
43790
48568
15552
20169
74080
84795
7504
68340
59618
4540
42250
64542
79912
20200
22224
80553
47031
17533
67817
75910
11036
25296
8515
85041
64127
29873
57433
35909
83749
3741
55851
20975
48311
9023
34589
32634
30084
56544
27882
99572
83035
75172
79816
96340
62200
3496
64339
89773
20891
41702
1050
6633
8194
6797
57794
59842
67376
64112
26377
10344
1215
76396
49148
39612
79868
26555
78561
40961
66187
93290
5079
55574
63267
63735
57380
55159
20554
15277
40887
39879
94932
29956
62071
47956
56496
69888
33077
95325
61758
94412
7981
56056
30157
15934
5473
41060
6396
77880
31224
30064
84763
71056
12351
63205
24108
43680
93498
87706
25388
96464
57603
37920
79480
59339
3719
99903
91582
30701
53685
12088
71329
56343
6130
16667
75618
29037
24576
4334
59228
870
10841
87462
19144
12096
64539
72260
17482
67090
14430
60922
5425
5419
71635
49147
12408
33784
80313
47365
74962
81892
14072
66419
78719
1140
86438
44467
14165
88876
63354
46193
87973
34343
75019
37029
38076
96415
25967
92797
52378
79491
78077
79724
7268
5372
69802
38441
10384
28618
22890
68811
54673
60648
69754
56882
80039
45825
17462
30667
79082
50727
70297
97579
83034
32055
24955
9558
41107
86013
78330
41783
11230
55550
72649
38578
14284
60818
92829
35878
54871
82735
59480
94173
43007
58958
41148
35223
4936
44891
9285
13459
12746
61473
11264
39922
51855
2472
49055
78007
34551
55309
86391
41383
84206
32890
83175
83060
84268
92622
41221
71454
88201
46276
71807
95023
57326
45695
6628
59362
7743
59506
62705
45406
85810
56847
54669
48752
10494
36645
46681
26055
68127
41291
79673
32259
49442
42662
1159
61105
6381
7137
48621
91999
78548
38811
57882
5459
4896
18674
36118
87877
45697
71835
36006
26331
58985
25687
83924
12541
70294
78008
59391
52497
54507
19932
37247
87183
4530
31030
53331
9532
3392
79122
86089
74655
89790
1238
51417
72858
76672
56277
10986
6649
80415
35114
4305
66775
84450
22303
21925
17639
88801
11739
98776
51024
81957
98326
80116
63130
16669
2898
78003
51847
15433
72825
9743
44418
41230
68382
58522
7791
85364
89643
98273
250
63651
74403
20964
10871
60946
92108
24180
67181
6091
95160
8958
41524
8774
74142
15859
21241
94721
11287
50272
99868
14055
76660
47339
55716
63937
81626
33547
29485
91639
2005
50640
19273
27163
97085
11368
24830
22774
78109
71686
50257
9822
82669
56966
19823
84782
23881
13102
90243
4153
69433
48098
36378
81855
69938
33952
71829
26810
26554
81183
58104
45539
74863
60129
92620
53174
42738
81251
26094
4912
46410
1716
71266
54121
46885
61836
15449
80953
7196
55354
26593
97209
99820
54063
81496
52690
64047
36559
40661
99347
48290
19818
46732
20443
28457
42264
40696
78638
84340
10595
38708
38557
77661
82562
20774
46454
9712
10543
23383
34311
22730
40180
58858
21111
10471
70039
69739
53058
74224
90108
48785
5457
45831
93382
80912
86820
57791
45005
94771
92330
10121
28020
12771
68005
38257
66571
44662
15730
30966
62921
51672
64155
13461
38823
2033
5769
4209
3841
31321
69675
92933
44468
73580
51581
12131
10376
82404
33737
80368
95800
69210
15378
1905
4367
30121
96185
84983
83748
49960
87481
99647
15542
6440
65973
79434
56761
97048
17433
2175
61397
35230
76739
82011
21320
30841
55105
63158
51318
72943
96022
84528
66914
15176
40174
72619
58418
66237
51729
82545
80686
46680
37693
5969
52558
43101
59876
52815
53559
59136
37384
91267
41104
53698
93998
11151
85490
26444
22431
65643
69633
12741
30057
84530
11086
6278
54903
27458
34385
25009
22212
92939
78714
8397
73787
98513
63318
25250
14374
29886
43030
76953
28823
71607
61943
15484
99509
94974
30556
14428
52871
33611
40111
34508
8061
64489
40092
82851
58989
41186
45769
96665
86622
3891
47049
86338
4860
17576
56931
22378
47783
69128
94917
7253
52905
71009
99827
13463
88217
51197
35862
49399
98085
35469
45285
81192
79002
71851
35661
25258
47234
14367
3954
41732
82031
98140
6960
94385
22654
79747
64244
52473
54460
78886
26029
52750
58188
55727
13082
76629
81400
63490
20644
1942
25280
93403
98177
80722
37339
37651
1747
18719
23665
77846
65112
32244
32602
19845
51319
31338
6301
40920
70577
87365
36655
46070
31774
45317
3958
88775
69889
89520
3384
37515
9498
41180
98732
96511
39932
91764
5787
53093
3095
73706
70816
81139
26477
43468
9301
36048
52724
93575
83879
33216
10127
81081
89810
85286
97234
53667
66169
25832
87789
7285
44805
11348
86011
8626
94884
96747
37288
52097
76706
11396
89007
53439
91680
80408
19910
92705
21003
3248
61388
26101
50644
75166
87127
33044
25554
52212
38854
66363
99526
20764
84282
77090
90715
79995
59940
61619
26506
28211
86642
47740
73169
93360
13549
70699
52392
44225
73349
65726
54633
89891
73831
39688
62662
15694
97670
71630
97131
56531
90959
86503
69385
19736
2644
97372
25211
82916
243
61253
63057
3762
23797
83163
1487
29286
18631
81285
54315
95499
73161
55360
74027
7540
2819
97716
8057
18483
36738
37443
39384
93194
56696
69545
99074
64708
62311
5571
43559
78558
85678
41772
3837
95925
1629
4708
31274
82557
27245
99512
27329
23642
64477
45386
31235
3832
79520
30766
4436
26809
84949
60374
84332
10739
58194
61235
39877
61010
97291
24370
24283
89504
77886
59846
20507
69813
63754
7957
41512
30041
79762
95797
69414
8757
1769
10758
14745
27841
73006
44625
16898
88869
42094
16201
1009
41313
89208
4917
9696
83376
66171
50255
22931
59867
12712
71906
6218
30421
1021
95691
29373
62743
95650
67727
34566
3268
10852
88528
2906
11254
98410
88615
23913
87783
28098
92171
49750
8843
43717
94282
1912
75823
81032
54457
1121
53535
78772
79361
60458
11169
19989
5868
66437
1757
6044
52101
32198
71236
11110
5019
21905
18639
12518
21176
23833
59903
90222
74710
83889
90275
85820
8437
76907
2288
48807
56619
89819
69001
54575
62669
39403
69214
43486
11762
63767
13233
77268
58351
75121
55339
19661
91138
40773
93853
18288
12987
6105
14953
94268
2845
80194
77920
87320
14515
13147
28125
38098
78602
1113
37458
82742
46868
10958
57300
49447
71760
14096
61711
86286
16500
57246
24638
70251
96144
25190
87672
65011
93625
49687
65332
43672
89570
43564
35715
88881
20807
52382
47827
88266
42604
91081
47274
43703
75198
85856
95781
92994
26667
89982
82155
54970
46350
85641
58701
22696
86909
44508
11180
15846
91297
36002
12243
73046
2616
74368
13950
45053
75381
30200
51213
62981
10484
60963
40446
98623
38916
80130
39972
81602
17855
86880
18392
84244
31896
67321
13410
91703
78441
56974
74924
35149
65818
49005
750
44458
34579
54422
81194
15403
56495
97882
57012
22751
59403
94718
1382
8415
84191
54809
27757
73930
60576
31320
38525
2789
70721
62625
43846
90197
52940
82473
14557
88935
25942
92493
79291
71504
40248
23099
84350
88887
63445
27151
13282
72180
16978
81844
28051
73772
7837
25181
92879
15986
77988
29866
38191
79697
38007
82175
38175
56943
35113
5081
37032
73042
34287
14524
46077
94763
60528
61096
93449
89362
74854
9703
42609
75297
39778
63407
65231
19975
89082
14862
83179
1824
37221
17359
82647
82056
96383
79458
59100
9079
93851
30426
85216
58813
29936
67392
80623
64278
84383
71647
16708
70524
43270
88644
42840
15699
5893
96859
8097
54336
15004
59963
49407
41672
16625
71683
31575
58367
53782
36842
46109
52688
11558
41716
26410
60496
44397
12321
55161
56334
95191
22699
55720
58004
20657
67261
61051
24880
67048
54182
51650
42421
98473
30390
76760
17046
81722
15900
68936
66200
96467
43739
20682
35250
74024
45307
62546
41431
2565
53617
87650
61729
4771
41268
32305
676
44337
943
19587
6989
40079
37961
38447
23504
77755
16656
84199
2060
19843
18892
34736
49451
28809
52287
72481
77619
56338
60089
70153
10158
64995
57530
35915
69623
74766
51713
18434
54141
41675
45926
32238
88015
94469
93390
37217
81137
60104
8128
36427
82551
41794
31291
32543
10001
71924
16933
22642
70232
83724
32677
71994
99171
52853
79345
54992
40166
17476
74936
11663
21493
73728
56979
74960
26978
57828
56666
73878
81768
73517
8954
65483
46174
16164
75498
80093
48400
67057
76165
17764
44528
41956
6869
40873
76676
55676
95402
70406
31831
75435
99144
72
38707
25043
83188
5499
90967
15969
39270
71461
41247
49961
53606
28185
48100
94403
10944
74759
55534
11424
7199
91082
53169
9723
47187
38473
13832
19698
32834
32438
97206
13224
99195
79444
45270
80402
37891
33795
79243
78304
86124
10160
54494
71764
33126
66100
96731
7696
81049
96388
73227
98202
60340
82694
52322
3026
78663
62744
38107
67624
43954
79343
25541
3245
89193
20767
21292
68345
20769
17892
70241
61663
93963
52147
50087
73896
73194
8304
98412
18950
79242
97847
94001
29219
9631
73741
81530
7458
26236
25047
97699
74297
80735
95935
78645
77325
22110
57935
1517
70146
21857
43753
78287
40010
10000
56094
77633
68890
63288
67903
46021
91089
70403
80863
15444
80803
33648
68480
20406
40360
76587
63822
61583
4835
38991
49996
16061
30095
7911
51031
57770
60132
98030
83166
5181
40586
39253
64693
54178
63885
4308
33725
24745
68758
9252
75518
98933
3892
9217
83833
47568
96856
50609
54534
11724
60884
4824
85932
11822
35331
2306
99640
74406
74404
34613
53332
61792
15768
57058
8189
4518
89657
47615
55702
99505
92192
88214
65832
70424
77967
51555
91562
70598
58103
98964
8219
16871
27342
22
53361
98461
64367
83657
97796
96289
58791
61079
78576
14931
38192
42328
66091
79615
36977
83055
2706
14310
3166
98784
49487
86699
18102
26383
53802
54493
4559
18283
85581
18270
40952
75973
53068
50193
94523
74146
96366
51745
84501
87364
47148
27730
38799
32037
14265
49887
31897
41825
73178
82872
99731
82059
33836
47771
46940
77256
85362
17781
30987
35963
77903
31276
58909
5035
72326
71222
83990
88510
98652
10518
72848
31287
10506
40077
59651
12506
75014
69409
60023
47144
85413
91871
32290
76720
60908
37455
14385
83337
97547
11107
89678
3018
7286
44162
39963
56234
1907
45177
75423
83650
79704
55938
7084
67277
73435
48447
54217
70994
40766
87100
28499
81450
23858
61493
11691
56381
9579
15984
57231
39696
19699
4979
22258
38102
23884
26177
27326
1425
76304
19913
47763
33997
48566
24490
98380
81997
92316
25403
23394
80717
77579
44580
25252
43674
75808
84944
98120
22959
87541
89445
18207
93386
20512
5112
84057
19757
14807
44634
92968
53772
82165
32895
11335
35212
75186
75916
74467
20476
75188
48010
54360
64999
20979
4766
68982
28504
62797
81834
95972
12322
35387
31195
20212
64198
8489
28085
20369
72000
6855
81644
44038
50288
40987
75570
97893
66129
59653
56339
79736
42406
38002
79738
11090
13522
11905
50196
63030
5174
67687
26187
38802
97290
84789
90283
25995
24714
63219
1350
15207
41896
31618
32743
30530
74250
36603
68653
53047
85714
63000
24738
59122
78751
15137
90822
44262
10172
10562
62040
11758
67941
36247
35598
92624
92543
22876
49034
50985
8533
13916
582
47801
17455
14818
76233
55134
75865
23636
37906
34931
86282
9264
75278
52881
88382
96870
61155
77733
88251
23048
45845
71971
37876
15258
30499
85909
84238
62381
69484
33315
65567
94780
74556
73626
81808
4174
90684
52380
51602
74326
89183
71189
23903
50705
76130
94587
44751
15185
33133
32865
69163
61005
25726
12064
36352
65635
83728
46220
41501
52398
39645
64354
63930
13032
61962
59463
54099
61293
59447
23494
68066
81906
54085
29696
92357
87363
80578
41914
54723
28733
84699
47028
68810
36953
3081
22018
47548
95717
31708
4847
43262
52313
53675
62548
37346
53983
90546
7650
68754
45050
62488
68092
28873
52544
70919
39895
35142
58917
72250
98142
28056
2658
57802
74531
63452
26723
75604
41071
59555
11640
94198
28926
10805
43985
53373
14423
5700
68448
12385
76802
10413
11987
40242
16086
51515
29353
76981
72430
35088
83370
76467
70713
76579
42618
95942
59909
35583
77944
25831
95026
62817
23024
35093
55214
42225
95008
16456
39584
70341
38268
73948
63061
17155
46200
39784
53927
52001
36471
1521
87263
74303
53823
23255
17738
64145
15887
21877
88052
52206
15085
35241
14649
24254
51236
37331
7683
93997
4613
20199
50671
65674
7436
58978
67112
19057
18113
46747
65004
48302
72159
19372
71813
4047
88419
10434
48080
21652
72040
14526
93855
57978
72019
11940
11925
27850
49184
45886
39255
31367
33921
88627
75255
64601
88448
27222
15370
8074
51734
17571
70961
9606
78011
3908
87211
24879
69050
70298
12979
13729
43266
94719
27090
57347
39224
19063
67241
85259
75862
67596
33298
79081
64001
96159
52302
90502
12919
30616
54749
46692
89118
30751
14477
93710
21775
57381
55195
49321
16335
26510
26227
50035
67204
12651
50769
53739
98265
31427
27990
6135
61719
74784
16734
35007
84743
25627
20254
96243
94610
38043
87460
98237
42422
24750
98027
54580
9686
50743
34667
5881
22594
71712
29325
31606
38322
68425
46594
80778
65057
54485
20315
77714
63235
51916
90962
91626
86686
32151
85964
17667
17295
64370
71967
79160
48000
18840
54958
69575
44985
54295
75784
62211
66597
5913
22684
73945
79201
24968
95275
19238
49908
10738
69954
81723
54200
22181
10252
37239
93598
49544
5011
66515
3023
99287
94867
24916
3799
99084
81770
52207
53556
99186
77659
61434
36332
32654
66672
5477
55859
61661
8992
309
45873
33239
91116
22344
70529
15306
3217
86252
2279
48497
39866
75629
4496
16303
65360
29023
23737
46873
56278
96689
12912
54656
96516
36784
4148
1518
58899
25407
36786
46262
11483
30198
62973
51003
86250
93928
69439
43612
59548
56161
16876
409
54957
73312
14009
16259
71251
26647
17632
93294
53136
27438
61361
95532
79911
94325
16488
18615
61534
87960
6165
42673
72986
46228
35366
16191
37124
8135
12718
54455
81358
94622
34751
11963
88758
51074
66358
22415
91983
56735
94256
12312
58990
87532
75917
66183
75231
64002
35336
95239
40278
10605
43284
72969
66657
97286
20168
85451
49207
81100
50516
31140
55600
26927
92740
6729
65651
59493
8711
75983
43508
17220
44707
77121
49345
35954
52837
93247
90137
4560
81560
44122
89958
6568
24235
47910
58277
49603
49989
37540
50495
90838
53923
43151
14212
91916
54408
67706
36365
45565
53309
57617
17602
4136
40695
42720
79523
87724
26817
78090
9289
26670
49469
98873
97885
56210
28895
35851
51791
55081
63588
32349
5961
31270
73907
49798
33891
64716
74930
30351
66395
42432
22819
83341
19723
24514
12439
12054
22029
84531
71743
87366
23033
2077
68887
36361
65032
18609
49671
88414
76842
13541
18589
1028
35411
72340
20348
33631
97898
82231
97939
55664
47032
16597
74166
52607
13383
19104
46891
85876
90583
63248
67275
80948
65853
76173
29668
88350
50198
88932
33924
31182
17913
54843
64455
3239
21496
69051
52056
60845
51785
15903
19601
1910
12828
3929
72630
64321
83610
56391
92434
84865
14600
82250
38305
34616
67950
3922
84095
21017
33622
60181
93612
35959
47644
45163
58362
41949
78611
52886
55363
38355
55832
55317
60471
14653
64763
65670
63182
73439
1254
94163
56653
3090
74091
46519
30507
5013
97251
72178
3195
9867
42549
77258
69985
83065
49411
62457
78255
18613
57984
95176
37607
88705
73481
33689
5012
92260
73345
1387
7645
93804
98592
62113
1897
93100
27696
70725
84011
28948
37650
19194
68442
27136
71231
32733
17814
89977
35305
30808
82040
63968
82428
86777
58713
20376
76098
13314
9193
29296
80807
99000
3228
10060
19235
99061
3318
4005
87376
61901
94762
51278
40466
51478
31123
80916
86117
74541
83825
83864
18455
11048
43747
12980
5010
753
75068
2356
35709
32755
99168
60151
87659
27574
91586
72515
16731
69058
96895
54281
6027
45721
91574
21724
47920
45254
69380
14994
74134
59293
15297
54436
65150
8292
37867
35560
96048
10491
66577
21040
49653
48636
6518
66116
42270
34065
42207
89769
78305
62084
78572
24507
9331
51965
4596
68676
51380
88592
5164
60725
26057
99263
39170
24498
79803
12284
9727
56606
23934
19202
72344
30478
35948
23134
24558
30252
14362
52243
71575
18827
32814
19271
3431
61700
54065
26363
86098
20560
91897
50723
49987
19598
39545
47991
72641
87747
61310
39956
87911
57303
16068
5283
2618
44092
73785
51028
27508
89250
97098
47662
1555
8722
5653
79839
49869
81689
70583
8451
10666
66741
40634
53005
6839
83525
69179
31613
73141
63765
92005
76683
73326
90823
59131
23128
67410
5745
83315
47685
35525
80745
44537
51566
4467
26369
61932
66085
5480
59775
94010
69649
61961
83826
95271
43529
74057
12673
71406
76123
94864
65034
1214
24529
79592
58611
33391
48628
37045
75043
83515
76257
21539
43134
43732
76617
29736
49027
43805
24816
32374
2309
18860
86330
53917
88122
46616
7498
72046
11010
37099
61998
51744
5614
11564
90057
8360
74604
26456
93703
36391
72816
20760
76791
34380
39712
18021
68329
93657
79593
88454
68132
94850
26282
7323
56352
14917
62399
68749
34080
31370
92798
97868
68306
42487
77710
43963
2223
27817
38227
78895
77990
73845
4133
80284
5167
26690
21508
6940
33905
56542
96777
30866
7183
21736
90908
68114
4998
22206
79887
68772
61262
64583
61983
75018
87262
95567
10716
319
81895
59538
49062
64988
79780
52359
50970
61436
85694
98174
37189
3198
40172
76031
27595
88535
20138
4516
11447
83435
99621
61715
41219
68025
41571
65691
89411
12369
20793
89385
77045
15919
86386
21832
76144
59047
19811
58878
43850
22930
6299
83190
59744
56305
50091
51141
7250
17397
21744
98009
45749
49300
27234
96059
65155
26034
81858
32283
11244
82277
7524
46130
35309
78542
93603
47502
56892
57225
69761
69207
53765
89860
8601
29358
91989
29743
6909
59534
24915
1859
83977
43239
98528
13784
32288
56912
72821
92301
20602
81124
4201
81369
36154
48366
46302
12367
20504
79639
36988
1042
89039
60557
8788
9249
75831
47029
91602
97072
22021
71922
70056
78210
31500
75874
70785
77582
91516
63774
73459
72142
64269
1194
56821
66565
16513
59396
40647
20451
34115
8806
2664
22759
73634
91131
4806
37606
23355
59483
98026
3412
32127
20536
8024
15579
58576
34020
9626
86853
80939
22074
46402
23309
92924
70372
23388
92212
31096
10066
94395
34955
98298
17161
59459
98425
74489
95626
53914
46339
86328
1192
32790
19079
69436
63817
50585
6090
61536
97916
34042
25822
5160
3888
31446
15700
61352
39577
82099
97676
16316
84903
76017
39340
66435
42936
90455
41682
98823
80780
49403
17149
95165
42644
62237
48352
99138
73199
82078
70344
1868
15778
68203
50291
70487
7802
42892
85832
30810
30051
29153
50465
8216
83433
14095
9986
51046
40667
36524
95768
40545
90845
26633
3931
71346
13068
56230
72730
65737
92208
79877
78891
31841
80684
14312
18990
6438
85295
72253
34140
81905
90688
55021
19294
31417
33386
23283
7468
48745
75083
33604
15519
62647
36111
24718
87066
35198
5201
48096
62440
8340
11876
30273
31122
7583
23328
10282
45518
63578
54131
18422
87224
26063
25468
87785
96139
49966
20631
30718
84801
28966
62835
69767
83011
32906
17172
83564
47075
43148
14785
50543
5096
22880
97024
94242
91664
99229
25514
94639
32230
80224
24534
92598
71661
62530
93362
55955
38025
5902
85709
36319
44608
22064
32517
5418
63746
4382
10504
12889
8151
33660
52862
93090
24971
58811
46503
93642
25347
69232
73336
2763
56686
54107
44256
56124
25145
93942
79189
75894
26334
46197
38671
99860
56029
28136
14346
18809
27293
44979
22362
64694
22926
84290
48039
31113
73041
72934
14060
21930
92953
87902
58487
63907
99435
89300
68509
62156
97558
60556
36317
31380
55712
89641
25597
62653
76372
30726
50346
31735
45853
9760
75598
34569
33939
96927
56413
77076
10335
3323
59988
2602
96130
62840
58699
51324
73097
96985
67212
68691
68530
98799
58051
50535
17595
97479
18416
7123
12015
63092
1134
67670
94882
74998
32892
56103
56502
90750
2110
73054
44340
76712
84016
688
41178
82218
56435
70589
29338
8011
42299
24040
45972
14700
68189
7538
87508
34936
40682
4003
52756
23264
6831
90313
37725
65637
76118
39443
35480
58615
71158
96201
58550
63350
29893
11000
80590
67895
70324
89474
75546
48043
2343
32800
98746
10920
9116
48201
94272
11367
36186
14013
4714
72577
67164
47912
27404
28049
93877
94273
75467
48981
87491
90708
60130
65878
61615
19939
74723
42012
32333
55393
20326
7941
75205
47695
4041
61272
17956
35248
49786
47200
9201
69934
25716
59853
41670
43040
46272
76333
25603
21041
6777
76420
8749
76502
56844
15724
82632
6569
33277
45611
54437
56146
3597
21474
52748
30407
3282
7506
38809
97192
46790
32478
29000
85552
94011
97616
46763
22260
50233
13433
63863
78668
50740
62704
78390
55019
69530
79628
89110
45593
39173
29356
3456
24295
52437
78828
74550
22790
4206
76019
79181
70776
3432
21782
87227
19115
80744
46243
28773
3826
91783
14611
8048
36518
37704
74313
67863
95313
27830
22164
92295
54213
37594
10231
35128
45166
57973
5109
33785
13657
86267
35656
83411
92637
67418
82741
24860
53700
75750
49595
43883
56801
3470
28032
70116
44106
68958
40530
73680
81080
36312
65968
65761
13337
79503
57522
93138
39547
5064
56795
2882
30379
57113
84612
29472
19109
95634
72169
77475
98558
3678
38627
10549
61255
50530
97075
57505
3417
13608
18269
82567
1790
95981
58406
8852
74595
51982
69145
17885
58624
57372
17991
27352
41270
12844
45666
59055
84652
6233
99008
27945
48766
46341
76178
63872
91676
89487
2674
76003
18693
4705
84294
87201
96913
64301
98286
43515
19768
92025
27190
69505
10474
67335
78153
90514
26435
49370
72228
91159
54237
13794
43789
79482
40644
1735
4427
29639
93780
922
71863
47082
49930
6591
16232
34004
41742
91671
36016
87914
92642
82702
46746
43019
13513
41592
21224
79602
81120
42141
25147
1349
48932
90773
82074
76181
76024
5450
34799
23318
25031
10981
72854
21674
57622
38496
95894
36336
8640
13695
45592
30549
26150
21528
22954
24808
85589
39280
48258
64388
18137
28057
12650
18543
94071
95964
69584
65808
9210
19170
92603
55129
2747
89897
22182
86993
46926
74097
57857
12569
10908
58588
74601
90282
82216
93626
76780
31281
96887
70767
38066
79660
34963
47717
48388
22934
37866
69507
8318
69713
58846
64236
62941
64184
98569
14686
69298
21191
62038
46831
94499
5869
3883
50675
39141
93616
91487
44489
56335
95123
26891
88210
22940
58952
43238
62551
97295
59455
10056
33172
10183
19327
15838
65210
60138
89529
84535
32328
35903
17488
25778
97997
89005
44750
44652
22509
7421
17672
63164
41013
16633
49657
67251
60699
38171
57892
31241
31268
98836
30375
96552
7786
95543
78528
7034
93030
23524
56076
5698
81864
49636
82538
98858
12730
69064
46907
59318
78526
32020
84976
42864
90391
2256
30807
27364
49701
57801
90080
45930
72917
36030
50691
31875
63417
41320
24696
61804
44938
99352
33441
85651
97766
68668
30394
52840
19623
64399
80023
46418
36849
30591
15952
56068
89932
92545
65354
12605
46932
34035
30005
8727
2946
77275
34954
13130
50485
27838
95063
79802
90145
97513
74393
13791
84001
45371
48332
95801
92811
76866
40922
84721
67138
47939
35253
66945
69361
63971
85400
81988
54877
26321
40320
7740
27780
86584
57198
23306
10280
75849
51461
59747
51067
24538
59684
50438
16002
41741
7986
50523
21309
6598
6092
63755
5539
4828
52754
98854
5918
29155
63983
17222
64868
52802
60952
93605
77921
7074
78275
65641
82220
7227
82213
38763
10795
22529
61487
40194
74505
71887
27824
95345
7037
83695
3946
46304
9930
55296
66474
51546
83119
6492
85799
30691
71497
34984
47124
96646
42765
72165
6170
37701
99308
39401
34439
3309
43535
21053
55684
92974
48731
54097
6682
1934
52087
23986
11541
82363
29278
82364
69496
63932
47754
5932
37894
74175
10699
88892
28749
74558
67590
81062
28546
91257
62668
53752
36591
99941
18735
34274
75332
18703
19015
77514
85254
88925
32425
76551
87630
18186
54636
655
64569
90245
24212
19232
18133
67861
53140
69961
38542
24494
10896
98123
41591
33224
17124
42471
88572
1179
1191
79721
38380
12007
91227
23243
63349
80371
56724
86087
782
28617
99582
61102
12168
19459
68979
17861
36265
29011
78371
13006
23691
16219
26890
41133
90617
21461
79642
40784
11995
26003
58663
44510
2750
11207
74607
84194
97639
77686
21829
26784
5917
82856
10856
81379
86963
91111
2769
63848
94308
76946
49225
89814
32908
21244
62297
47900
213
19483
34078
9288
42739
37389
53973
4815
15756
10247
86142
90547
25394
41460
27646
60676
77001
51194
93629
15589
43937
47690
75432
91967
31646
28204
51781
67555
71015
1806
88288
99196
91320
76002
20701
19399
20727
90437
12502
26285
7327
72406
38186
58225
77891
55229
23907
66053
14880
78911
42079
24540
28779
5732
74039
14257
46479
50761
33022
68068
16267
31457
2088
40524
77385
24536
16826
71756
40980
63780
47769
96931
84823
47780
94235
5596
61304
39849
48802
83540
44116
47897
81456
13344
29618
87089
96858
30133
20796
13311
32757
48995
79685
88688
79813
12777
53511
16621
52839
53279
31401
77722
12395
4464
38241
3216
71580
10578
6694
83161
30456
59121
76633
93892
22450
53297
98635
3746
66768
13749
64571
23262
48917
77117
44519
8222
76448
47294
89161
97354
2292
43550
74588
11609
15075
53574
25552
78843
97092
49129
47162
91779
14968
53640
36129
9573
61840
16198
12277
2564
81865
84717
34698
5510
53314
58460
51538
25523
16049
93636
55487
90528
66365
51064
55928
4259
29127
86559
90017
59702
80252
84777
43310
13777
57844
57771
48985
36940
77578
88953
14468
7930
90379
47476
70754
52810
63225
9007
84227
63338
60814
55294
3494
16172
42350
18370
10094
49572
38732
1197
52011
43010
40617
34119
74323
85176
45041
6819
61132
77040
55187
52157
95720
58838
9882
12176
51290
29318
42376
46534
71010
10068
13018
76007
19529
86738
75529
34295
41276
60101
86185
40394
51519
18920
16119
60361
52412
26384
26861
8386
32495
76025
66036
32639
30768
64478
39613
26749
61297
45137
74208
16194
54923
95810
63108
68536
20568
99161
71445
6355
13074
38623
59518
69317
56712
6373
23216
41595
89724
63866
73197
12928
36045
9214
96116
94756
2449
94255
29088
28122
88385
18385
85103
82598
68587
79364
54054
79159
94283
8349
73206
53440
56213
7546
90488
31512
92045
32424
63394
96577
26607
56123
9420
74019
33526
84267
3778
95224
95240
52105
21871
95357
48069
75093
88314
39554
65881
59010
33345
58496
77123
7346
48078
8773
90681
97150
36058
48727
59640
15053
73531
66716
65082
37417
45069
20571
74795
71545
14053
3617
47214
33919
40337
81060
60864
69290
201
70358
74749
31425
4257
19384
44112
46624
65585
35945
40182
38705
8629
2408
55458
42381
2761
945
57415
99916
34495
26625
26478
90641
85374
83906
60680
90370
6520
56582
64285
46249
47102
83044
83187
11555
35235
34882
91220
34717
7054
10159
44646
55879
20223
80163
57499
52614
77274
78790
55286
68262
50227
67198
20541
32099
75306
47859
76648
4461
64739
30241
54935
11785
36554
53778
80468
35205
73668
68131
6812
98283
45102
2255
26489
52975
12535
63964
90567
35262
65404
21347
22580
71552
8363
25923
34423
23257
69255
38590
93903
25529
92600
97380
20162
92882
95338
56128
77621
63624
95434
48708
725
13926
77533
38765
87192
50656
19752
18871
11179
75264
92385
39215
24415
5667
97031
85677
20926
96445
5608
68249
60541
20321
43733
46686
4650
11602
10206
59488
87014
87984
24780
78072
51754
45632
28156
59061
60984
70719
46447
71519
58884
31704
30760
56996
23562
4337
42290
39539
36145
59475
55312
69868
88383
15634
724
46297
76077
74838
15648
45271
62172
36131
95984
90252
70841
64829
92429
84441
4597
11575
21605
13010
33995
5005
53266
48816
54113
85818
76096
50152
66444
88684
15195
87220
68160
13659
47481
41929
8319
98826
45621
34237
63298
47699
92826
82945
87075
14892
2109
50906
94900
56734
54435
13501
28826
72305
68142
33516
83836
71142
60720
17160
97060
20202
59929
36093
14920
55687
65701
21645
9428
39211
97042
88747
6428
63383
95975
81480
78593
12151
230
39698
92348
58113
58038
31230
59007
90569
22458
79547
45061
50185
22290
63922
65672
75046
9716
8589
42055
28335
50874
92417
46268
3270
2457
66197
67414
10995
91016
59974
21529
32578
74335
24929
456
60969
22666
48171
83851
10714
38391
61018
27629
19722
90438
93094
97248
85228
24580
88631
71038
84420
71840
43756
6314
31384
57258
66512
72779
47687
6225
97709
66375
62459
90490
63537
2673
36879
28804
97856
30311
18911
78421
58361
13437
34126
95086
93778
33641
41618
99371
61323
59162
82623
66648
57944
67792
91272
9089
387
77597
58148
1379
54542
84537
67373
67920
16243
3202
45000
71711
90481
88084
73325
44924
51651
30694
34068
70106
88145
76540
87861
80907
53166
2201
19246
4448
5290
75428
69245
65363
79535
94611
45784
41537
78038
86123
57152
98045
77449
30312
98767
80848
55394
35994
73577
65589
73515
10211
45427
32662
85093
3758
6782
81548
79423
48449
82352
27977
80554
69860
17501
25881
88949
93519
54406
21856
73347
83024
49130
42944
15888
5770
78665
54371
44720
19106
36811
3184
19748
184
77555
63758
84276
4963
24157
94401
32159
781
85125
93523
65460
46697
66532
51808
28179
61401
93114
53831
58095
17070
95429
76833
55835
73624
17465
94726
28284
73238
78052
91510
3692
63880
11334
72448
87627
60799
37963
33734
24758
84596
38562
81327
18953
62503
46648
53264
55088
17239
6727
81515
73636
53102
21822
91033
9171
94979
31776
72518
16003
2455
7783
90852
94294
91850
7443
36677
92422
25138
6513
66473
61704
29250
80311
99323
41341
81436
97542
48271
82188
87545
98241
55833
55306
91420
17536
17736
35846
31842
9382
17740
53879
7108
19891
53159
95869
1477
85833
18985
24258
29516
86059
19986
21237
2895
34087
35293
30882
70221
57595
39968
48513
69020
88579
52989
64308
60279
63567
65782
96873
33877
62364
76492
20880
1717
94949
20878
30586
23291
35964
22091
68443
52594
52165
50159
56900
81391
78379
62615
38607
46372
99738
71843
99815
3367
8353
20652
78680
67938
64899
88140
42145
21876
36192
49670
8179
22434
1744
34441
99463
57829
88951
56993
91366
93451
98940
79045
88883
88551
54273
13397
44278
47376
65226
18785
53371
69234
43269
38279
52345
7686
34997
73856
18641
88080
14865
46032
36309
34252
68961
47093
65762
3408
15101
3227
2061
80430
55337
22298
48221
97229
57108
88264
65037
89098
70975
32103
97802
8925
32026
10297
53721
93106
29134
89558
39143
49547
72702
41589
11324
92009
53017
96944
97012
44034
11601
1729
26689
91173
52782
23616
40458
97506
81670
46204
39772
84326
28560
73079
49842
99374
55166
46488
38064
44348
63855
79116
55627
44035
63586
81309
79941
76600
67728
89725
96486
24158
19760
51006
15336
16997
78518
98825
60786
71040
97632
69333
14646
63733
24231
22033
2252
77032
71950
16256
13037
10753
47957
69346
23117
22240
78317
84156
73052
82921
17942
21639
21061
24957
32823
72666
85578
74853
94919
81473
42678
60377
78516
10930
11441
76808
52117
56906
39462
22060
60772
50738
78217
38435
6449
82666
79556
39628
14991
60675
64969
77810
13105
66283
84929
76146
74776
51520
3426
17816
13284
67623
19728
71991
27145
32207
45082
67692
51199
17797
29702
46374
88986
89562
37141
63332
6180
81133
41875
84050
53434
57309
66243
747
53009
80734
77260
4948
65539
82114
33951
48788
31824
49463
62012
95971
60888
78220
72121
93649
2977
15604
11786
19792
93968
23756
54189
2987
19566
3785
58084
15494
46229
98359
81203
70222
57587
33334
46789
36040
20133
13955
84452
74874
48213
31006
45207
51870
14602
26834
9248
68913
19498
88083
96836
43290
19557
89130
45179
84229
42223
62283
10409
33663
13321
70643
98097
91006
75062
14186
83002
78353
83158
58927
17294
69935
22190
51407
10055
85751
29993
38340
68598
22948
61847
80272
20284
98039
23991
73584
31860
4227
95764
204
39862
47161
47042
27600
90433
97326
8282
19193
69405
81917
95696
42950
44086
17233
7719
20919
11695
30561
78846
92189
4846
83449
21288
17636
51856
3231
80587
55805
96730
52450
43958
2460
7714
29347
77298
11463
78246
94315
94983
46213
50717
18650
47996
30298
53077
37118
39387
94498
96899
29473
64027
59123
88913
67461
46473
80536
22288
8510
1359
47113
27339
55053
85475
7630
60251
2969
86141
21060
34220
57349
68260
28082
28278
32963
38839
59587
10919
37527
43191
1287
64507
28157
28341
86411
23135
44806
43827
68460
32376
79788
40940
83363
10303
5668
22634
43093
44733
70859
11989
33664
58546
62295
64123
41730
84310
36369
73547
60670
38712
50876
97607
84342
62167
13334
65138
57755
5083
68085
32756
29439
63357
98583
47972
7413
88555
71572
44512
91439
19791
86827
75155
3780
1719
23594
24002
58819
77159
19066
54275
50813
50804
63209
75147
17269
83560
71526
73066
49042
57634
59756
26344
98653
33949
21
17320
96756
1288
22584
98110
47582
54412
16868
43335
55863
97333
60073
60970
62427
10164
93694
21957
2010
1395
37932
67374
31390
28027
82524
12329
8734
60849
60145
87087
17519
20550
53233
72563
20610
99259
94627
32212
82900
11574
94441
9070
54151
64917
30192
1454
64391
93724
30050
68778
37232
18754
53974
12862
5125
61817
16224
71084
20830
50335
44081
75940
41593
72362
20909
35671
4542
85253
33036
267
59906
66644
40726
24792
54267
72874
38433
37051
84334
34340
93646
46995
70256
37170
72138
4881
42343
94374
9818
69625
6420
32682
40440
81538
9672
36985
57345
21963
89176
82944
65554
39072
84182
32607
78348
51818
2863
52704
66028
65181
9504
65018
2243
79923
3106
5271
70828
274
59884
14194
77948
20250
10528
93219
72855
36340
50632
91720
71443
9223
75148
72863
18737
34669
56526
48710
78413
33338
40777
10978
83051
8525
46004
35993
25182
23900
89284
43096
1246
50701
32554
61767
32465
67195
72751
33609
20972
58511
30740
34098
19931
85745
4183
79515
29582
20354
41968
62667
36646
40605
75648
72277
83054
74670
206
81397
27877
50519
8700
70870
34905
57190
67500
71479
67200
19010
36529
51695
49584
18157
15894
74500
78562
65800
26836
27650
17879
21772
84584
16525
10790
96520
44163
88537
38665
53082
52559
15937
99257
88911
61007
43771
66330
92374
82877
86587
29822
60663
51662
80812
30521
24077
98370
94051
69483
23933
83672
10639
86068
59540
38543
61008
66605
6318
73179
90156
7712
23006
11561
98170
45728
38046
8606
95227
41108
19977
77457
48732
17656
83278
11454
39661
54757
18526
52660
74474
81425
62256
35983
47298
82146
55213
50262
33221
94479
59934
24209
12937
40138
76157
3558
62024
58656
12237
27937
81854
85427
77779
75284
93124
64452
81108
17611
75461
6526
8156
44227
76894
68847
1523
20552
27739
63722
66719
38897
50073
87350
84808
15077
4687
42729
41166
98398
50324
83815
38273
16549
77302
98783
72974
36148
66207
48975
20272
88852
2263
12716
30916
55392
96966
13355
87162
50648
80182
77099
82101
27875
93078
81662
99045
10487
17370
86092
53961
74306
22153
53260
48537
10937
15095
66090
66856
86533
10668
46326
19122
66342
35772
24485
9649
50404
6412
42490
47508
11634
52462
52445
16587
63195
34951
22895
68318
39327
48511
51132
47423
23885
11361
52777
78039
22247
66592
28189
69632
86406
9815
44950
60121
71449
53429
67775
19739
34626
96233
65715
92202
58500
34747
62815
47002
66080
27949
68181
2959
2068
72568
73867
78957
50047
71269
51574
37442
71789
54118
49422
46296
11813
75207
3981
15015
30328
24221
44933
66387
82332
91250
11916
44123
86751
15158
33167
15770
95032
44945
26543
22418
92791
16730
78802
12422
84766
98309
55
92700
26032
23190
83260
74600
62786
41170
79866
68507
62192
19208
48531
27607
41710
62389
61346
5039
41490
25444
94136
10924
55751
45192
11589
10627
69258
46493
38220
21964
60998
55657
17848
53939
43517
80646
95631
5341
22624
2048
32090
16739
60019
16764
8301
57343
61672
49915
94292
52246
15513
77389
97638
75365
57823
62216
26684
93673
17966
46180
90068
71234
78848
59695
24874
36856
90709
66317
57706
28388
66401
7960
34175
8882
78040
88928
13036
53228
8511
51762
78476
34071
52488
32087
43301
28658
23826
87035
56407
39737
92696
19096
51090
93783
80187
27119
92646
85308
95748
68999
62708
7610
69142
16841
46760
87041
23765
20191
86507
48244
32896
74895
85229
33841
97696
93284
22757
36130
40306
90263
74912
21146
69931
25747
16707
20626
24104
81136
4686
92922
82634
26337
68357
27338
63347
39786
23345
78002
97772
30439
47334
40442
99636
99254
23426
11210
31758
47762
41442
88226
95604
27528
2725
42830
83925
37678
29632
15456
52348
45707
86096
81089
51534
45079
27444
42966
75195
26326
42610
8159
5346
5858
92457
95108
47139
29839
36983
71664
41634
68021
24938
31244
79339
93784
99747
5037
26272
36830
23234
23611
86756
81861
31958
30304
46436
4086
36539
83412
17596
63009
89551
1106
66303
65183
9865
29345
69021
72674
88126
39976
2104
11689
68258
80286
28508
71183
17272
68411
75636
36174
13312
4268
31805
45256
41257
11071
79447
16263
89460
57238
79895
20233
2190
74444
32773
12820
30053
16681
66412
41096
61182
42654
56967
63906
85857
4471
42839
67381
9112
62823
57165
44100
1482
71280
59513
71875
25376
97564
30071
63719
66528
26797
41891
66234
87480
94656
31644
26131
53413
52479
91286
1978
27706
73288
68993
79118
92328
37571
92051
85639
47660
41030
73558
56573
24944
94157
82985
35988
92182
7298
58564
29043
17176
50734
73171
47459
91311
40630
60942
36737
44762
94097
73861
76435
74441
27051
10195
7331
61953
10228
58502
68827
83495
67220
47217
23932
97778
83049
62737
50169
7887
42910
77189
80992
16880
24844
95098
5719
81076
85148
16668
13939
60164
52363
29015
27621
39561
75355
38040
20204
652
75320
16320
56354
54782
71823
56414
88472
21705
77625
99774
25071
52323
40580
33503
85138
73204
52386
25383
44838
87804
95234
74862
67154
33879
78408
20060
41912
93706
95932
57384
66994
96881
84613
30030
44229
94492
90935
42174
64875
89658
20255
79247
95277
37411
30217
91509
75662
74692
71088
6334
79789
22367
41269
78241
15581
44000
49215
52145
98220
56089
34316
60816
56688
66955
50606
79668
81296
68261
33694
91459
15388
52220
92688
40760
32771
23272
8919
42119
86881
5056
82162
97746
40392
12474
15832
44852
33410
73970
47129
79205
38796
50879
80439
52530
57449
13767
27305
52919
85450
30962
6056
25262
54783
61646
47603
46022
18026
91541
77805
51085
43711
82316
8468
46050
80719
34278
12630
58650
1496
90182
75193
56533
37953
38386
58185
17452
6269
29566
14750
45465
65971
5051
15810
35270
17268
4767
98219
26184
65864
45969
65174
18253
54817
33758
88426
10230
44266
65895
21810
61826
85333
22133
51238
29779
54684
60065
56945
27941
25183
49409
71583
26755
59195
74178
31946
53259
58324
68880
62579
55460
23796
98899
10541
30536
87107
21663
65591
70078
67092
16942
19488
34813
76035
4768
30277
43111
96211
84371
41801
27178
46380
13776
265
61986
96456
22656
11659
88817
54594
33675
55577
85129
81953
78747
92188
57053
90686
55852
59216
71663
3903
44150
58874
80873
16663
46502
3911
83066
50062
1080
3137
16395
10820
64297
43538
77668
24563
4146
78434
40919
29071
34032
26064
74864
45472
18593
96304
37962
5736
76619
59893
28251
13348
87368
65503
3592
85773
92769
84776
28887
54788
57263
9648
37070
5883
54819
59179
47531
488
64689
24155
28582
92542
25617
42680
99378
39891
28687
38065
54400
71837
16684
22590
46970
74518
14736
83869
50455
69778
63843
71128
83899
74520
27127
27211
73243
87270
33335
81634
40878
1117
51184
10972
32704
16116
31726
3017
17963
83980
50269
7461
71360
98432
99193
40066
74617
78583
47209
2015
20139
72473
29851
54247
47181
34976
44128
19197
40468
90707
91434
81664
93276
27572
64077
98121
46252
32753
67472
14289
51331
50146
81455
28774
72049
89603
58204
9152
84061
59034
21299
44382
73098
37869
55530
99026
16487
57997
67073
19052
85236
16331
67657
36065
43063
36288
90580
48369
92275
155
63809
62092
35226
22620
93380
13574
53994
9302
16615
20192
69082
28107
25984
30383
12397
95776
43670
88128
63510
97754
56473
95124
1544
60711
67008
89359
19857
38889
39515
9481
29721
44845
43502
95147
36284
98486
18445
75689
55790
87907
88045
97213
80052
42111
76321
8983
37110
11597
68239
98806
72190
81109
32458
68955
63415
43981
42114
4553
72802
92691
6803
6188
46597
27978
34541
53262
77495
7573
41084
77885
62328
7141
86475
33219
45229
49924
51068
31950
34303
69703
78733
48842
34293
91743
70531
49875
13579
97457
77237
24424
30985
18117
50287
98056
84223
28615
34567
81686
53277
30910
57455
59896
17418
20340
86693
65119
71719
31302
23727
6996
65693
84597
6171
8198
38445
41911
58236
1300
26693
4132
75329
42347
44096
39821
43075
13949
51823
17976
43677
16563
96752
74475
30999
78608
19775
18173
93349
95431
72633
24731
61647
1091
12085
20947
68948
35917
76675
34049
18166
16358
45198
41121
57482
35630
57691
2401
56592
24446
58507
41394
52184
7457
60632
141
54679
8513
9083
77127
57172
85922
39553
60394
19840
67368
42927
22882
10840
83505
9431
97646
99173
99028
31329
2630
92018
59290
17704
20394
30977
14538
732
38526
93147
46338
58832
33210
12207
83765
48382
65198
79968
94881
84019
65618
73939
56840
61702
10865
80640
21042
9129
53848
63666
33270
95686
67842
93815
59304
31719
159
59183
7721
87976
92383
49803
98700
57735
34099
45607
28709
92129
6632
94423
44791
1124
3169
3063
60319
33848
6524
19159
58593
78164
83287
23177
3074
5645
3681
65188
32477
96553
43435
39748
25707
58723
50129
65700
38364
44741
4751
72077
50741
94468
55000
54197
53999
98227
96230
91312
94300
48255
94057
96952
23055
66879
62196
79932
90037
52420
38309
66204
88191
5609
37639
16606
30352
65496
49590
98523
29808
52627
8076
22388
60215
57763
35820
46510
16063
19644
51275
36430
6046
14829
48095
38038
58848
31616
14501
64772
84474
79684
97014
7731
19377
1549
23724
51320
93210
67536
93785
17398
86201
25673
53727
28882
55100
49656
4940
95904
41861
76475
94419
42182
8861
21436
55264
14645
47357
88500
14612
13346
51649
60203
11213
78481
17159
2631
88503
27070
49025
57721
12500
90
3209
74428
81353
33703
92157
96393
75964
17028
20215
10262
16338
69280
27266
35313
21776
83705
24757
59715
10102
36113
69332
59818
94991
15878
46900
1210
17386
47733
16649
22902
78750
42955
98035
49668
61294
88633
67897
83245
54515
95955
16278
15337
60149
25020
5573
24566
72525
30454
50244
80443
59149
62255
82818
23228
63442
75899
27153
14083
84940
21503
83284
71605
96508
55384
55433
6117
77200
59742
2106
24985
92892
396
67344
66671
18768
26920
32164
84911
11549
11457
48921
68265
32016
87430
29062
45573
23914
91504
99114
99605
61892
81710
34442
77444
77459
48849
78243
42322
54337
59600
37484
34819
79822
16738
82441
37042
3967
26078
6700
68607
74285
26352
11313
86866
12259
82460
49455
71037
12842
71176
63419
9753
42621
79560
58528
74684
38528
56934
40262
48468
73451
3971
32064
14879
76567
20932
65214
7713
57026
89199
63661
10038
82141
51891
36182
80250
79053
79411
33845
31747
62076
21870
77492
33089
16045
48209
10175
84751
43082
65449
90415
10690
17381
51769
68512
95298
23849
59187
85380
16859
180
12961
2997
91974
50115
52747
15453
5578
89945
36462
76740
90689
98661
69488
65002
66670
86384
79332
97453
77477
70360
40869
60674
66149
54352
23412
12595
29744
24499
20014
93577
71773
75208
49131
46345
95255
99011
45791
52441
12530
68699
81240
10178
45352
92186
9620
59563
65869
43690
64068
7751
18590
56434
32983
92788
10300
78699
8527
91971
23905
97770
47765
99942
28459
33502
92656
53518
84482
14597
15623
22838
59044
32347
5284
75616
60589
53091
95502
95097
9277
35
71511
45885
42307
85720
58350
17631
91074
20419
44787
34944
93116
21592
27336
32604
57294
41072
85790
73274
97099
10451
14371
2582
62437
94432
39542
4052
3776
51041
51835
6187
17328
43503
75565
34325
83863
89674
74332
99957
87694
93628
31450
23705
53835
37150
12488
1150
80543
45431
39898
12013
97041
71983
55028
13609
88987
57027
19896
24864
98266
7572
23336
51115
77387
8741
10039
77270
9015
6901
40935
97687
32764
19743
57230
55380
51326
89146
76190
98780
11083
44709
82693
24836
50157
60438
13873
43038
39990
54839
74269
68711
38735
74679
43906
61193
50964
82150
71584
22398
123
12217
84615
80471
80333
90158
27578
62977
50074
53035
17580
113
41093
60873
68572
11767
92180
67279
23410
38512
16344
75984
33888
3314
73617
84152
66958
41883
60559
56406
28849
85999
64598
68570
86949
99286
76829
72640
42690
47839
80159
71723
52368
13483
63282
79531
35487
82203
61560
3034
20624
82147
93759
49391
4398
27608
25321
42748
49851
70805
70143
4028
36594
91182
93086
77286
95112
9319
82772
35519
1975
19443
42106
79193
83149
71377
34482
49175
84200
80030
65779
45121
17265
57411
17327
43702
26481
21568
14761
77724
85883
79354
19011
30830
1208
69194
81847
1970
85094
61445
46742
88325
40616
806
90111
3271
94266
61834
18958
3539
52847
79379
60088
58842
8959
29416
19631
54244
22496
10572
64922
53523
42485
48090
43081
43200
69520
52536
5464
55045
69074
3585
45838
64333
55601
61618
85024
29741
79055
21513
17158
63243
75145
52008
39777
4158
57274
77227
61569
42321
71891
59707
97177
55592
9820
30140
36639
75972
49337
38020
71143
55754
43641
78284
54269
50138
48830
71295
88498
72072
25372
20901
84205
897
62755
52458
61561
47400
87609
79511
69956
42180
67813
27493
93481
10775
7359
57500
87745
4752
3119
67507
72004
19341
48342
74036
73951
45353
53456
63299
33860
44943
85415
50521
76621
90064
91141
11077
14897
86990
89870
47282
9841
7097
94779
81126
95884
18873
21887
39012
95481
37705
47886
15550
79164
24523
52711
532
10088
32609
89231
76036
29453
94980
33324
42917
93819
33566
62759
52280
36143
84507
49906
45180
99181
27299
30422
35854
7355
57872
72726
37842
6938
91814
85351
93873
51701
69478
51156
57128
69757
34009
79274
99532
21477
85502
74957
40769
81986
47425
89899
46145
69876
22358
74402
63255
40951
14713
53250
53707
94676
34479
41027
63068
31923
16052
95347
15285
55055
80689
16493
59700
49735
41283
32974
13364
80329
91762
53356
85086
19821
94657
42087
93264
67416
13620
77290
8936
36237
83607
87954
58942
71362
31571
26616
83881
36161
20815
86522
38582
91046
40501
31306
92168
68349
94707
55857
58166
56385
85160
25503
44835
87446
35739
20037
78150
80836
73188
85827
1029
83509
91196
96186
88780
43431
74092
86090
67680
15607
57975
46819
27566
9622
11040
1196
26729
78113
77609
43636
90643
19278
43225
29598
83100
71012
84930
47647
63028
24061
75695
86279
71464
97718
35131
67980
34711
25418
74136
31942
78324
50207
45002
71162
84486
11469
11912
37874
79510
33069
14473
49559
51468
77134
26466
63082
19123
83850
20821
15697
15821
43666
83017
25452
23545
9963
36496
90618
80591
35157
59336
52223
63303
86373
19312
74183
19595
9684
17680
10869
36086
62424
68298
65949
75094
9019
17437
15104
49135
77064
30026
36147
56206
92158
73293
84846
65436
92914
15744
96019
68032
20072
70186
14180
15835
46866
8498
45280
80044
27927
54978
84399
19720
49164
17823
64237
91019
91265
61995
55076
28806
38538
35218
89259
32592
98182
12965
33745
45312
34876
32803
55813
29850
11001
22755
25414
39983
60495
82975
95880
34169
22410
56212
43014
18994
53845
79962
41065
86350
22158
69044
90466
84289
28638
36547
63129
59986
45016
67314
20858
67347
28236
53567
32239
60006
25631
19001
85089
90012
83839
82122
62095
15211
24268
68732
55669
55517
52506
99265
41410
51527
63172
55518
7664
26224
79757
57628
65033
55861
59196
63058
44743
23540
21135
20207
56269
45274
34619
33314
28974
89803
73074
50178
9107
45619
32598
29763
90503
35259
38522
30755
75886
23131
22002
29521
95846
48841
29508
42782
41940
61540
17138
47482
53081
90308
8294
76556
20896
41229
41329
83063
49893
85650
82745
47174
80628
11349
56842
94161
8512
76893
21441
75956
24202
97839
70851
57011
62863
17270
73190
26106
50095
51570
27792
18083
92890
14031
70624
76855
83474
40781
70457
68769
43656
61061
35177
29899
67446
92353
23816
75128
92822
87992
67371
12785
78983
82305
73507
32423
66730
78642
19004
37128
65984
14153
75499
56293
64039
16364
17726
4943
75785
21129
21150
7438
56007
35754
98260
12805
99650
4285
89797
55836
11900
22293
47791
1153
87073
59371
64814
38316
37627
26469
13218
78075
15423
93644
78399
83457
49678
42453
61855
6900
26349
28232
74891
48860
93136
43415
52998
41658
5975
12540
67481
2647
71170
86422
67764
52104
71140
9596
7398
523
40820
95812
28373
21521
54396
71948
74069
99393
95292
18689
15225
72131
74077
82622
78887
47720
37129
79681
42102
3573
58261
44085
37785
25488
45441
10815
63148
75638
94835
77802
61145
38859
77378
9483
61390
6958
9640
34920
32878
36840
94041
8864
38108
40300
29396
18060
40513
83418
61533
21413
45065
7446
45308
35505
60042
2640
35397
8452
5190
71685
32749
67346
10087
47377
6988
45459
52357
83729
7529
18458
81003
40336
72128
66818
61936
86169
81526
76524
16735
67085
1421
42002
31428
40854
86774
84439
16890
68320
33063
12947
57367
39047
7271
40872
63805
77012
95231
88806
23406
71774
6890
62712
84779
3631
84603
18504
44036
67853
7432
13586
81114
56313
17049
17079
72037
17768
19023
64530
57318
28581
7676
57827
62497
68816
64386
31653
1861
43668
20820
35479
90061
82246
75969
40186
40329
45985
49765
3286
4600
49242
95365
60796
82750
14780
81877
14041
35941
76152
13302
48066
46976
21510
26437
25243
85903
3957
716
80420
1605
65292
63917
83009
41347
68547
64711
75760
47927
77142
83406
12539
28438
24085
29061
65983
62187
75726
12055
56589
225
17626
7014
71101
61205
30690
75224
73207
35842
75051
42923
40675
71127
64721
56590
13989
15979
18673
25343
76482
17502
2788
63256
73990
72871
54743
70628
65054
14088
735
27480
56948
93209
38971
88088
16814
97551
1156
28477
48420
98556
85601
78885
5240
8314
41530
92713
10205
26257
62985
26214
48876
61913
98181
46569
96964
83583
52440
95519
37167
37848
85893
32901
35485
87870
53099
94143
14791
32302
81281
88174
55643
601
962
57249
1839
68237
2044
81590
3274
51000
5733
1152
84123
73699
73917
46285
52335
58075
74651
64955
3057
73355
45446
63207
39475
12558
96755
80266
38821
38615
45956
67486
15083
99716
24815
78584
64534
51772
1095
21344
63562
68360
88691
72738
10433
8621
41786
28038
53376
60008
1689
53178
1016
86010
39870
22884
48087
52231
68156
9139
17668
1173
49228
25621
84517
13198
26204
44209
59381
38334
36763
73450
54441
54536
16578
65999
92683
19461
73272
3331
98888
16725
4884
61632
49984
55497
19965
82172
49820
11548
20908
76933
12324
43162
39367
84733
53929
4821
83283
12921
45980
79479
73377
13076
65791
93652
33275
23501
12951
44564
94807
77251
55847
35268
50841
69287
68503
73209
54044
60804
21861
8474
67324
45758
77646
90841
74010
89614
48867
47145
63625
73071
36386
57067
84236
29024
31273
75856
79563
18212
11910
1130
57962
20810
81312
98999
33527
77496
28044
25868
97348
7247
56377
12817
96272
49891
79623
34895
68636
11531
72823
21205
16837
25730
14528
5218
9074
76875
45489
29930
22906
66079
39309
34003
6023
53227
63674
8611
12858
38404
61799
80955
48573
3334
2585
97142
13135
7409
83255
80616
44009
25379
58806
25854
21122
86159
7656
76630
11630
63942
97402
24414
692
97418
19395
95211
86162
76410
21466
19846
87958
92254
98754
87451
77530
14521
97757
44705
93891
42655
559
23370
51398
89458
62560
18225
93040
72983
53627
89004
60059
41039
71245
66564
74284
37408
35315
89081
93667
87674
87998
11644
62609
86614
84105
52340
66312
82437
18605
55178
26433
72770
70663
56273
5753
58719
98851
81587
556
68393
9177
29300
34401
88944
95551
12293
76472
35132
31488
90951
94973
38794
20401
79251
1181
59141
85114
5429
44888
45923
96610
49732
15491
11700
64031
21002
78877
84516
47860
76976
90731
5115
62508
53871
13821
94375
27657
31212
94370
82683
84701
38142
63414
27676
14756
78712
6095
3197
40719
82037
82055
94883
5505
91389
11400
9459
24205
62217
32712
84143
63228
17165
28210
49689
67127
47499
13316
17644
20441
29251
39858
65041
25108
82709
44561
97955
14767
6272
83173
81142
65611
67396
87290
15599
31649
62431
23194
71612
84068
75161
17527
85388
64254
25390
72389
37723
93580
75622
6976
76666
17229
59244
79498
22595
81990
53474
26452
88282
37841
34580
56685
64439
38262
32278
74514
47135
79886
19526
45781
62764
44333
56851
82027
78716
8623
86463
65622
41613
76881
1726
90533
87242
77917
410
57061
95180
13693
63934
29192
10590
45567
29543
26186
14606
47126
63183
41396
36412
94482
80917
30119
59717
81375
61623
66729
21192
68612
63684
51665
59308
16210
18910
56709
70601
42762
34383
27982
29090
8880
90485
89988
85059
77083
61119
83427
15114
48809
1451
68194
8869
2236
73932
35662
55164
49596
88137
30151
54602
19367
50033
86212
77817
34491
33963
11676
82318
91889
3743
46072
14184
37054
27187
13498
23658
6543
30269
50172
14315
27867
56625
47495
34250
40933
65556
62726
43328
47530
3444
72137
54584
57874
8535
61174
88261
72668
54414
82968
69535
17187
79087
86816
8426
43567
52731
19217
41398
16435
41857
80242
70466
58309
17204
67498
98831
23280
73044
87614
12665
53476
60671
13065
30130
5610
47630
92958
80176
57942
1229
7279
99680
9199
64242
61313
19616
67537
21424
93740
70826
74463
76645
72147
68931
86468
44465
43357
10152
37360
35562
32912
57117
9052
39606
73718
47849
68136
42082
72756
80874
91377
27080
29480
87422
28461
82487
42459
35003
40555
63853
91904
4307
87721
27175
54159
71343
66469
72358
27490
45426
61252
95921
76023
7234
86689
20671
45428
60212
77566
51803
75465
8760
97113
3301
39908
52051
86521
43708
64805
27258
85117
34821
35650
78871
45434
38148
74860
81169
64438
50136
95775
25096
397
14422
72021
94162
55198
38669
62960
21619
21399
75041
39658
60372
83353
93404
70983
16600
23351
31271
41545
60341
62020
49557
68019
10641
99433
85444
35567
19816
78959
68647
18559
13738
27698
67949
32866
38412
94731
82765
99139
2302
5444
96057
41606
50353
46811
19597
96425
97539
53900
49861
20415
67493
70972
25467
73569
16722
94971
82829
1306
84258
81446
83081
68129
77991
47723
86354
56642
16202
15831
43359
41109
20270
18964
65919
36013
6293
41548
76603
77331
27045
99981
428
54623
29648
70791
37715
74513
9568
61516
74248
52764
80809
48008
46440
34707
20291
50318
15507
31215
35056
16805
2756
49880
56450
56808
23696
40327
60986
11111
77624
25885
45677
16709
50170
93144
39992
77854
10250
55297
94647
11238
45219
65206
68412
77807
22647
66033
714
94040
1763
38881
55506
41856
6754
58514
30946
76690
20066
73029
58559
81557
44320
45104
5187
46308
19525
99655
36644
61671
56763
26991
17232
28489
25223
19336
14191
37437
82438
22022
28750
5260
35002
25358
8480
67369
20903
90563
63001
5262
6254
21796
14445
78784
44459
83618
36452
32841
54223
38055
5317
17475
95314
60354
95718
30135
69770
64422
29375
14860
16239
47053
45293
88914
66265
70731
36934
89829
63120
75136
29327
15265
93165
49209
55202
38401
23147
99129
19634
21207
69995
50533
78466
34290
77897
40096
47529
36296
26324
46439
56871
42428
69400
93248
83785
24447
34367
7490
87093
33435
59280
25568
94982
85386
9966
50401
53160
44524
97168
56758
76871
9388
177
1589
90712
28087
60171
12708
30636
69190
64359
34957
10314
97310
91988
58761
5953
95226
47823
84765
43472
36376
78610
89178
72589
91307
64839
28515
56714
59813
53466
98362
88183
8931
5930
60452
72581
50428
93661
87999
89119
14516
94966
29142
35467
49713
31694
74487
46037
89650
75731
92304
9687
11404
50497
9693
65698
19649
73468
63895
1188
30657
61996
69065
10724
40162
39064
27642
27533
15089
99884
36709
10839
52029
42778
82263
92674
24673
95516
80655
89022
90198
62074
41106
95077
5710
6458
60493
99237
95406
31524
94685
77546
93006
6592
31562
23363
72376
15645
70559
76609
67544
79275
61387
4311
65244
10644
72074
65273
38394
55314
39468
74648
10426
56729
57751
23887
91821
43490
36536
7665
58577
18876
20746
75142
96716
59349
6681
48365
60214
98787
38868
52208
32952
57141
17443
4947
18577
13172
94770
45509
74534
52759
95015
12283
17454
29498
13494
42275
21009
81472
78876
60939
10371
2414
92819
72595
10516
69663
35652
98171
37213
33156
7541
58422
62643
4878
62874
75449
94176
79455
37492
94126
84179
71322
75237
7169
42340
25770
8712
70389
43360
85474
95591
75968
29728
51875
78118
62044
67802
99767
37348
4520
99095
88082
29700
35065
64030
77383
2526
11191
18028
75038
41531
15972
34572
28347
8517
7810
3747
91387
33020
87740
22713
57717
4656
18276
48529
83987
71327
47544
57756
50574
21470
24376
16977
56827
57526
29979
13283
11072
29652
55544
62119
48140
42011
15653
1508
53804
8175
85802
9329
66538
55030
90240
497
16892
347
9515
35133
16370
12019
8960
12434
39647
14508
20499
6720
7914
73389
10598
52687
37430
59456
4877
19165
54691
62834
66802
17700
24270
73185
21434
75055
14593
49282
7693
7163
99075
51506
44854
30582
17408
69626
92138
34908
23783
23468
21916
99434
18751
80002
61893
64053
77630
15358
26134
8718
94831
7491
25813
5029
31712
97444
31504
14555
98861
12943
58395
13110
96645
61117
2493
45906
46183
19428
84636
15307
11381
86674
98385
69571
63428
86469
52073
39258
34230
46576
3483
34062
58618
99385
39176
75812
93641
54106
84424
97406
13582
7270
74890
78976
52274
90292
90314
56922
86641
59624
25645
61526
61567
5915
42481
9692
99455
84656
76650
16519
88699
4906
6133
21304
5644
46099
767
21754
13148
50967
6625
52477
96351
37720
80625
62607
69664
58326
2921
25786
73454
1352
98554
83942
26731
28209
86377
8320
58415
27499
90411
53270
29245
94309
73375
95973
50878
59960
43106
49110
96604
97874
23964
67229
61832
80183
88507
88446
18905
62403
56805
49692
30811
2094
40127
69293
48560
26768
45143
42899
35055
28963
49937
50563
5133
98941
45261
84427
99102
1249
61233
22951
44142
84993
81969
62159
21162
63890
11766
52240
95085
20363
70635
88095
11537
19725
25076
98992
1123
50513
63961
40017
33203
60653
49789
71429
51660
73996
11908
78362
4709
29229
83156
41850
47331
40694
30887
3255
63471
66442
27673
64655
76954
98453
42777
64132
91010
20395
21418
70483
13796
15145
26221
86042
898
88152
88796
39356
49158
84356
76469
70698
62288
24975
10412
5390
45020
66005
17415
54644
76962
1135
16624
12278
48572
74818
91756
10380
66757
61170
81985
2931
62272
67016
50539
87272
97425
5884
44887
45714
64528
75076
47453
45866
48583
34341
88103
40967
69354
46001
51187
51462
79988
89750
49831
72066
82787
87707
53055
66790
72059
17964
5049
46748
79798
29150
78755
59473
74850
6364
89499
23565
98739
65334
42480
19825
71286
6768
57496
2957
29124
11061
66546
60093
49086
33683
58322
84902
56970
93228
75669
22939
25328
13975
8672
72491
18454
7114
36236
83769
64726
39815
88010
36923
8025
74574
76248
55645
92356
77836
86697
16125
16174
21038
48672
51168
76598
64629
14609
72163
41288
93259
66101
70255
64978
23112
97863
8892
404
90755
28174
89356
21778
81000
98441
59501
46537
66329
36804
80761
39621
30793
80847
62822
61006
18003
30368
11953
41948
1818
6205
26574
82701
68248
27168
89766
7667
67790
29829
51011
7528
69910
66039
24701
83342
9138
55113
7672
7496
73882
14843
77540
89488
72136
49818
3160
92499
71910
31245
17407
82726
2042
75336
17891
61479
63373
41022
75315
82808
34759
5088
75674
14895
86885
17784
31118
77355
24359
84087
80400
68379
85045
9896
95763
71323
83887
48287
8345
25131
71074
32215
75165
99345
75530
73708
99108
50106
16009
73489
81540
61884
71167
95414
75602
4988
97932
33504
83390
97494
83414
43337
79853
1422
24442
53544
66817
8442
624
43781
33794
95657
9778
80211
4577
82330
43405
11618
34614
22015
92080
991
52289
57039
32855
54139
58455
68964
7815
17075
7787
97107
57667
65330
44717
18129
9415
15413
57122
23053
68526
49503
53598
49094
33204
48686
81769
48730
8226
73151
58783
74905
10660
97252
7976
33922
67655
17023
81621
61917
5445
24723
90307
74647
67731
96140
49761
36553
33099
59966
28932
35498
87885
19837
84423
61438
58176
94218
3873
4495
53446
43436
86947
65656
13441
385
39790
45205
5295
89615
90487
94519
61517
69115
58936
43397
74772
24106
11890
91365
65954
52427
34201
84240
27107
69461
73072
10535
94382
73993
37072
20032
41921
62585
71563
57772
44653
31132
35589
72784
3519
60380
28564
42676
42779
24312
88704
3829
18188
92452
42047
70334
60513
94284
40448
31663
16149
80958
25706
95867
39145
42733
82202
11186
88622
69893
52551
9901
51936
59724
52795
72119
25173
65752
91579
77744
66305
69104
29098
35323
60241
52089
96253
67300
26047
95167
68048
77572
98296
21388
60983
71486
89598
53103
27751
13988
13365
37036
26024
51955
69362
84909
22187
73137
31247
23097
16789
84649
51471
92173
46661
61343
41913
52597
5673
10659
58111
41380
3654
42865
69412
81302
14306
64138
56530
74871
31246
55646
88078
22422
634
63760
51005
61999
42841
75772
82521
80264
95799
39328
4193
90225
89028
72387
88917
87664
8902
82889
20672
98184
16328
31721
8984
5502
71300
92310
48059
79865
73846
70261
94120
75847
59178
79538
9525
30492
30871
85511
79827
98018
72247
70670
37506
47572
36742
37846
7145
89957
14006
42573
56832
25877
61848
34866
21980
46486
46420
59094
48556
34673
40191
92253
54252
58531
22356
21854
4073
86508
16195
9891
48757
16193
9468
76051
33115
40169
35450
55430
81420
97277
19536
85662
70077
63859
92502
51751
65740
94760
72570
87442
27109
46549
83599
8726
28212
10842
72328
75211
98230
41769
11528
22324
42809
74590
63135
52784
98501
61451
98731
25021
79152
48883
24024
31454
84392
36062
65512
55680
46301
59773
72416
62619
98320
30117
19778
68835
57453
46997
89669
35445
89981
39506
82054
34123
82817
83120
86234
66878
37444
37401
59201
89656
16875
79113
59233
45992
65172
58045
62366
58259
40867
80927
75527
26005
32363
75194
34051
36364
36324
52684
59957
60381
35529
35568
17603
22637
93643
36399
6456
78459
38073
25972
98625
37306
96200
23689
74758
58520
27524
56585
5424
39235
29203
43558
20474
56443
69950
85223
53186
98842
29173
36624
62173
36289
64906
11513
60808
19929
88298
42534
13196
70456
53838
77508
31451
47586
66165
27091
88948
84684
43320
26552
98773
25973
803
82679
90229
97956
90048
46030
9958
96115
66998
44724
81392
17717
13248
20527
49093
13173
91924
67844
4176
3676
86482
2893
76384
54896
49444
33625
90895
64327
66896
46980
36458
8577
69972
50292
67490
15156
47973
29359
44875
47396
52091
53248
16498
4390
72116
37105
40567
10273
74674
86175
20518
77055
70240
87647
31920
73809
2964
68727
20706
66685
35667
60621
74882
88734
98803
78685
26617
84015
78950
12637
24786
14586
35708
43388
92867
77278
2936
99096
98315
68030
30353
13439
58469
10606
58895
68621
56760
41693
78626
9030
84495
17568
48169
89571
88253
73653
8664
26482
22185
74527
52468
90214
45004
37829
48458
79427
49697
57332
73704
16650
5545
33328
6083
29263
63021
53571
49091
31471
7929
64623
5965
35476
84956
29944
83079
96903
6190
21278
35799
4044
41859
65879
26884
98191
91612
76667
16268
3821
84739
69718
22753
96054
51639
63379
56683
88318
38703
99853
15840
29971
42858
12916
17529
17947
51183
65442
48178
73198
73822
78256
43863
62882
20053
87275
29724
80691
32703
58603
46813
54366
83001
49035
95966
54820
20627
39158
71209
72560
61713
82378
92715
71358
49085
72576
14330
5394
16486
81862
75764
55168
29333
16855
15407
94285
8842
92492
22567
16540
89514
47532
10685
43655
50615
61045
90813
70343
56077
53335
48952
39199
28165
9516
80800
18432
86939
95540
26211
36662
48578
33823
2196
8109
65459
4696
90809
64740
4756
73695
67163
18695
72196
66215
80752
53245
59041
40055
26200
76379
24842
59657
70463
71895
14903
75619
27590
48872
42645
12857
25612
34221
2224
69306
18508
54951
74846
11880
77211
43193
31165
58888
20635
41373
30992
95758
65257
89844
26820
58382
51500
79176
81734
63833
94550
54452
79794
7747
61418
85134
24413
64704
46626
27605
62042
28206
47559
9149
73086
33950
60154
7420
2140
80244
73660
67828
44692
89087
38768
80032
19331
25104
50482
39474
6465
94531
99460
54665
46722
31186
92126
68779
82695
14485
57654
35045
84060
16443
29363
63151
86898
13045
24919
81592
75799
18215
79224
83296
39068
9542
37938
60311
31688
88476
23609
227
9588
3332
96621
5903
98987
45162
82476
31980
6379
23966
59692
39902
93760
40714
77374
35997
38536
44925
68886
75377
42929
77184
40201
55739
16501
36227
18887
93886
24398
24256
38652
94725
6158
58402
5176
40916
16950
9362
78293
49221
49978
88955
66388
54562
55454
92055
9877
94211
24335
10628
77177
70554
99552
48319
75845
6995
48951
73339
65796
65721
39312
12180
77905
33072
58423
88608
73335
44522
21235
24273
17043
49771
39441
51805
91481
8143
91992
2809
78437
5423
47861
47025
83691
11971
62097
71458
21139
71670
94984
20851
88443
67804
64952
36125
73010
66136
70060
25843
52941
25960
1909
2523
42213
57405
72282
98243
43915
56301
52896
79161
44776
89314
86045
95089
84469
30183
52582
90281
69758
15943
17997
84590
59852
88458
47194
39559
1407
10742
79410
55622
5887
36239
7362
26841
40157
20892
92355
91564
82075
49882
7212
34342
78425
95655
99472
22640
83832
13535
94490
25739
72567
13299
88484
55048
2382
98152
64054
55760
5615
71687
70956
16846
29407
19357
81517
5137
82326
12582
84809
34418
42069
48088
51405
5763
84167
7117
78253
88601
87502
88291
77068
79610
26294
99391
23533
21492
53477
77114
44254
29952
15281
94970
1678
54502
78924
25360
88000
57068
49199
5821
78289
64639
82022
24005
7004
45577
91404
79545
37472
85314
4631
58329
74425
28078
4671
24737
33399
21410
20209
22098
17506
14999
46438
78122
18078
1882
71595
90106
94293
84654
84985
87533
29390
10372
6283
63604
38993
72989
99975
92862
47587
25158
62672
77229
71182
94530
45533
70092
83985
43276
26253
60222
93215
32242
20450
63358
50940
31536
85722
64882
92555
87426
30894
46608
85369
72288
75236
11458
77442
44613
86981
11370
23303
24331
11866
37608
48594
35274
32485
69350
41832
5353
49834
6583
88129
89850
56916
44213
26054
35071
86681
33990
22683
11755
92339
46635
32939
84408
83516
43221
15350
30500
94878
44159
97046
86802
49134
33449
4951
97801
88319
41226
29713
25978
36720
99212
12773
18696
4346
66712
28188
68362
85975
35834
19191
69107
81354
31443
32988
60461
7620
95027
73056
44138
5225
72533
79797
90435
88678
90319
79452
7181
34610
38576
20300
20755
66973
73953
53600
98656
4058
91222
6181
47683
60218
1962
48858
5766
67388
19591
209
2108
42092
6071
11057
73068
49814
97112
2614
44438
68854
69384
30194
37939
47486
31202
45708
83057
37192
41870
41555
50418
1231
41282
70959
41385
30259
77867
84683
2228
47456
51272
18249
18241
34059
10014
57967
46990
13266
67722
72227
59617
87132
21664
87288
43485
25966
320
47627
29116
10642
66217
46275
48268
29673
45161
47255
288
5101
15327
90006
74703
61763
57940
48189
39901
42790
1426
26374
38198
50875
11028
53953
29539
96364
82385
85504
76119
9660
17035
89030
12590
77093
95897
57596
52436
54101
75135
98310
73051
63440
55828
32180
9656
84398
99299
18580
47781
47632
46314
84403
44969
68599
76299
86632
9695
68868
70113
90665
47198
60539
53634
87551
44772
54860
25527
20420
95823
84670
36781
42075
63455
70756
18309
65608
52249
2430
47122
30696
79437
12762
14714
37714
94323
24939
19684
13180
32528
43367
58925
93242
57833
87058
60069
42584
37107
57662
95558
38101
49740
57226
68785
87649
70980
48204
20210
13025
21842
62750
41028
54892
70718
84215
54046
47828
64376
55388
13342
39576
71432
99332
43928
34377
75634
89364
80202
13008
30695
60545
90577
26245
60249
28016
43250
61267
79333
39788
65854
73457
63935
58526
83970
49306
20595
19798
70781
55967
12336
40938
53301
34861
38831
37707
14664
23546
65400
81148
26209
24403
96797
60859
32271
39720
38280
28336
24455
35488
16687
80296
88742
13534
38423
69344
38155
77151
87884
48521
77271
41056
74987
86609
34200
55435
5928
53425
43100
85153
57765
91166
16937
95452
36869
40668
5034
62718
58152
6234
42976
85914
82784
34323
76840
8144
70590
98793
5313
63100
40999
23201
34429
94194
11299
33390
50415
19618
59173
53718
59312
37964
40395
44141
94552
12504
93111
75192
28421
76168
48826
14304
12997
99625
94301
95385
12190
24215
89329
23722
77664
41648
38450
88683
35766
46938
41995
7763
96387
5900
47601
26241
54349
86352
34739
73485
3581
53538
84544
5952
7897
79392
38488
59911
11871
84210
79360
14247
87593
66488
64511
13752
22866
38228
42288
73608
70570
21984
40507
92752
69538
52055
91635
60294
97741
91532
72762
90359
75991
42063
69117
46421
97661
81209
17721
33712
17189
11656
53805
79974
21144
43689
23697
88258
54893
53457
30424
9037
55274
17050
60178
51034
26246
64940
29587
50867
46311
3879
49104
41036
48339
67996
29160
52677
70225
35031
97973
17876
35743
60927
24489
70257
96560
51491
21028
8981
36436
38206
62922
87475
1384
86548
63177
75118
21238
32000
79468
92481
7760
18307
54812
64706
7288
58293
60923
27084
72229
79739
44990
7175
70331
70417
33370
70976
89804
62813
79590
73964
39560
4130
2347
58633
44446
61305
19064
46126
83756
35344
96824
60915
8257
78837
3944
57252
97592
12427
25665
81970
34309
13144
87589
72731
40664
24264
98274
49044
6962
78780
54398
12233
40839
34398
90581
13519
12625
79588
54967
68826
27180
72718
96288
73598
9075
70832
26659
23561
82797
44113
43758
50010
23638
87893
83461
58112
81335
97530
48345
33616
52273
11315
91923
42879
52371
30216
80283
4292
94343
28731
55215
36672
21928
29906
75232
12686
95548
95140
20059
6051
27474
49567
43131
74264
52255
34396
8280
7009
27290
75005
38964
40907
4109
22348
28769
52566
67964
84231
28892
55241
54499
73895
99960
55978
778
74340
57585
71975
80763
44526
89950
91542
20360
13490
52107
6367
73618
26220
15058
83396
3089
51428
77631
9284
68671
61629
44011
41273
82388
10939
67989
83466
15947
49236
1662
70646
1703
82848
6391
13078
22586
94433
8132
4211
21546
1750
31898
93915
40522
89782
44915
27734
50660
17875
19184
44393
32350
31094
61430
88663
2464
29590
733
43457
60370
96555
98611
7070
47953
41943
81909
34365
94358
77951
70840
91802
87652
38030
45960
56649
37312
72431
50479
63165
14916
52951
71376
81813
40203
24302
39000
12105
93693
29484
41451
9833
99177
29475
80184
84130
69474
65296
27769
41250
79720
2153
71778
51361
20356
37481
79667
34381
83262
41032
88714
92242
13504
46698
10072
22601
87488
87833
6475
73883
91815
53255
65744
61605
78094
14178
86529
95874
39329
1993
20205
57304
46950
57034
51420
32942
10635
91022
89864
96625
86936
49293
86315
32335
19441
7356
48
41750
88880
45650
61480
83948
15452
23330
34530
23044
30327
89497
41047
81052
72957
75003
39393
8473
86658
92498
71800
81014
35391
69629
23161
92358
12882
58974
11742
15375
37853
6162
15725
25768
84586
4905
147
94580
20509
46657
14143
99399
45327
42650
44744
92576
37770
18088
86941
70470
61218
28262
24387
18203
96325
78794
92012
22334
36817
45896
6443
42024
76443
46625
80472
71820
21189
34956
39453
4813
9771
80885
40276
73605
30344
61581
26570
34509
41457
70322
35829
59711
93082
48530
79540
52933
53387
75599
83964
48466
77015
11475
65001
18664
12339
41563
51873
37151
16083
36871
77136
42031
70936
96705
36445
93450
77416
56125
34766
56059
17860
4938
3565
19999
89538
21648
88667
74996
48627
94427
2913
40383
62592
10125
55321
98197
604
58145
41082
14608
66339
79550
23802
82323
11948
99715
28351
2974
11411
82989
19906
50411
34156
6773
52554
15275
47206
63542
87710
30862
15911
77314
72512
59771
92657
12641
44877
33901
95900
62870
16476
91422
67355
53991
3114
13800
89380
41483
14440
76363
81440
20267
70317
57713
14983
795
59014
84741
25815
22820
26385
25312
40584
51303
61592
81962
38843
66170
7641
99828
87937
33715
52632
80886
6383
30054
26917
59843
50909
36029
29662
72453
39926
80500
42267
48945
84470
4173
72201
29442
24616
56446
67053
68675
70664
65269
86375
13912
21803
91181
20848
41976
52650
92655
174
98822
7534
9478
42310
16733
50472
55660
16189
66847
3864
11882
84344
95210
31931
46469
26940
5454
60453
51502
14152
53671
50702
37059
70549
81866
68178
2090
78004
20470
26340
77394
6025
99613
76801
82753
69720
74621
96883
1458
92104
80200
98530
51575
87408
41744
21204
69353
57267
28868
33635
59234
14837
1299
71145
20969
37899
69717
648
66105
78585
66281
61851
6945
61809
55151
10009
57754
11438
89837
35363
28506
37106
67561
87629
56928
25400
86673
43384
64585
79966
6925
41256
79151
97791
97320
58982
63668
316
45953
4736
3792
36925
44050
98454
19924
79280
51338
52189
12667
46829
41077
28947
64541
13753
4432
95615
29122
571
27724
23433
61919
35121
32482
66494
66410
78189
56471
11444
69650
24487
2413
48993
69996
83624
31729
96460
42524
80829
89955
8769
2889
27967
27002
2095
74726
89142
11413
78313
39375
91471
71255
89340
45315
30406
80980
869
90784
48810
56982
19054
78902
82095
71005
57959
53990
58181
46850
91085
61773
9717
44916
80581
96217
22945
36577
54680
51165
69109
37328
31279
53650
72218
66254
4088
64255
35622
96875
82227
93345
37322
15016
5652
96029
59111
31447
7988
48546
92984
66663
17751
22102
54153
83860
12814
50989
33443
59093
9004
41620
77524
10082
40535
68398
27373
85686
45694
75302
94549
77796
85073
97312
73122
77138
13703
29167
82527
29843
50234
65646
89010
48348
83541
43124
45729
49386
18419
72928
92078
54440
525
79983
37653
96893
40027
21373
38766
96021
48416
41420
69700
7580
1601
22385
74916
14224
10726
80405
41049
65147
85889
84784
91393
80799
1027
76800
84422
37066
36916
49125
65595
75241
21658
6535
3860
92446
7003
72215
42661
66510
71493
58425
88832
24814
69092
39089
7938
4409
71132
13452
28797
69656
11954
13485
61483
38963
46559
44299
80050
73919
27345
4216
74123
20164
64563
83462
56774
73976
39519
49889
12678
50805
92305
55034
61433
32924
87306
12420
10387
26110
23577
98280
53104
72643
21565
64033
43904
67130
98272
68003
39524
52948
11887
16602
69444
62507
82137
82119
77005
56303
73474
54693
35167
13995
40335
60945
67888
85731
52467
13908
82812
99858
53645
90305
4858
53554
25840
29938
81696
64575
79313
83380
49301
64904
41025
7385
42054
75100
10955
25486
36482
25773
11137
67056
23427
67749
51362
15562
99110
58007
18111
56091
80709
68920
460
56165
89137
5264
30427
51631
64313
91373
37910
78352
93833
38737
54707
8043
88571
27592
24137
8224
87136
37753
92214
45968
62682
92071
83222
86008
62816
23013
3215
82603
11572
98966
47737
22823
1879
68929
82675
52927
36513
41181
93187
62078
74496
10834
36177
80341
74420
80479
32659
46853
93307
51777
63191
13762
68219
12142
79689
60464
26573
37349
91662
20371
96071
22783
72710
46209
6315
59156
38829
91171
49744
72150
29877
36690
36667
15935
8096
31882
36668
16436
7658
37943
14523
4302
8209
72691
17687
28975
32916
28205
65639
58331
82553
3825
48104
23761
57446
56011
95878
89439
21233
14230
83775
56715
52595
21874
89774
44272
30622
8471
99775
6963
15629
2403
55537
4506
80634
36954
80965
21252
81229
46800
58445
1597
2733
87028
92790
18179
18279
51299
56881
12973
76238
92363
56547
67262
43709
82249
99440
89534
56033
19458
75804
44527
33820
50122
7069
31334
37533
84819
61622
73235
91837
45075
45688
75647
74885
57790
18178
42657
80828
54114
15435
12808
26542
64360
47210
48224
79469
31916
2624
81176
91104
20218
9514
52318
69049
61796
44853
49853
58059
63447
33085
26879
70926
22282
60642
41938
11960
92907
11921
90890
91893
12780
61720
19091
98103
83664
23773
10169
37326
58910
98111
65821
66428
92033
51526
83076
47807
76423
91517
18185
59874
78997
23570
77727
55773
40771
1817
20266
92716
15665
92035
63908
27971
42682
35535
57353
20091
46299
19990
1754
60180
10163
72155
87255
32092
20982
47617
80271
98715
24058
2319
22821
2085
18679
12834
82410
48906
23668
72081
92677
13428
55132
12772
70818
61621
83810
53176
15929
27448
82760
7926
62009
50951
81006
1707
37456
85654
78229
33241
14154
9651
41688
46718
84834
82865
72459
49276
43872
47259
21389
99983
3296
98082
65083
85541
20111
1636
11875
9439
7258
52341
47966
45374
55781
46071
89375
86852
16983
87245
69454
31507
60098
40351
1265
90690
32011
23087
90927
37892
83655
40377
50556
89890
5665
52560
73850
15856
87720
86903
2713
78726
98196
711
39852
52648
96848
12458
9979
66514
99279
55525
32265
89836
64736
44088
52264
650
93699
7155
8100
62758
42338
39019
15300
82722
46016
88206
59633
58796
39175
18373
71960
2919
15789
49168
67444
45566
36201
96313
57090
31868
77553
87919
26914
74362
31936
14685
64377
62610
69706
21587
9804
72973
3979
72100
36091
16583
71626
10550
90244
33705
74014
62408
80866
8653
23256
59430
13219
3963
26550
8486
15130
99274
43355
12515
36057
1280
39239
39246
61316
1046
23000
19851
58290
18553
41748
97999
88167
4443
30346
15485
55778
36406
80381
29735
47477
47079
66908
585
74587
18470
85192
59654
49248
17866
68245
72179
61494
89953
20211
2379
93004
90652
66890
41407
99635
13412
75809
89341
13711
70741
14932
5617
57952
66057
92991
87638
12386
49424
39214
76312
15272
82926
62650
31763
59866
70562
76445
11170
56182
97184
64810
58421
17224
24635
89865
29456
35091
72327
48064
97505
66652
22927
73128
19620
68326
73160
35801
22538
41092
79409
8052
95729
97183
11978
20704
84547
56201
49202
86504
36600
72852
93262
66925
63531
16492
55270
51100
58409
20862
72663
93123
29059
32112
16242
99049
66916
88412
31098
21313
66661
34391
14112
6495
35289
57913
93746
71927
74851
25692
86670
4348
3886
86204
60022
80952
73163
34915
66021
46270
34546
19058
16719
34419
40638
47564
71883
72535
64257
57896
86130
44354
57535
85854
4635
82167
92525
26520
26706
15334
71135
69806
34305
62274
85777
89722
53388
22603
92225
93682
54475
82493
36844
47176
37157
39204
64869
44632
90351
99111
63185
21697
13996
19479
76252
3012
66025
41847
47676
27134
11500
59137
25424
26624
68728
12643
6291
49783
7828
16497
31862
24406
7609
10080
55973
98448
99231
24749
72230
31497
9544
70445
89991
39543
65236
11668
10532
84554
15383
30824
32728
49594
70274
25375
72549
20803
70128
90290
6970
41509
33580
11139
83984
62760
51421
95716
32507
77640
13622
626
16753
49060
21688
50001
70744
87547
62533
47524
72828
59133
60349
67838
5880
90499
40527
98285
52872
77507
30559
76662
27881
93139
77135
21384
19568
5393
77888
19853
661
96102
8943
54578
55381
30364
94296
33
36000
71433
45019
30000
84027
22177
84720
41146
31764
36945
38900
68631
78859
81351
20061
84503
30104
50729
43416
41599
12271
21245
48799
78111
79565
11157
85497
917
44326
89410
85252
51370
44881
59760
47169
59950
39528
75704
66468
96683
76952
1737
33819
81709
61992
84338
87348
11046
16036
80362
39399
19633
38235
45051
73543
74947
53390
16467
24075
7823
27602
43120
57550
1241
69045
405
96701
36514
64129
43462
24873
36310
961
70966
57825
29276
27379
34461
96177
79195
72399
84843
22047
39177
18963
66506
7109
35760
17325
88739
77482
59145
29387
77945
87229
44358
56497
7343
46378
55858
6887
76554
61648
96235
52338
29339
79611
954
64738
96402
67513
9614
78343
17376
92997
73462
60375
59674
55658
30960
48376
5689
29304
12938
56144
15455
80048
89714
28923
1297
28063
38187
53226
3092
51255
46208
97809
42353
49190
54583
75559
18804
73005
15422
40404
12257
9992
68432
10983
2
58434
72316
45756
13440
29492
77845
39402
5458
91055
68716
94257
236
53514
98375
57672
88808
67266
1676
22549
32002
88685
28643
70642
33554
12591
55343
16041
95133
4729
8469
42532
72642
6826
16940
1167
32940
27323
64281
68104
80753
61496
65384
645
46325
38534
11481
33539
27959
27425
86910
64167
14799
83132
94079
31833
62860
66713
35555
71787
98406
68976
79908
49645
50889
73057
12479
52739
70905
87865
48434
44633
4665
51844
28614
85478
94127
51442
76401
33322
59352
69962
58635
8465
11888
92836
23910
81443
5922
629
5720
72023
50407
47944
91032
32642
76548
88621
54567
18996
31777
18262
74579
69291
70546
58740
15726
50127
48223
5813
75385
45693
67625
46257
26355
5919
69506
70751
3207
11653
89530
6548
97032
44956
87158
71089
48868
49187
79182
799
29202
23948
61198
21755
8350
17714
39178
76753
36461
67111
83771
50088
67604
13325
79186
31174
91585
3358
3769
96155
95808
23014
69267
88039
83354
15502
1072
66348
78971
43665
73640
67583
49333
46269
46127
17166
94645
60033
4417
77347
61721
82269
38983
88759
39437
67352
62341
697
49515
68617
64961
57679
26527
27667
96481
98205
47325
447
58048
37490
40082
82398
83345
69847
73301
93504
82838
61358
38285
13732
10654
93460
66296
66430
63992
83590
91236
14320
75758
58714
85652
70867
17128
19759
91834
49588
4196
35154
46031
73807
57151
74681
55532
19697
29452
45626
3790
29875
98663
21866
57069
99844
19585
41666
51604
55046
19737
80619
86720
31429
33867
63271
13663
299
22056
71668
66926
98640
19606
4576
58340
83279
92187
54473
37130
82642
53300
40551
74888
34636
11654
41776
89707
31126
70000
3120
89128
33103
89313
47909
17492
50373
94036
85506
44403
40718
35357
68819
44137
36947
27112
87482
64938
80742
90472
13499
68882
31650
67810
76959
11977
21010
18306
9108
31474
91400
61694
20556
12603
7727
59256
46910
65073
79263
60086
90867
23598
758
64782
7893
25098
62992
50371
78841
99411
44477
26544
24608
9404
12205
70169
87514
57297
22944
69749
55011
52535
61186
50532
17758
40375
69551
91058
46886
95733
62731
6280
13937
91417
10042
19921
24266
890
37266
47058
8914
67977
96595
3352
32563
99389
8548
62131
12375
91433
93171
83949
12223
70147
45378
61429
5632
13914
92803
31198
91592
17731
11744
99628
89772
44774
13930
82999
51455
86846
72639
16281
86268
91819
65208
14150
65610
43263
75620
14378
86479
16332
59604
8818
8938
29425
23639
96817
74810
71016
24603
94428
1100
46600
91483
73239
29284
5086
28367
18077
66346
12711
65867
83193
6807
40592
3755
76403
96226
89759
96015
75815
83276
49082
40903
72043
89069
55395
93817
77700
73613
3520
21293
77581
13656
64152
77338
49174
17077
97704
8020
97512
43317
60544
24098
65769
80290
49124
37255
42115
62104
42798
85796
31064
49953
36248
26434
13801
71263
31851
96717
10204
8246
3468
24655
14328
20159
28945
79500
50150
87002
37085
52129
54624
32679
44829
94513
75433
78632
34909
46331
57397
8940
86775
99078
80360
57199
12125
73689
27122
62963
79016
88636
22806
53416
18652
66273
8887
11781
45880
90782
54303
10665
94855
6574
68925
10553
16059
68489
86727
73905
75798
94724
84304
58548
44404
17263
37525
31254
26932
3152
91333
59037
82163
17331
41815
91769
4875
28771
38742
69871
99618
49250
96581
28041
68456
47744
2740
86901
62296
62632
78088
79475
18056
53328
87725
40134
9752
45424
77600
76430
33642
87957
3084
957
50387
17788
7028
3823
2967
74829
89954
42268
64559
18993
45213
91740
83812
64201
90323
162
77615
9968
77740
55462
79879
70861
54777
96204
94399
15229
55438
75257
14889
74282
61815
93544
53512
50762
54581
91278
16934
92240
16017
19820
74031
41660
2976
3003
66338
97738
37298
21194
70617
45276
52801
86192
3391
84368
50020
76533
75905
33846
50123
72594
46848
98852
41169
83458
97780
1781
87917
34458
74153
3880
66682
59153
97838
87952
36004
2007
34898
11290
92389
18395
5047
27036
48035
76909
95174
13347
10596
71817
57007
90625
3933
14817
72447
30884
83717
32508
64135
20379
20006
48516
52031
32
32984
39780
48747
26119
67565
82228
14353
47280
6916
67308
93755
52417
22540
55870
24160
87623
80607
47302
91943
93556
59002
58839
88213
42257
9136
79936
49969
8030
38501
66321
24575
96369
53310
67562
48920
3014
62767
50923
23359
58147
94700
91468
95143
8458
3544
59246
42477
28111
52474
33599
26653
71166
77318
31568
34052
71809
55188
15849
89726
23949
14717
59358
61969
81428
86443
14407
28800
88104
71589
1062
36398
50694
77767
23993
53846
65223
93232
21458
23365
15465
63669
11053
61970
67349
2836
30134
69660
66895
81910
58712
74956
24488
28878
16111
64025
44039
93977
97475
49907
21323
72537
32147
40230
78926
87199
76224
32136
44368
91410
66459
15417
74774
82429
18339
29579
64459
23133
47219
76323
80526
76350
97280
5819
52111
47435
25819
42200
53432
60135
4989
50782
88988
69787
96765
9269
63013
96082
62806
48107
47758
32772
74964
37397
18662
61278
94518
70836
89211
62601
64467
77120
44614
61219
30381
79460
58379
1371
96591
44892
53461
2278
92618
81465
48912
87622
81415
95937
70388
18087
23782
22834
27231
19168
91955
81350
55589
65996
50232
22710
91176
15457
46865
4699
16020
84079
57201
12517
34723
37412
36701
64529
3138
15511
7550
77059
37773
21274
67760
26933
30109
19201
80442
89012
49349
86569
93469
2656
29248
44434
23184
81494
5912
66262
18647
8433
27362
86773
5586
80723
75406
73860
57867
17572
79046
72318
21353
91778
53478
39388
60792
98481
3009
88077
76924
45925
75568
37564
96969
98381
71776
77233
813
43236
90293
77656
17748
39930
47677
65928
819
52943
61959
65467
74363
69036
38996
17074
51906
26675
64747
75225
71616
45479
57905
69684
27371
5854
48022
23754
62590
96664
4707
45228
63087
99762
73182
61130
45471
96925
77758
55734
25220
98872
18236
89112
64095
60268
54390
20023
41419
58191
797
92245
32751
21949
24878
44074
61274
49112
97314
69624
17481
22393
82374
26840
99601
22547
76264
68022
11554
31426
21802
82238
93585
2121
92590
19185
2828
30047
75039
33091
12795
86605
15627
96613
60120
51767
20063
41367
49084
65775
3304
85660
52768
28091
84185
31849
51030
31387
191
63311
56369
554
41805
43595
64446
47995
53194
1888
61091
11743
16306
2948
70246
68109
55269
33645
13904
84065
28384
61666
53342
22859
51195
19118
50578
67013
18807
74609
50372
79054
46903
8430
5348
3100
88356
2773
59610
79252
85166
45615
3587
29196
62205
89068
12445
75117
15708
53042
36699
25344
29522
86913
60242
54430
36515
88353
92661
28464
13811
10721
54070
22513
59932
60397
32362
8987
3884
11832
11788
82468
79552
42496
46640
43088
93871
56044
86582
6126
5103
86862
78299
74599
53516
59503
34598
46159
39343
764
38729
14535
97578
90208
46474
52680
44045
24847
69202
60704
20088
38514
2049
42212
62747
1472
1784
23238
69166
83845
33274
87018
66030
49919
30513
46261
58358
18656
76281
59701
25519
55326
61894
78450
2973
13553
29045
18912
36938
24199
86512
96436
97613
64798
43741
46879
54617
70619
45917
70842
15462
44230
44901
8905
93370
38585
62510
18962
27644
7589
27852
86071
49251
98749
94186
77231
86833
1961
82253
10141
96769
72301
10643
97864
42265
47979
12366
295
67276
75589
22057
34989
30849
25248
91457
88230
40736
26701
21382
33676
80918
77793
44221
1226
86193
24320
28365
33102
31548
11749
23975
82271
31369
90060
1658
26330
66649
3991
78812
86085
6507
18065
24298
66230
15901
98725
74205
89408
68605
30860
47205
54128
23297
26776
13881
82367
88896
79276
24664
74477
55390
7564
9653
36959
49291
70558
46455
43569
42578
17417
2051
83263
64582
45240
32455
52194
58597
79035
67969
98270
14004
13587
92377
30703
14456
95093
40902
84703
63242
8695
41057
10035
61552
89047
74003
76045
46553
98424
26016
14702
86459
57949
88475
6630
34885
4786
69919
66172
75397
74714
4147
26454
93407
66578
65828
54878
44408
57996
17324
68857
48431
99400
59296
10315
1995
84216
22719
75716
6067
39791
69367
42982
32461
34164
59855
39706
98384
15899
43060
88548
41137
21723
35625
95529
92834
52766
9889
5414
98394
94955
57124
30163
89307
85805
88602
84966
3729
20097
26537
60296
6810
33111
10785
90178
22727
42188
50507
91202
88188
58498
64196
79096
62846
90464
96020
54341
42926
41955
37905
52395
90315
80353
85396
61690
74706
84850
24906
73110
46356
89477
88612
37799
70833
92916
4927
59581
77063
8313
35528
70684
88265
25804
6336
20592
41243
68895
13360
35939
10975
96347
86510
87001
77608
94384
18659
64724
43032
23812
47224
32972
79577
9456
88662
44087
15788
71917
86527
12847
36943
79954
54811
70391
8620
99310
14274
97330
15128
19920
11836
20281
90494
42844
76353
63851
55587
76236
17928
9375
83118
62752
18557
63216
37166
18014
62693
14097
31767
57015
48590
52333
24041
48190
26928
13737
29672
82906
14827
69966
43026
93199
92820
84941
33413
43005
86323
9409
2284
33006
15495
93420
61009
21113
76777
4648
79709
12250
26640
81665
83102
91255
63173
62777
54296
42876
77493
47458
7633
12897
99841
74187
62655
15181
38569
29405
27611
35395
415
82483
21869
72841
95770
19116
8464
97755
24062
81249
50026
73910
84990
65804
30483
2179
41572
34830
29467
81973
85246
42904
58158
23904
49997
37654
38261
80410
71735
76109
34061
55723
48720
73376
88427
76226
20055
99469
82716
74689
77472
94578
70215
30401
94937
16028
72797
30445
74796
31873
93177
91351
59498
67506
8215
38494
72110
79818
24240
28585
57118
72186
27227
9001
18492
36625
41495
92877
67108
99929
10290
617
7801
79543
23870
49621
61257
82449
71501
81938
56679
442
27437
73603
17940
47623
36837
13718
74370
89489
15674
41800
44507
24336
55062
52186
97647
85555
45456
82576
51023
31913
51654
36374
64481
5531
46307
56072
94483
81113
90460
49733
2330
61169
23085
79295
83963
34394
32862
60309
70623
32132
23189
60561
54027
89050
12141
62346
91638
45230
14030
35028
15129
82445
63494
64480
97797
12855
62572
90774
14252
38213
51741
71238
54316
99970
82358
69669
33017
52115
72061
9276
35918
57613
46392
85746
59781
9163
82362
13215
24555
23063
52580
78850
82692
73750
89020
68334
32705
45701
60549
44461
41343
94426
83534
467
91726
22180
47109
91571
75740
86219
76990
12418
74606
94252
25179
48316
51384
41143
47375
32593
29156
34501
16870
9836
79148
77645
55882
49059
87515
92141
60278
5810
35924
44435
3499
54701
4645
57327
57217
89495
54453
23471
5413
92022
50478
42649
79594
62468
75398
63610
70673
97217
63290
49813
54021
58986
54652
38379
62695
83249
41874
75151
28960
10312
32077
26231
9925
6710
40532
52058
56370
62711
11172
76309
57248
25808
1823
7428
9378
70244
81871
54375
74865
38507
48159
13717
99656
95186
91689
45392
10999
8000
26511
98681
61150
86923
44773
85292
47083
18200
65755
20798
73848
64568
65468
24290
98726
53859
62214
81370
45630
86
33582
14394
62918
35902
44004
43797
80522
78286
33371
52203
28933
24463
9204
96990
87195
33960
45782
63329
68157
58030
79828
82035
82496
77104
12166
51579
82457
47432
31954
818
69567
66990
79715
851
73853
57021
91715
95384
20698
74981
22517
21961
59782
62496
29777
29917
45054
67796
9728
39608
987
63399
40520
47071
74640
11728
96435
64743
31937
74523
9863
97261
26147
52696
36898
5151
30851
11784
47753
1138
25678
12416
60363
7046
13691
74917
67891
51220
13153
33593
29755
78385
51142
29429
87149
82956
77682
24791
99994
19222
99099
20985
58443
37031
22248
37369
27383
29831
40972
82204
5985
54105
56397
46727
46629
33533
47261
92726
83386
62851
40783
98798
97162
50374
61949
33692
43721
1103
30545
35054
16659
84160
34941
30684
22917
33876
99478
5788
76121
51403
69569
78643
79471
23613
95918
43633
31992
46844
8275
33733
64965
16326
99586
45595
15032
96012
98379
17870
79957
68998
61063
87824
55377
75631
48441
28703
19151
25624
75528
10733
65842
61801
42306
27692
13190
22451
10254
86497
97003
19635
9390
24528
32658
37201
49578
39768
8445
68355
48207
73725
5368
78013
40977
3715
49486
9251
9281
70484
73493
44797
24843
87465
37731
42794
42287
81125
78047
933
52730
35347
31498
75612
18924
37852
14926
57389
74118
46254
72372
30229
56331
66293
6317
29584
35944
90968
57346
52760
61286
47315
74893
32990
65305
10015
775
69839
82131
73470
62565
15737
691
32898
54832
55064
72031
8373
12075
59313
77705
33397
71870
639
67795
65833
89646
93882
29715
88359
72607
92950
23223
97308
40416
77075
16627
32532
9028
63003
27791
61502
37023
29951
70885
95469
84811
44339
9630
66936
52637
52505
40973
63015
70102
45232
18759
78530
44327
99036
2150
89084
6219
33844
5940
62857
63071
66985
82621
17681
42420
89645
91645
59105
54268
76196
43469
11097
88407
5324
96994
39566
63384
86772
570
52653
89920
23821
36743
14585
2355
70089
99989
95727
95465
60955
26278
12086
60117
24519
78146
27380
51568
43374
67296
88894
86097
56021
93057
57032
98647
91673
76242
87537
8136
48639
13226
36348
69620
66178
6932
21657
7460
48695
62045
61307
19541
21481
14363
92213
88317
3504
88263
96335
63875
89347
41355
2495
66807
25760
79342
94852
73170
12872
49845
31386
96092
41917
89508
3488
18894
32653
95223
74966
61046
42118
72375
11919
90002
29
43277
69261
91179
61551
5849
82219
32249
38495
85762
96542
24260
52804
14231
42702
95520
46480
72709
55730
21624
1484
55396
68822
20841
82023
75394
89874
98088
10020
40097
25614
96095
79297
80720
97585
89390
44486
8776
11982
21620
51309
27189
37410
5850
61709
78938
26066
45741
96628
38521
23317
15070
30289
96764
69783
98547
19577
58115
53302
19835
81067
68454
79086
47802
77431
3214
84378
85947
98366
15036
56336
53403
79147
58628
66477
35955
93881
96018
33517
14472
24612
57402
13830
1989
47337
52435
58533
13107
99990
13505
14101
77725
73908
72565
30705
73730
5030
30116
69716
81210
50376
48696
555
7690
40016
21760
6674
32235
12164
15842
175
92853
4891
29998
59191
93062
52611
81559
5217
26290
39194
24267
63950
50731
46895
49743
30411
94593
86817
22343
31792
97986
39320
56932
66504
18940
88652
9480
78884
37305
8180
28981
74575
12060
53206
43047
87705
84180
48490
98912
51356
11792
33505
27393
68730
59668
56469
94185
23729
2702
96084
80069
45833
37249
10848
12848
13858
22386
92365
22268
93866
22984
77868
45608
30562
78762
64818
21629
40370
92583
35327
44349
85431
5184
31317
42051
70309
19706
53669
76996
73217
86687
57977
88485
60588
86275
79506
62460
65767
29976
95263
49773
86979
78682
94429
40772
97887
18068
42332
45398
84906
29786
8080
46344
98373
52034
97503
90559
55816
47220
47111
13295
57175
51821
72374
97397
58812
46684
52904
86845
1564
33930
87631
61146
73117
11718
44425
15548
42703
67148
88278
49604
45709
15520
82589
64195
21170
44223
30172
50604
27564
52202
55160
39725
6260
33473
76661
66598
62265
77703
5577
97504
94377
29009
11849
66227
22316
96742
18048
29532
43736
74339
38629
60646
38225
17624
7779
97850
32245
51233
55165
50260
65424
18582
25790
33003
69131
26934
6289
35350
95762
88130
91121
36807
23137
88250
75738
96336
55591
1600
92855
22476
78804
80982
79496
58364
62535
55471
1838
37805
12519
11686
38052
44615
93211
37618
38727
31830
12157
7131
59735
42394
59659
37965
78093
39105
32788
41641
50898
9081
30419
17225
75476
55325
11112
88859
33583
50607
91978
79809
55529
84454
96270
20468
13793
96918
29280
75793
30039
57528
59257
84245
70998
84411
74421
78624
54824
66750
19114
36550
34782
68039
44819
14270
67884
53025
12299
84830
85971
41630
94769
30939
12171
37169
12187
61167
34194
95882
31499
4238
24242
48247
31491
87344
19653
65176
24262
54649
67366
5984
47417
30610
40914
22961
12633
30749
56925
79663
15651
37882
35290
7889
38375
34056
71736
45221
76174
33129
49932
98555
99830
39407
37838
71447
6942
75676
18681
12017
56189
94869
98014
8834
6297
89344
71163
7879
69314
18744
15783
92076
78062
6402
30487
97509
12545
65357
13757
93486
82436
62127
99137
17935
3370
95244
90597
97428
31573
266
25946
47470
46041
41200
63070
55585
99914
25738
72810
47658
73073
52540
17845
14769
20790
416
34063
20372
1459
53083
8379
20466
87273
47193
74756
26720
87989
71617
4411
27422
81567
97866
82229
47688
94107
39024
15330
33116
51441
1476
35816
20424
1392
30120
56158
76782
27372
95923
9814
99602
29972
51495
58000
86800
96509
63305
25835
34812
21938
77769
21366
35613
56226
19499
57633
26318
27129
20876
50651
75593
480
40349
73303
56595
56362
18936
48527
16285
33859
57641
17659
68864
65896
92597
30679
61356
49904
79862
53381
57894
32441
10343
49431
45894
901
71799
58822
48728
18082
26328
38530
13366
11319
7804
90066
9787
32925
28690
89033
89778
9937
37508
18777
47832
349
49998
72796
68373
41302
84810
64775
99511
24818
31139
16182
88304
61908
96957
77239
75189
72450
89086
11339
59245
71751
48931
73223
11902
34261
86191
55347
68534
82914
78621
67319
9637
89975
23466
99554
43967
82624
22958
30929
6973
50555
60578
86937
71710
45864
60192
70412
99668
50755
36990
86708
98811
2611
96413
6948
53246
35325
75183
2296
74225
62090
94042
1886
68829
14120
10631
31221
25680
4865
66052
81566
29354
12433
14739
29586
37012
89548
83242
86499
92432
72906
67645
38393
76476
52828
64696
73714
31482
85404
83995
97293
34036
34445
61288
19933
18906
96695
19814
1584
20967
5106
54814
47449
11301
91184
25500
65765
61405
61852
19393
74196
49011
31922
65222
75294
85442
11735
15294
89619
41858
84226
24852
98658
91736
97813
56046
99974
39572
42562
43886
86606
87221
55124
77936
96103
48363
59077
4760
28121
44690
92787
20383
98974
48587
43871
95329
20387
89925
41478
31016
7818
9735
72419
20522
15178
94761
49328
4808
44172
36585
89935
39351
60097
35611
63458
51004
68108
74305
80881
59150
22822
31736
68628
17329
17645
183
91283
55137
24291
29374
82145
48936
38352
73862
25906
22350
81020
27818
24582
49707
862
53171
75060
40037
62190
77898
80603
93426
57665
26716
43737
63508
11018
2782
21099
72474
65728
76107
23621
35216
7106
38591
44429
88219
70580
9268
5122
55494
29213
91192
82198
52237
22524
99292
38758
70522
66406
23069
96156
85702
90023
40424
44217
81429
28123
37600
87826
41227
37765
16203
23118
41944
33268
61497
62936
67900
46080
7006
75884
80525
84969
85212
88386
23908
30748
21515
97405
6652
84069
85863
49858
49508
69714
19839
71131
17112
79710
33002
43609
26398
12296
74380
43343
11694
99840
53294
37528
80508
36106
20195
83503
68625
28050
76074
3362
72129
30580
55762
52259
33935
85890
36544
5690
54023
55400
24707
1808
26831
27684
105
81413
7211
115
46432
28348
49877
67060
85167
49179
93336
56134
23717
79211
22754
723
23464
66044
77844
52365
87904
34692
49642
38432
20664
85402
88411
78484
2130
34919
48744
85358
65688
26343
2779
88099
40833
76457
17786
74693
87337
93299
20700
326
72235
90400
70354
9495
18329
14539
88840
15658
53524
8148
5803
53786
29168
51642
21838
86387
64783
14331
2260
2023
35115
66403
30348
29322
86496
63044
53868
49841
20480
56514
43831
85288
74870
90655
90883
35616
79004
20316
79301
64133
83931
10171
88752
28653
51553
2613
64190
57556
24535
72679
42869
4615
58246
77073
50822
59098
43551
58357
40179
33766
3742
21534
12372
30036
3428
6353
11176
54746
47380
83423
7391
90479
42263
56108
92
10788
93664
64801
98748
85310
83420
39429
29515
42718
87140
41061
22747
92923
32085
95545
24329
22501
68213
91927
18208
5873
85334
34362
53196
26859
84927
91561
827
24144
28442
9372
9556
49925
92505
29859
24091
21557
56204
18453
14547
64522
44994
26226
7455
9731
56879
81484
15525
12384
47592
96318
85861
59467
89503
16691
1322
63522
71210
14175
76306
81755
67755
55522
23260
91115
51795
66898
67166
29932
52889
16925
15333
83649
88416
21464
99439
66103
27517
64323
90444
1286
53239
30587
95891
86836
47921
55542
22292
57517
69062
3280
93711
2362
75352
15723
91922
37021
74093
96979
33621
26597
96637
48253
85712
49531
68126
59165
8815
80922
22616
61584
38994
87283
83654
36969
53872
83989
40648
7403
38161
80884
424
7350
57610
95979
2351
75493
509
72603
54862
12228
97658
88093
38808
61266
29120
4612
79067
17979
35424
76284
20630
13913
87030
60054
8522
42124
54030
72270
93491
82739
42504
14735
37295
35825
50173
44275
77947
14630
67242
13176
45556
33015
64128
96523
56458
5050
49277
81241
38860
8479
80148
58195
46785
77160
12018
3027
48642
27026
21255
24910
50956
5496
31009
33364
28478
98524
17737
90019
49821
84594
63936
55956
14694
44218
91340
62825
36808
34478
63159
86466
62637
35162
3486
11669
75806
64432
63813
52591
4143
2336
47981
33025
22632
9087
98545
89526
72204
21549
12827
84192
13555
51422
65603
90762
97240
69618
6169
7549
59347
84900
48084
37143
57703
8258
96105
729
54068
90165
40607
20478
74817
86994
96739
85243
13265
12111
43798
66625
52841
1168
88654
55827
31284
10422
53883
44369
50471
60972
58562
46062
86894
24861
19922
90649
2360
60421
9748
81950
41628
78525
88205
68770
22736
8065
28036
33866
42341
83305
77552
49741
50629
74786
19143
91544
78167
3430
4901
72653
14594
10525
7296
80467
32268
91245
31408
29464
50206
70259
81403
32398
18151
66417
16827
81794
59609
16173
57910
36874
42262
41016
88027
6469
39729
64863
87788
79699
54140
51829
11443
12117
78874
56229
26591
39062
15131
91005
71484
19406
73082
15920
2923
76320
32872
97826
17599
52644
78944
51152
5777
30208
14068
90965
88675
4818
30397
87065
25903
34822
22058
32403
97156
22537
34752
13201
81441
1697
11511
66331
92167
70667
22999
57373
14024
14207
86788
28352
51344
12924
22503
39321
32956
39103
30861
80064
20637
29130
65173
98608
98421
1022
85083
81521
37896
96104
57016
32648
84885
35097
85663
11869
83087
89113
85419
3060
62892
21114
80555
31366
62008
66944
67297
96477
61712
89817
45555
75045
6800
52306
52498
2947
42700
71457
94708
70523
54983
25269
97226
78523
23156
66988
54674
5629
63366
53184
26284
37112
48903
50051
67426
30227
74848
98290
84697
74546
2815
89730
21893
61687
4481
97337
25975
32373
10037
43453
94743
27835
62390
81868
51948
24501
67218
75095
5522
44480
89075
98624
19243
5771
30517
52449
45123
48406
40701
41315
18013
17003
94064
91386
31395
12726
54748
9669
65521
7307
83419
80676
69278
41535
19994
28501
40244
2374
55502
71278
89535
93009
83442
22443
24611
50677
12133
82747
96126
23373
5234
85210
72421
64037
2013
70204
9982
824
94298
40993
43650
21398
27787
4080
64090
26307
16623
22257
25729
82960
60428
25429
5207
80230
33095
97924
61822
49229
14233
54004
65866
54238
87771
4770
25898
16322
10198
50598
92028
80188
85087
78032
60844
64136
83909
58657
51097
8669
7519
76161
27789
56487
53027
58003
87493
74309
11525
10584
72967
43044
86934
60191
95335
71328
41984
42909
36073
17958
23710
64226
16455
10546
95866
10464
87163
26985
65798
91247
87678
13141
62069
72436
22519
51580
19230
21034
69037
66179
77518
26679
36614
89373
46383
26476
35106
39299
89516
80914
27421
20219
11595
97340
8871
50954
50212
91874
97297
78631
14855
51251
8702
27142
19186
11068
18632
70278
29651
81365
92059
49366
77004
90960
48591
50395
56574
89446
62057
96760
62035
89308
44280
14626
3350
48042
75699
6672
67597
65507
10583
22515
53278
43675
35618
64299
35803
55145
82325
44356
8526
74625
25332
65888
5195
50654
34900
94799
32633
43247
53107
59972
38060
66118
16576
54319
63599
11229
11002
74866
88800
30676
66157
47407
58572
85324
28379
15593
93872
17658
71512
97215
33019
93093
12330
3146
7562
35078
57436
97717
50749
9275
31418
97306
49137
87790
26912
92476
98059
51923
2590
74268
21071
53116
49824
91042
57886
48755
43336
83328
52799
68060
17389
63718
23405
22848
37996
2528
92887
97876
76751
25551
88379
33060
34981
51608
47868
41285
62692
54478
7077
23441
74135
12061
9165
16710
46824
73513
3779
97121
88186
42181
78925
12501
18308
13419
96940
24011
24315
72807
44624
14325
75645
3671
51704
83774
565
86513
30848
37664
51048
49139
76727
40284
16251
52986
59070
48900
26895
14244
86065
35027
9567
16060
57352
56674
84847
38706
8311
72785
8341
54755
36790
12121
31865
50714
65121
73019
37640
81812
96992
78587
77131
38343
68199
63969
40883
48764
83135
89107
89040
12715
97171
60600
23041
95806
19340
37730
35957
60957
10180
6606
7548
13529
45042
64417
39907
14766
83840
93464
3720
93110
81164
53385
68250
20403
43228
74975
51352
20696
95283
37700
83409
88849
80633
76093
87208
58221
73669
20380
87817
56615
4662
71794
19311
18897
88526
20924
82672
13923
90175
31516
49317
21656
51170
4204
47123
16088
67267
26639
76201
66031
81776
83322
87349
44663
16912
2939
11121
67377
46064
74377
49144
82110
82138
89382
31535
5792
70305
5802
8863
6228
23547
22447
39341
69604
4317
2325
53865
40015
79184
43143
21335
28646
86383
38857
50616
46708
89149
39687
11384
85930
27697
64521
47715
39126
66841
84064
13882
48673
28676
50310
17546
14036
4624
31748
18170
49260
76983
71536
90070
28064
6877
63214
65649
69815
72075
57527
68533
2416
93697
47788
91755
11851
18438
67585
65435
83121
16056
65012
85068
91644
38167
96459
45689
1522
11008
77244
1475
57138
84106
74277
38945
92201
75759
72266
54279
6281
93989
28972
4902
55743
5620
50263
546
58245
90062
40462
97379
24368
37612
2645
96240
2792
47648
89532
93895
11304
86436
1809
69184
67935
73674
58595
46115
88310
98895
27248
47065
27733
57391
29386
99740
43493
92842
79516
92415
43663
85855
60264
18355
77335
93623
40449
98856
28580
10569
16694
57563
36755
70654
51134
82348
61125
87809
41286
27225
90210
87714
36137
3815
62842
1698
16233
63296
77437
81145
87684
21765
44276
13892
16616
57412
75691
43726
36873
49795
88392
57575
40581
96498
57685
26018
65290
85104
26104
10647
13787
31596
57859
37757
74247
53986
40884
75776
13994
46838
56079
86628
2440
78055
44161
62770
41690
31597
8545
14625
14823
12268
7624
63763
8443
35543
26000
57561
81204
26009
85886
87285
75139
81552
31604
71754
18328
53097
59442
27776
71307
25464
35773
59203
44386
41360
42987
57335
95067
47878
60565
4609
53654
72881
85028
70145
49029
91742
60068
40447
37509
8375
65406
36136
70686
45286
31627
51137
37300
95130
67103
9359
31187
74060
25574
90257
44977
42333
8032
98023
55607
55679
94515
44238
16277
18787
20705
68366
76631
7831
21820
66054
81678
79705
79659
59164
63556
32310
32945
92919
55335
21532
23537
70073
9607
44013
21164
40723
71011
95899
52239
82344
48829
63881
40356
8737
68473
74074
26409
35297
90921
32948
5619
35258
92522
89573
73216
6771
31854
44953
39363
4333
67226
71130
27889
89325
93317
22456
69003
50133
25224
9482
60823
34557
30728
12331
328
26739
83799
11082
18686
54250
54629
64609
66411
12029
31345
99757
24236
36948
59058
51621
99290
72902
91059
62608
56302
20575
72580
27203
70273
8174
37123
92288
97906
65992
44104
59953
88603
55333
90035
56784
44794
27365
18567
44850
21575
1313
59667
86980
94103
12894
64061
55425
88222
39841
53688
64532
43369
47813
92494
58338
54505
48236
2172
78536
45204
46775
32194
81393
75276
27627
19630
24675
43058
86661
83392
70443
58119
12471
59370
97148
18916
30571
91872
42922
86145
49047
72232
66980
69061
17798
67538
16778
70411
75505
57688
1642
40868
15359
9808
5934
57421
7261
98571
75368
57054
73570
75314
22649
25784
11641
2694
32453
33591
15759
18509
15479
80998
80738
27942
32193
29205
68392
32047
7765
85760
42379
53177
84351
65104
5479
41314
54289
31423
85023
39640
33964
52425
75022
54487
34683
26811
82844
43653
6801
20431
95007
18042
29128
26577
5784
23509
17434
11171
81824
39190
4321
89956
74041
77262
59722
64350
8957
71666
59032
38688
27278
52665
8995
94248
51676
89238
81245
89201
6437
5570
8609
58718
27435
91122
76838
1675
37479
27582
45727
43102
56311
54265
87113
7187
83631
22739
60752
13518
54468
42293
9367
86259
48131
16238
52135
5752
8729
29163
39812
51389
67642
11685
32494
38610
10478
7372
11974
95688
29092
24585
50449
81551
50611
32829
44290
19893
87261
79544
85454
78671
32468
55240
53283
80506
87176
88559
2134
33484
9322
8824
92562
99573
21453
7016
98775
25439
39155
24798
85924
56885
20259
84890
88529
19471
59688
18001
88858
47930
51525
29437
18154
11135
99210
54156
57766
34116
67656
36158
30802
66695
54211
75502
70533
5328
39875
57277
84515
4950
39470
67668
54450
469
41003
63278
93303
40971
77422
92178
15468
64921
52351
90089
28877
32638
90624
53075
48403
29841
21327
11127
41818
55794
7160
32385
43208
1811
20708
22289
28717
53073
38143
47784
6032
47894
11520
76253
30063
23688
1011
39345
46737
3916
42344
31693
99361
34284
93539
74555
65891
44643
77367
94425
17839
97733
25168
73604
87926
53151
40137
62163
99127
73115
10935
76874
48551
44474
22235
92341
45857
47374
22932
16794
67779
12756
3895
731
2239
22913
83920
1365
2991
23084
25094
92362
10351
50238
62793
93041
90028
14002
45681
67697
54564
47831
64979
86657
29593
81075
33827
9892
64368
74231
17994
23911
32737
81561
51623
61216
64215
31452
99712
30990
69980
95369
59302
42030
38716
55625
12853
27525
50279
35134
31081
41542
60338
92292
33151
35822
30664
84970
76776
38012
56587
66380
75694
37930
53287
3232
13968
61844
38475
9471
17544
74341
22657
34384
77997
26060
55893
4794
62036
64625
34519
30103
81117
8400
64324
57570
98614
99125
89089
75525
56358
43696
15042
88184
33299
29555
72708
31801
64687
87722
61452
83915
53126
92497
92345
10997
86911
91323
44027
92762
14482
60563
41184
88307
1603
89748
18522
9124
37916
55403
39467
93468
19477
9150
47382
9063
69833
71330
97221
76728
14364
1479
17096
87006
62661
3867
92393
57649
71487
45088
24812
17093
25493
92804
68792
76668
80682
73717
56613
61839
11984
19492
47191
74460
7847
27828
52550
78684
62438
63276
86051
61557
70675
29964
68009
65997
15310
50653
19418
15193
65719
22965
58794
8531
90956
40197
68797
90961
38294
68059
67748
28160
6521
43218
50667
22864
99047
4062
70482
34712
91727
56814
58345
17354
26735
60525
22910
20955
95025
40677
75635
1413
11754
85776
78507
40780
37233
5776
40090
95582
68786
58510
50767
6423
49499
83109
94144
51126
42156
90929
78917
47700
2235
43570
97867
45871
80119
1692
8007
61989
98994
10398
55391
58575
19992
81853
14859
68892
55653
27237
81055
46143
45712
39052
3663
28776
93597
80569
59515
90465
70500
92839
76256
31143
39378
2500
94808
37727
35079
78325
91556
46445
20036
10883
96761
43836
1075
83802
94641
51878
54778
11901
2385
3212
49052
99873
95735
58891
26832
57087
20532
47196
51757
60036
50719
54539
5266
5498
85130
4026
13943
51939
78074
57684
20170
42170
2372
24502
8785
72034
24668
38822
25584
60959
36127
20569
33613
84807
36466
2462
56884
84895
61369
31883
4651
89795
73589
43243
90818
27655
20296
99623
39664
55402
37037
31928
53820
9918
5027
24643
58208
45200
26839
73210
7735
33920
79600
66298
19885
73731
64870
20854
48063
56357
32158
94585
52830
19454
24661
60940
20021
16885
7648
77989
59225
66827
62343
99629
60119
21934
49342
74130
9407
81835
28511
50526
76070
87171
13644
58238
92200
72501
66231
44105
24933
8482
44016
60817
16491
17178
28203
71097
20304
24274
71225
70037
90420
70771
2230
38574
7725
65924
64222
30924
88748
48818
48786
63381
50502
39071
643
27764
32154
37967
83890
75898
32962
71211
32253
59831
69983
94356
99583
73723
43122
86288
9437
35333
7508
56861
63040
6920
39804
75826
2710
69678
85234
16199
87483
79884
69349
53271
64125
32641
84610
14386
29420
88926
90008
10951
43619
41334
12768
90941
44363
68938
48164
7931
19107
39810
89751
44944
15008
60771
45210
24831
32094
23682
48823
83369
17086
63639
27596
18282
75903
45816
4221
34623
16698
74620
59236
29660
27418
87153
83108
50929
2245
20299
41945
59359
69136
2087
19567
4014
80004
74176
75356
79961
84725
97087
78157
33814
62583
84246
8924
73758
26048
77346
16811
77587
45411
64802
42214
76216
5320
19652
27718
38452
51691
63655
67301
91631
66333
60673
33393
21714
90495
37202
48119
71488
64791
10488
65365
20494
43451
94262
41901
79258
58120
73793
28801
68855
27169
6494
26312
90468
66643
80065
89315
11020
86281
21576
8440
46466
84749
27219
28010
30800
28110
11756
21533
49483
78311
57281
87412
14146
16396
40960
48335
23999
91374
94981
35016
80819
52867
45814
51798
99057
16374
33396
82048
27658
96920
40153
1485
4780
98416
97324
20174
90658
81078
23437
48231
81016
5481
37071
30997
21903
24073
57875
75210
79599
12308
46646
92956
9159
42033
89638
78260
84832
51517
97572
67238
80109
48024
68790
77349
42941
86659
67965
26195
70838
16787
18634
20463
77273
33594
19988
39914
96121
55507
11013
10664
13341
51708
42557
44698
31382
14179
67763
25365
89984
13604
9704
18169
74623
19808
76863
99355
77763
82357
91348
76857
5018
72787
22365
79466
17036
96036
15962
5693
17282
77974
38080
30143
31466
1657
5470
42901
28042
45546
7592
9230
48081
18456
26103
61270
93592
32452
40352
22738
56657
613
95974
38204
41182
36664
66241
14029
83883
77663
23402
83706
10239
77557
43777
57752
26619
70090
53234
54405
65178
47557
8898
62015
27083
41136
68254
53224
92909
22772
28322
90277
19583
74018
82578
83306
23105
64633
19117
67806
4748
5908
94566
75319
13414
67704
42127
69055
58553
59271
94417
5074
16601
88885
88272
75542
42325
48528
85280
59808
3555
6400
69133
43227
52844
90247
16797
70969
76487
34358
82177
46888
59190
25458
67834
38948
7244
37875
35340
69063
16968
99119
22623
92595
26079
74573
73059
81246
25309
91505
41894
40270
68387
28328
56698
70115
71859
25095
5148
76834
35166
72032
14806
67967
6189
2165
57625
71918
66161
49401
52710
30661
47101
83520
52397
85115
3036
80904
50464
63313
46627
58297
26021
47626
31786
79030
89581
6961
83549
48574
77511
24586
64126
6470
31789
24427
67767
7275
99192
55283
57769
8908
84634
70085
25758
77670
56794
73969
85985
49339
11861
69319
50772
1782
47141
75937
70779
55486
90932
5077
77896
48410
92386
22631
90869
59088
6617
1453
57960
17511
33463
52483
72278
42667
36267
64273
82085
32514
23586
35996
90390
93023
18806
89629
53602
26116
92981
5990
78845
28827
23608
68051
63197
35855
4982
50284
54465
9846
93772
9998
67976
766
79269
77036
20584
6231
51596
22275
17986
30564
2820
95392
16736
4208
13521
38300
11734
34745
15328
12147
91073
16245
72930
70648
22309
38647
70850
87019
23675
99754
92346
96946
69729
65749
65671
14656
297
15918
28673
22072
10667
67631
77013
84395
95040
77176
38048
40227
85180
90000
61160
39430
39546
73713
71228
2105
10537
30004
11986
21962
49189
38783
4396
56822
3234
29097
97948
92229
99612
11218
24947
79381
61329
26430
81659
99167
49911
75922
45141
55598
24841
76691
54157
25712
52744
99843
1650
78605
81893
10281
34638
73545
79495
61338
71579
55001
14532
33937
13370
78257
74951
58082
34724
4688
91308
72707
33236
53704
54496
65335
83136
95679
50665
97786
39806
71586
24440
63259
53218
53137
22054
45122
68
92847
27233
35026
37933
84882
8532
48534
49909
46067
2162
53630
98126
65874
15673
94600
66646
11220
83927
4724
17635
22411
51182
71713
49681
63064
1274
25317
8893
29331
18379
77476
58389
34632
80079
12925
4855
11936
13678
2542
48885
80690
45887
34631
16692
35524
89964
57728
9761
95959
49433
6766
81600
76925
30452
9256
88061
71588
60182
91794
76314
94089
87297
91012
60732
47324
55429
98252
91829
98594
36888
96801
1180
58102
9680
63580
71187
77927
87513
28128
40228
36001
70276
7396
33333
76527
48974
20303
43084
16229
9885
39855
93823
31101
87396
66924
34888
2719
55557
94466
46053
88125
83630
68988
39483
64800
93862
20989
66667
61348
58667
54712
80144
39609
60950
47086
30744
47359
83150
45366
57285
15664
58352
87105
7843
22127
64463
83277
71932
38464
23392
80727
35416
36779
81840
73628
28109
44251
34141
23274
8082
71658
17826
6953
89523
24445
55818
59900
76142
37158
40315
82498
99169
94503
31598
36026
71546
62604
12573
34912
49922
75652
87880
88311
36686
44551
11926
58779
804
25892
24125
42372
20887
1015
60136
28757
27358
7190
8178
59031
2138
95583
32665
47646
30801
51850
88556
6529
90963
53237
69364
67019
3010
42283
33415
13007
29440
30186
14907
93230
7422
48820
89351
54442
42624
45588
98602
67386
19480
22711
66974
82539
17729
18974
28275
15706
11774
34428
80215
24021
11075
6434
83714
93007
62030
50334
53433
70564
50002
72281
99431
53715
3767
8748
84980
95970
49374
28557
20393
75396
32481
74357
50976
71753
13127
54377
63465
92962
43949
81954
79971
75470
30366
83552
92588
69525
94617
17660
96176
64389
31710
35561
50305
7033
58972
74381
64366
58906
97608
69101
12565
73586
84943
8161
10954
21640
41953
58755
41437
62050
33474
12374
78700
21394
97132
40445
56306
55329
28648
66266
58473
70339
62235
93552
8656
24304
79905
522
61140
75154
94581
40239
19900
73091
35052
37053
67003
39404
79854
76234
16718
75216
84097
25718
56045
98405
94023
53561
90123
94668
70010
87169
35821
53101
27130
69940
55346
77721
58939
38358
91194
29436
58420
88573
30928
64192
41810
34658
18817
86744
28395
74379
19285
74392
68344
33965
20067
99935
68069
56049
24363
40369
11903
52811
99248
6619
75052
89839
31058
80602
27459
85750
62062
23327
45754
80703
17716
23242
75234
13165
96184
21952
91079
81787
29689
85744
60684
81688
28132
45409
16247
6859
44365
69253
28722
26144
99485
53133
41370
43603
41132
20041
53181
38090
71604
48782
44753
10764
21692
48249
53644
60634
24374
79688
48562
8885
4273
35579
13569
28285
12803
23583
42776
13686
84855
43762
15909
62215
63887
95726
79288
90024
48869
66789
98500
71701
82016
56042
46805
12486
32971
57991
29076
27635
41824
29549
12806
99029
95181
8728
64652
74730
67002
76980
37153
51687
74037
40950
39593
34903
73500
40910
20297
16079
60622
29265
38117
7231
65482
15122
67030
67307
52859
80465
12273
97905
24684
47398
19426
48863
55787
31670
99409
37810
43158
77834
14227
87675
87454
54383
40537
51663
69418
62429
80560
74485
74922
91876
86054
71761
71324
91763
31510
12009
37802
94098
34964
78616
16463
39691
31260
76654
69043
15080
30220
24079
38468
65921
29139
76117
55672
61653
93749
36706
83788
20953
98294
15815
60244
92068
55631
18318
17011
7366
70792
99370
42734
84222
25829
96537
1270
4677
63287
88079
70254
43695
40613
644
47629
44303
83050
771
89397
28226
82649
23593
4608
23088
77439
86856
93537
38942
50080
12037
23702
97950
73094
15602
60058
42505
83292
14217
68462
21283
43062
99327
90212
49014
19291
19918
28031
82946
69735
44285
54254
44024
2984
74218
85109
7612
14358
32727
62086
34195
61744
37945
89706
18540
77677
16646
39442
62316
39558
21733
28080
36973
79497
83130
61515
92041
70703
33027
97762
68497
34879
75951
46601
23674
67483
33352
40334
54332
78623
8529
86865
26972
64234
24272
11223
17777
11092
66478
34186
86805
30428
20576
25137
43699
54677
86662
84962
98350
87086
91650
16769
65316
13514
39799
21921
85275
28548
93827
25159
91217
2558
64808
28979
5093
25273
85325
4946
69826
33821
8381
50098
58817
1835
55717
37068
16965
15885
74594
84431
65475
97936
85528
27862
8996
68956
97611
19502
79011
53757
75026
36567
94930
54064
63660
13714
42239
14543
19216
466
5280
18532
20817
66068
59522
95514
20396
42231
83340
84438
13470
32471
35407
61137
54080
56999
94714
81829
4995
59417
45258
15839
71093
25625
34814
16655
11789
82396
43144
94250
48770
73638
83790
77264
99669
68137
22831
84288
89295
10126
73087
43823
42243
36429
57191
41895
55541
8666
36583
38650
25570
55265
873
30764
58311
79229
2063
59327
90446
10274
56110
40692
18387
27126
4864
14454
74071
97243
66952
47494
31522
45296
88021
99094
27060
66460
87883
87851
48471
37225
83687
4761
79005
66070
2900
58646
58647
51477
65940
17526
66612
59084
47393
70120
94087
13489
85435
13533
31807
88216
26993
67963
17760
84237
25681
73886
98596
71259
89517
30100
72545
21608
90376
23200
3773
52079
10047
7218
12679
51204
56662
55063
36632
96026
36747
41408
97123
71982
71441
42210
78823
40001
20503
64748
61816
71172
20217
50895
86231
85684
78405
42679
79637
76806
52569
90501
3901
62917
17655
41255
36675
6201
66299
34828
62894
68973
66686
79255
20382
68573
54060
97473
80258
47090
25445
36757
51235
32812
83301
59670
57270
22244
11797
27916
72766
75771
95596
93321
38975
92427
9807
94124
87000
96729
26350
26979
53322
86379
28645
68576
3055
79207
10227
85969
48393
1228
91336
97163
14349
87282
89029
34758
89924
17720
33590
2700
94798
622
59927
31023
67411
24686
40707
75090
60155
92735
93996
69256
42510
58218
28385
35937
56368
96479
65926
99014
90884
11049
51377
18356
25663
7347
89015
6239
83562
10016
57236
73684
58316
37469
50457
12383
23520
84945
71652
99258
76433
40049
63262
99321
83652
3246
37172
11016
93967
79132
40646
19046
60198
97117
94527
9536
33166
50117
72522
89145
16453
49530
47414
84434
9020
20561
26758
59449
65333
70329
11717
22541
73989
13973
92148
56403
3814
34982
34504
54387
34444
40746
81597
30552
7437
82530
7863
31994
93713
10377
58759
21555
31083
63591
15828
20028
85088
73838
52864
73658
87147
94702
92835
81520
289
55415
32752
94806
1593
15532
96066
80707
41128
31557
69162
64550
36827
39916
40142
38415
36405
41450
27224
20027
76718
88060
45078
7578
9125
63097
68407
743
62833
67677
64879
77697
88605
20537
62656
51611
59021
73551
58745
9290
94871
80675
35150
64622
31496
63192
18893
41764
93845
87131
33278
84556
71489
3140
57356
22403
52163
28434
11673
94317
69511
48208
97975
79402
48779
23954
1203
61287
5878
34231
95170
91597
34540
51942
58303
27625
2810
69386
401
4066
32863
41144
93024
90530
47571
33074
8035
97256
79391
52974
48232
20416
279
73423
33082
3716
61562
34324
4667
24598
13980
93964
87818
5305
60655
67151
97462
99198
62526
95886
61453
4974
87279
37610
82284
95637
73662
12412
24986
40778
42066
90555
7235
31633
90026
62160
39004
20306
17186
90134
93081
81961
60662
79085
90298
40220
2370
99122
29989
29154
22144
96710
75221
2736
27271
37060
26960
3831
96044
61468
85993
22031
46561
21444
19946
24614
34845
15985
82863
70188
37745
20389
48871
76872
81261
34010
35312
84437
90952
82192
2266
47667
64263
12634
15973
7706
82892
85901
54286
53660
59068
78489
53745
38939
89649
89584
22846
1347
4320
87064
67389
10499
24890
46750
11124
12964
83366
22100
94801
40798
34292
7563
91858
51921
46446
22375
10142
51956
69337
1367
37041
93204
32557
1810
81221
57983
13594
28235
49373
65747
83807
42791
26472
49532
76462
39096
70357
89182
28723
99453
224
26297
37491
35916
78795
22116
4619
45819
1119
46448
92870
42556
45744
88763
7722
41585
73156
56145
54837
35375
85052
26450
13118
10225
39311
45767
81707
36767
96030
70414
32392
41021
98955
35875
2925
46513
11236
11021
55520
75797
88855
41340
84552
87892
5347
22351
92703
40538
30137
84312
47811
72405
29650
82160
3372
72716
18414
40057
9987
97403
55995
2546
28259
53242
1408
22667
15205
89779
72490
48353
85199
78723
34786
26076
23965
5899
34178
99922
94872
31907
64221
40596
61791
53513
3238
98984
15773
24246
86367
88807
38330
28558
22017
54921
97369
7527
61683
35390
87573
82478
17085
87538
46083
21242
62091
83814
16213
76779
62854
69294
57605
15318
33486
72878
74711
68365
8599
12607
81357
27803
11862
69683
51232
57564
85279
77981
65301
54686
93352
79855
82940
50713
53468
9749
47879
65264
97400
49405
72859
2983
84775
47387
1563
79
58099
94663
41932
73471
62388
32522
45939
71175
17146
37847
41397
6357
86617
44405
50339
50620
99283
90216
53690
55513
44167
20772
31031
88072
72727
81555
88290
39187
54522
75851
93606
14954
12156
43880
67469
15064
8237
99330
64632
40039
93757
60433
32412
45948
611
80976
55051
12317
7360
62118
86523
99900
82109
4229
4230
15003
38134
70101
29239
24963
73499
98538
12200
94069
31857
37750
18446
19793
82883
89969
82951
14776
72606
20160
78890
97600
94047
31796
14398
43819
99503
30365
35857
59762
8290
72876
14159
18983
12256
77821
20056
16388
47679
14884
47137
93463
24123
17952
13869
90741
33540
44529
74771
97927
83084
51175
87570
16984
79277
88400
21781
51202
95538
3708
54796
78527
4306
77963
27872
64929
89428
4418
38520
65019
98908
33851
54998
18063
15261
26176
75004
83877
99073
79153
70578
47383
39248
98796
17886
73112
30363
69233
55586
12138
12012
52180
92647
84479
23246
3989
64139
98232
5138
52175
8044
54394
9461
38344
35701
92314
8435
82130
80060
59402
89610
60979
33294
96680
30097
19128
78867
12394
50039
3869
15458
85156
32088
19681
86301
64628
7702
32567
38906
88435
61546
5274
86615
23891
35831
98801
21143
85272
950
34617
97202
50557
48451
97830
74785
76550
57671
17574
84483
68493
51902
31056
53935
69480
83304
96544
33434
23653
18667
70786
92296
62284
3281
78701
5032
4628
9012
9305
42906
97763
61784
533
24089
32975
40086
1023
12695
4894
34085
9205
86181
62270
7834
21897
78133
94638
61017
99298
46615
11928
2636
69636
1916
10673
48117
58744
90209
49418
91031
90330
96099
75803
83498
10539
34796
82461
35861
88252
9121
41822
77178
86748
33667
6208
75897
36785
24400
51510
77996
45684
20875
93083
13497
95855
41440
88462
78230
1723
94810
89907
21709
89106
55817
90083
81068
29228
18045
5597
94856
91681
19038
25357
16489
85545
89262
73789
88247
11856
56960
53290
4480
81065
80219
33430
562
37224
68891
36433
13202
833
35713
12091
49383
84021
33941
98098
41046
92101
20804
85591
23736
31702
68654
26025
89350
21600
28737
95828
15551
23807
38589
72539
53333
1174
33731
87293
48984
80358
69236
86172
81744
76400
50966
52876
46246
76663
88673
56640
68914
21076
24393
92066
42475
9821
90824
9039
83838
33266
52381
57581
50932
41245
21682
951
53339
79573
3127
17474
75217
44731
71861
21358
60723
84785
22473
736
80989
44310
24325
73070
53906
12239
86945
12601
59499
2617
80985
87660
22333
81290
45934
65386
90129
93134
60163
50194
71001
38373
61591
81655
24872
53113
8944
72610
9065
37081
73113
26172
14408
13628
5391
3061
37794
60917
7405
58954
26855
15573
97869
46290
62881
96172
96081
42551
55098
42942
57400
76608
74287
58019
86248
66229
12818
37090
90572
82828
68642
35817
56499
26379
4643
85981
69030
44837
86225
29596
9961
85821
16480
68538
66739
10386
37248
7019
9014
45059
5540
817
34086
9394
72378
56798
20719
5421
65481
90261
11805
28451
61444
87592
89494
70681
57275
52350
98684
42691
15111
64928
28329
14340
97685
35051
37759
66819
27012
99164
67205
71268
32577
6571
93547
15250
30945
60417
97595
89694
63116
90059
14047
98346
32597
21505
50396
8316
15687
31847
14434
41267
50552
15518
20000
90933
56598
8897
26391
47579
64428
73111
20089
56525
41979
21263
85449
83464
85676
4755
62844
56135
81030
87643
43754
34193
34588
40615
16209
28602
5727
28607
75686
5308
18201
93807
31651
96220
91330
76636
15366
46880
16380
92215
65776
71742
80785
48333
10717
61334
68052
31725
70293
93689
40502
42261
97765
17054
3134
37888
73698
62099
59627
24677
89133
6915
91810
42600
48322
43427
75482
68967
35984
97917
92276
94470
41011
49509
65060
39513
95178
27097
37599
82609
7100
91714
54110
10070
10093
56838
22977
47451
63441
92977
30308
19603
86750
95482
649
44005
69237
3738
72626
91363
32431
85550
54
26189
1467
56151
42323
57044
40888
20332
68679
58272
12880
95005
70802
89544
19832
51820
61064
16815
55115
97806
65065
38919
30575
83110
36494
52144
35849
1887
6132
6
62740
32874
58851
13322
6069
67640
1526
96236
3599
38056
20031
13085
23758
75719
15154
5073
60861
55620
70267
32729
25782
87574
52738
29195
35136
86262
52037
62725
45648
98503
130
49063
87122
21222
36156
36
68620
52513
28389
76099
76647
63320
22803
78720
2488
61273
40990
97582
10607
12380
17098
6191
7855
31481
7456
78274
3970
79746
66799
75323
92920
65403
70237
66637
27997
40100
97933
49467
6309
21628
52177
50663
8719
89418
55576
87490
24564
26568
39095
96634
93656
28565
37814
4898
51583
69358
3073
4962
82617
68091
77480
10604
76748
89962
61556
28014
11295
22417
38887
5314
85629
23382
36521
55708
86378
4978
45365
81645
62004
45452
75737
39306
20570
30032
71342
86688
83288
24863
38663
86908
9182
70864
77760
85626
34446
64355
63607
55078
69429
28664
12469
14666
93955
20343
49597
26364
37787
12995
52390
95697
13507
48796
57261
68908
14229
87217
74054
11406
87479
99679
35833
65506
25904
92402
4312
77110
86586
4929
99225
48219
41154
93731
95518
45671
19303
24876
72885
25197
17995
47731
11895
94859
61880
54728
14026
6675
93252
37146
13554
84382
99270
13708
77213
96654
75410
40206
51540
58641
65414
24275
25953
27294
94818
1440
19234
56875
44516
38408
19602
45186
27906
42464
22065
940
95083
11909
87708
22277
14058
14272
72651
90565
228
9545
23827
98621
6785
47437
81683
36944
52729
90798
45033
38429
82153
38233
23581
56491
88171
97106
499
74802
71801
9520
19943
10952
41275
9976
46954
54965
60651
48206
59780
37625
92586
82893
49690
14853
47362
6748
28479
3835
6346
41646
74125
66563
57454
40793
864
36950
69259
36119
38248
27878
96403
30546
25349
13340
58178
87334
68524
20823
4922
11263
90388
46187
1386
67602
76507
53760
25590
47752
89024
57964
60152
14449
64957
26529
96991
8797
85338
28860
94467
61707
64553
58523
88626
97668
8327
49986
4538
67983
97681
83747
56218
84677
77499
6374
30376
25185
54948
12884
62007
9239
79499
91444
62970
76568
97635
92706
5166
70301
36191
23010
17651
14478
64878
7523
43
18608
92091
80923
91474
45425
52213
75791
59013
53793
45196
93178
33452
12621
17200
30342
34779
33196
89823
49866
83670
35197
24019
21676
87095
15791
59466
12731
29065
56787
31048
97388
68119
3609
78753
79679
95681
75407
45372
97614
5551
43351
69146
97903
58683
65886
67568
31624
31269
22332
27854
78882
20597
17983
36936
24784
52466
61742
60390
16851
66516
90589
66414
32496
97299
95712
57888
58933
36972
34206
64975
65661
16756
77070
37144
45289
98953
57808
17988
35053
646
45140
91014
2584
8534
51609
7865
21346
68580
42175
46175
36282
89652
44574
27449
86925
13212
29379
18191
13843
37529
90274
89835
68151
76287
62139
19974
66698
95521
78881
58860
25474
91550
67880
76316
97824
74969
21467
7062
10773
27715
96461
19535
72584
28194
77586
70535
73516
44677
31895
95730
98001
12670
16703
38810
500
24987
75723
32917
37605
99535
21270
48545
98755
80567
95559
222
58448
39079
48769
66048
97703
64751
77404
2544
96317
98703
70906
3850
42356
60831
25800
59202
73562
81419
87604
20946
61642
32786
54162
6924
26270
96462
9792
60690
58677
74438
62707
53192
68468
1922
11460
2822
17444
57677
52967
32941
46564
42073
11407
65441
48367
12915
8762
29206
34764
84461
33093
6006
67830
93773
36813
4395
56566
56699
18885
35551
88680
67643
66664
86491
51518
64358
83686
35448
97534
54532
566
31458
48515
98507
93047
94174
59033
83621
11843
7099
33071
87889
6516
15206
27213
38675
69622
26455
66950
61271
6161
95403
10980
70787
72202
47621
86739
40898
99798
70887
3655
72948
69532
94664
90637
51107
63623
18228
21052
43878
17801
95020
67557
21997
47024
91197
87810
41199
82515
23878
1120
85394
76696
63862
85658
63811
34408
1787
11235
17755
29749
40626
4622
25507
38106
54410
85399
83923
9738
8920
76343
73536
80478
12068
68823
40088
47492
11884
53497
56027
24869
90855
39491
60172
95154
536
50463
36555
83608
25410
21602
5555
46948
72505
67587
40128
65757
25152
27645
48502
84798
66656
9823
98791
97695
6981
72114
8891
84058
24289
48401
5867
15412
97829
47343
57811
513
79753
16927
46081
10861
38265
69653
74928
76221
95150
94933
44876
87709
44270
17061
88916
68286
61788
19841
41756
94866
51343
33456
6726
84072
34
72636
35381
24626
64631
6980
85263
78388
36489
34807
33774
66696
8129
89073
56675
45086
7611
10796
61797
10023
78142
19299
86189
22534
33781
36979
27805
7017
35540
7560
24785
54618
67440
84635
37480
99423
81468
30205
13751
75144
83680
43512
57059
61812
5565
22463
4499
28118
47127
93698
87544
81444
66871
90570
25132
39059
22465
87423
87278
11461
46394
90233
53502
20756
43978
86335
87912
20752
87988
56243
62699
51895
88538
76136
37374
73572
3221
68992
38552
66594
71439
69834
68475
23313
62394
7829
99984
73649
29283
77410
50561
53601
97452
67789
22560
70521
58032
8210
66938
38173
18437
94870
58573
24185
15850
80956
9757
59761
30589
67874
30182
34591
64099
26766
9920
44041
22062
58773
86541
13240
25264
45134
60177
94188
92079
42316
17742
52455
83170
11120
60582
46915
32039
26372
63963
9645
63933
18853
27973
14311
89972
66078
76478
30956
18868
12738
57438
73575
90284
63644
98543
72745
20641
5495
6908
64137
74157
82414
70880
38824
55905
63527
49752
26556
45416
79566
54051
86405
49357
29559
81074
76043
56078
50531
42756
90892
20497
14772
97677
81093
82823
15722
984
3088
42423
38966
77783
91094
41916
345
53785
6248
5804
38817
75480
48675
75395
74669
70141
60726
87429
36197
36730
21057
51431
26275
8661
44605
47850
74977
34022
84453
89500
73432
48079
77692
70353
56116
4749
90972
31935
93205
27143
52845
49443
37881
9100
94644
99205
23502
99226
39097
51169
52663
74687
50054
15432
59662
2156
4161
37567
84337
77953
6705
28681
99278
40666
14881
94717
9852
99538
59241
45774
15419
55960
99549
66022
26174
28914
54358
98403
57749
7575
13946
73149
90162
40499
24736
9258
83821
96128
40087
35696
42799
83441
671
24014
82424
14797
24086
48626
80035
63314
63187
58146
69952
68742
7314
14902
69252
68447
32500
99312
23349
75089
28973
3670
3973
86078
35965
49327
15431
51876
5036
50270
80276
67282
29027
29394
72322
48852
81495
13001
49003
31351
3378
2286
95943
62525
14804
39250
1318
68040
40848
45172
52394
53958
1049
15467
33558
20829
25836
26777
71044
9094
19225
84241
3808
21689
5466
54479
23512
70910
16832
54988
66965
88931
51210
63742
83592
1373
55483
89274
86417
24417
25386
74116
14753
37772
81800
97760
36425
1779
2701
36116
76774
32140
62778
23678
54174
4400
10319
63221
3822
9022
14525
71795
30167
45237
63285
71654
59054
51065
25762
59630
84601
48051
59255
92016
16580
70422
97621
19850
27038
24132
6244
24894
25593
68780
43598
56929
41985
52620
52809
76844
96751
43418
6566
9751
1855
54987
92263
64071
22901
29337
96338
96194
88811
51733
98351
43943
12836
89476
99272
36387
70269
7138
75065
49837
74317
83585
97258
92162
7570
96627
89492
62588
5592
20814
2425
63959
36052
21023
3508
26812
32429
66970
19925
37692
96889
35459
84875
55943
33981
48557
93650
53937
91990
58728
78717
8260
94397
90675
32247
17723
34172
85942
30322
46490
4078
57797
81654
1931
94936
52485
812
63985
53061
93515
83111
21269
77047
52191
44592
57831
30973
85276
20127
58339
58979
89292
81680
119
87943
70638
84359
41426
73582
18832
56028
50144
20043
69874
98361
85503
89565
78556
5340
16334
82474
59889
85439
5562
99054
60903
9995
1443
53788
8075
95586
24522
96640
40465
11771
66590
88766
33409
57883
11973
73804
84653
5674
83731
88915
52625
45422
67384
33831
69676
83661
76591
21485
46702
79309
42060
95102
93923
51616
27144
63686
42932
83663
38444
92092
85584
75445
86306
58017
15870
40020
77589
99939
74748
61730
32630
95120
34235
16154
91339
58538
10235
72283
87013
40544
36770
66668
19305
2053
37877
40110
74833
44745
45169
12616
79417
81870
44447
54230
23462
45100
28458
57902
86356
73727
365
7202
48049
32252
68464
87844
10101
42716
75084
79808
71380
9356
86524
30579
84745
59115
39982
14441
13862
23275
72743
76750
32287
25028
14970
64898
5622
701
98572
223
85479
88544
30224
80099
11132
77468
84873
44884
17143
39132
65040
18630
69246
14765
4866
67050
86680
84863
72276
63327
51127
67422
847
91784
13510
10437
39860
73442
53063
29950
36456
29481
22142
69017
50510
47438
18243
39030
4586
11800
35852
98762
13868
56754
59273
1872
38568
7165
72013
57008
29218
19403
72813
7419
69930
58976
43386
85316
44555
97522
73687
46348
88337
16695
24191
73245
15106
35556
68715
60951
48025
83297
35990
56539
50602
6215
93758
49420
7332
94286
64667
5185
29274
99833
59799
61710
81903
80650
88423
7299
40376
95272
39272
4999
74013
21911
74011
37457
55250
93494
36327
94348
67515
87500
64380
22847
79900
81987
75162
53784
45369
66064
41719
31227
32920
31251
49665
97496
20109
11658
60934
57534
50016
73528
886
18654
42470
40058
52021
94623
14914
70659
14644
7020
39938
23632
18998
11562
69694
84369
44258
78278
55842
91293
35998
18110
97842
71942
65315
44525
12830
56187
92262
2646
69410
19673
72879
27888
74639
50081
45658
61409
50381
29301
28060
79719
83960
18128
94405
53229
78713
21500
3121
79006
25535
68909
72722
84275
88461
56903
29766
18335
5525
16286
87062
91578
6503
89294
79306
35570
87925
96841
88839
3630
81248
98401
28901
35777
91084
6060
34880
10135
91361
59348
57125
73647
64407
80748
27665
31112
66258
88465
22441
26028
32745
37584
61948
27432
39624
73616
85596
7267
74114
40691
53098
9909
54219
43147
96660
51292
70571
11802
34463
70475
43023
71423
10153
51297
96907
25151
32254
89542
89845
10994
40296
19304
59905
27464
41009
56504
56578
51289
39405
25604
94892
16030
51860
62411
23120
54774
6627
49956
32710
94767
84459
60728
11850
30563
9906
40806
57457
46572
32182
13506
29553
25985
38303
43982
69765
83229
12514
7657
46353
64248
49811
16104
85835
32393
64331
48326
51316
52354
64501
65945
97848
59539
49794
76325
94956
42439
6398
65697
42279
74294
16891
29771
5533
72314
11727
9552
1137
79214
79240
37826
15743
57333
30778
41462
81708
72699
13405
52229
13434
96758
47714
42745
12011
54242
10782
37677
12672
10767
86868
2036
72517
8366
6347
14239
38249
8555
29443
99610
84400
98354
23154
74103
24811
91152
50833
84000
57447
36674
3324
31275
21462
95245
9801
50103
33310
57063
1550
81416
89417
55288
58248
96732
29260
36335
77403
9784
50125
85625
51415
83372
62868
51778
8680
41153
48741
6735
25196
11142
17089
79261
10328
94054
74364
67798
29711
46214
59237
7932
26674
77910
95448
62877
51342
85771
5593
62138
38546
79405
68026
1911
12112
2677
58071
93959
33723
90100
11292
64396
32928
6643
68763
72914
19295
72812
81750
58251
37337
2479
43874
38327
27626
20386
92366
78137
42807
29642
38676
56228
76072
2012
20364
39717
15528
18846
85822
42438
36217
56858
88354
1502
34379
79456
49742
99592
31811
23289
27098
2869
86965
39469
45651
37477
64375
41798
87773
10249
58117
45979
44582
81827
93754
82185
9859
78475
597
74133
14074
40622
86700
64779
50628
38684
62967
48771
23741
91364
22883
96546
56153
32804
14531
85119
30107
8787
7264
30266
34286
27557
18011
96890
25241
24316
76120
59687
6057
9082
61322
31304
93295
78341
25491
75473
81603
44556
76244
64611
58215
82874
17439
48499
73952
53557
40170
3182
72275
53867
36102
85763
16953
55671
2721
62706
12737
26584
94894
33770
47460
82120
22604
68167
13066
38332
20319
98807
36117
28990
26760
70808
98474
10713
70584
74792
12570
93384
42686
36919
59551
22342
88305
4468
44091
16220
37588
99273
47412
54313
41177
16762
13766
31549
69189
88135
11224
44065
15751
54431
41429
3951
54277
81195
37602
18351
29324
31634
49150
46387
32998
9541
433
40222
71301
55910
34705
24328
96352
16680
81638
9521
78816
84957
80629
73994
7607
72904
34107
91467
78323
71096
2989
68513
56646
62771
99184
25591
99778
35520
3368
85423
29794
26824
10130
76243
9975
9200
51295
11839
91621
38967
61431
64468
65163
78972
71780
30941
25329
64231
90807
72846
7043
16377
4205
63144
12931
75780
83681
27433
95049
59386
23946
48428
93476
48092
25497
87633
6565
70770
13761
69763
70449
70760
93558
96512
19862
26317
15675
3319
46996
4850
99577
68852
54271
96538
43620
85941
21080
56935
45654
57013
55780
85030
63819
24418
53207
36172
47440
48377
44536
92404
91156
10270
65845
92931
23429
82505
19373
664
26133
91853
76446
39090
32844
39304
10544
53717
26458
42358
93869
77339
80338
74279
82136
53967
47450
370
57299
60702
506
69695
42647
41753
61133
17916
59017
79654
59110
88037
9233
72482
38690
46162
98960
14376
34121
94987
45581
92896
21808
11612
99445
65462
40875
48018
86995
1085
60083
10405
36504
86362
77893
15216
76042
23707
82282
30525
78427
57478
35934
43987
39265
58447
69316
28857
48724
51680
57687
52256
86037
66432
22817
11827
67254
44177
30099
65827
20650
37179
8418
82127
65430
34222
91383
3728
56257
22475
93543
69824
3013
40308
20586
73637
42430
48674
4675
22688
20864
51079
1273
24976
14419
11877
13942
66903
25869
679
2215
58965
10341
50843
52228
48158
41447
13022
4523
44899
99611
19545
64617
36103
35898
93680
29096
73305
64998
39636
1151
6380
56095
10444
24918
42952
35109
21271
67918
69009
78574
94060
65910
94945
59355
37381
62120
4166
18093
78711
26368
70794
16644
64042
88375
98600
49823
99232
92840
25796
72411
17406
6997
22565
57519
97554
94744
33633
61875
63714
40094
45766
2735
54703
90936
6992
20526
5781
84235
44895
8575
40245
27614
46739
35657
54740
32165
35928
56512
5789
94667
54362
35324
32075
51473
64470
29732
97419
62657
34005
15829
3438
75921
50580
32386
17683
41305
38336
92086
11393
70991
49090
27069
51192
22329
82700
37297
49201
19310
60252
96997
26399
7577
65063
77972
15448
46292
37738
90086
75730
94822
27810
46316
59502
37697
25830
25693
97083
20390
61520
62345
50916
66397
68713
83593
52668
94359
39063
79508
61600
45341
43322
54235
79656
87575
35771
13603
65835
19985
17137
52657
87755
54185
40700
81857
41159
30606
13658
74073
73378
1428
60639
21809
91572
88432
46211
88155
5307
22824
81747
238
91180
24930
57386
72720
95553
75429
22404
10217
34228
56
81193
1929
15854
93525
17047
53813
51883
76265
90568
22585
83138
33749
99471
11733
73754
70627
73201
77361
91772
98900
54056
69579
24141
27209
27065
11342
89742
93932
24469
94116
91761
6711
53185
83518
6043
52005
95859
77841
74270
61988
3375
93674
1351
76511
13817
60693
44824
5455
23733
43321
32666
39022
74628
20285
93437
55468
12230
49081
32767
78612
11096
55386
72307
71676
22737
34560
97170
96692
69803
1112
6834
47612
40800
59558
20400
96266
90250
25362
64029
33246
84600
71568
20724
9948
70117
93412
98961
47266
20721
96677
63842
82446
47235
67588
10477
80491
31845
23770
79284
46777
58180
85014
77232
45724
50452
72134
92085
25415
64164
35546
32545
46482
801
47716
34229
4674
66547
10308
30060
60090
88570
67258
48773
89781
59676
33531
1943
56038
32763
21264
76059
75967
55307
19683
94788
3452
33113
25891
402
27068
39243
38367
97115
18430
51432
54320
72936
46051
11580
45442
90896
194
15600
19077
33047
54654
57851
67230
68664
2074
21814
30098
14565
15522
54256
62664
58797
586
73875
57468
90861
38767
89312
83232
20520
59139
3578
95625
67883
68486
96798
51508
632
25032
32029
82780
48157
7947
52924
87827
76033
71557
35919
81180
10361
57103
22320
50984
43838
37865
88531
55114
93787
82466
46638
29310
95187
28241
35207
10177
38461
78073
4329
68259
77133
13075
54791
59040
71873
86403
91453
54953
5057
50024
91018
86242
49550
38775
33004
67237
65573
744
71717
276
32913
59397
97971
95632
33850
94602
7659
75370
76912
57780
60974
84563
90614
67540
58946
53240
72352
11662
76415
82575
85723
74641
58360
9750
85846
42266
43825
11846
42425
4033
99750
92114
36883
86855
36636
38894
89878
83184
38529
72519
71034
7400
26012
24301
11408
70347
74707
43024
14160
23748
77820
11621
67791
50186
13039
58337
88816
90075
5249
7075
30321
63170
50040
58824
45772
42197
36075
54528
56017
11769
82073
36548
7192
59404
93576
23376
17495
92455
4349
61821
24755
90121
42013
78051
48866
98261
73294
95421
58747
8490
89703
23732
35483
38544
26943
18874
17601
74465
38004
16207
88387
41708
54537
99581
41855
29460
3265
44752
96922
18230
85171
97902
65115
7050
69229
61298
59482
28677
80767
67908
3731
86360
59578
42722
54045
95658
68191
52461
82199
19037
98539
1785
86954
21442
54899
71987
39505
48736
98467
61499
55020
37958
39580
78835
24799
22943
54506
57515
43866
67921
87181
21712
96678
58997
68851
32428
36455
42282
89222
49944
3294
49920
18223
15296
67331
52472
5078
46265
19696
42767
82676
13251
16516
48821
45783
1415
7622
89099
37702
37552
18533
45559
86461
13404
47352
59752
88884
81714
54601
55004
75660
58639
43145
21841
36383
54868
12831
65871
94745
31584
22712
91537
77198
99780
18537
65359
66010
97538
22323
23094
65307
23298
12917
33706
98510
62128
31327
18973
74911
96929
8064
99514
42173
21039
81692
15826
77673
70323
32135
80708
68466
8622
61416
62557
34373
39296
51980
4524
28569
38710
48192
98892
66019
87779
42587
72583
88618
80721
7256
12550
89090
99062
33953
1891
46505
30102
99852
23025
16958
35151
33714
8214
56742
25561
32275
24071
88712
88466
65014
78268
91462
36472
4941
32569
23591
63241
36683
56676
66499
94101
59387
9271
3419
8990
45337
89801
13709
25682
52182
54887
72556
79234
50706
15411
16065
94059
54462
26316
51532
44958
62932
84562
15325
40654
15797
89318
91106
127
94444
41209
22568
54251
97523
50065
14334
21325
9988
85547
72498
26375
11382
367
99829
63035
429
67893
55328
30027
38776
24980
93203
81242
66069
60497
10469
79618
14246
34275
52066
74434
15220
81401
11775
2800
30235
98742
33094
78842
15864
25419
86794
83511
18287
61335
79972
90891
74291
16842
85769
21851
23847
5826
97191
99685
42934
56703
38287
80322
23331
40775
60527
16176
31630
21160
59922
11118
54561
43118
34122
38224
65887
90194
55866
72240
31472
64731
91966
13112
74274
83006
58918
7923
69514
63665
26299
51723
21527
75163
32015
76454
86298
90053
28095
60715
30325
52890
43931
53232
47847
86390
20867
34012
89148
6499
97364
7053
29720
72918
93562
55761
61129
80024
89806
56483
94018
23641
8507
77478
57637
51145
87704
80893
51657
94115
18491
53138
47044
2043
13033
14846
60839
10457
58620
47061
88604
36531
46690
65890
81679
47297
34992
60743
96860
20461
66185
18463
75190
63048
95037
39171
29868
20922
54333
11240
17322
51485
61098
77382
7561
3203
10630
313
43240
67894
91294
83359
94311
60352
70602
84249
55099
60028
76352
51144
48614
66693
21718
59679
67072
996
86857
2166
30584
75088
7998
65840
92161
60124
58905
10629
75122
66458
42348
73783
60881
79740
10013
40210
5490
17643
70320
33989
62577
94086
39742
80695
86710
80824
42516
56584
83694
97536
10019
61909
6750
86033
33834
2367
46129
5068
96373
72593
317
98066
95307
61466
81735
92701
503
29759
88751
82541
43624
17759
60991
42585
8002
4672
77634
60221
88770
96242
19740
80705
43623
1896
5408
59763
21438
19540
76223
25082
49501
19785
65756
80693
91839
57733
88606
18271
17441
81930
47778
48015
5943
42061
42884
48579
54922
28598
57490
78328
52604
27042
53962
95511
64784
79766
33450
53852
17500
75820
77301
51572
10934
65166
62531
41576
68361
41129
67480
90783
58375
66885
51481
14127
75877
9380
71229
38017
57958
34376
72805
76342
97963
31620
28357
25559
73081
3355
67328
44220
33775
49021
13799
64946
28169
18142
67509
2203
86067
54540
58992
26139
46396
9575
18629
44635
7813
78571
66518
47055
4098
34871
89159
32650
77814
52786
77217
92727
29768
32938
45662
82417
31991
59461
63481
43694
10352
40891
3996
86879
26958
74576
51077
65379
91203
96917
59901
29965
3526
54401
32168
8296
81155
41330
25015
76086
82993
13016
36891
36278
42522
46558
4845
21414
12863
76978
94297
64003
72062
99849
55174
96810
1900
52556
55678
45164
80347
60935
61806
77547
57660
41629
17336
52586
35337
92463
76293
21183
55126
97620
15954
84407
34716
64351
37461
48318
3575
38256
38754
22194
465
30362
95018
25442
79750
85878
12255
41105
96423
46405
51577
82450
56608
40624
22229
14898
18575
59661
39466
79137
28571
45541
63893
67510
74318
11019
37279
14271
51524
35989
85794
70537
272
93229
22175
60857
26525
65217
28227
24595
89673
84991
11619
86344
99065
78273
47408
1185
8975
82875
91997
46104
13091
11763
65561
69541
12392
9788
78080
13194
15897
58883
45246
42455
85108
72105
35240
53604
26135
28622
20640
10390
28305
74855
90738
31797
41625
73032
97441
56744
7195
48457
56927
3664
36648
73554
72836
91454
26854
39537
83319
99737
99022
42085
77850
4698
28360
16931
58289
22925
89788
18143
56915
74992
30021
25650
53135
9069
73478
38728
16661
97686
11638
46545
38970
36181
44134
7186
24754
59079
31171
27794
10718
53583
9273
78974
6332
86539
12870
31082
14082
63023
72488
75825
71305
8394
4937
44642
45209
92125
30715
64296
81751
28224
25564
53013
26392
58315
19642
64537
11427
86824
25516
38208
23803
63098
8274
90698
1620
35219
16629
19260
96603
3116
70749
35419
54285
9324
9219
3125
59492
38258
88947
94031
49903
58467
77350
65542
52248
66630
36853
35873
62286
29291
95769
43778
36998
78551
51703
33065
24493
21153
61376
17115
38646
55376
27806
23052
54589
98347
42564
97574
31201
89592
84757
61958
22795
11257
43523
78732
53053
56505
12549
46457
10316
35086
82566
91900
32617
63140
16252
43260
50344
40136
38164
95377
6265
81163
77426
48395
33760
9608
86889
46049
1684
42497
85233
11751
78896
96342
14486
77116
29411
58855
65490
9533
6853
81885
66781
33050
72811
74319
30188
46319
25915
77019
68649
10110
63386
27389
76195
16749
25225
44125
39766
87863
26911
46743
52552
59721
26666
93814
90779
3842
4915
11842
63692
7082
17246
48968
50204
23753
8160
95052
33061
64615
53018
89479
37176
353
9422
25606
16776
88228
88810
81859
69821
55247
2352
86804
26814
72462
76725
85141
81667
13124
51914
15354
71310
32387
13199
4282
38374
63084
60689
94603
16740
88096
56143
3131
32005
40401
19954
59297
95410
38867
32484
36957
20725
15288
11643
73477
66422
72700
64337
40966
47249
72530
37318
3854
18969
65916
38482
5583
24703
55731
61261
47242
99180
8419
60550
6739
40672
48205
49931
43154
80309
55746
73565
58555
86293
26197
71435
1786
96496
89169
95073
52600
13244
55756
11696
87577
73794
54741
8367
15209
29081
83512
59511
48887
74450
55551
8506
68761
74740
90579
20473
61500
83339
78461
32062
77679
74940
6150
73311
9466
74566
33933
89824
47342
98706
60210
79677
75501
73813
36134
25810
3809
50927
67933
65852
11305
24935
55768
7789
26117
87397
61226
3861
29494
13175
31561
84193
75360
26518
9172
65289
20540
14617
16964
27442
85049
74721
67221
78172
32873
68932
20456
13547
47410
30496
65401
84626
85539
52570
74373
49878
49208
31437
84688
79812
12644
42803
93852
61196
71408
15989
95557
10565
37868
15057
70303
52861
38641
12498
60980
99796
13997
29888
1494
13692
1840
10402
62665
30954
33719
97915
23994
48286
64709
88041
19672
9203
25062
2258
98007
96319
70491
94149
97147
94559
93278
37209
12758
17780
1644
76440
73391
31360
80053
94241
96345
56509
34645
71671
27206
17856
39005
79136
44431
59931
51788
14147
1394
53325
93700
77344
16305
13386
16630
46236
9462
92594
20847
57419
57485
34412
15735
8819
7047
74206
85249
48739
53275
76269
11209
17083
21974
61399
62906
17790
15353
26252
84046
70894
89765
8630
20963
72252
85118
99657
37171
96190
42957
19981
95612
12150
76349
77316
4473
11265
49659
70599
37195
49414
72422
46255
4778
94666
36723
6902
26643
21583
6431
69140
27242
926
85875
29444
62514
87978
22511
25723
76529
2271
8272
38027
60607
97447
8909
40103
31720
51985
61019
77436
31866
42091
27693
91928
79256
86650
5292
62359
36520
13733
13629
71885
62486
44042
57287
30075
10849
89745
2444
46682
45861
80861
18991
12452
78984
46644
93429
78186
14078
21411
61911
35681
58011
56835
13900
98942
2676
4482
84822
57458
83264
8267
65075
30895
12226
55770
23634
32556
4077
46674
34017
56534
5415
46368
65723
23619
81311
53222
79889
68063
68640
13928
35231
84038
55319
69790
51464
97969
22810
42203
70179
44713
32233
26558
52878
46776
14104
62513
3400
78298
38255
90761
28503
83320
92268
6460
51018
1244
68893
63342
28419
57336
85294
9990
39604
66439
4719
1939
7535
31705
76054
53417
76513
54964
375
67868
44928
35767
43869
25249
55819
49868
22217
31301
29773
788
24371
40025
24118
7621
13575
37636
90327
68253
50553
52626
16165
28532
53503
53522
3123
11997
92564
71645
46107
19852
68408
54925
81932
93495
45975
99947
46266
62279
33153
98864
73475
93164
12792
85782
33422
81394
59138
37808
34449
74939
86138
60010
86877
2426
40381
51123
16412
26870
90183
407
48177
49269
45764
41833
2383
38949
14814
68359
99488
34404
97515
82133
95312
52624
66793
95320
65195
39715
79415
17778
29706
21795
15557
97844
48300
89141
53040
82222
8448
22352
67979
70945
21780
22804
2229
28492
9207
80259
84201
88358
74781
49171
48618
12923
2560
70230
93528
12401
97451
35805
74155
51636
86056
13515
29232
40618
95270
55369
6111
10686
58845
81437
84643
49561
73858
14448
55490
23015
62890
38476
48999
68384
72337
41582
36805
69600
275
92767
14342
68220
56768
85345
85826
16197
12202
90651
20656
79377
47636
98641
52584
10425
45910
68441
24218
57786
38093
38230
97386
92344
51222
93049
14411
5568
54545
47782
5600
69456
30202
91448
40866
89134
19378
18542
35232
65990
84325
8457
40632
47882
12402
50639
82224
25774
13875
53282
39710
54354
26877
31974
96586
36843
27015
74497
51463
88696
77406
72959
37024
45218
45502
30608
65126
45804
86595
51511
99373
59056
68455
94570
4536
32693
56572
24630
24565
3490
4289
92483
53398
69011
55008
36126
53526
930
66875
55201
98164
61519
70582
72835
73940
71214
68589
9054
92720
54844
60161
13413
58267
46589
83094
80366
81037
7316
81801
35261
10465
57348
2199
9587
28362
30417
78344
47652
65266
9184
64760
73538
98887
21423
60635
82529
90642
75515
48721
12623
20731
96404
83707
85579
90256
21498
36200
8667
56073
32976
92860
83842
24543
73316
66429
83502
31793
89269
37244
60517
1906
54704
35285
69674
52100
55662
79904
11385
45330
92266
87209
95004
41122
77792
52465
67394
35869
47485
18643
16676
67326
78958
48245
90640
42219
99200
23059
5541
75896
8673
44885
47929
18427
46323
5235
88132
45151
43358
47498
17262
38780
14091
80008
5178
18895
7406
2927
55223
94521
68070
98859
80827
19433
84828
17
1580
1320
2704
85742
90564
71541
63336
76041
2059
14951
13455
13804
18875
55971
43175
49107
11029
67353
10965
54386
94510
90476
90480
76618
6784
55191
92850
51483
78827
26868
33008
10953
49132
22887
71302
91445
42375
43449
41644
23442
49352
4668
72271
80518
34788
36372
42967
70185
59732
80889
31877
83
38006
7729
22781
87115
64599
39680
82126
89842
34823
52622
3288
68205
77847
55256
62236
16235
59599
6082
57611
58327
44498
56865
62886
37708
80728
35566
22330
62987
24323
36766
99337
89659
1546
5625
65847
40508
68314
37425
88208
47291
21202
3390
52159
55885
50711
17545
89873
89753
5891
78016
13621
27928
45976
20529
10143
9830
17807
53286
76847
66426
28047
30733
68682
99645
27417
9709
24928
88857
4451
86022
65522
4387
57129
81879
14344
72409
69302
2849
13726
45778
71516
96846
65581
85937
52413
9941
89951
26605
23839
6612
13320
67252
85830
73427
22891
58187
64410
61808
87993
80798
68645
30159
72141
10400
33188
58970
93017
514
78198
84512
91125
52562
20119
47631
92781
12544
10522
52113
79378
75540
16747
83251
97460
65659
40754
70799
83115
52797
14762
22160
66881
93924
14295
69781
71665
93725
28246
35609
92467
35431
77451
10645
37314
83018
36070
6371
16475
25278
32970
34753
57614
78303
45287
80058
35245
10350
32966
89595
76879
21211
12895
14811
85123
90626
7989
2999
59046
56242
59749
71028
29946
15048
340
66679
58604
2854
88175
43894
16400
81595
21753
88843
72849
11810
66743
22972
43438
68397
58673
34368
39260
14958
68667
25664
80179
74484
98158
17317
90280
19476
28279
65087
82168
19734
66220
81464
97018
66027
10220
14688
73218
70839
38977
76270
11430
1894
91741
7933
56643
68697
93676
10618
6411
83336
31701
77107
77225
33928
40287
19576
55939
15953
24124
4054
33776
98052
10363
14979
58141
87777
15302
90931
16955
34089
31722
64159
41565
58666
90482
93291
49613
32209
22559
98150
79661
30803
33306
62287
15482
16257
57709
68277
48501
12487
83247
97583
66029
98772
94997
97049
96700
47964
68082
12869
62680
76680
89483
83417
56523
96842
63721
71137
11616
77781
68917
42775
24927
63203
17017
9719
65606
33487
71999
8461
32204
64797
15363
81789
46756
46712
38091
65621
68305
14522
1436
10617
54999
85621
69426
51679
5559
26630
80712
98764
1178
14757
3188
20092
6488
63726
98533
93271
3082
26256
80967
95642
55883
31784
48202
45922
56890
12566
15704
81158
70714
85026
9681
6639
67987
43395
17862
59341
90211
85460
52419
37351
88814
57890
26314
86771
11087
13626
61368
27255
89604
35974
5914
51666
55991
71283
83183
51670
13264
40225
9641
71019
12276
19685
11249
30595
77453
28023
2924
75309
99336
61000
46138
67169
37156
21355
31636
16862
33312
67953
32248
72733
86811
73304
70655
32606
28912
95863
95261
21215
7925
21048
30334
33897
30203
33307
88047
12472
81215
84866
46408
65391
22619
75517
89501
2606
61638
82070
59598
85389
91437
39618
13667
16618
37184
23030
62081
26415
61564
73157
67125
21257
37210
21659
28303
74391
41238
27897
22063
80312
8549
15907
5793
72184
59384
96157
20308
23515
95621
32993
64640
7479
5155
4038
66840
16511
95988
72496
7958
77065
37960
60220
10962
81470
44781
3083
32660
16122
89336
5376
46977
63232
62729
71020
93391
56670
15051
23484
8284
52132
65602
98215
63487
1005
66584
98063
46
19547
78081
73623
15767
96892
45733
50264
76887
93483
10241
61078
90234
33001
42130
54495
23424
7571
92090
56353
2601
48161
68193
38925
53108
83805
60233
77193
90436
56506
12688
80154
612
66666
88545
96202
44390
44549
42638
36828
97745
92946
34224
65182
89654
65378
13351
88143
7775
24697
56986
13730
5837
32957
16592
9576
13829
38827
74919
31119
79025
54566
33956
32049
18150
36700
33398
61521
8974
39736
5223
95594
91996
42001
23564
86713
7225
87258
95648
89152
14658
21297
64028
39727
77591
81141
63109
81442
19497
60623
80074
15585
40059
99499
36179
99233
21704
33702
94560
45900
18558
70594
25380
85848
99643
1825
1534
74515
55475
11199
25074
104
2107
16521
57785
24681
88320
79106
11273
63004
95096
15340
1950
39808
4055
49895
17722
18816
47865
18012
87405
33548
44869
68106
54793
80067
63114
78026
42785
27424
44243
15295
51101
31648
20141
3549
31036
25735
86706
91723
90112
21383
17557
44192
37359
20459
76508
35243
6360
65154
32520
65299
10582
78968
37784
50220
6376
98256
63193
81098
72599
74345
11765
27135
21685
61760
16899
15292
96497
1969
16743
69668
84233
12106
84177
23461
19017
50242
82386
55547
17970
5460
53633
59286
48685
60168
25303
83070
41656
73136
9435
7107
25029
72094
19138
17565
4890
19969
50683
49173
33661
82454
25827
18310
73334
55342
50697
68012
76189
11557
2534
39352
86420
59166
98329
60775
5301
54093
44654
22207
74696
53369
10907
2914
59899
32032
64338
52874
50789
20421
69777
34986
52822
21729
75533
78661
39313
31977
98409
39771
59997
87380
63940
36523
25275
8085
21250
56746
11289
717
44639
43867
99562
11091
40238
60858
11783
61437
57257
46309
85336
97609
63433
95453
57467
66736
52557
40560
39882
29629
68183
79489
9496
11857
76338
76262
94085
38928
70877
92571
53944
42234
79262
32339
43098
70133
31988
95068
58076
94367
7361
15232
58441
1283
42991
99293
67658
4203
44199
37433
75924
87628
66239
49244
27050
9113
90456
90872
75720
75259
96487
80833
97537
98863
75842
87126
40830
3559
26882
18937
37180
8670
55228
68840
16881
92687
57077
57907
66705
76203
27682
28261
28150
52090
26208
82641
53738
69421
75658
32544
69857
96803
14303
79690
15202
17473
90973
90725
45412
79385
55521
7071
42144
17808
75572
97576
56092
42386
61406
75943
26864
70902
90868
95653
35912
66122
73776
3308
64473
68270
88689
95893
72623
84781
78276
66310
67473
48323
9861
50673
20622
40936
90371
91086
28998
86786
31586
63517
43930
42435
47095
28396
77946
99901
90881
31578
17030
5955
12996
43573
97088
4027
74734
53452
42883
8646
52965
85772
72191
40657
9900
44083
37155
22691
51330
52534
99141
97793
71514
51871
88074
49105
38314
62792
6166
11378
31617
80670
15805
60584
98705
40114
64081
26644
72772
50494
40824
44422
20713
47471
99090
34163
97598
13158
21932
22318
82917
61049
23254
97231
23179
35094
17496
63560
30310
80434
65272
34722
30438
48225
43728
76061
4325
24853
68579
16121
59024
44439
76935
81168
61678
41626
91587
36481
77464
65636
31436
41254
55709
1344
35571
96784
307
70304
22041
92785
37002
29479
21120
24383
75779
75524
8632
92527
16544
35646
67814
76555
70748
66228
81646
82825
36509
74361
75288
65140
71357
759
14034
50773
27343
82532
86280
30644
52192
17809
35765
41217
88189
64746
87119
93257
40045
98068
10828
90592
71312
25709
90897
15017
30408
42067
76553
11492
99890
45223
81694
73803
13331
64040
71469
80510
97327
94321
10710
57840
87092
64062
8131
24476
37950
38880
9638
38605
37084
5506
56162
4599
2188
78617
6275
6899
26411
9448
30857
68449
18315
60661
12041
52846
82711
45647
40717
79146
52469
51683
99320
20553
2297
15062
43554
30867
69582
97218
8006
85311
79647
66519
27987
1925
73420
34297
28364
7817
19484
10071
34818
56323
43365
29983
44457
71677
57903
19869
56264
7510
42854
91228
49393
37005
5846
29785
42540
98745
89805
25652
66815
53156
89841
39251
4820
97715
29800
23183
83570
56908
35376
25639
97246
86007
81845
4315
9458
39041
24486
75687
69753
41903
68264
32981
69705
97691
93395
38103
28256
85869
41158
72944
20
80193
69670
39435
17469
41619
12454
10032
16301
56603
87280
10263
18101
78478
2795
45955
60709
56681
50003
97747
34596
41244
3620
84025
28131
55291
8412
80935
57708
1219
66876
13895
17006
11364
8103
6213
5708
39150
6356
46400
26228
66326
59754
29701
51782
19092
51603
57364
47103
36573
23716
25777
70268
82602
71397
54631
56989
76804
68488
66756
87869
13411
53244
94893
93368
16382
77479
93911
85416
98138
36104
78395
10784
9949
59315
11346
7096
3035
64131
37333
82895
84271
97214
72126
5840
33070
78457
87439
91686
84297
84714
52146
4932
54863
3312
15421
96051
31164
51794
37116
62907
73013
55876
1937
25567
57393
67007
15263
90668
89000
77768
98391
23428
83478
82913
44233
13530
82586
9226
9
58602
40299
77236
47917
16308
78292
16161
88581
94339
78135
3389
32389
18813
29309
54071
46870
98595
33105
11911
70804
91536
78404
98169
19750
11309
80924
50666
60304
71785
85837
49041
98016
86278
72793
40400
7964
9774
24753
47549
84770
37923
28846
85721
85078
4565
93849
68707
34568
46186
78909
49471
42389
44255
59523
4546
70132
66371
50744
5143
26367
34689
84936
90296
40073
16843
35940
77247
96813
78424
81712
65690
31372
4663
90810
92124
35596
26323
88958
56972
61432
61280
67317
92658
14324
37573
95791
79286
98291
58491
4338
33976
5741
87931
71827
53121
46933
53972
35354
36495
3181
54301
6696
65692
40582
49089
51809
95196
4984
56043
62314
47445
28282
83291
3098
4775
26190
95364
33134
52294
52118
57743
76360
81926
23592
88192
19026
77216
25895
87962
5853
9306
50649
70008
77034
68566
92915
63125
43565
93888
89003
51505
42786
46884
38549
90551
92664
36845
57280
38371
41430
82295
39933
17013
23073
59733
63685
42981
29468
4339
48446
31815
97161
56836
72667
49308
82655
24434
81103
21261
81740
15869
32344
51188
95116
7856
91123
1079
92379
52863
97145
56099
92311
75875
82581
9517
21560
97922
29939
95303
59408
42744
34945
5100
4439
59945
81549
13806
41534
81527
82938
15402
90405
61745
59062
43000
22949
19462
81762
33142
65361
50128
65479
69460
43295
96942
20163
12248
50050
81960
51439
58091
34187
56554
91011
47833
26671
44936
62280
98102
45185
97227
41241
21732
81102
37957
15061
34643
20230
68551
26580
75839
49159
68832
77502
72955
85101
54955
70782
26621
88194
69060
23278
7709
80598
46058
62449
47854
51426
3464
90713
71476
82920
88728
20859
1761
51063
76763
91751
3030
88815
23846
4833
53691
52297
88736
82005
8964
10892
49850
69903
47295
64516
82195
72897
88004
94562
3935
46771
96154
82169
73158
36410
47748
97242
60492
58366
65508
57104
62073
24921
52033
65998
81767
47883
53067
70743
82331
58110
54192
41758
78156
9883
3561
25499
80197
96687
81522
43327
63641
73407
26099
43375
22280
1722
96835
58058
7214
69744
99665
72645
28334
50140
75409
83696
66740
50887
31485
77425
16594
18070
81004
46215
44268
55299
28292
45486
99060
38472
68590
16300
33176
49703
81434
90264
45568
71893
12242
26373
67780
10910
53012
68351
64393
24562
71691
12155
58268
1619
36771
32216
26427
63083
40790
19513
53011
91942
84629
67094
10011
32186
86035
50256
73864
84242
67058
80599
80580
73985
98417
21693
67404
1997
53353
39740
49331
76824
84055
40310
63986
1163
69896
24395
72181
78927
59254
78567
18506
94306
90309
29818
34825
46734
54309
88653
94481
64902
47570
37549
27406
90285
33984
70621
36722
15905
98303
11310
55406
55484
9033
39269
63888
56990
4723
85247
37372
69284
87036
16665
30858
87456
15926
26362
43205
27504
83147
83005
96597
23475
3885
9546
19444
93581
75050
54249
80310
84496
78760
83533
31404
98713
42591
36669
94105
72465
14720
67669
56647
42312
63521
25615
69442
54558
82340
44863
88139
85572
21154
77584
74615
31872
31724
62356
16535
85703
71153
48914
89948
53096
45028
88274
93125
11955
5637
7868
43244
64642
62243
69517
3059
43257
60838
41586
23091
99664
41498
10359
86975
47330
83316
75366
22903
33431
10242
85950
13291
75507
72534
79463
48099
38545
885
24838
84323
28540
61688
69268
67972
72022
27276
56209
67310
98282
42172
83082
30693
27745
90139
23236
60442
51667
46818
30772
57760
68861
90406
22363
83485
46222
1077
74320
4832
10575
86061
5193
97152
17618
70849
13304
44473
49976
39641
30881
49378
37177
40608
91941
87711
24777
90874
95852
24965
25616
31513
55566
6028
28719
7761
32506
95064
61110
67288
77377
54538
62405
38640
96349
83998
61463
78771
99927
60512
60740
88908
27133
68434
60583
5238
31091
70453
10611
86359
47267
86137
64458
58468
81964
21123
18397
42945
43220
66135
70883
65655
73410
97263
53673
51879
78372
29606
57243
27983
56477
85483
36574
5656
13894
71004
57074
77485
28763
95282
35365
88710
35980
8172
15696
64202
69799
62694
68849
32315
58219
19161
12767
73751
1176
23446
95809
96127
80880
15116
7051
59029
26222
95858
10858
52023
65179
13491
19132
92833
67107
1272
32547
58912
18466
6138
65438
41538
32762
41138
98759
63502
94776
36041
72788
22012
77918
29166
660
18945
26536
25136
80665
30123
86345
96943
93467
10561
66396
98489
53533
56235
67115
68007
23166
834
56085
48370
7846
96421
54697
3340
15120
39587
48045
45591
90322
10012
88735
58708
18231
32093
74704
5321
89894
95087
28708
68221
18734
13645
46441
6894
11311
8063
43767
69989
7845
93701
3163
22919
37871
64567
72909
14137
61478
43002
31800
51410
20905
62958
1427
7785
9006
83901
82051
52664
77400
8848
16246
47391
94476
43138
61667
27103
23384
22043
55872
99019
53003
11873
69054
89690
62331
60586
35532
27214
26885
32730
53712
23263
3695
18831
45874
80165
21585
56697
63406
14476
84214
85495
91496
22602
43293
85016
1001
12597
76295
16106
43313
40923
33796
31785
34709
65942
72596
97416
41652
60614
95947
82112
40196
45430
87802
93306
99415
24138
70087
72408
49395
14938
64064
75375
87295
43652
82290
65164
76187
19803
77848
11167
62518
85736
76044
57452
84852
3328
84443
53056
79484
90888
22210
93396
57396
73927
41640
22445
96580
94803
60893
21239
93796
72302
34750
13552
51904
80036
22198
82491
60057
84412
360
20728
64835
98939
94440
85849
15807
40757
66465
77940
86683
14235
93961
13848
33521
57800
81438
16986
34708
57427
43195
42757
53410
67850
76209
18896
34315
48880
78017
72194
61732
43020
69241
84292
58901
2446
85516
21433
65187
34400
43803
44670
24190
8022
72123
38422
61914
54491
20973
93555
52995
30213
42663
68903
14107
87088
59243
50993
22946
26242
20125
11148
14779
90173
24617
95149
48607
10677
91117
51592
38955
93068
20589
66688
10783
11543
97442
53392
13375
18354
11432
57100
27856
49303
36960
56556
46849
63770
46355
16849
17365
11321
25320
79129
13246
45305
85465
29529
2501
79217
26004
58764
45015
83611
5392
87164
73532
95407
82047
911
36144
1615
91332
39397
24904
70950
14285
81519
91282
69462
16820
81211
88271
59948
475
82421
7309
76367
39764
14695
28428
86290
45467
68337
77911
70657
27392
32106
68957
81143
74783
44695
97819
23971
68745
3032
64776
76139
63962
83535
57314
72847
33359
24546
53296
33729
9952
69556
71977
52789
31285
61508
8714
85412
36202
79492
78692
42848
27947
85257
13823
18691
27713
3196
83154
25867
18246
70829
60237
11600
21846
77434
31829
71240
98860
74110
4535
40687
19390
54393
9041
76761
60828
57767
45841
51633
20853
38181
88546
48426
37800
59019
69577
46687
84682
59251
69677
95208
70595
54512
81589
46136
14631
82998
78428
18917
17333
4585
98040
80385
61689
11484
90620
27471
9465
73874
24420
48409
18421
34426
23810
67554
26505
16354
31339
24194
38884
59875
68703
61757
43178
6722
80563
58790
59737
84175
27999
88578
94226
9135
80920
17311
7243
55954
5701
2056
27115
37719
79260
74426
56921
67211
73676
72249
95010
87556
42458
49942
33362
97750
37534
30482
79080
97642
17129
66489
51435
36538
5463
88054
71124
88316
44912
71367
52099
87661
54930
52794
87390
10893
22955
43419
91528
17298
62809
45297
15237
7517
15836
64456
10653
94670
73721
66906
63764
76060
33043
41879
10286
42639
11219
64939
40818
36221
50201
13279
51216
90251
67435
98462
60793
25878
72051
50240
90993
18204
62739
51374
14487
85784
64223
91070
39335
17000
92551
7591
28270
68272
23585
43977
66674
84220
15523
25430
4012
56058
97719
68077
36519
52921
86076
48539
4213
58606
37935
12939
8329
25195
64577
10456
66651
7142
44611
43381
36120
51071
96564
41930
62152
73416
18299
73324
36097
90532
34695
25589
90051
51653
56152
91476
45974
16819
71745
57265
11915
77957
36820
9397
19998
31750
47012
36653
67852
85271
57898
70312
89818
36245
61058
85319
5055
29957
22014
4351
56179
13917
23624
3518
72527
88221
3545
75104
94736
4310
22079
69292
60110
91687
45320
855
8393
58376
56387
16675
24429
97033
35818
40526
51569
35188
65774
95546
65580
60286
54604
92307
61738
37470
11821
52645
23704
64174
1951
23983
23588
38333
33289
53913
24115
82861
11661
75575
12409
97288
23126
96880
4776
14018
64430
98664
77828
44756
38902
3407
27529
94671
18651
25457
35406
54446
66558
83682
66083
5966
67201
47361
25306
43939
58495
73317
66202
39673
38094
58234
25057
62183
74181
77979
50849
57592
75438
63694
37168
16560
54186
47867
80966
30253
71747
21769
44472
70247
71515
87250
48787
76133
44032
44898
75768
50534
65281
77861
82535
74145
88821
14731
26173
94287
70216
31640
41739
48923
18878
65277
88471
44600
36043
66865
1220
6466
74290
10244
36198
60730
73476
45859
69160
35926
21266
39233
59656
82021
56016
97787
34050
48217
69201
89132
29483
79761
64000
13585
45646
50072
20123
65495
47465
54091
12840
74001
79012
3804
92876
54145
5626
52701
1994
45202
47736
11380
76705
73043
28255
24699
80747
91480
66704
62143
73383
40368
17621
29225
75164
2439
28448
88991
61644
9326
35653
40036
82024
70766
34664
77284
52706
27912
27409
77503
8268
18172
37859
34993
59572
50760
96982
32054
87234
81699
27146
13665
27006
16790
51606
83904
71692
22449
17757
77345
36665
47746
69610
90202
29654
24388
44380
52918
10074
4450
48288
45387
41899
25914
86358
78575
29535
43814
19330
47836
83227
5354
88624
39053
6432
82620
71039
34304
10424
75267
75159
43439
87894
70764
71411
65899
23095
55136
29517
39099
79591
64877
20971
97086
39973
38606
93332
36395
81467
75939
52010
41597
80677
93864
33209
38929
89179
50131
23825
73834
4529
27020
93550
70151
61460
98193
38718
67076
31541
59739
86486
22635
68216
60330
67698
38172
17012
51998
22195
7032
73903
4242
19953
21823
21137
62942
4652
76494
80117
98276
29432
76580
81286
15898
6523
239
58734
22279
58114
1800
62671
70182
97627
24606
52433
57584
40998
17120
96984
59544
87301
27822
80887
92723
69877
69848
79849
20245
56849
86412
78453
99470
44164
74288
887
25175
70189
30707
76929
46525
91968
73077
68613
15217
95752
96910
6554
64729
76366
28810
80494
2406
62385
13150
82857
81739
73275
63543
5325
74099
36211
37598
88014
40785
19210
44900
75709
1307
70856
29544
22131
6330
75252
90730
92611
45856
68234
26295
16539
96840
72256
67066
16754
54917
34841
99943
81732
36582
90130
4116
25054
48660
8933
99300
8072
60479
52916
68977
45454
91238
82616
38252
44002
3052
41814
88588
69927
92087
5410
53193
24833
33007
32684
193
3322
36605
13739
69840
13857
95968
72078
19352
93438
30193
87695
23526
67912
7768
6751
55163
14444
49755
96268
69126
14605
76972
80669
22664
57426
10246
69084
62955
47711
69031
83224
298
21678
10996
35843
23871
54530
95310
63146
63103
50692
28440
81681
91601
5828
49323
85140
36063
45862
21784
11276
14493
64180
27548
85356
68138
34313
33005
39376
89640
69325
73715
89885
67084
42742
15977
93848
22907
12747
58318
61319
17769
44121
3206
11262
59854
92431
44170
86040
33697
75013
46899
46465
9615
70955
61737
31211
628
70812
29531
32643
65103
29628
63987
92234
73625
13067
13015
96618
43807
78973
8604
51819
57542
79323
60626
65232
53268
99246
72144
90906
9955
6143
71637
83849
13352
5363
39057
88469
16444
61772
31465
57900
94006
5627
22782
41747
70319
3763
85995
78579
93419
53231
59577
16572
26128
71593
33366
12513
91268
50826
91357
17949
95327
38934
49305
51039
90392
33223
99148
32610
65807
73080
13120
22867
8935
65834
51746
35404
99303
18480
1142
32120
14288
49425
48983
34494
81134
40611
79253
92056
47258
25327
61126
31159
93246
30890
56857
11182
81921
45299
54016
81948
14204
20960
85071
4214
36712
25521
8922
21116
15535
76530
33440
60064
5008
27279
97118
73048
24416
51113
48888
16774
58300
99317
63024
77097
50572
30377
95158
7472
69464
32276
48076
71848
93160
10053
48670
83299
45743
33305
46717
38800
55825
52279
99076
41190
9664
23202
49045
32466
57737
93069
48522
59924
14519
14162
77292
99214
21959
98369
92760
87605
91464
78864
37402
49864
37690
85634
23300
29658
65806
31788
55106
46417
33654
39705
83548
40436
74210
49964
23587
36036
45243
62683
99521
60336
8281
85538
30459
55808
74694
46909
69339
61366
92596
93240
36640
73609
77549
75011
46478
13612
24281
34600
55023
37947
9874
4135
30284
12
5659
94785
92606
625
70574
86602
51597
9026
65544
26954
2218
95522
90716
75105
59373
16944
85743
42095
7595
96868
36460
18124
18561
85525
27476
96934
22561
63852
34777
63506
72396
54172
82244
45115
27623
8278
80762
46141
57646
40557
22245
70964
51136
52860
30662
27217
14099
60617
7447
16800
5508
11637
37632
46369
84374
56037
34878
9817
93389
80892
43671
67512
95629
24471
73555
394
23493
62323
32009
64993
49476
88401
62051
47207
28613
26467
91646
80094
50831
12047
68994
56614
72120
53592
88033
76451
99339
42548
93896
71570
8358
30745
37940
48379
51049
15390
39006
64270
82087
75833
1721
10705
24201
8130
80149
25502
57577
13649
77470
81703
74927
98968
98113
16596
29924
45034
29036
16705
87098
39081
39113
4399
42388
60301
66846
46026
49145
15655
91738
89815
99085
66071
53521
89221
58008
53854
96759
13357
93883
41175
835
47284
95339
10750
25727
77654
72433
63444
59776
50107
68474
83550
11471
24956
17287
23439
88764
96303
32338
56949
25919
79399
96091
567
51845
79509
90478
43519
26007
49176
43300
85834
73526
94183
43780
22953
92286
21008
20832
47616
54229
49394
64217
21406
45347
63238
62999
99966
15742
9005
56284
82659
75301
2119
37990
94012
81146
41866
21491
63577
52675
48248
64288
32091
88950
41043
57310
52567
73422
22395
57682
69106
17663
97186
83310
88743
51311
39284
90587
91917
15652
11401
96187
77158
94152
91134
3252
81955
64431
32778
93383
38947
69499
89270
85090
91233
19629
52757
85395
29827
28400
99146
81743
95608
56493
62132
70210
24102
21698
5322
94751
82080
68720
22985
57834
89852
10317
20193
82751
82314
56082
77976
60692
17401
20574
83168
92395
87323
642
34299
2562
32234
75867
14077
98203
70525
2131
10703
8501
40240
43522
34276
27121
13741
16225
3429
21837
79741
84871
19255
13872
86676
69271
91891
11173
51446
35019
65405
56969
10161
84031
89802
75728
6014
94314
233
77906
62597
75696
25366
76638
79009
58508
80110
85487
94201
7064
92806
26300
13099
82256
44748
36190
37294
91920
58295
77357
37862
42163
98893
14317
16393
55950
4140
93571
23771
46595
56417
85473
14208
26043
38410
38013
63032
93186
25525
37078
98710
31667
88053
39188
39184
80446
64094
82403
59528
70400
82184
42935
52667
19053
7866
65673
32670
90176
9183
71974
48058
75766
86494
35339
44996
38470
81258
32031
47505
11712
54224
95830
72735
81543
35147
57085
95682
91317
68660
49182
94088
92905
46375
6809
74979
19030
34679
44079
72588
69726
7039
65663
75703
18073
7997
17234
29923
52290
10998
60456
76534
26845
57399
3788
81637
19747
97713
68592
95581
49163
72090
40659
40889
99401
54929
50367
33780
8594
64209
73511
16260
64395
11570
96541
47985
84225
25933
96954
34369
83114
80991
132
81880
18240
39339
68775
95274
739
82034
53754
71129
51073
37717
27320
41414
24945
39592
70693
86703
70901
41446
87198
81966
6148
72746
46335
28415
49896
39498
63067
20140
70407
36867
99959
7122
13095
14639
42939
61141
48475
5936
41439
36787
91452
53956
3650
91151
22611
70666
71481
1462
83921
41680
98829
23279
97628
93289
46518
48073
31700
21367
52735
78502
29212
66484
82355
56904
46010
2275
48668
27366
82614
77610
97701
98610
11625
15691
52568
5945
4870
37434
87068
91346
16712
8754
59035
27402
80766
76150
41390
13877
12254
99120
67666
6841
2732
65074
55853
87715
63393
1375
95305
71341
83758
45616
44400
46927
82728
37050
33833
88369
64315
6965
80842
51313
14375
41205
98493
22147
6977
84281
51203
75462
89430
85031
61355
82402
99867
61595
24285
20045
17754
13712
5270
60886
65423
32299
2213
39832
16998
58730
60920
28163
79322
91994
2342
2222
48765
58679
90526
39556
61786
51091
13030
25409
39431
11043
80556
19154
97788
34513
61752
15660
17219
29792
94730
53074
11889
54762
86621
77221
42888
72454
54909
78731
49074
27024
91219
14045
7555
5662
75426
13871
38862
14672
61920
11204
58875
18797
64668
24423
78655
10931
97317
73693
88159
93712
99001
70335
95574
49781
68602
42714
98789
82066
29753
80868
66748
17873
55449
65564
9730
72285
66655
33383
54338
77297
28143
16783
32126
75351
9059
50501
76999
60961
20645
28985
65258
84173
3959
76689
32967
8580
54882
92714
32105
31282
40860
63690
4700
92707
87044
77907
31207
78521
27741
89449
55856
22230
2902
70394
95417
92042
98954
96392
99962
4620
41880
35082
96074
4728
47158
35705
40307
15256
60332
16167
29717
30387
87876
99851
57675
63670
76246
43331
86337
76205
51055
49844
3771
36064
40422
73370
65031
13689
61043
43910
9609
45266
48635
14980
35542
51198
95115
13634
61776
40184
62027
54607
27520
78440
9923
52623
21106
23130
80596
62337
17989
78892
27111
76294
36393
53694
57854
47320
19551
10364
80582
17732
17080
78037
22199
44274
45811
18140
63559
17428
5278
41404
58689
52682
29758
98969
18053
10428
75547
93381
34331
21499
92437
71657
17581
75487
93310
70392
69069
59891
32620
11495
13448
96699
77797
18389
61695
45913
80458
22082
13669
99446
46857
13220
38864
81104
34910
74198
78687
27079
87257
20425
5369
77112
68951
99046
50221
19714
5405
62367
82771
92780
50618
99527
51159
90988
73827
20080
69752
23225
55061
44825
99461
79231
43524
40312
27931
30055
88847
44300
25684
19558
69422
95513
59500
26767
80759
11338
48776
16115
67210
97789
6703
19396
81797
68894
64890
79864
24059
58872
29332
3586
30082
37336
12063
45376
50537
8441
45449
67678
94271
30081
31691
67543
74901
70184
15976
93764
58035
96039
42232
92070
2811
61232
72292
42795
69053
55710
65322
19025
28045
16748
18845
79643
6497
90326
81266
72226
98988
13614
27869
81579
99383
26612
63552
51641
26604
68043
46227
82375
58513
88046
55649
33469
47013
13627
45978
88040
33606
1630
29125
10811
33682
80028
40003
83146
48992
35526
52276
67626
1614
40344
25752
77798
59067
47178
96010
25389
60909
48569
10150
37482
90673
30653
51246
80143
51922
27555
34349
87843
54984
37987
10162
83780
34102
67257
30433
67372
13701
3781
10212
31680
87395
73941
34273
45358
16503
54864
40274
57739
94630
54420
54426
67632
3047
75227
4000
91072
85346
72887
30062
66292
66650
37335
55512
6744
19494
6833
33313
99805
85940
81297
49493
56322
19189
13719
66175
80440
117
49031
86456
87905
4368
87104
13902
24096
7383
3329
26261
68737
53596
79559
66141
43078
41337
58256
70079
47588
22051
69926
18298
14014
94077
41549
99714
40643
90160
51861
45775
23152
99230
78730
75450
75753
76071
83186
80398
89978
12580
95082
10256
45460
10407
85417
24615
54040
21865
68862
14412
26759
83421
38088
16495
29737
30281
88245
38890
48280
94733
31303
30080
66461
36631
29446
38697
46538
31479
41709
99443
96641
90718
34417
86796
21801
92282
94514
84169
28649
38023
36223
29257
56656
46869
60165
4587
78505
45022
3458
78540
74405
90802
40590
94522
18255
14424
98378
20370
85372
63785
57624
96725
39890
90939
59660
23422
29371
86203
67808
43868
70630
86850
44385
76128
2327
22166
72895
89095
2992
36824
15635
86505
60524
75763
83350
19097
31232
97006
43557
67837
13722
91335
38992
12258
98962
77754
30447
9945
5604
13948
44145
14133
65487
17216
72511
9953
24491
12388
53525
57145
66855
40024
6040
8963
53968
19829
74216
9805
86730
55279
3849
71973
56294
535
8276
30385
26786
66918
81782
9613
93077
77626
89409
92444
32888
52737
3961
29694
4197
4764
26663
87340
43597
84948
33493
83446
91633
94383
51475
70795
16315
87797
99366
76850
36958
37574
58853
40956
66194
80960
62037
76584
84820
32572
57375
26271
96915
93878
17763
61136
81135
7459
84184
19512
44158
2635
10835
53111
79404
30520
73563
17895
92990
57477
8746
1524
64374
53903
65889
63339
11731
91930
61041
74156
11428
17213
29869
31173
97423
99719
24634
6178
98687
87640
58384
67647
83046
70058
23472
74952
9594
8725
63854
48937
96539
62570
15147
78629
74887
39476
68394
25576
53059
13382
80133
85819
5997
47668
74695
16039
42302
24596
81657
76322
50226
74535
97817
86127
94349
64015
18934
35503
3463
18435
59999
49379
96685
82911
51284
29364
91369
41608
17503
62501
32122
13648
9309
20517
94122
22923
81949
69148
95980
99449
69844
3744
88339
40827
97852
88623
68297
64120
20845
47876
76104
78056
57923
54164
49847
96291
7341
94289
38790
34685
24993
63717
26038
31625
87642
61069
1533
2786
23848
83257
81826
88564
37260
2396
62140
53880
26026
5537
31899
41615
39035
80214
43585
49675
67747
97245
57506
47751
8707
31089
74782
92648
7662
54020
63619
57600
594
86294
99544
50991
60238
59804
23981
16029
58735
31514
931
73285
86867
71832
91068
86568
30722
76815
41173
23517
6560
8102
13275
38434
84608
33658
69859
44511
61192
36961
67194
57817
53347
65303
83039
92105
7057
39087
28198
28592
53475
78043
48733
9103
6414
92199
42867
59554
48669
90144
77488
29562
37849
16192
98582
30251
5515
25265
10291
599
82638
393
32655
67534
79340
93715
85580
62928
70944
44788
46704
44820
72912
74128
44617
91426
7890
63529
5709
10768
33500
35453
55958
89671
63791
40534
15349
12186
16069
41445
33615
42828
41249
44570
69527
24907
84203
10105
87698
50410
10196
32761
36189
64907
64344
5618
20311
8953
52531
78775
12626
46943
24172
44737
78226
15189
91343
16721
4853
18002
5816
70387
77259
12194
87185
51454
83571
74144
59635
31621
44622
30677
38147
11885
91484
84028
12249
78418
49965
52114
32591
16200
88791
81968
26724
66086
37497
69199
23398
2101
52743
3711
8831
18773
86311
82072
64170
978
5256
70800
94988
13932
49754
55569
37383
96016
51223
98733
80426
99872
38878
32903
43608
23078
80528
34897
72840
61971
90471
437
39256
9619
72529
19596
87307
25188
59918
34277
74657
90395
61325
47843
44307
66814
4981
11421
62952
87496
72601
21141
73611
14211
37911
80021
94100
66766
17309
24802
47372
89175
68888
23738
61222
40799
44664
45794
4085
69413
32735
7228
101
12212
78361
36003
12522
28443
80282
28630
40060
12332
63960
11203
7532
85106
8790
27331
6015
91262
13611
78703
87555
50259
10670
50834
59161
96244
35832
15280
61177
87702
17520
43843
76020
20339
21372
21068
94621
82994
43601
84726
17429
63698
48453
76681
65566
14176
62827
33782
72637
42589
73828
75906
58913
77583
80615
71270
81096
66770
24479
99786
63437
4428
75096
39139
82128
11462
11847
13883
59811
51943
93480
21317
7586
50896
71156
80480
7812
15663
80755
28089
85190
82526
16279
28350
40662
51186
69329
84346
88527
14245
87256
13653
28629
11505
54662
83329
75960
45487
92039
7201
22606
46653
63919
70940
1827
40975
68943
85689
54330
38660
47523
64781
16477
75840
59531
41871
42788
70603
45433
40380
41002
56599
44174
65743
4817
47172
25662
35069
14701
50069
78250
11527
23798
19420
7839
45713
63768
12140
73205
57492
24589
94568
93729
62500
26416
64663
50877
89001
43929
13481
49205
783
83246
70055
60872
26926
71614
32095
89617
14680
62253
4180
96854
91702
35441
37227
66355
88001
42506
75811
53289
42366
52355
66143
12295
24066
718
6511
10706
80131
29187
49639
39379
11591
69549
12179
27974
10914
18538
90373
19654
5962
31930
88141
43223
19689
80041
76836
51937
35633
35440
3353
31943
5075
92308
30843
88851
36769
18281
46198
88818
2813
61357
68990
23800
43544
94265
56428
79064
85330
60348
37230
94960
52315
65331
14614
85163
18946
541
8191
54152
78396
85496
7005
60139
92814
12362
7861
78706
14494
91946
40863
14129
70724
47195
37393
77505
90990
34970
899
36292
829
96274
55184
23982
78880
34361
1947
76064
82243
15138
51903
52401
91096
38361
61850
64056
93696
50925
46957
25842
16323
54884
53938
92885
37681
36910
62568
87689
81617
88101
19729
72315
28714
96968
25466
93413
19588
60906
17641
6457
84997
39526
87247
47177
8497
69515
79246
44992
92645
15257
10395
55003
99506
6372
9726
98096
3200
71836
46563
92407
77832
74023
33883
28830
62855
22436
29791
37611
93305
63208
77414
33778
87610
19619
89696
3396
23568
52018
98422
60046
6439
27221
61447
27259
90902
14752
51448
10268
51266
51743
79586
68689
74920
87550
64849
42385
70952
15230
46027
7516
45294
72210
59985
17945
26996
42805
75864
36964
23276
40373
43207
50379
28490
6637
17834
67576
1592
16664
60551
73067
59025
66523
1656
17919
41059
22589
44975
77265
60785
43169
77188
3416
71757
1225
51559
25089
39534
73494
6540
76742
75583
52901
57648
50386
83875
9393
21939
94636
88367
8573
95549
58541
13432
71498
50219
45097
92805
8771
45159
93441
88007
13807
18162
98846
343
42859
33783
43917
25149
94341
28346
68752
99216
87276
27118
97978
38457
29194
61857
36765
5025
4701
80061
55014
31054
96149
3142
16021
38741
13101
79070
66824
62186
86564
86842
59441
26286
32794
73651
55447
38152
56529
85934
2473
43042
88395
9045
59096
89013
77575
35314
15477
79315
22986
1109
40221
30349
26754
99998
58070
18700
7963
2111
88413
49898
70733
85348
64688
64745
6709
83220
58943
27756
16640
25352
62276
16726
13285
96955
22117
10719
51364
27475
38738
40450
50067
35458
18015
53532
57330
62848
92775
74325
5925
99041
39677
43492
80497
37747
17019
91436
2461
65883
98938
6236
32894
56617
16481
9445
92526
35654
79707
94574
52726
28066
94431
97487
48153
16413
27988
80964
9447
79876
62456
15555
33084
32907
9208
30730
97774
58630
18682
67539
88019
29253
10454
12604
10033
19024
28828
81653
43642
29624
72452
87772
91750
56806
46783
26148
11035
64019
14377
84549
33436
49917
99344
99228
18799
65099
8299
58214
700
44433
26654
51779
42320
89683
53803
70001
78508
3402
27093
58570
67947
93448
45903
25677
96370
37687
81618
49698
39337
7471
29954
14399
3037
52934
71335
11383
46054
92898
88090
56815
96727
54201
51339
95311
44700
30490
70134
46810
50023
70054
70099
77532
75992
41828
83828
93197
24464
84519
61048
52908
6547
28112
35931
70140
16982
36982
94477
76703
45457
789
91584
71833
59512
47858
7177
17170
18741
3460
26986
176
25274
45761
28155
18669
59409
51668
57850
89637
65230
52669
55878
86891
83801
78995
5731
85998
3547
5380
21381
16378
90342
47955
80027
67475
24241
17939
68463
51412
84493
71448
10594
31034
786
602
53060
59360
35711
9769
74314
64509
34585
62883
77245
48198
84300
73229
81205
60271
55405
45679
56888
16573
64572
874
1775
38286
69450
25689
80894
67145
66058
30630
97377
88418
98095
30280
29486
23744
25697
13482
81752
33117
7276
706
87084
75345
23195
15262
88481
41965
71067
21520
45918
68515
36260
89884
21853
63034
89358
74344
41573
89026
97549
1201
80846
82885
50594
78591
28219
45750
66495
4407
28704
87924
59951
55426
8346
13262
27398
76991
69275
69326
12946
97500
76231
76659
2737
62961
92349
84984
57200
39682
45048
920
95610
91519
36760
47099
32918
36661
5386
38982
55785
24917
86314
54087
10827
14122
35591
13864
13630
49457
8042
96514
11896
169
85168
4811
63017
529
27478
60480
93434
30721
85623
40403
40102
40443
81009
84280
95409
11073
25167
68330
69760
97644
54228
69080
84490
55888
73105
84937
79474
32897
85051
81463
13715
86243
12048
20377
56902
69087
98617
97093
54808
43983
40030
70514
35592
62378
46528
10678
55040
5365
24147
45995
15331
6719
81839
54472
19050
99810
28890
62679
55010
84147
26728
83954
78786
24251
35112
87177
99165
31044
99906
86210
67182
96114
18944
80055
41878
26688
43873
87150
54881
67768
34765
43859
93499
40202
14416
30666
36702
68705
5780
16852
86797
34829
27531
80813
23449
67313
82132
56430
32876
42552
82660
98662
49556
67914
81720
35123
45233
18960
4403
66978
36434
42357
51323
48419
83910
67399
69942
29514
34583
70361
85029
62728
75126
25284
99992
11566
53565
43845
32864
55083
36566
34236
2681
19849
44023
2399
36308
93319
12247
94361
19495
73709
14228
97334
91555
50331
84647
95441
59851
12070
56636
65197
20945
49634
73291
58278
20069
72664
1296
10676
94809
6663
64052
51673
63551
6641
59354
64102
94606
11498
57866
48145
51111
33476
84800
86355
51281
75472
76009
92517
37
17715
72461
5006
47815
54865
84460
61918
83385
76254
41344
72438
18713
78660
16150
12080
72338
87951
85517
11722
40054
28012
81609
25611
64171
83817
22800
9247
83332
59821
87207
65987
84508
31716
13918
72659
36272
13296
11225
40164
36637
10826
94372
12959
55744
54858
95164
31884
10770
59266
66332
40897
18869
54831
54293
5141
48509
34130
30986
21690
48135
18394
82302
90729
96775
29892
10091
70592
78735
41179
61507
68255
27966
63127
9241
45350
10293
32946
13423
92364
49079
57166
11964
36993
16190
73851
85994
44263
3336
64098
96912
55072
97305
96385
74799
34803
677
72612
84401
4431
15426
68001
95676
71120
9489
75930
80662
5630
20464
33064
6790
36153
45480
21910
38199
65810
10441
93531
53520
49286
46277
41433
20660
64871
78136
21226
7140
46668
36274
93666
64055
62302
86149
81178
52875
42817
66306
2772
9663
65415
67256
73144
33945
24355
73591
57540
73387
54786
62553
11282
69792
58993
59641
48916
66139
82212
74976
69052
66485
48620
47670
48103
31737
36419
49780
46524
3945
85666
44765
63239
34916
67286
1292
74299
22016
56975
70576
51736
41264
72361
68303
12769
3133
11149
16042
28576
33455
68767
12404
1310
75978
72084
67951
21012
27292
49731
49682
75965
2883
27661
68879
16236
13430
70315
56292
68627
56843
19848
62626
22174
65480
4430
59451
33039
56581
86625
9194
96329
78042
52827
68674
61014
47252
92988
69637
41357
94722
96653
38000
64591
50570
59486
19955
86202
68712
97782
80461
55886
45011
19490
39038
18890
95561
75786
22108
81001
70490
26532
2592
82592
75298
60333
95843
62415
40810
9253
96702
10025
98693
17094
50737
73579
2093
79281
3921
44484
37062
16302
15833
45798
18959
40934
27910
87374
52222
78600
24982
36423
54075
63369
38636
25911
12866
98926
67700
77780
56820
35076
92026
52121
57908
60530
91569
94342
27436
70879
44657
12755
93079
14281
50610
71750
69784
89194
54209
63117
76056
40398
44747
90599
30761
2876
78151
15841
35087
65079
38053
51801
27618
69576
45260
20654
35460
65985
41561
22855
99746
33407
38426
79755
46738
17625
72919
70229
26356
13319
73173
34330
58001
69883
72225
79696
70242
1510
42339
93868
93497
30519
69976
38819
53269
26962
67327
81007
77024
37087
68726
92529
19152
5605
8047
6825
50589
39851
70193
44048
52925
71689
53586
17109
6743
14746
14584
9701
28904
40589
27848
35837
99729
730
79453
4286
17244
31035
29788
68436
18052
24198
30544
9477
93301
68930
66614
19958
76184
11833
97884
16047
92980
58757
9282
6907
33285
56300
81572
1342
45114
58959
19078
88562
3605
68520
38891
10184
81199
62250
95643
76434
58536
77026
79714
84567
57524
66158
5865
58623
56476
69906
99899
55777
24451
19639
96569
12993
46520
58658
2742
19008
79065
48604
16847
4437
81715
89379
67357
63645
26711
18624
60031
13335
70248
68236
71264
26419
72224
96146
91624
29802
76523
95095
82038
81902
92054
69904
42169
91185
32178
73026
71508
63483
67683
84844
32327
81803
76276
38680
25368
64326
87226
94234
51221
86070
93394
10886
81718
88013
10137
53670
89484
85719
379
74757
23031
15364
83003
91825
12953
82209
34153
25187
82232
202
80122
61195
36527
75519
59378
4741
29526
39477
75242
87286
62289
24867
92524
5417
4733
75249
50094
36578
90289
53280
2579
7652
46384
89944
22505
34555
94706
37173
60312
40516
45669
99072
47997
31844
35179
29465
82288
17281
54429
62277
22086
20986
27737
28115
89784
35236
51146
99003
11279
20824
37439
52224
4239
33740
50312
49546
6563
3510
17523
22769
81571
18115
95396
1768
59725
24931
92750
24037
78831
11260
46098
29649
75623
4150
58020
87910
78901
54055
56221
8979
96635
25450
34092
91521
70984
92149
37590
59440
114
55255
19926
67586
27239
46434
71533
55509
1672
22326
4528
16613
78978
77220
3995
91205
13851
15942
71418
85037
14302
85574
33652
69528
99548
56771
71581
81562
17852
75963
44355
59834
76308
10100
19593
68339
38795
97858
84313
47395
82768
89233
11187
12674
38988
30246
60199
88170
1084
8421
20409
61212
22844
58867
40218
30633
42093
22980
51874
11868
40269
92117
86300
43119
62547
80307
45008
18616
11395
69377
83493
59663
82116
53632
33829
27961
20768
7655
8911
89942
36946
83113
54737
18097
7035
59154
54792
30442
87249
64356
21787
61716
82043
24139
14659
58594
70607
91359
68924
14223
39839
82636
95289
75178
59525
74458
63500
96602
23623
48443
14241
84543
74619
36649
32848
91298
97671
79781
50316
94554
50205
64021
59709
60339
73596
12851
59937
90630
67598
34066
6063
47212
58980
48261
33347
55258
24817
37191
41962
94996
51139
85407
90439
3701
2897
15231
4856
55867
18152
74983
54614
6212
46728
26420
21655
74414
59926
80504
22435
94034
20106
23175
25385
3882
19961
36287
16339
22558
106
77975
43108
75516
61187
53809
769
92418
38275
8111
92810
50756
61419
46483
60357
13297
49119
28411
41635
45408
17796
24030
21078
28088
15386
24550
81573
57123
16090
23368
1570
19323
57839
59281
65654
54798
28243
39181
494
17977
78337
84114
42511
90199
51014
56532
46318
9339
68418
12468
70923
93488
48702
30472
55583
65969
74015
13168
69178
88334
60175
78725
53495
57901
1921
50997
29631
47218
13071
62573
41897
4501
65091
88394
89061
42177
48585
87941
10179
21420
1250
17181
84104
40261
28405
58321
82574
26161
79023
13545
25193
1709
25101
61874
94229
50992
3006
97382
44567
27672
98275
24937
84637
29118
13962
1099
71190
4805
133
2715
42120
59858
3966
95105
77837
78961
32564
60941
41765
20368
19388
85609
5901
27778
14343
19182
47344
53950
35464
16441
24569
70806
40625
842
56944
78702
64309
8866
1329
21901
72369
38806
72978
32226
62934
95401
95927
72843
46195
59880
27287
67077
71741
12776
46111
22569
28621
37685
75247
97575
90382
4539
25172
85661
71490
18511
99222
91200
26092
68268
32434
76175
40341
99482
14319
28777
75338
67412
73497
88996
9994
45726
68241
58378
51618
25476
89355
61289
18979
29415
12557
69827
45888
55820
83603
93707
6075
3230
58676
17065
11935
6966
70476
58078
63498
78581
89322
30879
74586
4090
57947
89728
94192
10728
41399
6472
36652
84455
63330
44491
52742
22225
36194
78496
45551
93031
83271
96367
7877
7048
84510
78100
81487
79476
80498
24732
91119
86101
65586
53720
62423
76814
24715
42315
2281
85198
256
42708
78650
83898
20514
83335
53212
6418
74394
41978
99018
96465
59091
67681
90591
40915
91039
50425
28747
50314
61868
54745
43587
99406
34422
28699
2304
90516
67663
2975
62897
73425
20188
40286
8428
48112
45250
47270
31147
27019
69509
25916
84145
50811
20129
61777
61749
83782
1390
11357
96017
93857
62852
73012
87848
91773
51291
20407
23253
50496
89156
19404
18778
83634
91852
69873
71594
95340
38128
49157
59699
82453
86664
78285
30404
81005
60966
38910
1043
86946
94347
40288
57344
36479
2445
38137
49810
26132
588
96877
47143
89360
45116
78783
21886
12955
47904
92722
79237
47844
64069
92660
16990
60260
84981
5758
9572
80475
31983
26744
32742
86115
31744
41063
93631
16282
81788
84557
29528
67495
10238
38882
67348
44302
64851
62562
23631
689
58156
46587
89282
16693
64392
69643
85518
37043
67695
80152
60944
72982
44314
59050
39101
76830
25969
40762
84117
63804
88511
67971
3694
59260
39927
79956
54622
98882
83834
23453
65532
74682
47941
10463
73654
68560
18313
77353
94968
1073
43698
51099
93561
13537
57623
71566
58720
81333
74255
73518
69887
86171
33968
28595
18856
58085
41885
75455
75253
5759
63920
91136
80421
7703
3917
45081
53326
70306
24305
74310
68319
61633
19584
69553
87367
97284
37426
69276
14687
19938
63089
33187
32364
15367
49346
68609
46118
1316
66503
22233
98429
99368
39915
2910
70723
37644
91350
35910
75081
1607
71890
94274
17215
90676
1183
48003
2717
96293
71826
64574
43091
44261
83620
80280
34174
2684
78965
48525
35841
69471
90489
8918
30870
7144
20849
93980
16372
34808
54682
17360
97759
69137
8878
66261
95673
8733
40435
48234
45370
2054
33168
6384
81243
47605
1578
89072
77756
21321
65393
80164
54008
19774
64340
63949
15169
57616
43801
52298
22731
52334
78487
83379
37989
72392
59897
75316
42189
17630
82170
56025
55555
67356
26994
28819
13427
21198
72869
51545
82350
64398
42838
37691
54243
37175
29679
9224
67160
10311
84778
92490
57669
85403
57305
77423
12533
62109
86992
45674
19847
42414
70163
89816
2968
62464
9293
50748
58476
24637
29410
74034
26348
42592
82280
9643
29391
49553
8792
1044
50684
93593
53912
83578
50171
72819
89757
58678
62802
234
9414
98781
26404
49947
51340
3607
59770
4483
31890
83719
87703
72638
56061
90396
21927
86174
23107
34503
15727
52612
43976
33171
44619
30550
56163
65364
66910
29834
59092
23040
65139
67438
48281
4484
46778
70170
51721
65978
95028
68312
46065
87046
24149
82597
37273
53147
16526
38879
34000
17874
62362
29810
3673
15780
69671
98921
93104
45950
24969
45570
5474
68023
80488
71073
68704
30908
87596
13478
23145
97994
66274
53100
40340
40621
5186
35004
46139
11893
45561
48265
70124
30620
44291
81173
11065
41350
80080
39273
3904
3546
72104
81512
32196
7732
92198
19866
2415
37304
13286
57868
12801
55130
88091
14948
50385
73768
55556
21371
11473
12669
52064
48297
4389
99059
93935
89127
52525
55410
60100
56097
33563
21507
59484
77490
62208
99687
47063
75788
18367
61968
15809
83268
68799
27173
69723
53822
3201
85823
9633
56067
63759
97292
67580
71941
94905
84582
78960
57932
58698
14851
14085
32816
79133
83072
64320
7694
70014
47694
91791
99208
26143
47121
17776
91133
81518
17888
3994
68049
34851
91545
41467
28730
90603
15038
13420
47368
78853
12998
96320
11089
86847
23374
66706
64964
2295
87560
8460
72354
26763
67952
36023
70656
29845
21726
17267
98168
7293
51131
59589
33649
82017
19746
24601
96152
3388
8816
67240
47734
68485
18772
38462
50941
56379
47322
16507
62344
91295
51715
32080
95771
34894
80086
75353
37512
87015
4838
55334
80178
63322
69153
78588
22236
3122
35471
99856
29016
44963
4070
9697
32739
93907
97710
16064
28173
38720
40895
89345
19786
8588
37075
8073
15690
40901
27599
63095
85191
65742
66373
26846
19233
6427
16564
60608
86535
26233
69015
46382
78727
98036
75436
92065
34454
94906
17851
3525
39210
60597
39863
2930
91395
24961
3851
58061
53615
54560
83830
69898
54208
28517
37740
94240
36397
79582
68717
17872
36679
56164
24035
36205
80542
90042
86247
57710
67403
85470
51130
68171
59817
62041
28417
56848
82860
80414
4303
66610
1959
70382
25566
56121
33257
89225
28610
62298
45217
18436
93182
55404
99797
719
67136
94673
32769
25218
44802
50315
70797
26833
82986
47877
96609
77929
3156
27035
27669
63878
33360
74808
21540
69736
83726
21045
78594
28040
19069
1914
82361
22816
81875
85972
31612
2549
51886
36212
78821
44414
56464
33045
60078
16853
23144
46476
13292
25399
48142
32289
60546
51217
11410
57929
89758
8648
18237
68228
35602
1982
69977
54511
20462
28180
2803
62697
39495
87498
75688
41163
73606
71048
64343
87443
63814
53303
18263
7975
88421
59129
65560
13492
85289
15391
22136
26083
52773
35311
56252
5208
14492
26696
57424
15488
85452
3455
71051
36170
28134
73134
67023
94080
66694
59075
32708
55868
97853
93691
78071
44442
72265
4056
74825
65731
8590
11231
14683
34849
43501
99571
85499
28552
17881
414
51793
3497
94588
59877
90996
66839
56389
26883
38399
9352
92789
30016
35068
1635
50301
34393
26126
42705
23527
66535
98449
57582
108
67910
1129
99185
76183
74228
31444
75708
43968
61538
34246
90549
82006
92248
90203
17264
78788
75941
23487
9756
95059
99427
44165
32125
63416
40363
82729
10288
1492
3628
11241
59158
18423
18648
11190
46002
80409
87878
13576
32997
78768
52303
78162
38244
96547
58042
34674
86835
79507
55704
38247
73469
75281
75624
32107
4868
79465
44550
12232
96070
27283
77875
97064
50921
83561
25231
87319
14185
22357
33687
9907
3818
70022
14142
57383
67405
65513
23239
84792
71112
94800
52817
29903
89926
7699
71901
80294
6551
56759
23789
84409
48188
43901
82377
27570
65113
98360
47468
66214
87168
58134
50568
11674
89180
79832
36933
29182
3039
52814
43245
92317
71046
61345
1968
35135
93142
49684
2755
85409
76670
14517
65901
16751
35316
15683
91132
5411
5446
90954
58370
69108
30815
14623
47840
83941
68088
10323
26436
25715
94654
90856
33943
44099
86224
7780
11804
48953
23940
65118
61807
65520
55073
28015
97533
67636
44073
63687
25657
46224
28094
31022
12127
37371
97244
65950
28942
72845
81106
84814
27522
93940
59036
41116
10989
59545
34375
77309
5147
43035
32030
41729
70740
69402
74017
17673
29538
82791
89871
77328
92937
20074
72259
45822
95202
16559
72082
38089
45667
12400
39447
78547
42772
4680
16175
83669
71133
89708
70538
63886
89405
73735
81816
73590
74048
75206
58645
15818
11398
5660
33446
67714
42968
30888
92507
27896
48349
64758
30670
99659
47426
44398
77306
36080
50786
47654
93797
83042
77952
55689
40249
99701
30716
50886
76050
13305
52763
51690
58133
13625
85817
96713
1691
73568
87626
61596
4369
6689
59838
25845
37970
92616
69498
53795
33816
66692
60259
76886
12354
47173
51589
47496
89983
58457
59726
88488
6680
50824
47928
91747
55322
31199
25455
32131
89091
15803
84592
28735
30827
30783
71373
81366
16971
36689
9376
58653
34890
5487
23817
85685
36705
10772
95358
25990
17980
25134
11949
13137
26487
33488
59147
68987
96098
62421
6116
734
80579
83614
24599
95998
96688
57917
55315
91244
55784
77280
31389
43632
10633
54563
50078
11472
42833
97067
66288
48483
75600
72860
57788
37536
1034
87979
69741
68144
21127
94316
81947
68942
54509
94592
10353
14197
81282
87564
41989
94456
99145
36206
92030
78614
89931
41574
70052
46413
80389
20154
71292
83500
53744
35279
74673
14080
34889
89550
9145
15266
71424
65613
96782
10393
39775
22671
93021
85050
14321
91675
30512
6522
29842
95969
51355
34793
20012
39290
4279
1020
87361
3941
76878
1568
21212
77371
19343
70104
21428
93260
27981
23002
65046
42337
10622
42539
66737
39726
3421
47019
6587
1257
88331
85530
65392
75732
38237
13417
22319
42508
12599
2453
49958
27317
81610
21049
14677
99302
31130
83107
37988
53899
18099
34570
78615
46864
74642
20333
65336
29723
78985
12285
75490
88100
45415
50550
29633
8230
52819
96033
23311
98049
5237
54492
48083
6561
51196
67854
2202
81396
4804
74961
1128
507
79833
29285
54245
37752
57472
9598
65759
54397
49008
16096
84341
92119
33348
6854
54619
55701
28054
90084
99556
69423
98919
75318
56396
15858
59465
4009
43659
58685
63355
69398
85056
85211
70342
46164
53032
44482
5094
4138
1966
86428
12489
99759
21332
72947
32162
70563
21126
57491
54945
14574
64067
87749
96322
36323
51245
33170
9654
78672
76424
8170
68263
21638
78764
99547
42509
41679
95344
19503
22023
35164
23350
49934
3118
68479
18352
55359
65283
4435
6436
89634
97630
21669
46040
85268
30092
24895
81111
47856
81625
98996
8402
80229
74172
79478
15853
82293
66367
9530
42793
8256
53623
10916
23249
21960
79395
85000
41271
96612
97307
79305
98579
19256
97081
35098
27905
68055
50143
85524
25233
90674
50973
90496
72680
31676
22409
85732
38354
24127
6706
49759
14952
75328
17553
76745
6477
94135
37591
9612
17467
78294
24173
80396
96047
40421
69897
79066
92099
16075
42972
90979
43707
36590
4822
90685
13802
9186
13358
16850
7083
99035
2484
29550
68099
60300
55902
23401
58186
31661
68934
31668
76332
67423
45292
17649
44685
94177
3553
9524
37231
11571
21918
53624
68901
66662
74798
79341
73720
68710
33016
17044
59148
16569
95435
75644
91299
2151
98918
97634
94391
1957
26995
81697
62504
63561
13278
21026
23985
60250
18459
49465
55933
55084
74767
21792
51280
54800
41453
14220
66035
31808
69522
23673
9046
36768
10118
27598
91629
17864
42751
65620
96258
79620
49121
821
85953
72824
13808
94765
15517
25245
51404
48167
44102
48340
98222
83537
44903
46677
41387
70683
35130
72703
20646
51940
64328
70689
11623
34260
52094
61614
13619
51025
75752
48955
19482
18514
27622
24942
47766
997
76101
2753
37746
85063
10836
92251
62555
60833
26042
50445
26010
7442
62477
58116
77202
91224
23646
77315
71722
90937
68906
69250
32390
92999
98612
58031
60686
79270
47863
76395
65908
57927
37033
98667
40135
57651
86695
46816
56492
60466
4465
22518
34443
60870
22188
36009
67302
70898
98517
62483
25041
64935
19082
29524
12562
51277
96526
88017
63181
32511
20613
607
1739
92354
33389
92913
10486
36922
40645
9721
71157
66804
48093
62811
61964
67188
63640
27620
85381
12282
49651
87311
44094
24545
36719
63113
67781
6450
82152
27583
63457
37392
47870
12823
97798
61861
74082
25
56550
34859
25776
57661
42154
31448
78761
52929
14788
80910
91075
14269
80626
40048
84178
68215
38351
6806
87670
56168
72654
52278
4494
28753
97588
953
29940
86766
19467
18256
63711
30148
41067
6653
59119
10128
62841
92061
13925
67575
49001
35408
86964
76466
69105
58285
26781
22383
59487
76046
45757
85347
35023
33411
29328
51072
70228
96223
19383
10232
68246
42814
2812
90977
73677
76861
10802
78545
31674
10838
23693
33895
27683
64210
79140
22761
1687
34684
33353
38654
49311
68291
49335
90827
33467
80758
55775
78648
81344
74664
23925
95960
24988
73024
31970
18839
3679
23538
37082
96606
12902
98206
25270
42569
49916
10146
20673
34043
56215
61131
64700
31966
45868
82071
53324
5158
84723
6134
74881
46085
9057
66794
14624
22990
4570
83093
38564
67427
2668
66433
11670
22886
53794
82644
45014
92776
80308
57939
63274
37978
14327
91956
91580
38133
64418
27660
62878
99207
6033
30993
25412
2979
70511
10844
12359
4458
51832
44394
84166
37878
80995
16741
78686
80423
73104
84161
47895
60485
15915
45152
35999
19797
71147
88936
81580
49991
49601
60602
4757
42193
84679
15734
95715
4326
94916
33506
19178
17218
70814
50043
1708
85766
18513
64552
62450
49971
23861
43960
81833
26008
23644
96639
53984
58320
66089
94766
5657
27801
73036
7001
54527
57690
15134
67000
15615
84972
8687
87930
39961
83643
92075
35907
61175
56395
14323
13374
14203
8186
84831
9303
47366
79921
67123
17914
82894
23098
39614
20107
17261
24129
63149
10587
25326
1340
53951
99456
69855
16786
69205
77933
61109
88389
28416
71331
3709
49255
89616
73130
88327
83269
52788
11794
96359
84003
17844
96451
47560
15501
47285
88202
66886
88453
17987
69073
43705
57934
59182
70798
23995
97472
98199
22251
97511
97724
45277
37259
81384
74159
30236
2326
15745
25085
96543
15799
28702
8997
62032
30585
5870
99700
22252
84131
9475
49736
17843
70925
69568
38395
18919
82991
79775
87161
31790
66653
91027
49542
81606
86079
29188
69239
66290
11101
27302
97271
52369
82289
40069
17276
1556
76271
352
72652
37376
54428
52109
45881
87737
90942
62419
25051
2597
60436
8343
53646
27110
65645
53730
59460
59052
2838
38307
791
83798
5536
88706
30261
33483
91451
11479
90825
8550
13613
19231
9088
12414
4076
69843
52647
13241
85615
95440
90679
60554
93258
54608
68962
70201
92491
12815
44683
28276
85433
21667
16670
7210
56482
21301
26712
64024
93401
74842
64012
75661
86251
22250
82448
46924
13588
7480
37299
63678
28289
86423
96131
9071
57235
39461
23866
98244
38059
34776
482
29920
14455
3139
74298
47555
58065
43903
58725
46365
48187
67873
23027
62824
89346
33217
81306
34238
5384
78187
21469
24166
47598
91863
15034
70747
15583
28674
44972
76692
1512
53149
65537
28170
75931
82107
70023
34856
96234
21054
23414
55155
48150
81273
2028
75049
25073
3492
50542
75721
98643
47789
25920
73835
87148
24515
9772
86635
8704
75092
22384
4187
28997
99341
60347
23899
8645
67836
94142
95284
5396
80832
79158
13300
62115
90349
7386
38500
81329
96006
15396
98146
364
60964
35022
68639
84202
13836
49724
28320
92848
41957
34336
3686
97347
63532
60912
13260
24609
90268
49261
51496
81336
27575
91289
38153
98249
91529
88483
68527
77958
51600
28446
26540
53366
96261
82343
61518
33779
75881
58036
13977
1647
32663
32017
85954
13177
99387
95662
95995
56111
3590
72602
30558
42371
52050
24628
35178
3750
85672
47420
53997
38479
74872
19043
95895
28447
69486
60897
42354
48652
52282
1393
94817
18023
28790
61414
66324
33028
84172
79522
69198
78384
13203
36999
6830
25811
13825
73627
91002
31305
97357
38506
74729
41771
36268
62224
17201
22269
27829
35761
29616
71699
3440
59420
36362
23935
73820
61582
82758
26658
10687
41631
54272
17230
88229
52374
34430
22143
29501
52546
4313
9745
69969
78251
17847
596
1933
85151
82369
18626
43345
16046
53346
30101
49793
85303
95297
89171
10751
51387
66796
46552
95506
92074
55260
87504
66722
72673
91841
34586
89398
31205
32169
31328
80938
13242
27876
17819
47354
54770
69111
98084
2001
11631
47943
29901
54007
99793
50582
90787
14798
69018
84331
96987
31177
41115
89840
64378
74852
80507
21695
89621
21065
99834
57259
55177
30551
3560
11502
18267
79347
68016
56981
40978
71317
64312
4186
15071
361
76783
37630
55251
99491
70789
19140
30178
49232
46322
65196
45153
62994
71482
52824
80391
43761
35066
71746
10912
86404
64072
87565
31565
30968
10708
3132
51164
7473
74856
11881
10292
70848
28513
13473
57566
31172
58034
89316
35679
12787
93876
42527
12796
26745
48892
38719
38579
91619
81278
11534
61465
66322
23418
93816
63196
94320
34726
35422
99123
80226
25947
6624
20100
74107
8616
14254
78185
26524
99256
73456
50421
38035
87151
96630
58342
36232
38828
69183
23669
83326
27216
6489
70542
25324
82096
59994
40574
79528
62741
20669
38583
23235
14710
62
74803
69825
57109
33589
23860
93639
67363
39444
12588
94912
1820
19657
4784
67155
20838
93479
9970
89502
34390
64141
86528
4606
39936
48476
34215
91707
46619
43235
68190
16120
37646
60601
70845
60157
32636
46320
59954
75484
80864
21460
62905
50199
4972
84142
64109
1602
15362
56846
9563
43893
72543
37358
28982
36244
72782
16464
52893
70408
81086
50636
56977
36333
685
27535
5500
14124
31754
84396
49722
90767
14297
33532
91215
33148
72927
43710
71002
20742
32521
92690
54758
96037
69710
95928
42472
70823
25106
91160
55614
57803
52719
39978
10697
28043
45790
59434
59920
87944
65185
6708
25345
82738
8410
45298
64865
92164
34634
30258
25537
29625
75427
78745
4717
74476
98657
99234
25036
67222
18448
21063
21083
39770
41898
73546
4141
91101
44618
5528
71810
15056
27505
41098
28760
35867
57036
36861
24734
9642
99087
54996
44008
56341
7821
26426
32211
6154
71606
1334
61859
2785
6229
82995
63275
27541
26354
50948
18555
8259
42285
97714
1901
29884
69563
38146
19321
3096
88450
56220
38752
75555
52576
31846
86490
61566
37148
98247
7602
83309
53170
12410
96208
20328
50583
56926
50258
41564
77764
62169
69440
61837
29690
50200
65389
2708
61154
91866
73756
73269
74898
5111
66977
86696
60371
33477
51304
12898
17832
34678
21738
41427
61113
99949
66455
23992
20974
34749
66131
34288
25847
76843
485
92424
18724
81791
78087
71273
82997
41307
40159
26915
72347
61780
97435
97005
58956
65246
8539
27923
35569
3543
63526
39414
69680
38912
21873
8211
36557
93651
8521
3344
54470
49032
93900
38523
4693
72681
92375
83914
44068
56004
17042
74733
11716
23706
26748
50424
9328
61015
61220
46024
63658
71313
53066
9677
40250
14591
51947
7711
60292
39667
43990
41820
50958
96334
14420
33586
20312
90710
95978
63519
99271
65530
2210
37887
98498
69912
3046
21090
20599
51288
17999
31277
15339
40353
16590
31032
46736
59795
41368
73548
91835
38903
29669
11892
69336
7497
79669
53666
79373
79041
27640
14489
45423
5655
86154
16750
40926
75626
69228
59385
23664
87362
38365
14255
40247
95783
34942
87768
59026
91861
9299
15252
9047
73215
29179
21625
29613
12761
87897
22081
66176
89419
99911
65486
83157
41733
90740
61360
45304
98977
34431
8444
23142
45462
65319
42245
97395
5285
42523
63036
42554
21972
76241
63573
81035
89011
38239
47434
20898
19417
41787
1813
73946
75860
66440
11544
9763
5231
4120
79259
11687
27071
25267
50075
95569
1720
88731
37435
1680
51986
6927
84540
34988
13080
98574
98551
24966
48982
62873
82855
11648
55897
64777
31445
29226
90917
49874
8742
49749
32678
43318
38914
19855
28272
88069
54102
2856
91489
94753
2301
73315
42623
88425
82008
98317
357
34670
92103
55940
64453
71276
73552
94182
93208
38743
89821
77525
98804
4627
20465
68661
83358
89898
46566
88156
65627
46832
90943
67175
95135
66012
62935
83092
81238
15248
8689
9927
30746
95341
31261
96720
58988
93489
98884
55491
4095
38645
97020
53578
98463
12020
56447
86814
84825
87571
47906
72686
34254
11994
59393
93172
30812
46451
54334
52976
20263
59759
25325
30170
35039
78029
19387
52384
2720
59299
1160
16550
28812
589
54847
19090
18908
27871
78490
53705
40372
99823
33014
40072
43604
92472
51889
55103
22543
92176
74413
78963
69921
76862
43534
58826
25722
10786
277
47520
59841
86698
50678
78777
30389
57189
98758
20551
63834
97336
59114
27802
70207
98752
51438
28686
39871
79022
14893
5448
14359
97095
57673
91885
20623
37473
2940
48734
98188
24788
35635
43045
46221
57183
61680
60606
68006
3130
43686
65824
40890
26872
87381
68446
39959
40023
38126
23029
3964
53756
45670
20172
28742
72507
50124
96309
47159
21613
28069
81244
68959
50590
44754
15925
23956
55185
10551
28304
57214
84500
1471
70572
96148
95127
80957
98411
54191
55944
73147
87856
79018
52563
82843
27452
68698
3364
52776
39796
97818
78447
48163
9412
20083
55793
8413
82533
32270
37561
2698
2804
18714
30350
79413
56330
78781
3948
61097
66986
36275
12167
54856
2661
22941
33303
93190
91110
35578
72030
8036
92721
5350
28374
91124
97693
76537
28898
11920
42000
19615
63335
60521
44874
4900
87620
2491
29135
61770
18165
11961
52728
30617
18226
61589
11465
99604
79134
89834
93744
14943
73329
67896
10419
95512
70653
64292
23339
1877
33752
43607
56223
72242
96124
3924
10803
10615
44597
60378
70084
93415
95014
76941
78422
7410
21173
78779
56266
88634
18499
78098
16938
30933
93071
93870
80118
73202
90232
59142
63675
32808
47230
99760
44856
85603
32493
33356
70682
17724
82755
2561
80236
5938
29520
67478
38678
39881
27808
4272
41840
68876
63019
37864
19440
58386
94672
85965
84291
38908
36196
45765
91613
76517
34544
7283
55984
80085
50899
24911
13867
24881
46618
30859
79616
65024
43265
20251
85559
3516
56750
22814
23333
6197
39795
59706
55562
33973
39511
97679
94954
31197
26412
64384
11340
50664
97845
71587
87302
66724
90720
61888
32774
58492
88257
16055
72550
48751
42601
63740
16542
28647
32789
83069
44910
5747
43712
96832
5276
51021
50509
4572
83861
70333
18539
69991
12092
20822
4959
20475
87612
18864
46896
98672
43676
92795
44215
71154
29541
70775
71772
2353
6009
28641
45321
90142
16904
80393
85962
32355
80090
69782
49482
90462
85514
11747
72624
87875
81849
39619
75998
20620
78240
57473
44849
92154
95081
17157
63797
79570
56558
4036
23
71059
707
4388
94847
84174
14048
67360
52281
47722
86935
56780
80315
80671
80452
54626
86299
44827
38999
2397
58067
79581
45257
37019
21516
93151
89789
36435
92554
55162
69916
35594
35859
56689
73150
16346
52084
74569
99133
63998
12579
26237
14464
67390
89009
36273
24600
60113
28554
13359
46946
20260
11366
68174
76640
16744
20375
1595
80320
99009
63868
82194
8334
44063
51719
13307
39133
63953
93113
23532
37661
94231
72660
45580
32469
28527
90742
43815
59829
75521
56449
74095
34025
3204
23116
55179
6752
20293
32922
74984
51353
81208
36996
42410
38480
29336
4059
23362
56064
82979
24953
12355
15013
57606
20289
471
64107
28725
19264
10498
71289
17745
92207
10156
89105
71179
82255
94529
67370
29718
45338
26818
31551
68165
47760
49983
15170
27223
50104
83388
14475
84464
24689
3531
43757
13210
7220
62239
28841
33238
44395
35741
12391
38674
38946
34884
15936
56190
49128
41762
79807
69079
7493
38695
23961
71532
90666
38876
64013
49427
2161
72675
8207
29835
33931
71815
62384
79821
70707
81091
88727
77965
39085
40656
87310
96422
61391
1353
65876
6073
28949
35889
97532
1677
78130
5434
46120
59005
25013
87997
39221
33405
86726
11119
22720
48359
57434
59107
78870
68731
95613
81651
35947
17597
26936
80383
43622
68076
66984
13891
49212
44862
94561
38563
64997
33825
52364
68376
83703
41042
29933
82842
12632
70941
74688
86630
65614
64948
99379
14964
63252
96384
34170
1360
27866
9262
20691
8518
78433
5942
20018
11536
8544
94387
22734
82810
59915
85549
35644
50467
30502
44668
24926
75184
76382
58873
99863
55170
58014
40152
70013
73524
44973
2540
94061
71304
65338
96566
86320
50282
80941
20428
15487
44010
48798
95936
50458
86036
17341
64050
39074
49785
44894
32256
33433
21142
89705
22026
26087
41338
19157
2990
50559
19265
59879
51226
21538
76877
24015
75560
52602
45094
62121
7185
64670
55656
44729
9762
751
63211
79737
97304
43635
38141
52630
72791
528
47852
10752
90639
27636
81486
15695
26778
77201
59383
69764
92420
2519
62959
50174
14465
53895
86567
81214
50996
65559
30874
89851
89401
50158
50803
34095
44406
96865
44684
66405
27925
55799
8694
57773
29461
96611
80006
18544
36967
78282
22504
3425
79058
18294
41804
20577
57819
87731
36051
84787
48961
32273
25169
58064
11353
27208
73934
8591
34205
85519
48552
81022
72896
25070
21305
83230
68243
44656
24163
17088
97908
95094
82902
85187
98376
38611
53334
12100
69024
73925
62552
70507
21880
47098
83404
60921
63482
49018
77762
87510
69986
90803
74063
11435
56563
43477
79576
84421
9720
97846
89752
32969
6341
90097
2688
58093
52899
22870
84524
98345
5247
98949
69533
71499
27552
59132
61403
16552
80189
1032
77458
457
31546
71398
80932
76303
46890
17405
57547
31175
87166
75169
10265
28855
75112
44239
49002
99622
93315
27709
67118
47131
17421
85248
77574
73792
19996
45931
710
90393
18771
22455
39711
19249
63618
95693
90893
72913
64790
43015
81418
87815
72832
50641
18970
9583
46898
54190
97353
49796
34899
46045
24573
35103
13096
40710
37984
28604
73172
79965
9334
94371
81433
87433
7091
37424
9318
88969
84593
4519
38317
70007
55582
93353
91524
66576
17144
67686
58230
84917
78651
23776
33309
92439
76919
65116
13822
85734
5685
39056
80533
60736
83402
5309
15777
80265
32148
5279
36851
91940
4265
28126
5443
87582
18006
14314
65081
14874
74770
77772
51492
43471
3846
63673
65514
67445
91970
57019
7772
67627
25067
20995
30581
32968
94938
98061
86755
70869
19253
93901
5677
67309
77775
12766
85462
71841
77506
89883
49316
86819
80160
34077
62830
88666
69277
17312
98165
29653
97001
32401
21679
13854
18702
88398
42412
13698
48694
8335
71041
80397
12114
13250
67864
11486
54848
98407
74416
47227
13542
2158
89639
40858
22787
79917
9093
16893
42297
80834
72682
78898
66113
8649
31115
59566
9436
32797
14111
51305
2502
71099
96428
98720
99748
64442
40348
22629
63230
26939
82873
54994
73639
17361
50938
99227
7065
55372
19609
8046
82992
33284
29607
7052
76653
78936
54710
63815
28427
99690
80613
88187
39315
66820
77915
9476
39514
62202
72683
46303
46535
23551
61474
51726
23316
41119
21000
93965
51644
41187
9060
7467
35264
82241
6621
27748
12933
72359
62681
57107
81810
48031
98402
19350
43700
3420
85054
59159
96295
89002
58335
20920
42109
65454
32421
52705
64909
41296
8323
91050
22347
50828
69002
11760
7085
19224
83699
41556
98723
77650
21891
12809
50209
22191
97498
7603
10722
6546
34755
37807
81050
74913
703
13407
97474
89599
43525
20918
2011
47017
2477
41411
37927
63291
11389
47591
745
29534
40415
23435
30250
96476
96389
71812
48325
7917
95498
66684
5267
47286
73033
28566
577
25322
27911
37267
37454
7916
15772
97265
32560
54570
9450
17607
60727
14598
13031
64276
62862
52197
85577
99187
59750
46522
42426
36411
40541
39782
56909
29227
85385
48959
77717
20612
98200
56980
72582
1363
44905
80115
7636
52909
64762
61942
92630
30826
64658
88302
53921
25696
23219
95638
49772
11130
72287
11147
38031
63213
97120
6338
22662
15115
27155
12300
29241
16139
77487
49943
45536
51576
87728
65706
57475
83010
12620
9950
45037
68469
98377
2777
24204
37308
18220
1248
49271
49169
63541
78705
70647
35351
89361
6775
55138
95456
90069
37074
70672
12236
49462
29695
84221
79283
22276
45364
42541
17734
52487
35119
65328
83307
72167
9368
26080
88055
78653
45722
39774
39452
62134
27186
3066
82494
71925
70275
76858
71825
34676
90645
82276
44826
16534
75591
3104
53590
2339
3171
89046
46583
50137
63063
34467
76084
7880
89793
65519
836
95382
93594
94897
88939
54980
37756
83410
79982
40982
50728
54461
69244
26291
48470
4503
12196
24238
84047
47678
48344
60303
67114
31889
3356
66336
30681
32709
56707
16317
50902
4862
83979
67733
15393
90107
35030
56286
7953
51440
17869
48011
28141
51337
80858
18358
33598
40599
36629
4094
54158
2680
12101
77863
89160
8932
95911
8167
39485
75293
75873
42670
63051
24217
29294
81019
60133
55809
68289
35012
47389
8483
28721
81025
38694
33375
46703
37093
80019
77098
70137
64362
25350
17342
96111
24140
30403
68714
21258
15591
24824
859
13905
43555
43794
32153
36846
38442
36417
33363
53849
6871
45030
60733
21476
54050
65734
62587
89389
49849
25765
52
81574
90815
27086
21666
98730
5756
73997
28323
19236
45510
75577
95575
12462
84933
24504
59407
6642
77629
5067
54433
93378
13781
78053
32358
93610
37728
16362
66475
2471
72504
65201
66544
66845
94147
65644
75434
50784
97524
84406
52158
13956
36522
93768
19198
61350
57187
91025
30975
80324
77715
13899
62088
636
19664
77432
94543
47925
39714
76008
22778
22916
39773
78322
20442
3183
2065
91622
83529
76798
96109
92413
3302
95100
22723
99996
79548
6501
40749
40158
4429
62347
31643
54780
94168
69999
65528
62828
33793
81452
84712
52780
7767
42515
31925
73765
56728
65565
28606
62433
79598
36596
9432
15043
47472
64387
3955
3259
82907
34646
17356
24618
72532
91566
70198
70501
6058
69479
98292
68619
60716
46358
76951
9161
85980
18114
31681
45830
52133
8188
20827
13885
14915
62207
34041
32667
35307
283
18792
36100
2057
62016
93222
61511
50041
44848
72334
37254
67171
56090
75291
45328
58073
67517
69513
48503
54641
98512
9426
42930
37356
14965
29825
64651
2183
17933
52775
2253
19200
72562
89736
44579
51368
22377
13317
72737
99006
11550
30090
44911
87881
48141
45255
86165
56018
68067
35229
86481
58159
48037
75615
58739
99639
62498
46623
24647
74559
24685
12449
70152
92635
68736
32134
48118
58768
15127
37464
67334
60761
55900
16894
91666
72704
816
97779
78105
14301
50742
35692
68926
31629
91260
47881
36379
69217
5299
18866
36167
13140
60691
78888
67605
39581
34974
18447
56645
12490
98106
71472
74908
71258
30618
6435
23286
49941
71134
46676
89290
20951
24375
60431
3863
85309
3943
12078
24748
82026
20145
94062
73749
6183
43588
84154
24122
41239
90320
85121
25518
78086
98973
75675
82970
61248
93250
44815
71303
66609
28217
27972
3939
95003
99985
63831
73995
24762
74790
67320
12195
86690
66017
26255
11278
84631
88711
49241
40808
74471
54369
93960
87820
76441
74652
58691
15569
22008
93153
51692
27562
57994
9308
66513
61178
5611
98048
41643
52518
68050
81729
49478
19928
17771
74369
34874
85874
3360
23745
30052
45627
88891
70532
15033
51247
24134
44626
33024
53105
26381
30187
74857
31375
7750
10906
21051
51242
41931
66209
30839
90389
65555
63435
77800
35047
45009
89139
32006
42612
25651
76687
13116
36359
58453
96125
93647
80103
57439
84693
30400
79220
8989
99350
90404
93070
11081
89162
79296
66976
52448
4210
80672
96463
5838
35328
44103
28146
65966
27407
63229
95713
24740
98585
29343
496
7894
38849
2746
48784
41000
39075
33813
69831
9796
7148
31741
19607
68427
71629
98268
67615
45999
87223
16133
13343
21630
78996
93410
99069
82731
15510
37669
83572
51516
73973
92846
98216
4293
86485
65797
6918
95821
96584
36350
83900
9777
21735
30295
64787
77862
77653
26608
19060
44110
73404
30210
44224
44359
46659
59625
67601
63980
38733
34257
83131
9261
30146
13227
98458
42022
70739
20320
78245
67489
25858
50939
84129
13041
17385
45965
21940
70172
85717
27530
25453
66263
27181
12039
20337
24159
53842
2652
49133
31075
11533
20733
70325
92241
45986
93812
18530
84296
94506
86631
14282
31093
79880
19676
68424
8676
86538
40347
45493
28670
65717
3905
39894
29269
64488
69165
79533
8251
49576
65148
77516
21637
76899
35174
31666
94439
52075
264
62717
58454
69595
27099
26849
92754
65020
97128
69740
97525
50796
41086
17524
27159
43787
15971
91157
50945
28267
35786
74997
722
64702
46639
97465
43673
31255
62263
33618
64476
71709
14665
33403
65298
43057
6811
81884
99791
22935
10732
58471
39754
78765
97901
42301
85529
15249
69922
76277
24401
55505
56460
60118
48855
17288
16727
67899
66271
3639
57608
14771
38353
9027
36854
62561
58580
70404
44371
78320
97332
10967
73762
98450
16996
31556
68632
51121
50362
56280
88270
33925
60641
18758
24587
25954
2727
49672
1356
30206
73330
32420
89125
15341
29084
43506
28720
95996
76220
40173
96490
54009
77362
32840
55812
61281
54149
28705
9844
86183
68983
40406
61077
82601
72586
83196
78729
59833
54513
98853
90970
98238
87384
66792
44719
72381
98729
24192
76245
14145
17887
63033
85944
42993
30189
27519
64435
15647
5014
11509
403
96704
61053
78678
29769
33179
73817
3449
18004
7434
36152
38853
34961
72769
70957
76509
70917
67477
16054
73557
76743
73296
16472
46571
63957
3930
55729
38465
52838
35690
83767
15563
7515
64949
87042
44093
93015
58680
46298
77398
95091
85891
4410
39831
826
77175
27054
62321
54807
56416
10318
77255
56997
49939
25667
44389
30158
16568
59845
56741
75573
73521
18708
35791
62075
49181
928
78652
28597
32937
24631
87520
14210
43847
61946
84889
93632
78368
39758
96409
50309
23176
38898
14564
94764
64699
95963
7875
31163
67907
45439
61599
61153
32457
92872
78175
140
49326
63002
14768
82221
77585
87727
43638
69862
9910
65860
89992
24633
54154
23804
52454
25404
61180
8088
95722
41510
11647
69587
51564
51425
2912
99565
62889
99795
61070
98390
39525
68097
64173
67649
35742
26578
27601
64771
61067
32726
44127
90654
74592
50319
82508
71337
93993
3839
66589
3287
96686
51401
5786
74773
62031
23123
37836
17464
80817
63548
36483
12390
4245
75078
93944
88365
88380
37347
73055
65287
80515
38438
98099
56185
37367
79145
3327
86160
94045
2942
6596
48310
55559
28408
77648
70381
32690
74877
43531
92378
42648
69557
48934
61656
28394
17459
13163
63474
94280
17792
22690
45263
53780
14042
32298
20002
21486
35727
85775
26498
3103
31689
27553
89465
11474
88756
65667
85126
95217
93922
11732
40835
83413
83401
27859
87404
31120
19744
88921
40459
97981
13754
58675
27346
79792
14218
93254
6483
53568
84618
67589
42855
95871
22317
74626
4304
83917
10139
97433
93135
88854
89606
98718
41171
82053
80962
26418
16515
82954
87202
4281
62175
43616
43296
28294
69837
15196
65735
62234
13252
75868
91785
60894
47546
61938
12004
36276
66453
12423
54415
60325
22285
43348
86705
63085
58552
53853
15007
41799
6000
11577
52596
12197
59830
11646
78306
92954
1822
80394
61100
94437
18986
37467
27668
25238
90984
87091
71989
73244
11007
61172
49679
52400
14001
19163
1040
6246
97125
98898
28344
35193
80016
31377
33966
17315
16434
49410
37280
3707
31531
83514
4357
86806
13778
73913
52907
48068
87618
6608
89289
25059
69925
77089
13852
98330
4954
28326
71404
48631
46352
6564
93909
49450
85737
22460
98521
40388
97089
382
44586
41728
56129
58140
69731
18429
34522
90646
63566
80576
52150
69430
4713
48272
36903
43303
68212
28354
50924
81927
75079
59728
87852
47952
60095
37586
17549
77180
64471
78555
35490
1305
12705
9032
29677
87506
78689
97526
3149
88664
7982
81742
31552
60257
53918
3845
55906
5357
79449
69297
88064
56063
37835
92315
1385
81772
45589
87501
22353
80770
24450
11848
95
40441
64660
67872
73145
43394
9819
19277
39867
29169
59458
38778
47228
95635
28611
97025
70722
61486
81482
21067
65534
32744
61575
30961
99311
35665
69127
44786
24855
56308
14086
99703
20226
66923
60755
41942
51825
44015
80609
68673
6950
27809
27579
98387
47311
57065
29573
50044
69193
59952
840
31460
66275
20726
86592
7526
55603
49049
24797
65207
19134
39457
64189
27337
51643
77500
79183
51766
75926
10577
76140
72058
81305
37014
53023
28865
71529
9190
1326
54196
56005
29659
80337
67051
61593
14000
24952
59910
22464
66593
384
52405
38787
21064
5293
62231
87076
43792
75783
67634
72597
31945
46294
41328
21275
58688
18248
86472
66216
19432
47356
12057
12664
29086
14759
70696
21970
34128
71237
70541
35634
29898
36759
42028
29102
17906
9829
54264
99070
49593
44315
8614
54124
53904
78537
88700
68354
42150
61829
58665
88362
63179
68614
4453
6094
37683
77033
54696
9410
46191
20690
45057
81461
77014
48722
81373
351
30958
67361
88020
12722
3394
37771
5728
59267
13637
83037
88542
76918
94302
49238
31698
32837
99502
80909
73357
15944
50192
19000
74058
26311
61590
2752
58408
55355
99135
96418
63545
69151
22359
49513
74020
77206
25298
55479
42764
19105
55806
56924
6620
21634
53367
16732
91944
5807
60665
271
300
15204
28401
28850
51321
28861
89922
54790
77827
56026
89968
65053
30329
56155
92273
17490
39934
11778
94465
66192
56113
94880
45133
39048
36606
87321
92102
73398
68222
16981
64985
52762
6115
95304
8791
23865
33772
32995
43713
26175
23625
35900
77147
93582
61417
9599
1217
47915
67063
75371
23396
56325
58416
79665
51013
17072
4551
80382
40084
51436
35839
29377
55052
48417
62630
62563
42560
93314
97485
72417
21021
60166
24043
45655
38886
70289
64267
69393
90948
63784
50079
9062
43940
37766
20895
13157
12373
35048
77448
34332
12448
99801
61795
81039
90600
39288
43518
22312
61099
82540
13897
6118
74830
40192
60219
31544
55755
47554
22040
45138
43150
31542
53049
30837
16697
19764
99674
86916
1268
34733
47146
68528
12398
92318
24837
2958
33628
99921
32341
39297
26726
5527
14181
55966
33034
59247
37096
65623
5691
57167
17609
3612
51645
84287
3593
81790
80342
35006
19712
36703
57296
41130
46925
79861
66828
8447
78058
22001
70987
24716
53123
9655
94684
35215
86629
13523
47096
70862
5800
58129
61234
9287
57599
67638
38136
43941
15749
61620
40232
85668
815
4452
81604
61883
71325
54351
71868
5319
47040
18490
26137
37088
17918
95527
80173
87539
4588
75741
81900
56445
4462
36681
40333
84573
10051
1581
59585
81372
58803
512
56579
24214
91933
88335
98586
48200
92438
30083
2775
86906
13416
99934
30909
79300
90912
30951
45492
51556
22588
63796
87026
71052
29066
24103
76480
1166
83240
63584
66369
32078
29692
57532
20033
15748
39783
60055
57722
83601
54514
34019
80541
96455
49227
97480
27469
99086
37621
74823
30590
49664
91890
27386
15093
2784
79138
10521
9872
92856
82482
93522
48012
18273
62329
53288
43117
14383
44319
2857
7464
55811
27264
50915
15948
65885
47550
2155
41324
93637
38573
49381
75017
32489
90262
3594
92973
58212
58481
78308
82444
84078
2880
76202
75802
37616
63026
29087
81029
26342
26319
51043
11245
9313
81172
74328
59800
12797
93300
17343
36034
4731
69911
53652
22908
7038
20794
5706
33030
13272
8793
82012
24900
25156
64311
45685
37103
17303
58240
52496
88478
54569
1649
53614
95166
55807
76851
33993
79362
18450
45511
38042
9438
41924
58022
86667
19177
91648
89521
15895
99053
85756
91797
1317
8701
30382
82936
73083
805
95787
91017
98903
42985
37145
69628
26502
73038
72694
37812
48396
15459
83658
32381
47431
43037
49206
88068
69068
82727
2861
33163
98613
8553
22325
48893
72719
28685
97555
30717
59322
40047
48094
64972
78630
9636
55829
53828
97172
31286
80493
38109
2729
95132
88207
13254
24676
75220
31880
45837
71500
29985
36935
68553
37971
22492
11730
18107
17652
35191
77536
41323
64923
6429
50518
97553
96449
84661
78893
67829
662
27156
56936
2620
58669
75454
66160
57445
81673
89997
5686
29277
95454
77173
89869
66581
50036
79742
48007
3190
32414
48413
49007
23109
50910
24433
5958
36470
59095
53618
78737
64750
47848
87117
85287
77354
15447
46397
24877
25924
20596
65177
80456
9537
95355
35396
75680
55706
85099
56195
81088
34424
64548
47116
15355
99105
72420
97272
38119
20818
63816
67822
81873
71598
57601
92925
8839
86704
5567
94017
82511
25186
70428
96763
33251
75023
23354
65943
25534
92541
327
12532
94868
29388
21548
82306
60434
1623
8980
96474
32208
55987
9242
77771
36142
10819
91782
96531
87686
94754
85510
29272
56893
91657
3068
94290
79885
6631
78222
28378
553
44287
33237
35234
91845
92136
11837
99952
14950
88338
4544
75054
120
31015
24751
55413
33671
54969
15247
46826
40946
51926
50960
86197
28271
53203
69370
38682
7885
16911
92531
40451
96040
8150
29497
77294
67530
13639
49100
39670
77102
3124
18780
79683
28530
39578
34029
38926
64268
63273
41954
32902
92589
23670
92943
63270
47125
95012
89074
86413
93326
32185
56088
25253
36836
69378
44742
66146
88436
41464
73047
77091
9131
41649
76541
85481
7987
78115
58437
87956
77054
75342
42236
65557
62599
60619
72920
2468
90848
16240
70383
19099
51931
40927
39781
34298
68115
98038
40099
7026
99773
49050
92306
24870
47411
54989
56208
61867
16001
81978
7906
68457
61900
95381
58833
93244
86444
94178
82612
92910
30222
38803
29760
38791
57283
10432
25203
21979
80399
59697
4170
1815
63346
98112
27314
76354
82928
89993
29699
10885
86147
68482
1247
98808
97929
56862
87932
58177
25441
26232
14425
41295
67809
88919
66257
11125
86823
70027
2122
95851
4567
33418
90899
87352
80773
95731
83443
22871
37786
40256
33182
18637
77429
61754
49725
92871
89996
27484
32830
21169
31794
54926
14193
1466
62689
37047
45983
5638
22888
45815
88630
73863
42732
48482
90020
80710
99631
24345
56611
19579
80319
70380
75552
36647
6512
69673
98477
57539
22446
18971
66877
88065
33572
90004
67137
86576
36564
6816
65724
37414
16872
60782
51035
31111
91960
66773
97665
30177
24292
74880
738
71071
28497
87378
88635
69323
51854
93624
98816
80063
20157
6528
73473
43735
46974
19098
52698
61211
89260
52275
62968
23454
71293
79335
60419
95229
88121
11253
88718
92421
6760
69231
65578
17594
90727
57024
42749
44436
91957
71878
83530
23818
68808
30180
21339
37290
248
51390
56839
86266
24680
65280
69565
70082
27078
98418
26892
76799
99314
1147
18018
17739
35000
30145
73253
67923
25753
14850
66742
19983
25128
89697
90063
89338
28879
83844
57792
32871
78534
44374
46693
99893
17921
2639
16423
50567
7204
46585
38041
18005
73399
93223
69397
15698
77773
76012
91368
86170
5983
96106
87780
47275
63616
36060
17290
83022
31715
94430
81426
64357
73612
38449
71265
35521
47245
67269
74468
7435
34337
86612
69776
12811
58921
65013
32086
60749
51465
4526
15121
45421
68034
3069
20925
73915
56304
77551
42576
4839
10675
13720
34737
12003
43039
98704
20094
41578
89414
41346
6173
42014
27431
19361
62733
98841
61991
61243
23867
53110
43822
69957
45499
97563
12713
51252
80822
78658
35932
99365
10151
79551
22639
76135
7942
24474
76770
45806
30784
88480
30955
35500
44506
83225
80273
33534
48193
24898
46449
44060
71058
18278
64691
40041
37449
20351
75228
61743
31652
69836
1908
28803
74387
43793
33447
76904
38570
6667
50053
2539
76328
58792
62884
39643
48709
50630
80135
3542
81599
62267
76103
72088
96684
25921
57725
17719
9713
84566
73619
14918
50795
8467
17908
54733
46603
59727
18731
90628
16679
92327
37633
56923
99420
98352
81226
22921
28609
65165
90958
35879
14355
32858
682
64437
58903
91812
78046
48701
40265
55387
72151
15561
27031
64664
24381
69644
24548
93174
34700
72873
89933
79185
26397
66687
99968
34901
74292
86599
27301
9548
93514
7569
912
46530
11545
24763
26743
25587
99421
95905
1558
23301
2607
74989
38873
71714
89974
71525
90558
27628
35465
86495
59175
59125
6481
92868
87053
15560
53050
90321
63025
1576
6972
44789
443
47278
53460
48649
50592
50304
7058
16791
39014
80474
86107
28978
34133
40995
43583
33650
39083
31362
76642
70119
13716
9418
52937
98434
35356
83625
93096
7429
67268
7826
78619
17001
42818
16418
23067
12109
30832
15177
71889
26388
4031
13456
45316
3208
75558
20090
88725
26791
93334
95322
61448
50000
87918
59295
15026
81112
70651
62026
84435
20639
34644
12543
3379
16903
70165
10067
63663
5114
24095
89695
89163
43213
45383
19213
77288
36569
49751
46533
45318
48222
77550
30926
20361
39739
75061
92556
31626
55101
84666
40177
98978
66911
35533
85715
87527
92941
39986
6858
94350
5612
34732
90635
23742
18210
88070
35888
7521
21349
99875
97478
12984
41382
59923
97200
94390
5598
21696
56580
47363
47318
31696
75834
37324
67662
37628
16840
58995
25479
70168
5197
27643
32444
61337
45824
76998
6136
38092
83811
65727
11024
30139
85710
87038
4928
90039
38190
35762
22380
87774
30569
86897
79352
21172
22791
96160
57369
17056
71420
16387
35933
63426
56253
2227
93908
15079
15712
59065
99536
68430
47188
24856
62102
23957
49115
12825
20990
70231
64556
66408
60737
36371
78817
80390
81623
22950
92447
97420
16160
39348
2972
90120
68369
81090
52923
43160
97399
30506
28127
10793
60039
11300
53703
20118
81724
84523
6308
4092
96321
34321
20329
70235
62640
42517
52745
23988
8639
50229
69407
50587
20558
92761
91322
72133
80585
50071
27681
95177
56451
25648
26408
51140
99766
54571
49631
25528
96301
59849
99194
75923
9543
60658
73341
88154
8055
38409
40007
41470
75712
20231
81774
33459
71984
8772
59028
23606
89042
18795
24719
79686
77417
72395
80270
44101
39842
8352
87586
47246
72012
67617
64893
49426
10612
97617
98269
48997
59048
2908
57323
93115
69949
2724
13261
9855
65145
80346
22892
92335
86283
12152
63743
71311
96977
28847
93266
21273
51033
57657
74480
76192
89625
79196
28495
65429
46937
14032
73811
63453
81726
37142
76499
8715
65251
56349
51512
54504
46089
72011
94681
7705
66413
43922
61756
55237
32396
87016
79725
74258
79169
94355
46599
56375
48894
23068
53408
15677
69715
8765
98108
12816
11645
11823
31631
2634
93986
54347
9472
181
22173
92710
22643
45610
74683
87685
25982
6471
3896
61179
18120
97097
44734
45132
63571
5602
75613
8071
58818
74645
89317
86187
25319
74512
56251
42043
1087
65657
76453
33424
70843
65598
57456
94019
3567
1801
81923
60131
44816
23221
53881
25408
20126
46172
32379
2191
67306
97
24009
38797
7371
79989
48143
9097
27680
22573
68483
83712
98483
99603
48123
44584
19875
8971
62997
92585
6939
91447
9402
68139
52523
66863
52769
90358
36440
73385
56071
84319
61092
11252
66300
54694
76155
33154
62258
50167
98245
32101
63492
66774
30925
68535
50352
14261
41471
78125
32601
63056
48598
89181
93822
29329
78066
17078
38622
75603
68765
98399
61363
96327
70405
12572
21277
76848
84853
15506
87400
57219
46843
33818
39669
79529
86271
74643
89618
99967
97182
96905
17024
79494
59886
97805
70876
62326
4859
26441
58750
37589
45634
8477
67856
87388
10129
46416
53448
40768
34714
68739
13509
55998
79722
61035
36581
18776
38122
72203
86860
25214
36164
4965
2234
20446
23698
15291
7582
3380
68209
51688
56241
85680
44111
74507
45527
74503
9839
90632
29053
54715
34327
59685
72299
67249
36739
82952
44890
16548
62716
25943
47905
58077
18206
14059
63647
81509
16101
75307
82850
61165
78486
80659
59395
14268
58609
74121
67629
19518
94675
85469
37149
91781
45584
41202
41560
2628
25097
55570
85321
79633
42165
89560
26948
73502
68858
90829
77334
3978
92428
88482
93237
1298
57302
34731
95745
9369
54754
61572
88569
34289
46511
31085
69869
58346
82754
93933
26595
34575
79376
1383
98774
39785
97689
12049
91040
10619
34076
61404
87425
49256
21908
12934
15566
65114
46203
27663
37115
90220
79779
807
17767
97004
14690
43402
43743
65703
17917
19218
93065
25897
56863
86649
76789
79899
58478
17402
48848
95042
43029
12495
38726
43070
46152
41358
16461
85384
81185
18783
81765
91637
62386
76310
37154
16585
78975
515
2392
9294
82309
47708
728
77253
37101
27960
12306
8770
45844
77235
90615
91251
1172
21279
43766
76737
2359
76811
64250
65186
48803
68795
19935
28297
61103
93860
89263
91163
24057
90817
77447
69816
70503
24914
39419
3071
88227
6210
88826
73108
54448
55273
21059
30935
59638
802
36887
46087
65884
33475
56910
76958
2350
45380
56376
85563
86435
10973
51995
54959
24006
8187
45393
27162
87193
86813
35204
12103
87469
93122
11184
57742
39848
72946
61890
39803
98341
67890
96363
77081
57925
66732
17975
87102
66725
31961
19858
36511
90612
40233
85013
25142
69638
4392
368
65402
27387
54232
31102
8090
96482
16988
73678
982
80291
1092
65960
38250
84089
94209
87739
8337
21700
46917
36815
83155
34499
83162
45092
4191
81220
33673
86177
5246
95940
60899
26722
24010
90621
5991
6570
74349
67928
86763
71733
30314
3616
73791
75270
8949
38491
63374
75829
92673
97580
57182
46962
1162
49080
34471
50111
85871
83085
73705
22122
82399
90276
95276
77171
12763
36370
37379
18972
86780
94175
23831
31310
67359
92082
70065
58488
34844
26880
44067
77681
61134
86668
42244
44530
2801
9783
41441
95517
63134
82486
11318
83428
83389
41335
74140
58852
45964
18670
61542
75795
46881
82248
16910
2794
91446
26229
34268
14758
57479
25209
24012
3247
35403
75848
94922
52471
6125
455
47399
55633
17753
79629
12459
19504
17850
74088
90195
48650
40385
54914
87530
32454
57583
62730
9538
17447
49429
60074
60943
5023
76463
4487
34537
2349
35452
54231
51928
42362
86985
16345
20857
73142
91054
5255
5288
33316
8578
28030
79638
440
11026
85373
57695
20307
87663
278
51059
89507
68198
93331
94313
39451
88589
24901
64218
41174
66660
37286
61386
7744
43229
70729
87383
83486
34794
34155
50690
15478
25164
31757
18469
90843
42978
18312
21691
33122
31591
30969
10511
20913
62306
44736
64602
81026
10957
22610
50296
14341
71
93927
18433
59888
47443
43286
78050
1447
13636
22780
27707
1416
13846
95491
38177
45346
28295
89887
24592
33211
52509
10138
12184
63952
29054
46453
68358
925
29172
40765
80225
48492
77791
10002
38784
18334
4131
59969
4857
54061
23210
1802
20277
32698
80107
27704
35689
29208
30441
44775
40585
26969
73226
76960
41293
42454
5194
33419
27378
10289
52360
15967
33080
54836
63432
44866
64183
24333
24902
24195
508
28682
43816
92140
38419
8409
31986
13838
78221
33478
86064
95053
80930
30477
49610
87746
64862
14641
48442
72332
78342
50052
41975
20649
84738
97544
70446
90560
72958
15611
2711
28439
82507
59550
44108
1303
82718
9670
7029
73956
590
93128
61628
57185
85239
43391
13268
19088
50476
47036
1767
15486
58026
24119
28986
59289
97426
67055
87489
70930
8610
41207
76344
21243
5799
49626
38139
75882
55688
18252
33578
1048
35426
60025
89353
66654
54889
52741
9635
29969
54885
43399
89746
24227
85787
78401
35922
36714
66595
68390
83884
425
14238
22792
97341
28073
82319
76479
81550
94150
90811
24620
25944
69279
29747
40119
38986
78228
23711
96162
8234
57023
9947
95055
83745
22149
73540
1617
46467
19833
28186
8686
26471
51539
83958
73327
42681
85370
10435
51190
91667
48385
68818
72861
2901
16471
57040
58211
64594
70346
50781
28437
85306
57659
15102
12677
12526
85532
79682
59765
97684
41263
18830
9132
40126
6661
32994
34084
93791
73208
68867
53472
30165
18587
26646
13655
15617
77712
90562
59177
91693
22437
55472
74470
95838
4849
9196
10057
72212
33287
62155
34720
47236
3393
63309
55327
92290
76167
19139
74174
29872
71768
74736
72553
16415
34694
84141
93369
4512
24372
6311
32616
10197
71062
81890
25482
11493
12323
66551
90693
22120
62252
44345
67393
4200
65687
95746
23875
77108
77474
88075
8624
67304
95723
59305
33374
80201
78865
84709
50213
98679
70097
81649
50735
15049
27298
83089
1045
19979
23265
37134
14575
12584
15681
64715
4081
27033
82091
11297
59730
81362
48600
64549
95739
21159
81817
36718
95198
75907
21892
8809
45575
46655
43662
76288
21995
40489
93741
78829
64116
45520
89235
46817
38554
82744
54940
35501
83129
24710
66211
43669
50280
97157
28915
92638
4154
84358
74350
80639
77303
19125
96480
22818
59916
81998
81918
86082
42153
62254
57707
19984
14882
18701
53708
3409
34160
44545
9350
41456
88659
6883
68622
95845
85122
92299
1552
72999
75792
18541
92333
74429
59309
68414
86795
54975
4037
44237
85463
41377
18749
76719
80365
41392
77443
36809
72696
2780
88238
12846
77192
55686
21511
79772
55932
73595
50847
12214
5927
65489
56739
32202
15144
96973
29369
40503
6678
44631
31342
49437
9220
68588
57156
25532
74098
80612
98894
65536
5563
75844
98060
55759
28345
22897
62465
63430
13330
50420
32813
77261
23927
96823
92371
51054
59497
61341
83734
57999
58506
15005
79580
84759
70130
93323
91193
55705
90816
72364
31645
55456
47429
38985
58308
50096
20216
49709
94245
2394
2855
61529
44587
17249
69667
84894
72742
17840
7886
73663
61484
77706
54346
31806
11858
66969
91895
65862
47057
37983
29948
22648
34173
99718
19247
96381
14495
36642
58748
41684
55823
82106
3757
88587
31240
67955
26264
50612
47309
28762
99821
27310
93621
3666
48913
22484
15395
49165
77317
34630
86694
1253
30753
2177
32100
7985
99322
4358
60932
19976
54573
89636
70513
8322
88761
31128
36795
48009
33464
41443
48514
94368
34185
44585
13035
46154
70418
80878
17231
32798
65547
18442
31673
99020
22566
66554
69711
54469
89185
69359
44487
59224
41873
22928
15760
27191
5169
96533
94068
80295
24995
34998
66586
38016
46715
62448
15006
82394
68013
38132
89147
47640
88409
97264
23828
14125
43852
29879
46966
85804
56337
24516
6504
9842
72217
11540
57632
87866
49619
72009
5823
24885
11360
11806
59418
98116
96933
11587
61929
85543
1061
51962
67457
84877
8049
20062
21018
85795
2062
26837
27106
2551
81275
59414
18907
22607
16401
7277
79572
92279
36255
90987
61245
16714
29091
86729
60200
5712
97514
81347
80630
14219
73306
98782
62014
809
18190
41839
31658
76346
62439
37675
77056
145
81628
72003
6399
51752
7924
78138
40144
85696
84186
49434
83943
70837
72669
22745
61052
81381
60105
22735
5382
34608
89122
63060
61449
90174
18476
64996
53406
40149
34111
40289
53964
38696
70238
33357
30540
24425
78990
26335
1941
52656
76154
49053
68406
88262
29287
17985
51910
63659
76048
7143
7011
40264
90442
21231
35958
3622
47645
25717
29891
56785
178
94626
8496
34134
16647
54675
54170
49830
3155
56392
81943
42224
391
73116
86305
84363
74062
45165
48214
12721
15338
89227
47622
78479
94278
78
53651
38750
647
6707
48856
72970
81578
3897
97138
46280
94134
92150
6531
490
60284
30449
19628
77148
20738
35536
44932
65839
4472
51174
44818
36917
82258
8092
49377
27047
36225
26462
59535
90374
82143
82748
85017
61950
51227
65684
76864
29958
73974
3509
85489
30248
45189
21095
15684
56723
34488
76528
15146
76921
84691
58015
27783
39346
73798
54713
72808
53247
6677
13270
78604
65617
33542
51898
30943
20078
57020
76867
89429
94877
67753
23488
74499
90556
75936
46061
86888
62463
62028
89172
72712
43749
89234
71224
19272
71618
21409
15874
91047
5633
71366
3414
54092
67716
89432
8205
80606
49562
73300
52446
95507
7088
81474
91127
87327
2020
45055
58288
76891
76890
54010
93428
75239
92320
76357
32849
53370
84429
11298
7959
6204
49804
23124
58782
29645
17695
92001
89963
97459
42669
55996
64942
49812
12137
81439
26234
63450
21609
59489
68766
59298
7233
81018
81481
45309
48474
75028
35059
27939
38437
90040
6393
71021
64016
40098
9051
89601
84676
11777
38798
75308
4118
6552
21517
54262
49674
50481
58634
84111
49494
83000
865
63808
843
41980
37114
32487
97273
36793
90949
36215
65302
34198
17127
344
45507
43591
41892
1679
95296
66112
76917
19087
42491
88024
46557
87587
96314
77603
56518
47358
6911
31638
59992
73759
86106
73242
9551
41413
68295
12424
24131
18732
55892
18913
26113
44178
67851
43582
82097
11399
29025
6310
79216
15852
16856
72231
66357
57105
2682
60334
41310
50203
25192
45640
29471
32979
62600
43613
69424
23508
57976
55925
72089
35930
93590
17135
78439
21750
13662
25928
98839
71908
14821
73015
37959
99484
63052
94210
15882
57865
91830
95666
78163
27648
34192
93611
35111
5076
19967
12581
30821
43972
55298
27747
53352
49637
21478
87519
7482
97615
4004
71995
93364
35506
43714
45025
60027
15568
52418
44638
99004
58922
69110
9167
13700
4602
96489
41715
87558
84345
40317
39392
24287
48729
42750
55875
94171
22019
76259
13005
29657
19804
17528
41886
74
60169
30336
28657
50363
12419
15654
78097
44764
65875
22059
15099
23633
68423
14226
55417
56402
22013
12944
88136
16077
76920
20638
79835
52670
69918
8917
8817
83140
84067
74742
53359
61724
63958
29049
45912
27935
8054
5304
5641
6441
3056
47958
30423
78858
14921
98189
30271
89699
87688
18361
41017
39200
75985
87816
64824
70041
12799
19110
8013
25979
63570
4023
29414
84390
76456
19014
83966
51887
1857
6101
75887
55634
96579
12751
11678
70847
64075
67263
43140
47475
55108
93508
39107
550
34789
19045
98786
72521
14662
75858
26935
49343
2760
7121
32696
11025
19032
1583
52406
3900
58121
98727
98685
39480
99275
48902
12024
71585
2205
65026
28698
87204
74446
18999
45614
52393
810
60116
47969
24896
98037
86577
65729
39695
15113
40803
11569
92216
44469
30209
23834
46605
3186
6199
19904
3278
16027
73492
17542
98870
49106
55341
1078
74409
89938
56057
39432
41928
80323
29209
24051
8753
89744
17567
72463
54155
25370
13982
30729
44095
54827
88625
34370
76330
23019
44590
53612
46936
7465
33498
54266
8169
80879
47594
19337
51414
58100
45933
78239
66723
64705
5099
1047
91281
33726
42969
30621
33619
38359
57401
87985
25079
62112
11981
17362
15132
68094
71115
22617
46967
10879
25856
42407
66816
54730
37016
47418
67144
52752
80635
36402
95039
88384
69070
80547
85305
77822
69967
87313
83912
64448
37655
13674
6098
92693
33191
20447
70801
92736
70947
57879
57509
12319
47202
57689
91651
23141
85608
12279
26830
36904
19971
2118
97900
30460
95113
40660
8202
77644
27055
88430
54729
79221
80517
72479
7242
61471
40566
39552
28875
61509
84591
34862
21468
88032
27401
37287
68290
99609
80256
12272
17804
14668
79446
24795
91527
59984
58066
99673
14447
19155
29928
45170
86550
97409
93363
6876
13770
86021
97909
41278
9257
31707
39646
65523
5080
19636
84370
94258
54205
49617
1631
22379
15978
17627
66843
67652
14243
60226
14413
94312
62229
56776
94950
11503
71535
12849
30964
56852
85155
85204
31563
94923
32156
31583
68884
86440
23739
18928
58183
65262
5972
13323
31927
97855
19708
50588
74366
39212
26084
60160
41076
40456
79210
57192
43006
21519
93813
27858
22971
36356
80459
20054
25977
24492
33291
71549
9419
66486
49779
45676
92098
18622
3960
24717
66102
49640
21739
95418
11515
20114
74464
6905
92197
57006
86920
50400
34806
4758
33351
74551
78948
27554
66836
8098
89320
66167
82981
96011
36654
76970
94099
53445
54142
87991
39128
79408
77023
60522
89202
14716
65351
85382
45890
83806
91098
61686
50406
86571
51070
74455
20741
75640
13931
47998
99252
23197
52616
62911
85221
12966
56837
70774
16879
91254
52806
59235
25316
99477
72777
58381
77738
39302
36293
9444
27311
58661
18927
35619
77757
46176
82786
57639
25935
40787
32746
53438
8247
15143
51768
92858
2648
20197
24899
9405
53771
53682
55802
20338
27965
22777
58170
9169
19613
7910
40823
59543
68152
28624
39029
45840
99091
24145
46614
96219
51686
67459
18502
68368
12028
71779
74256
81682
69352
38054
44739
77666
59152
36908
776
70118
22354
50869
68302
30378
28713
75036
22208
27236
71294
34357
75821
30754
41062
89021
49778
96255
65801
31520
66810
2329
60290
42811
90291
66260
348
82322
5161
36339
30341
86276
55915
59057
42131
34914
82912
99653
35721
8354
94786
14613
55976
18320
28171
44430
4797
44699
64205
56289
95994
62951
7974
70205
51593
24850
9834
39322
64524
2867
87845
62567
66866
56109
41655
56332
75920
65914
57957
70547
85865
73295
69987
85622
53943
23332
96833
69552
64220
64564
21582
81270
68595
25850
2833
37585
69891
83095
97664
91752
20064
71201
58780
85401
11100
89210
52877
85010
2937
87981
14459
84355
32190
37662
15642
29666
65241
42317
72112
42444
57432
96831
62887
74330
31675
82117
24884
42155
89286
61937
93678
16070
63593
31605
8571
64243
30725
71090
69682
83847
65023
33057
55624
58837
21166
21081
13170
96741
32128
32671
85493
78200
65504
82536
62719
55272
12431
21931
3569
5009
26020
6815
1870
12971
14822
31107
79730
85074
79075
42284
70162
2962
3105
32989
22577
2436
7852
39046
89727
41699
86731
89872
59090
9225
95652
76741
85838
72164
53071
51920
7588
11627
91008
84908
6935
93957
73599
74753
11701
78048
16290
64994
50483
2438
64335
31600
30091
61705
26069
36463
21589
94095
29186
95600
56766
36951
50388
79934
34592
90200
44379
56173
63657
70393
59323
98948
30795
62783
83117
41966
78191
27793
91456
74918
80831
54795
48762
12699
94454
99023
96407
73342
28688
46574
78174
53631
91766
90346
28561
86032
19369
78288
37076
25512
4057
56725
56983
36911
93084
37790
50718
93767
36220
62901
61535
25473
86996
91334
59185
15319
30330
3180
52072
52044
64106
34256
34262
82796
89939
16230
43626
10357
20809
13987
29017
13353
31527
36726
23787
42651
35096
12888
25748
71195
63469
96749
73166
41135
91590
86108
1860
41862
35752
73729
83702
37936
24561
81582
44746
58621
26468
21936
69583
68684
7412
50724
86186
11281
82717
55758
10915
99276
63689
65381
79230
35953
15679
67089
501
25092
75745
56939
57459
57056
2079
12227
28764
69755
57498
56086
32586
68074
1488
20736
62348
56238
77109
75064
16135
70136
84772
63915
17791
95182
31002
10108
98064
27510
48939
87373
60668
4803
18126
64493
30542
26203
2321
80260
72975
43725
67235
98660
31975
38245
91605
99498
94846
25945
90540
48973
37553
15924
75627
42395
33180
24392
9197
28480
50799
56880
14354
60869
63612
94264
79646
98970
46758
37535
56470
45924
42390
27395
1170
59565
96829
992
83532
33380
97723
12977
43946
36818
74215
10324
92128
53970
34721
88521
50417
7574
53454
91977
59615
7055
46672
66832
13367
61185
71338
97953
58753
39054
87965
57359
64316
17521
42396
64703
67563
73975
45842
65709
45691
16007
32361
83210
74591
7966
82854
82770
43957
94688
88842
31249
80003
90217
43008
8690
89929
50413
41738
2654
73103
30486
29040
78291
89756
15917
13974
82939
56386
70401
48044
74949
88553
41194
34935
93236
49095
23320
74583
4550
42295
32551
49249
25956
85344
88964
2509
84876
60679
46346
67351
60468
66420
45093
924
50006
33192
48285
1659
58359
5834
83531
40275
82759
5175
86318
33234
68969
72312
47841
64673
80996
98956
8351
44053
15890
88586
28002
7905
36894
75770
45751
79952
29138
58664
67228
87055
94039
85488
28628
42653
38097
70790
74374
86237
40195
69008
21218
27192
50460
65050
19738
78919
27842
62924
69324
98167
40921
18766
37391
66658
7375
46092
77397
68933
98562
47566
28620
16611
88827
85331
34480
16939
73597
85724
8385
76124
93388
7415
21662
47884
29612
70105
24152
91669
50383
73392
94547
38601
12936
98946
20929
68532
33199
98057
70710
52598
64214
16211
5920
24544
54258
22296
39490
96894
46701
45429
34622
6452
75069
18528
15614
23083
68353
37595
43054
2075
57092
25853
4381
67929
6763
36931
91856
29949
89713
67284
98654
44995
67750
381
64913
32692
46833
49111
50108
55548
52515
27843
71069
92899
73424
66751
84181
16823
59710
57256
22992
7334
70036
33743
96906
87798
89496
4816
51945
15371
57033
80746
85575
94701
24819
6544
77694
85569
62516
48748
88822
87831
10076
59030
78403
27131
5516
27788
43592
58766
39565
27167
59769
26757
13231
70266
67020
24223
37413
76275
44964
59881
37282
78799
39109
35267
7495
16271
42823
27902
21112
23556
34843
82294
6479
59568
3258
44483
93971
86782
31728
69875
16980
88470
5556
72992
11202
52038
1567
77460
56327
65948
18602
91099
51325
81325
95260
21093
65730
37735
79112
61879
52961
55604
63078
4745
52301
87769
89463
8324
31278
25622
14052
37795
27511
33048
81407
64487
61957
62238
98998
25781
6666
7984
88738
15717
910
48233
66835
88212
22661
28430
95920
51989
64626
6986
62273
61265
47891
71421
21100
15124
46628
87212
46079
92704
99126
32391
4316
14167
93781
22724
3515
46131
97543
73200
71000
28680
30221
46135
6657
73486
76326
37760
55150
1155
12577
65025
71814
98830
52980
54355
8208
64497
54962
81881
99594
56424
3876
24809
32672
1979
71086
81219
28539
27149
97672
97820
94511
12087
51637
61318
28182
56757
16249
65590
94295
41605
32776
20269
83791
65629
36749
87975
74494
16690
81691
89443
15631
97591
78423
5452
44661
36623
86455
25016
55508
29603
30598
8564
23187
98233
6417
94749
43306
12505
15290
42529
3354
85767
20455
86986
63222
12969
31533
47761
76422
41100
42707
69152
91188
89311
56973
48172
79213
53508
92095
61783
66259
48046
83126
6759
45735
68186
46284
81352
25236
56296
70875
14372
94449
96620
88753
34983
24577
2338
31948
97276
11327
35573
10381
2312
24905
53581
24533
16839
38617
99245
15282
36734
3770
90700
59099
36081
47455
38174
89352
96567
36114
12692
82531
65716
46425
43312
8079
24663
21006
93214
35208
28229
46119
91355
76211
43829
47805
79814
74223
98034
5377
16517
6579
70166
90699
85735
89459
51488
67881
85825
13641
90047
27994
92044
44976
9824
76542
8091
93567
97029
44738
33975
86327
60742
59895
9617
16745
79691
3476
45485
41150
51363
86080
9646
41992
29123
12663
94727
11069
42898
32056
53318
2437
54019
84144
50848
52666
53607
48464
29158
59570
39538
35402
91533
40652
66196
30223
17815
32793
85919
30265
36831
4914
65129
24500
65604
15606
7205
95607
83882
18465
8459
88173
65194
92546
73535
38075
32033
92676
43209
36618
30834
60811
86871
31669
59334
6505
25805
52516
62454
17800
91023
38407
40478
68543
59812
68338
85873
459
66870
36109
60426
50329
8677
31086
17007
56107
3373
83313
61485
37946
33574
79955
74238
55476
38223
23996
21348
6982
60489
72353
68581
69809
93072
38370
10792
49203
40358
29874
93051
26225
69262
34601
4990
7503
67109
68058
74568
87982
17410
12689
54742
86841
48197
6602
62478
16134
33906
63345
91038
79847
989
8939
54760
64284
41304
47581
21312
4114
47347
41157
44301
59734
79121
88717
47350
83935
58926
40485
49365
74280
17419
87228
26636
96557
19727
72457
8142
91577
46731
77466
23252
38238
24430
99068
23967
89541
24259
32588
15139
41743
41851
94901
31168
92516
75596
79318
64122
82867
84484
75327
58475
56994
29002
80437
69085
80121
77980
25323
10547
98334
68310
39140
84415
4065
87891
8021
91847
35908
58709
63638
37619
73504
5696
50936
44062
3366
68919
84043
39307
74046
96484
92196
32260
40606
4777
79278
33691
9871
8696
4048
10431
53426
9523
65938
29030
89799
56427
30514
6611
70637
19358
9602
97228
96294
44623
65766
77973
33000
96228
98287
96828
23912
69032
95288
37174
63898
85987
48487
2389
33647
95134
6818
71436
23943
17485
99790
49737
72291
93987
62635
65015
22234
22192
50903
4887
26794
8572
47951
45508
82405
83083
63010
12209
24768
56465
91463
65472
66882
21287
16178
33259
74191
12251
68120
85526
20186
42059
19040
56008
34213
61240
41095
7287
72910
46830
35081
4139
13744
35176
42070
5956
42248
90237
23751
80422
53684
75463
83667
87579
59356
79027
86441
7742
58235
12883
35747
31567
34310
97019
79830
48460
31523
39446
58237
77728
83312
60610
31835
19276
28518
20294
16448
33592
51234
92147
66567
84768
81289
89153
49109
48706
87173
58937
51530
83868
54427
38661
11317
43285
28935
58025
56160
37532
53164
36584
65712
27137
16214
58184
16941
12600
85258
23628
86555
93163
41594
74124
86476
40430
29547
91407
526
5261
76734
34334
70200
82247
16188
50241
24174
9531
35036
79890
24524
61456
15404
14974
35446
12430
95383
88769
34477
48850
93627
40578
56898
70236
6227
41774
95587
67336
82822
29409
87814
90780
83490
56519
69655
23007
79048
75141
5874
77209
98792
42629
10226
99109
2160
9676
94943
48267
24636
39120
31798
65527
4284
26402
79114
86896
98878
57779
39568
47855
93809
8674
40154
13855
9791
57444
23307
73666
17598
75500
64895
19400
7626
65540
32740
85164
40728
99118
33792
4909
57194
26215
46239
11688
50721
27043
54486
66785
65042
81593
16457
65905
62818
16639
45528
61259
36696
26341
59644
61506
6031
28603
69602
2891
21751
55499
55477
91189
30012
13824
82315
9398
2683
48461
35559
94438
75857
88016
49477
5642
47713
82858
23976
52816
42815
23170
47794
29051
99964
46749
53536
92878
72759
42126
97394
27950
71639
1361
3462
92578
60850
70313
23572
94232
64624
68143
76963
9040
88676
95619
33343
97355
2994
19830
97660
75459
690
91873
81130
95623
38210
7695
38709
92230
43804
41409
48327
31373
3244
88113
3843
93156
37645
31005
35477
78207
58265
33261
23811
20359
75891
50771
82544
28616
32923
77230
8570
55515
44370
57341
99479
18192
26217
63979
90865
65259
1125
23937
70234
79640
77680
23281
23852
1081
78059
12124
67801
77285
47283
8201
94072
18377
47340
86103
44568
49630
69376
57806
96245
50247
94680
94962
53860
38356
8851
83475
6557
44219
83557
72427
37622
70928
86501
61308
62670
34507
3706
6828
59193
41024
98229
16605
88249
86424
7303
42507
56561
30480
97129
54069
51700
68350
69901
92854
87139
56461
50048
28824
54549
32664
7113
5501
21607
52152
49902
6222
94463
11969
39032
92621
17612
52671
25216
8628
40794
44595
86781
55605
18319
15950
99541
43956
26040
12435
44341
43299
8244
28994
41214
61034
12839
68098
12867
4617
45836
21616
12813
37193
86714
90739
35014
92015
81534
92027
2265
12885
98433
7643
2373
58243
67815
67628
212
98750
36210
3507
54335
8233
24082
11740
30892
40764
2799
46007
48664
80776
4046
26761
11560
61652
64342
30850
20279
11274
14834
34802
31376
73338
2433
21966
1572
66066
20609
77195
26779
77718
61122
73928
59801
18710
83908
19326
91899
73523
60997
97976
97381
19335
40176
88878
67962
17670
69773
88477
17403
44817
20173
35318
10078
42462
43701
11598
89486
42233
14436
24922
29489
17258
78417
55593
1938
91883
95393
62812
79337
17825
41316
63111
83127
31052
65615
5643
88494
69539
30727
39980
44375
28432
11626
25874
93826
65321
58904
78746
37187
44210
66043
35605
48404
57699
1998
34774
46426
7171
1661
6406
75588
26380
58935
13121
53663
32955
57992
99338
62039
44749
10979
17183
77392
67603
36409
13451
28811
66087
13566
37363
95035
65224
48854
76756
61904
337
38431
40815
7478
73784
66307
71288
96466
85918
92264
47608
28871
92949
96649
68750
13106
91056
39977
93991
20331
24639
27816
3267
80544
73224
63131
7671
27063
69368
27631
96000
3168
17712
91596
5349
72341
45128
81952
42727
62055
60297
53493
94074
24992
86321
25506
67859
27205
30788
81971
16082
98022
39445
30293
35368
26287
24770
1139
65416
76581
39846
2718
69968
47946
10808
77916
2767
61354
72320
73281
34094
54082
79883
55007
90585
13232
73025
30996
36937
15389
61853
28193
2594
64304
24531
42634
30893
13152
285
17711
65989
84685
16566
21976
25828
56695
1699
45596
5149
37063
20408
51797
49353
71057
39278
63359
61477
61524
95291
4732
84176
42008
31364
79486
89719
95142
1940
44189
57222
11123
57572
47576
39247
23335
78467
13400
84468
54960
49234
81083
1000
20483
61469
89470
27489
14530
13211
64260
44396
17302
79358
1643
10210
70467
7741
82015
47119
46282
48778
85418
10688
95698
9789
30965
61412
8051
71291
94327
58841
14847
10621
98980
10822
87929
11440
9662
40480
84388
91213
5041
46496
417
99709
76707
88797
73571
2170
67523
3028
24022
12357
42773
25378
25888
63361
74353
49606
54727
28084
55304
51658
57562
97204
96138
5265
55618
93937
18658
15816
1540
47718
40931
78208
14144
27284
60611
35512
84542
16124
28512
17877
1339
18604
61250
99175
84354
98077
29165
70708
83716
76708
86638
16759
48989
83891
41654
64584
48801
77010
21416
2209
17250
43454
33490
58732
99772
78463
78928
93443
72714
95390
19665
85139
13705
65552
37550
51738
84913
97764
43897
4463
66579
98925
26491
70492
89034
97643
26944
56716
63923
34244
99025
73429
57950
71230
49649
50197
49628
40853
30020
69939
41584
43660
62406
31316
56034
45954
21603
40997
20874
28260
62461
90613
15875
73465
87760
82650
82591
54399
56971
36059
18337
95444
74452
96714
20566
53173
24920
85081
38892
42593
76082
72339
65010
24766
67091
21450
68095
20268
55192
65592
75383
26655
15515
4744
96505
34539
49319
62732
34338
49516
56693
41127
86902
48126
56895
29619
92184
78993
36242
11034
90306
92639
97623
24299
42943
84377
91670
1164
94104
98492
22574
82471
37976
73446
15151
79975
17286
60159
76988
15594
5447
75870
73132
19464
42984
27416
72806
76484
30333
83804
92857
29288
52894
32817
97190
15223
83032
22920
80559
31490
90758
40418
62505
73250
33021
62445
86316
61395
22789
48002
7883
86009
73000
97753
49146
23380
17259
22025
62859
80285
34045
48817
23597
81041
23447
39318
56644
94795
60701
40455
18471
3053
89297
90041
44350
90054
47105
44202
26961
74570
8789
82440
33520
88323
73084
73221
134
66221
55109
51317
95789
31167
89293
27819
7869
75751
7224
56809
80947
60392
82988
35830
53980
62636
32163
99807
74959
62446
76067
64307
64737
25742
89653
54709
86184
4454
97557
66638
66040
3250
79440
42956
32188
10921
53575
86028
14280
69369
55748
41890
9170
94677
89469
51094
36243
879
27268
70557
42912
88902
35587
37265
87996
43678
61204
52649
20959
7617
54525
28024
29935
81123
91732
37626
83698
26699
73386
53922
70287
53399
75029
72241
5842
9446
92768
14654
64604
96110
9031
47256
84827
29050
29474
90375
8752
97552
61237
7092
88786
83213
64232
36446
98914
14040
25339
4345
22608
76102
68102
54006
85425
51826
366
44999
61856
88368
67545
90360
73909
68402
58994
95194
49970
95399
47120
31837
54556
94307
87417
73186
54638
21660
33902
61396
70423
34850
41353
36107
98194
82792
3051
5547
10693
96488
26088
45417
26182
23938
29215
84931
47052
97814
36707
55152
4426
52063
67199
77002
29774
7832
70962
59474
10704
72916
79235
73411
25581
47776
84039
69449
94723
59887
72064
65453
12744
14251
34523
67835
82104
93540
45414
85471
96199
1725
92236
95556
48882
41252
69951
84689
19410
39225
93507
50486
14450
81632
14754
36798
88788
54482
86516
39234
43215
88771
80853
30434
98415
29082
45668
15269
67183
99335
61025
67012
94139
78998
92461
17883
75452
6702
46975
69743
82637
26983
6764
37007
94789
19809
67323
445
5026
79000
20572
82134
9457
64630
59553
21069
81292
29830
44906
17310
53094
78649
41189
46999
83715
52410
50499
60437
83459
30267
40837
5843
54203
15808
13070
44277
66206
7297
80751
58304
72153
68187
74899
71631
64987
70886
72850
1954
48414
45470
68122
21509
5845
79175
12807
26717
27518
39947
44795
56380
39262
38369
20825
55090
42125
24422
61016
29418
65583
21138
38008
59596
70938
3674
13445
52196
10194
57038
29275
42416
12225
87634
64838
80084
23936
73350
908
72898
69851
16296
5336
15298
46102
96391
93538
5572
51124
44376
26499
86514
41967
92388
31469
29493
78613
54117
88177
48175
23478
69130
92626
18858
81404
21314
48162
49959
1004
81186
86511
9250
27919
28633
73413
39797
31969
78394
81128
81288
41936
78743
25141
84527
99436
38033
85184
14503
19702
40709
96615
52721
1090
64230
60971
35280
3210
92398
84532
30767
28293
53109
4373
1789
53992
70359
49801
50231
92294
95668
36105
81036
57871
9825
99670
50745
95373
57331
38114
81466
50493
39152
21746
31161
58266
38335
67922
98221
38519
11063
8636
87939
41910
36921
76885
861
34149
16033
38251
23499
88349
85283
5794
14021
29968
85752
74472
98144
71078
26692
32486
92010
98419
51296
752
6175
98136
78708
59416
40573
21455
91660
71958
68747
30672
27369
11159
74752
4152
59335
51177
20485
27415
36534
49153
45325
99291
11163
42474
46901
48523
78839
68965
17509
73737
48292
1291
71725
52939
5601
18037
24344
12829
55789
61585
82121
69318
28885
75755
20743
84678
25289
12596
42313
77008
67362
64872
18680
41006
93195
55473
46710
60315
6949
72251
70830
47378
42045
75671
61768
36426
56551
34407
48077
90192
58347
86542
75880
90458
52994
3291
2846
38616
73192
30465
72076
93143
51105
83626
69448
46794
37542
94158
35001
80749
64976
53421
5063
21631
85642
29671
43387
51988
68284
90189
69310
34911
22597
65961
58127
17701
96631
67931
98132
93298
23715
25634
95651
60965
98573
62628
35967
60410
58830
87524
44416
39121
86363
42166
24225
70012
35171
91965
24142
1548
13274
10863
48864
67463
95131
39662
28152
98794
92992
51977
76967
63269
10010
24351
69550
25951
72033
17909
96529
17256
35714
65764
7537
84580
64238
57880
64447
29149
36976
69320
88793
61977
93273
18565
45768
2783
14429
2099
28004
16206
55481
33800
72403
22168
52765
20176
45558
58765
19805
63514
51453
50720
99688
5312
55980
73879
44997
58479
61385
42766
68793
24120
93358
41735
81963
89828
49758
92732
2555
94512
19861
22349
23918
67062
66255
40044
34748
75958
34797
37108
19146
6084
5683
41500
61679
45548
8546
20035
24361
34937
29637
57329
82943
8166
33404
15728
45182
72254
71450
89371
43974
96164
65739
53029
81924
21702
841
62494
67400
26136
50161
91000
8967
61750
16113
35025
36776
91475
7816
82882
36005
51409
74904
29262
161
8126
54708
82965
37837
66888
20519
95929
81821
60829
5427
77126
51790
63515
16324
1913
36952
57609
87314
72425
18824
21357
14038
48473
15981
73836
7382
57674
63705
21223
74944
52679
16991
27759
82549
46791
41008
40168
38484
32201
10208
27515
39864
51445
52013
97989
83953
45300
27229
94324
27132
57173
87837
76094
14119
77628
39487
98371
74663
33587
48589
99362
45355
64441
11585
11990
66003
33445
23763
362
12371
86434
99473
89056
14022
56169
9323
62773
28568
67948
46845
58312
59975
2334
93619
58131
88452
51050
58844
71904
93150
38704
10406
97606
84311
53510
64208
81907
87762
62070
98005
34421
43230
53274
796
9625
87471
25608
38826
98557
67037
14566
18818
99812
93008
42116
96009
89051
77636
19353
78662
6878
86639
8724
94351
12460
50946
28652
25859
95350
55035
89999
78279
74111
36716
92269
26980
9915
44432
67365
24357
60672
95129
87901
69139
93457
66177
96661
77735
71159
77904
23017
17756
92712
68504
2008
49036
38416
81804
13952
16482
57126
34416
47005
91827
30156
28672
26737
77560
78862
82778
91730
10656
8547
14581
12428
83272
42260
75260
91270
94389
72817
6482
90682
8703
98118
68141
35784
41601
97776
36826
4515
34926
21185
72434
77637
56876
66904
86084
27849
74168
57136
22159
39308
86400
56826
66409
28637
3682
24967
65594
30829
77396
91503
3266
69481
69805
12783
64773
14815
82555
97862
10862
97358
16269
9399
96652
61299
46825
58462
48052
16397
96437
92382
61669
97730
24787
35848
79926
13269
81144
74800
65574
24467
42187
60075
37194
90913
8872
94416
93011
61895
75705
25007
95965
73008
48329
39347
93502
20617
1890
11594
52793
88965
95678
78233
99492
61251
90995
20117
2328
56553
80786
63472
48252
85120
40610
97458
25433
85885
68655
1074
17907
64933
72127
48196
66642
1473
3233
69472
36626
51149
83159
62285
42685
89973
39827
87072
75346
2771
6668
73284
63539
99845
47984
77932
67887
96023
23229
43926
9700
72083
47747
18235
72156
58774
50013
17179
67429
19589
19758
93444
11205
63524
33608
93397
68375
33384
50277
17052
3626
50402
41160
54171
94408
94380
83451
26842
33545
66948
3297
31821
45683
51155
43074
85764
66451
7771
41860
99251
29350
99523
42247
4441
38320
4360
56702
81652
89940
14213
4547
26446
63939
1974
77289
55093
33346
69697
26281
83203
63972
87194
95840
18789
17297
23294
94030
30588
89456
47155
3351
17638
65376
61514
49123
65786
33083
63911
7024
97022
46656
94790
67549
80714
19710
61813
4266
35943
6237
50901
19693
95228
58037
36475
88660
85111
472
9611
88294
66941
6791
45788
75678
58404
33913
7827
48165
40600
3484
30105
21770
96470
85793
25636
35491
33295
99343
82502
60507
95372
50211
10897
35020
64897
81283
71970
24865
78415
85988
55553
78539
1984
62130
2163
85670
57
50791
87421
17922
85327
96980
53179
47373
88777
74801
86669
20005
1846
75477
98439
1829
75230
43430
51058
19455
23548
89101
68567
93753
50434
24099
63333
66811
74879
58442
8116
86905
61787
15274
43116
94332
55920
2843
30503
5999
74201
2018
37246
40116
96719
58795
67667
435
27516
25498
10774
83591
43497
64044
87838
60146
58571
68733
61147
21432
63077
47136
18108
56321
50228
60890
59520
75202
24347
39816
91209
79718
25485
3406
71603
60719
16432
89681
99908
74741
88749
5331
44179
11787
80788
75053
64348
84219
28509
63174
22952
74401
48436
30469
58801
81993
2346
79825
83209
95580
4123
91636
15470
83709
78332
52269
95509
60854
79767
54096
32570
48783
79651
18472
90269
88148
12415
53545
69981
85241
97792
47493
25454
40663
16265
69113
88825
35778
67841
96970
29306
1290
86478
68564
39919
71281
50676
30538
97804
69850
98349
8342
83997
78129
23615
39151
33128
88616
19370
77874
37302
31394
33159
8502
69630
65432
43068
83742
38844
16350
6851
63367
40623
7101
74348
3579
32108
14421
87382
91708
28381
71610
3277
24097
34980
31888
57045
15834
42195
57137
71730
15975
78673
71920
66851
68902
76213
89510
58122
69913
13531
45259
53052
63223
35620
80348
46427
50118
27285
57565
11323
91161
90647
7414
15632
22878
15140
80539
39119
12328
4440
9518
59827
70530
97301
76994
81268
55459
63581
31264
13329
74598
43400
95916
39082
66707
57088
93055
18205
77882
41369
4945
95644
67217
76337
2238
41749
55890
24480
44043
15693
14360
6216
69719
49762
16329
24237
34573
17610
54015
75153
24743
92450
33228
65444
30214
94915
19333
6991
91615
29740
18663
27996
17965
3651
54547
73514
57154
65030
18901
65873
12110
3637
48170
27892
9077
55432
62677
75962
71847
92381
82001
69947
37049
1807
20253
83916
56571
47147
28177
41532
20546
80111
52957
30393
91490
57060
42128
75582
72627
82587
23413
46820
39050
44175
6446
30614
335
6306
22805
67712
84022
44460
23146
75125
10712
62301
42171
7726
63869
63609
88508
90604
72882
72907
96195
6848
9811
22979
92808
34582
55056
50736
36203
19995
33858
49288
8181
11055
92861
52790
56031
90775
17741
51536
20813
45043
71651
17427
25926
10099
15603
53979
6788
53894
23726
56552
6601
61303
57912
43693
4397
46700
98659
3990
75814
17240
89590
78165
82896
44520
17399
54353
57518
8716
37428
32695
83688
77356
46779
42850
48484
28813
11942
92400
34301
63074
7487
80777
87840
92046
4002
87389
8584
60484
89903
13831
93170
21260
57047
4384
83445
66806
49078
12585
51424
19112
61984
65353
905
41461
81054
70150
43593
10443
13725
59757
93003
20984
77851
60754
48415
68027
36735
18793
93790
46611
51329
13922
32929
37234
31511
75199
85770
18216
17744
44930
57941
74585
70196
34727
59612
91037
25038
94773
15610
9048
25191
40129
47018
92195
44
82275
23660
7689
46497
26905
51379
75251
6847
67243
8056
39900
29656
65105
32960
39473
44559
17221
29733
89214
35828
24859
35200
52610
41994
5110
47059
37161
12511
89392
17698
18020
18610
10061
48907
9211
98008
65750
58101
50544
29881
17950
54688
52574
96834
4280
34118
64066
92995
65795
33718
54635
38572
78999
82088
40852
9875
51229
90605
56247
78470
2083
66320
44565
18867
413
46063
10791
69238
4145
31795
93058
54671
79329
12694
44427
90231
91857
64618
65790
44858
35706
56732
80574
37261
24693
89268
82547
8263
75035
49156
23534
21530
15251
37418
51154
14313
24356
5847
28679
59269
36775
29058
10470
19650
50634
33023
79157
93201
63680
50779
19175
95734
52641
63772
84302
85326
50266
53217
5994
24200
40074
85562
98678
33054
70049
86049
85169
51
11578
43993
36301
32416
39704
97742
31816
2529
30283
39122
99667
68787
52171
3805
9297
72478
29583
29230
64728
21419
25818
62938
27460
69141
32146
47919
75337
72162
56756
59116
82029
57569
73527
91221
57493
53127
76724
69411
34247
15740
33570
14242
50595
39809
23077
69222
67778
35666
10240
26628
37956
6112
27341
91090
32277
44974
13214
72449
52702
68162
47657
21811
73641
64811
60933
8390
95259
22982
48105
73262
74084
71844
79526
5861
89990
45908
42819
83125
32555
33987
2045
79047
47635
47238
62528
72734
69585
22708
19283
56804
68889
1259
77130
66542
26697
90058
75511
11512
40070
99525
18171
8309
1358
51208
83356
87559
89097
49583
75901
14819
42466
59264
86211
42594
45762
80644
62915
15191
34547
10310
14294
80029
96866
92396
22605
35768
24646
57301
88281
66572
78937
86590
65339
43953
75754
13063
37825
91349
294
1414
57916
19296
83761
70345
1480
50525
71655
16462
76222
71205
85217
9604
32152
41546
25093
58565
76932
94653
84642
28572
99530
73933
92406
20590
66587
51571
28884
89716
10966
2568
19002
32221
99204
85568
58151
23894
23877
27711
85997
95172
8993
12639
34538
87950
85432
15692
58975
63994
72122
42017
2305
5687
42488
38762
12478
86851
96035
37365
38315
24220
30040
99081
32046
99777
96331
97167
50190
32280
80469
64924
46759
23627
24597
17451
58881
19013
11608
66404
48957
54340
37370
8016
8961
45095
36773
31772
20739
87455
70112
61461
98404
90945
11547
80595
94989
89396
11590
42319
23150
7566
98628
9042
95811
71869
3369
40146
81490
21512
623
49194
95084
47110
66006
48116
68214
89627
55495
45464
6425
49368
83058
21926
7063
88306
70063
19670
10846
49160
32815
47954
89287
2504
66328
65652
17818
59160
61818
76490
96475
45911
40881
5530
91925
44872
47462
3653
28889
86643
59552
91975
77212
82706
79363
92869
2826
55423
43484
78110
75443
62545
14491
6867
36193
14406
60007
64403
12659
63776
53198
151
97205
7730
23603
91884
83405
27926
1638
69724
55983
93408
19205
61055
66382
94487
28833
6690
48693
67945
49719
81675
46073
96161
98889
18474
45700
87369
76693
9142
22748
60587
34211
32741
93367
91962
93799
8029
51051
40721
20676
19195
74070
10696
27391
52952
43201
68121
42461
14651
22674
89918
36443
65464
60318
52310
54803
35513
57184
53767
11227
84667
55469
30855
78918
69206
55242
15246
77895
17690
55911
25088
69501
89115
43393
42205
45959
87379
19465
59803
86940
13309
83568
40304
5682
87083
45023
28299
5142
50601
76163
37522
78834
69780
13650
59275
53175
60758
10186
54606
60767
11707
74263
14647
66700
20729
49954
56062
60532
78550
59357
33969
67069
3087
72439
81471
37951
75168
19991
9440
64082
56995
42146
82
36941
37539
50474
67280
21878
51470
47367
154
77812
13093
77993
95982
63464
98797
6634
52260
81792
28376
5360
51971
47521
77713
7781
34633
85556
57638
53655
76766
12447
5215
80805
75197
94942
86861
65509
80372
23791
61668
4739
6835
47428
43645
39817
58626
50840
59113
96744
22462
81754
37216
65028
13002
64727
81319
84085
39776
61239
20152
46422
23915
67421
65469
37642
64101
26838
65631
15830
461
47353
88844
29372
89880
9566
76573
74869
31746
5192
68782
26857
27812
34485
12586
87763
91869
1738
42380
23708
66691
81614
28870
44672
62685
70212
69786
73766
65713
39541
93887
7808
89826
24871
68461
83871
49609
63603
1377
67968
19770
62212
58654
17132
47190
90985
77452
82286
93292
24858
53377
53681
66962
75111
60176
42784
66224
84183
70555
52695
71897
6270
57195
83378
8579
18939
49652
71139
26310
83609
84163
64181
11434
28124
78967
60002
53444
32348
45789
45598
76860
8541
31492
85692
54222
10333
48337
25201
72510
2432
47216
90271
86038
9718
48330
68839
89189
454
69211
88347
44208
32618
35584
24735
43799
33595
4601
38058
17103
54721
96790
7757
16779
69096
22825
98253
19445
79308
42808
50268
52629
91432
29591
89723
34055
16184
76129
17214
6891
55615
31711
60885
90982
86754
31025
23794
8796
76900
86454
48270
2270
37120
87111
62395
17207
86746
24683
12302
88937
83467
321
97832
12280
45013
4721
33321
1148
93359
87646
75557
66601
18767
17931
86830
47656
16810
99531
33453
12377
6072
29926
51614
47401
57787
48456
85960
72384
90953
77955
73884
66954
33769
96096
62383
72435
17004
13803
78915
84357
16562
30414
17774
18711
45564
84901
65710
77494
46295
70438
55197
45935
99570
92384
60162
584
30840
33272
83988
96656
55086
30243
54524
54246
39876
58480
78030
40427
7838
43509
44593
29563
36251
25239
76078
9978
59382
92391
44022
7249
82390
34306
93218
97040
91438
48662
29427
55436
8763
91849
62646
62485
34977
86553
83992
67087
89775
2264
11711
90847
95568
46008
68293
88893
5116
70419
15670
9337
24352
38957
76235
55096
93704
87712
904
92322
11080
40671
84585
25428
27340
93001
91097
78350
8705
88836
35572
17508
95820
86348
36855
55275
23240
8530
23629
26523
44688
35284
58047
29376
40744
63246
10969
98187
77420
37824
83481
73292
55441
10472
27482
48152
69727
11690
99695
96043
6485
89702
49010
52181
83289
7922
77928
88519
25068
15221
53183
15381
33175
30430
50403
6223
95321
18569
86113
38634
70396
57450
42401
69811
31984
34209
98909
91153
5588
20404
93723
44716
91963
58390
44014
61315
53584
54771
98277
33232
31027
94618
75509
69027
17431
46931
63050
67299
2643
79074
98074
45686
97996
11679
67865
18921
63245
1842
67988
42053
41925
85273
32071
9702
1036
91961
16792
24380
11922
91230
60683
86604
52387
47864
42139
44726
61210
11286
70763
34395
39130
87590
1141
92110
79942
88402
74240
11568
97318
43332
99826
92758
12098
8524
18520
25732
28516
20811
35100
97794
79795
24629
87371
72993
15088
80303
49865
89197
15959
25755
42567
17479
60047
61291
31070
46386
21598
43727
83796
8923
8449
68235
76375
57635
31217
52204
73063
27022
38313
13406
20258
47349
93107
84996
86364
1019
97890
32171
78511
29113
51151
7344
43520
10843
5482
72979
25997
62690
12900
96673
67911
75735
90034
48075
77601
10709
7733
2137
30957
91473
70831
40433
36141
66867
23906
22996
284
97108
36032
13468
44241
99711
46328
59064
56541
97080
71422
28678
73264
51551
9511
70587
71452
60094
6749
17206
79693
78131
8612
35523
3568
27056
36085
15847
49440
28238
30548
2268
25354
82226
43248
99652
70579
64900
1337
2508
51905
7216
80940
14730
77252
47464
30361
42881
13941
62282
61934
50980
51066
32628
11667
41867
59074
3683
16970
71235
88943
96693
29915
79708
99697
80768
82667
14007
84932
63468
53115
52990
46984
30682
85357
2405
93016
80221
81002
46983
22853
99930
33149
18449
72572
26179
22698
84727
40653
34166
98117
14438
78190
76392
22203
68634
15932
1506
6860
3768
73440
30184
12067
10325
87598
42699
15155
65356
1560
35614
537
198
39026
42335
15394
1804
72500
36357
53295
99568
14673
37565
6730
19637
31608
8248
9164
66203
64856
44381
97352
55661
58332
98457
2567
28423
45872
90105
82296
85225
71471
69548
60654
68616
5564
86292
17540
53531
81563
96500
26539
67401
93435
3025
69315
54343
86785
9443
19394
18922
57308
64443
7059
5062
7466
56222
66678
1294
71705
41386
52019
14497
81811
62278
56140
21229
83324
12264
8847
83523
80524
89711
89513
94558
20430
17285
81941
1772
46740
4299
47231
29963
17280
39843
21296
86244
4350
76759
36326
58179
21839
17008
68624
64980
69192
68364
19121
13339
97941
14470
97618
23535
21858
61022
36812
46271
86370
52081
17247
52234
58898
30256
79756
2758
64352
73986
23974
65358
77938
58444
7660
65407
563
28775
96213
51016
79462
59422
86179
36306
63405
88223
95319
39129
2395
72385
18948
46091
39464
68282
46248
38166
84912
22784
77766
47130
31331
87657
84120
50836
61565
85038
90475
40579
57681
90181
73452
34468
13687
73661
52659
70122
74750
2557
45628
86747
50922
18489
78577
42519
56035
25910
97365
82013
29020
52093
33890
86616
95041
75717
55207
28984
59197
23819
73444
87673
29914
80928
47686
29243
17622
40104
75330
42192
79829
71491
20436
71412
64089
86453
82354
84799
34775
71199
17971
4593
75073
36358
21024
69274
35153
74453
16159
34625
49612
91029
6836
14831
80128
52895
37663
68292
25200
51807
19408
30006
4013
86957
28736
49620
98516
70853
30560
39135
14729
50360
89684
41044
64538
94811
46902
54678
66703
21425
44020
91800
37660
19508
25783
14603
95617
93191
46863
12653
58809
45538
19416
88127
16425
65607
65872
98223
16824
61570
51262
82652
89866
25866
57288
8197
49087
99005
55065
20573
16508
55210
35102
50245
80656
91950
6102
82866
85653
94102
30491
77954
81349
23058
