100000
58593
35967
53654
40749
39574
5280
30579
2316
88315
62576
83934
68429
14401
89295
42261
80259
24404
3172
96336
66753
51406
13633
27568
65649
73067
29759
60745
35389
86956
43612
14379
35080
92215
64880
82179
95569
11502
45411
3369
513
3984
49266
30036
74283
71298
32231
99438
50827
56945
19729
87785
24282
25763
30666
79544
15462
20752
49646
99722
70270
62906
31496
36253
73789
80956
32052
40316
67870
17691
50384
39099
65269
34575
74305
94069
95360
70216
18741
16242
99062
43745
273
92763
18785
7978
41376
49767
18822
46620
42006
79961
21367
99581
38360
2363
76078
70542
57452
61462
41212
40916
93222
81257
1311
64117
46181
88073
86401
47148
99862
96178
36240
6705
51290
56356
168
89476
19673
76620
91126
56213
56738
71322
40596
36384
9809
65920
34529
9107
11677
60354
2091
28160
15126
81205
1708
37820
50811
88704
36931
77018
94375
88025
65753
44247
66031
28491
62013
46464
98313
86955
71198
11750
62264
92781
29147
46014
32263
49788
77380
67414
85323
28736
10117
37235
96423
23669
33853
20445
29819
80872
22844
86651
6696
76778
87967
37294
92852
23780
73078
43837
87218
20070
28415
27577
99287
28554
3781
56384
14173
82545
72675
79969
79091
12514
15513
36897
40660
31900
91290
89649
83170
91908
63385
67315
69250
96208
52661
67454
52956
38994
39477
11367
87499
42274
21553
39863
25063
49062
72964
33483
88763
54748
64036
93765
86168
71862
13285
98760
79106
83319
88781
45912
23646
12253
32360
83160
79067
36157
84547
44203
95247
42570
44925
58480
57732
1693
44248
70536
85473
94950
13563
44145
68135
86355
74166
14812
68801
43008
61111
17470
71508
60196
42789
19037
24313
31998
56921
32497
19103
71389
5078
87655
35782
18948
7476
13231
39993
2811
40503
40184
99242
59971
66336
14354
55255
36095
94283
7596
6746
37330
72382
68605
97445
12744
68788
2214
6320
92200
69066
1065
51951
5630
38078
66154
26390
45931
62863
2606
41029
97442
62328
9948
38719
22488
36661
10674
73466
97378
46050
18523
46741
59392
3539
76529
33355
18179
57957
49404
98803
44202
67558
30332
37680
94166
17979
86885
87178
65368
12195
45219
54135
52422
22394
40699
13845
67987
36388
60550
19186
78165
74697
38304
7152
660
2396
44087
71467
18040
72118
32302
10848
32988
54340
395
69290
90629
6163
24881
7595
84689
68144
55593
58201
43059
12432
40543
18335
62513
78104
57069
6112
43524
37338
20200
43627
64041
43896
92560
29342
53886
66210
22164
42459
94840
12275
34563
4370
76639
80624
75937
19108
7639
49504
39782
59465
21076
99076
54339
76955
32680
82950
62982
27236
28932
88361
49843
31402
43886
1985
78381
55708
15415
20782
99128
45502
10919
62045
37676
65257
83163
2744
23705
89366
14507
48487
49097
77134
37317
60322
3439
8801
88457
93247
24885
6710
22816
46174
34555
65999
10304
75703
79713
38301
40918
81810
75433
99626
83029
924
59858
90546
69288
76275
92013
15395
7943
28485
52560
40550
27102
77567
53767
25123
54587
8232
30350
71392
62866
20192
3346
56501
67715
92298
35283
22678
27398
23020
58004
90330
44137
50930
89052
12380
66058
64375
31077
65990
24926
35757
83636
97501
47090
39348
53530
28281
34509
19982
46655
32455
64073
63896
6366
38653
32912
11107
66124
21472
27678
95734
88818
7207
79200
29570
1045
13131
64176
4417
81947
71137
14756
68088
55340
82040
19926
78390
68441
82347
10979
76669
75563
95437
80305
4531
4498
77064
74277
8004
40115
31845
38633
63125
13003
21058
99205
36973
42412
15264
59604
8506
7836
71361
35338
70193
16343
21242
55204
62627
16241
90112
89982
3026
27800
69021
13848
43804
54185
72857
48938
85095
37743
4190
3950
90113
99023
6152
88480
47606
99933
99377
76212
20958
41356
40679
31856
57250
65029
28473
31444
62140
56688
97599
59572
37543
27358
32700
3859
91304
73395
97159
66634
90047
12289
8219
30267
4251
23404
30342
61413
72607
75686
49818
47063
5898
41852
16218
27903
74742
42930
97761
35964
47146
84358
60875
82577
39410
13032
28436
28065
6205
333
10182
55445
4578
42164
75120
80493
42657
54458
70583
21101
59431
44600
98526
60640
63497
83465
38754
32825
90661
83332
74913
83047
89801
5947
51233
56459
95662
90077
77923
5038
96865
84131
7555
71802
65349
31281
43988
93176
44831
29972
41198
88801
47319
68366
64390
85621
71597
70781
12201
58281
41292
41750
20738
27371
48611
74328
70745
2619
5337
99591
86514
44849
32639
73291
66000
57434
76612
30727
72044
69004
65236
35642
65178
89969
92120
3230
7103
64234
32438
74214
66907
27817
32353
46506
35215
77217
32264
53360
17824
51590
30857
30529
35779
33484
36949
90660
11835
75207
13109
19510
31860
63620
46866
2764
48122
50317
92996
51237
45937
23585
37652
31654
45247
9778
19175
99985
98834
30895
94675
98946
49923
87161
2614
84585
24746
20477
72397
6883
19203
94421
52860
38556
12312
90980
56479
94326
16481
72793
33494
54681
22966
54191
32119
94073
35170
60617
31879
1768
17678
26869
20819
22314
62865
98762
47159
92850
96566
7666
41999
98995
3204
64365
12674
74932
65356
39020
76004
20710
39917
5366
90228
14605
14844
23617
5023
30549
75447
45359
80525
81538
34544
20250
32916
81286
49474
74733
83542
76832
59067
68852
39838
34918
14053
99070
39910
40296
84467
30701
65062
77392
65281
83995
51662
84257
20029
88363
73909
52979
40444
97106
17694
40188
70273
3689
22607
4695
91802
69365
71961
12347
79701
6549
33806
38222
31873
92422
94415
81012
62003
35357
91385
41261
59334
53860
79026
85618
93418
45945
86098
47105
62059
30341
96118
62428
90018
28652
93889
37145
35898
84829
97895
49233
22232
67502
50039
30363
77574
48602
55650
69513
43001
56719
31002
71556
34139
29327
25722
25566
13238
94519
6505
7610
14252
11852
16764
47176
88483
59778
8796
74290
65784
97804
57125
22390
22576
83178
94878
16149
57767
83884
84338
50074
4235
82523
48307
38859
10935
56746
33670
323
99113
72420
5986
16172
21021
63958
35965
82117
39318
89940
24878
13794
19491
72211
17623
94174
68478
99659
27877
95543
25469
41431
61288
41797
7574
87724
82387
88806
5011
90450
65198
67206
34737
23709
43884
51245
57845
919
39879
31484
49535
81940
38182
11171
61081
97460
96134
54577
63419
80268
65
9769
61488
16490
34165
10799
62634
95104
58691
54476
37584
70702
90682
75668
47351
47464
71812
22975
51488
15379
38984
49196
62965
9683
35750
69990
28702
49237
28769
99649
45352
5184
18858
15549
11799
30284
41636
76979
15725
85927
92687
69082
34017
53177
41237
80687
64337
62894
96222
77722
11262
6017
76695
56929
76982
55416
74049
52068
11491
30787
66501
56408
32255
9299
62130
56148
94227
77691
70243
20593
40243
85773
85991
86722
9359
36671
74843
78583
33617
16234
5275
36859
25810
10461
29705
94230
81091
44967
87578
46928
49147
87184
40857
47121
73567
67729
10824
42267
11832
87440
38867
81368
31959
43769
83108
14060
70110
22536
34695
39365
84506
59255
14524
84545
57287
62831
3305
63250
88403
57262
59326
95512
91090
75717
14588
70038
3668
24376
23602
37926
32990
45021
5347
69262
54461
90866
51815
35013
24365
23626
47383
22099
57500
35590
66523
91888
35448
47936
63716
30856
5236
46140
6380
63140
30209
94715
79245
26771
45563
17898
33272
61749
57686
89803
49082
70263
53703
56764
84413
27538
11387
62350
84920
73089
17054
69081
31522
40794
93523
59399
33924
33815
56965
55637
53208
50561
82075
90303
61552
16944
43075
19681
12389
18245
9427
29783
96950
17789
67881
3650
98696
62455
61389
86328
50265
32240
76590
49472
64770
70231
39360
83899
422
8434
92922
75912
97925
39575
61548
51904
56381
10358
39968
35017
1175
41642
90440
74898
88053
56171
69311
6394
22366
58125
75117
54803
69697
554
67188
26140
43168
17916
94766
73414
49285
60690
55164
7043
59176
31117
21337
1435
12315
82563
30737
78971
89980
9901
90197
52571
266
17873
25139
55308
82800
11336
38655
91557
14078
52400
4726
74625
93613
19587
21684
81312
11413
69854
76511
90998
22531
1246
68837
738
62277
24872
9685
83035
72794
24943
48914
41105
7120
50621
10457
8200
61664
55654
59779
12623
74437
46847
10990
48382
62139
49312
32391
33406
54487
72687
52689
66076
1180
62227
97219
4413
60549
52317
65707
8661
38962
83816
6090
56102
21469
85108
9799
96149
42501
65259
2840
45699
53779
50976
66672
9500
81438
97696
43701
16565
64734
48808
58912
58833
31290
52058
76336
34089
29010
45939
56787
12026
31782
1113
65427
6771
53540
88448
11124
98611
84208
37749
13175
67682
88957
99419
3254
71755
98671
77423
61201
27553
13699
45243
25891
25902
22622
40232
86133
93901
83118
58185
31960
29258
55304
26799
97798
33965
72245
29238
80888
31772
24236
22468
56354
88255
56806
16749
94425
19845
30991
94397
65810
19292
59914
39120
79953
70336
85922
80709
62112
206
74425
66588
18861
11572
44133
24042
31884
54552
82708
38391
23879
69596
2580
59358
15191
56034
543
10328
35332
16585
51946
58597
46729
58752
79899
17294
83483
4777
23808
99492
97994
82413
87373
6915
49065
93175
53677
11118
66838
74396
22238
61299
19248
74591
91820
46700
62537
88791
16862
31374
5695
22648
16906
24183
67600
97490
3354
22364
37783
58357
11887
24043
15180
27731
26565
93096
43061
85053
65671
56362
18584
24935
22723
47685
83553
98577
73173
8513
2502
69790
29893
8463
82182
66262
75
89339
46799
15281
23563
35633
33431
55231
53012
32599
7390
22102
23268
6062
47970
3263
20828
73134
26374
6647
48603
65160
69408
19740
46894
63378
37185
25286
50192
26152
30475
23755
15889
53560
49964
86145
86292
27435
30325
57437
76416
92737
76835
23036
73169
46640
40517
47962
67668
28401
4593
21249
65892
52589
92252
61708
89253
60082
49682
29307
14935
36962
141
25676
14245
97643
21338
50146
34773
80332
28662
65228
4599
83133
50108
55711
87104
22160
72586
17885
33187
70189
30874
42308
70463
25541
50024
3556
49296
10191
80793
68225
7764
30438
98086
32478
54018
55303
88804
76890
27461
27183
33644
94671
14293
92481
36692
28158
76637
24253
7896
61941
40778
83376
57085
61705
30096
78059
60594
40394
35228
20326
66008
9424
43311
36343
60406
30889
62666
48364
96099
21622
39920
19343
35418
51101
21601
1911
26324
91602
82338
271
3957
74275
32558
14609
40210
39326
73867
45718
24178
36160
2702
12773
19689
36594
33210
7667
29109
42009
77270
80236
72991
71784
88452
20905
54841
89018
10056
71772
50898
70062
49566
11982
85673
32019
96590
41280
7199
95278
43807
44272
3160
90628
39124
32656
37961
49626
28349
9931
20545
21154
2198
71661
95165
80778
98176
16419
84352
27439
36566
21219
10348
48435
25712
78440
48258
77555
35988
33317
86985
70873
82982
6142
72790
71786
22693
95368
43097
86809
81033
74680
28198
98896
28900
85629
64410
17582
1953
50912
11636
38622
74776
85445
93195
77793
40091
76880
1446
32865
67961
32081
15232
8085
66650
869
28590
66613
30134
86356
67543
50758
94206
76165
84226
15716
40202
69639
33149
33369
23192
58650
70142
44267
29205
24181
42634
44540
29890
15875
26925
41858
56638
36826
41374
75682
61811
89748
12737
15631
93883
86096
71729
53943
73626
55535
7426
99044
94535
97622
75945
33821
77929
8083
29994
49517
59913
32539
7161
8078
11501
5185
29790
94723
20317
19035
39797
53508
13100
37904
5800
53722
49173
28651
82815
5484
98377
61863
31766
11798
90212
20530
22917
93351
89937
89974
37063
53214
98982
62395
71103
43421
98016
80821
30520
50671
87008
52644
33631
79465
58232
64111
23464
58435
59763
38102
54950
53750
43370
30960
255
43494
74935
49783
82006
46348
57746
33502
63001
39198
77493
26155
8486
57380
53947
53624
35305
16437
16363
36228
86430
27526
88394
88623
20115
67294
69255
37653
34396
84516
6840
22032
89425
64291
84238
1493
48481
25155
60974
31307
26707
65165
59243
87322
61889
78101
7976
37514
77682
60072
75867
10705
99133
87028
6199
87371
17233
82573
67318
31832
38433
18242
78179
35723
22996
36439
17960
4961
27441
54176
4549
69571
41490
71795
29216
62208
33918
25528
87970
24698
7840
41389
42521
32105
11590
8740
68161
26285
24933
67864
78476
47910
91638
74753
63199
93710
33769
12262
39794
30837
81037
50764
11032
98368
82226
79292
23313
65791
49573
93162
60936
23805
47868
23702
53461
50145
96051
11703
79443
97073
75877
39848
64348
46525
66191
63356
40932
97080
48493
25723
43452
8137
4072
90703
68202
96097
24611
34352
61223
81616
54306
16208
68238
7960
41153
10224
450
4064
14653
82322
76329
6798
87803
81783
25602
10235
92807
81419
52000
76582
67373
5671
20803
59836
96858
69414
47835
80246
97523
61470
57605
42757
98262
26091
79410
71959
98504
79138
4784
47184
14255
74946
92161
37846
94215
71406
60489
54889
13404
19914
68318
66152
7719
32110
24037
51721
36659
77280
86930
79678
29949
20173
49297
94681
6984
88598
39414
65030
59601
6098
65396
30735
92695
86677
61186
92381
98792
69126
91498
91780
95564
6833
54004
18148
56200
98096
16956
78904
42759
13663
83938
78790
57128
4216
80655
42145
34744
82541
92217
33600
75935
97256
60247
29343
24052
21859
14500
95405
22441
70075
58321
86026
11346
53354
3566
88945
53776
17717
28635
30984
5636
48479
73441
86276
24938
21738
65878
3233
87331
68821
51633
81010
43216
60605
2647
76827
20943
46482
54742
1628
63009
54250
12718
29509
33174
14679
87845
8824
86784
92509
29997
6988
44179
87013
71219
73885
80842
59364
27606
97020
30349
921
42965
88429
38974
57171
82890
91241
70921
13325
48596
71111
42380
95427
24430
784
17463
26258
33321
53439
67531
20911
97015
11996
60122
72145
21883
26777
99974
99509
66629
33734
20894
34533
559
56546
82750
78782
47691
53699
92272
58726
91453
59369
19569
94112
58398
28599
57399
25937
46508
42140
28026
82961
88261
97081
44574
4527
7642
51169
2015
75265
14960
35496
17411
97582
50471
36092
31909
24936
81196
52730
96354
63059
69973
60163
60375
66125
53765
83051
46236
16291
19367
3454
71489
36731
31014
83491
40926
56236
39129
66518
19810
56198
606
10493
56992
71021
1053
71897
87487
29364
71711
45246
1027
75741
20780
16263
48906
31819
87559
78420
47327
34319
79558
29400
52052
82384
44483
11176
98356
2201
38767
59934
62517
90048
86696
89967
44536
6134
16793
73003
50695
85298
97433
16496
10921
16317
45271
76276
57042
45533
61875
44587
20672
84972
28207
48894
38755
90039
26493
39845
36759
48285
41264
83445
52370
17365
48283
44542
20998
73536
21407
31218
82470
35792
26898
98732
82098
39960
92328
65474
1939
8396
78873
25857
82357
99064
36769
23684
56257
83147
31291
49624
70106
83492
4874
87278
66220
12845
19585
9347
19336
14563
40770
74908
55694
11238
39619
65812
15688
61164
86582
92075
7977
20242
33217
19868
81435
17814
31130
91368
11918
39926
81877
20695
4019
59824
20533
40430
9065
4373
24473
20122
42426
56389
36867
13649
78376
2605
75907
91847
50908
81803
66033
76950
33395
7317
89669
82988
27467
92489
92362
50154
64702
83947
68831
15238
38959
56277
8957
13140
75439
44497
83547
15035
68490
78554
14257
18616
90278
86676
79979
24339
38657
52604
53742
78756
54970
39474
87698
21653
45422
59518
58683
12522
97712
60822
73045
8952
69946
97887
91699
59996
88535
73919
42096
53709
71162
14513
66806
34106
1944
79935
34310
99254
35301
95831
3399
23217
4993
40746
94801
14
47456
30931
40642
79933
81888
378
89012
14551
15003
49032
27779
82684
51777
66120
49456
62903
95111
33510
88533
58290
58170
42619
40059
68477
53377
28646
41832
67142
72892
66184
38313
22414
12593
79557
10320
93937
43674
74401
60044
93698
23019
830
36652
74324
73027
34224
58259
43820
24057
83518
16824
28502
30213
86558
84321
77434
97975
89085
60968
21094
32730
7125
25607
54372
30534
38804
16203
43649
34484
63829
4160
30650
4391
14979
48961
87244
34359
49499
77610
16004
55571
78486
55104
87682
87144
61078
79668
12685
31376
33240
95797
98223
42453
69226
79199
31085
89304
53692
81152
36472
65274
14486
50246
22586
98788
18810
52176
16020
60840
40267
30054
82572
86834
15224
91783
7930
48432
4178
8471
78226
9903
76293
37536
4550
62382
80522
94260
1402
4187
14233
57714
42638
62508
81991
77966
29023
70559
47226
8065
54082
63248
87090
43842
87088
21703
16293
90717
71840
33417
1810
76166
38601
93763
84861
80108
20006
95274
22684
23540
24343
54303
9227
65531
20158
52615
38990
64003
79692
14046
50389
13818
67778
38575
17761
4595
72949
29582
9961
78791
23316
28154
85396
15109
17197
98186
57260
51963
22167
37771
28963
425
68556
84870
74897
18585
13284
25080
74155
94689
33870
94187
13115
89210
94549
67687
32073
97299
64673
45186
66786
55320
54112
45589
73494
54767
63908
17777
15138
20897
69159
18740
14724
78378
8163
55516
5021
19702
42683
62010
74032
55076
30635
30723
79381
16583
51024
65289
58394
54866
6891
80146
9408
40942
82752
66187
77713
89797
65673
39654
69345
95892
37100
36972
63108
28970
82246
40445
70295
61037
26849
46046
69241
80205
83433
95643
58662
60388
45567
91831
25564
18669
21628
68973
55670
73213
85564
58951
21266
87856
33399
89443
84937
95353
84973
34490
36971
53250
55453
46375
2047
27113
40509
74784
36932
63110
67804
61556
78816
29047
15386
4562
20499
71325
18841
91268
52024
96723
50410
13787
97313
29401
3009
88291
83084
55907
95210
80406
57350
95536
40150
40868
71104
79232
18826
82835
71931
20583
83705
55345
68598
8014
32770
56822
57432
9380
10122
38989
47976
13429
60270
36398
97448
92260
47286
30425
26921
18293
89834
58552
91042
39914
98260
45117
29097
92388
70408
34680
55656
25859
3086
44456
37919
8780
35668
39078
6811
88576
51476
97061
41514
50177
91367
6037
24200
20620
6904
70508
71947
64827
32017
84194
27809
31266
99793
71447
34782
60607
12631
2367
1378
75061
87332
67528
15226
16289
2377
70299
45434
85938
92051
1353
6894
19737
74078
25831
14483
68203
72945
99231
96952
49137
1757
28904
49645
10228
72633
34320
53944
78984
1283
73229
75972
96132
40578
34256
70930
26043
16163
8411
62695
84890
1664
52975
97488
17984
33676
12958
77895
22645
52570
63223
69942
14686
68479
5443
81585
14760
16763
12276
96348
67589
31650
51188
68667
88691
84962
10614
24173
89089
22841
85366
74585
71584
78857
52605
10538
93521
29721
5969
90549
96531
42645
62574
48769
30069
6135
96181
19834
32220
31532
32236
71555
12209
46207
50776
58547
70144
91981
4038
88506
60389
25911
97407
9430
92131
65703
3638
83046
49465
54726
19217
50293
98499
83896
28589
36762
4301
47586
68726
26987
68866
90735
93365
8622
71900
29375
13978
93309
11939
547
64665
53840
46108
46886
20256
35847
85254
25671
13960
2841
26364
46466
83016
7720
80496
25771
8524
62146
57164
28347
99083
76817
57761
94182
58090
70720
30595
19838
81574
14137
48332
98616
77256
95417
37892
18639
28322
70509
83220
44696
87606
97970
40851
44434
74161
33459
52520
66401
54843
88097
24128
95390
97104
58295
65840
40271
18704
52089
59783
14751
17153
9060
98820
95018
55873
8488
86001
34913
40435
48143
84086
93011
62309
40205
50970
92036
31473
2704
20059
84921
65275
34694
50946
71631
24691
23278
71408
89665
19091
91895
63446
46350
16275
41953
15504
43426
34220
5035
2526
76294
97278
19360
26425
15764
16407
46661
76946
57005
42538
99767
77774
98857
49600
31836
10208
38498
45221
14254
59502
13602
73002
45055
41887
20045
93325
80922
89841
78313
15021
21987
87654
69305
8693
61493
79530
92636
70548
71922
66270
88245
60849
68185
59637
87817
77858
30474
92667
38445
29492
53563
83498
47893
22724
94626
23865
90793
14917
39750
7577
17825
99743
69809
8094
29430
62783
95580
16355
23158
75325
90258
50000
99418
99790
53514
55479
9542
67245
30959
62750
61208
14537
77920
17482
28359
7888
60426
73512
60279
34229
81156
68744
27804
73238
35866
19876
37610
29022
40396
80670
80567
13980
421
73587
19506
2234
24601
58727
85306
3264
65454
63526
83003
48590
4519
45841
51855
25853
83272
62612
85142
53549
97024
69402
88461
53608
32163
15569
66586
59473
52322
27116
46492
37748
80387
52550
97937
54394
54965
51400
32947
64531
54357
36320
92027
68575
44271
36374
33562
99388
12123
49875
63642
53594
76351
61435
57913
36670
15448
67913
21106
79072
69363
76824
47452
74732
15270
19225
41698
20666
59936
18376
1879
10681
70785
58820
69438
92167
29575
61495
95761
64090
53233
70098
18977
4082
10751
58344
52090
19758
3597
2143
97440
79660
37745
62071
11535
31206
7210
94634
17778
58316
42044
36028
70013
92287
53486
28184
43140
30524
91594
51355
87658
52738
23530
10593
52336
675
40784
64754
13617
65845
58698
2965
26557
24071
48610
57606
45767
73288
9944
38221
30473
31515
50008
46269
8044
11237
90055
87207
89732
24328
91142
32746
68299
88380
90832
98013
95123
5124
5978
4401
77228
36087
8271
60222
40529
2082
4303
94532
6935
39947
10577
22090
55395
35355
52516
71019
36452
36495
7792
88796
90665
55987
33048
88109
67015
34225
64126
90931
74221
18493
98421
83125
83474
67842
53550
8882
24905
65596
68537
38417
38913
70767
72348
4869
23994
7344
26445
25082
44371
77051
78882
34699
87674
56335
96137
47455
85604
1025
6588
70836
9515
14375
99709
24206
30353
96361
46921
73349
8386
92604
1710
10273
92872
2630
95628
99349
56813
80340
45796
16121
58084
69031
97891
16908
99216
49644
59444
93164
70138
27523
98099
94458
73237
2751
99298
76316
46916
51207
27794
64890
57801
91595
34232
20698
78589
64767
53941
20686
91183
67431
17584
19118
91733
17436
17352
48969
73748
32337
30093
48468
64745
19579
71725
7854
46880
49870
29969
7974
12229
66774
27479
81927
10811
37964
46256
50330
44058
29057
36705
26654
51953
37211
48844
58956
88602
98227
58340
19512
38835
6003
73819
97031
25677
51751
48328
32546
36700
35569
23394
13375
7233
69680
47922
7800
45416
51729
94196
67184
48726
39647
37547
57391
38135
95653
16861
74537
20151
46974
59788
96282
19682
76483
96166
55972
6658
16286
98538
96342
36380
51330
27747
37814
96127
28699
72062
41669
76327
78974
69776
64841
61091
84533
8867
27522
42287
43719
66829
89890
72362
19790
87384
80453
98779
9516
72119
66388
41882
35611
64836
5335
25521
95720
46007
3050
23846
25086
31896
90179
6358
50201
54005
67389
30238
75551
77767
11804
26859
21806
12321
76872
16294
39289
94158
91248
72521
51572
40220
9985
96068
40792
71517
76537
69443
73676
41318
72796
81724
70659
88797
68151
96306
53814
82513
35712
88646
87315
33932
75895
81835
67149
32359
22526
45366
11680
74672
57824
4543
58694
61024
53621
40971
21272
44018
32349
28987
47607
95898
73507
59337
8744
8482
59727
63806
65622
5930
17226
15081
23056
81737
1960
75681
57798
67469
72375
79146
81119
61178
49632
16754
80837
88482
54292
86786
60768
96045
8991
93220
23733
52572
98154
56110
69569
85194
71088
11828
46399
51880
3848
58536
58393
57190
57722
90606
37248
98917
36509
42553
54727
2950
28665
27855
51424
59339
8259
95453
60432
27271
45286
20505
41874
87354
21538
32755
19935
41637
86182
94806
97390
71889
30982
74207
46096
32341
76958
50761
25827
52671
58487
49421
40414
74229
12569
6587
99441
14138
21436
30699
87389
2933
22778
91696
97698
11287
69538
40545
39564
1525
98588
91651
66357
95145
30318
56141
13460
18328
80657
82828
8323
26619
65046
46247
72721
66740
46834
26211
29414
78475
26553
93363
76664
40355
28324
1654
42296
8152
23315
90026
84980
45241
23893
13
48064
11541
96017
1381
19010
8970
32939
97784
22286
63649
55403
87449
90127
33410
11018
762
7550
33170
94697
89151
47904
72220
61549
778
38828
299
77036
5950
34415
52132
24224
55380
5407
13286
14502
18922
66739
80938
75993
61796
67252
87515
92476
75045
75733
47603
25156
35828
33844
66674
36047
76211
73539
36774
50381
96518
2672
61748
64879
4393
53155
78917
23925
45309
79735
23939
85647
56486
76500
79551
90642
58369
90897
90818
89798
95146
69743
93739
24215
99309
28419
81798
91179
19448
32266
9591
25830
82356
78237
49081
68440
92544
16796
73347
71452
10171
18656
96845
89076
82203
39970
7423
7446
70278
82278
40120
64040
6980
19301
25488
16732
59585
12339
5485
49046
10445
74210
82149
96169
4718
96286
3413
75950
8712
72904
70794
80179
31610
98303
51347
87544
17988
95977
98650
10849
27865
17186
3131
88834
5981
83403
86610
17483
22603
63715
39698
55145
48385
72458
71796
23961
30089
87031
37157
90161
59577
62905
15682
91694
11671
90518
95507
10729
56604
97417
43090
18249
35472
26673
84264
33744
688
35505
95612
73953
48943
11243
71294
89470
12879
31204
61922
66625
83996
48155
67691
10021
61931
12597
12729
16184
53225
79268
95319
52805
10763
15772
2784
75211
73917
12887
59277
25378
86857
22266
83059
62301
57813
6806
43859
83136
14111
26496
42872
54679
34818
25397
23783
78569
36187
42686
1218
52752
63612
35407
30080
19978
4746
63070
47999
84005
10531
48862
77561
94602
34380
68460
75959
10379
66880
8118
60430
67773
21871
3358
40180
55865
38181
74546
87532
88896
4287
65802
61498
10516
67917
62497
51591
42855
38901
15098
85062
98991
31962
63643
8719
61234
64674
86642
41287
67782
39458
1887
33739
63194
65276
79020
64264
11943
62521
69186
24960
60421
98627
37601
74777
21572
14790
39929
67305
90402
9315
14071
75792
41341
63625
48989
49541
90913
35833
68790
37036
2084
30956
7772
11170
91078
31636
96252
80803
26269
22809
23444
84178
92313
72544
54239
54557
13574
81993
48137
13046
48084
79627
4267
88186
20185
27011
60428
46151
75927
1921
79736
75322
61671
42572
11432
27374
72798
45821
39115
14846
5634
81187
37989
69018
38489
26077
45439
24225
41794
50760
43127
32842
42901
20605
25692
60728
92243
64356
45027
47848
35300
45339
59887
25025
47257
9686
68851
19592
7351
66663
51610
64958
80422
87335
52885
11150
69403
33385
83840
73371
68230
48995
20406
17334
4018
5214
41957
73268
12128
81163
48957
88026
90146
46462
28982
98742
18624
99846
30354
39150
82549
98494
68081
89206
65209
40380
28820
43087
8097
28621
42684
36788
27580
24741
38866
19427
45893
78560
58047
57145
37102
13408
29324
22986
29411
82264
11986
21504
61878
44739
44707
1355
61354
22799
21357
45390
71522
39875
58012
62749
89689
74226
40096
93906
68917
25190
37408
23243
78208
21718
70345
74265
31234
14705
88342
91186
71667
41708
89688
69320
18664
84802
77055
22804
15603
16369
84059
86659
37041
24851
65897
12815
82841
45467
4791
11771
58791
26436
66078
29567
23455
16235
94743
97620
35879
99158
24785
9862
42086
2652
51536
27711
35307
86269
27558
70687
37479
50426
69314
98008
38880
77671
16048
39123
89140
31641
56645
35619
30618
22879
49079
95695
65752
47666
66736
44627
99521
50744
52616
77410
37455
54401
51977
68344
77222
68833
94915
69156
49216
86752
65654
56261
27722
71511
3397
83868
82650
10512
49150
99741
24087
5620
14188
26574
20104
60521
11972
64066
31604
24958
97541
91012
24050
47139
4735
43204
81282
42744
54813
90533
2936
43218
24238
16587
61810
52729
3022
75734
43175
92515
69590
78523
24626
54516
74200
63880
45147
85033
77629
16402
81763
71754
53511
6942
18270
59186
78767
91041
52467
98906
10591
75477
98581
77335
71158
6312
36026
91084
5612
34527
32650
55686
68052
70081
87294
81191
36783
80143
19997
17134
98208
55024
11699
42979
66539
48082
51804
52188
12
9241
9454
30970
68547
8480
58961
52386
57208
37835
22120
44829
6349
22434
43298
5530
99412
88494
44717
68030
36365
4985
3544
81209
9602
65934
19271
72627
805
78043
36088
26745
69736
76292
67487
96337
63924
29543
52137
13183
155
10902
96832
89962
74474
33852
19078
44339
97
66970
23030
37203
73707
8782
75064
61618
50101
16506
23081
31697
58335
89057
99575
80769
60975
76547
84453
61856
15878
80425
81035
57491
11519
59139
12648
85248
67921
92038
67311
21618
61579
67135
142
1348
12961
46388
11763
30302
4862
32461
84945
61334
12098
2991
88959
46616
73958
53976
30124
2276
60808
6277
87666
75833
52433
6215
15104
26042
38316
59152
90131
7448
42535
97232
95450
87761
46279
94973
32249
458
68289
80447
8752
10604
33711
4174
43260
14433
51524
23381
67640
2807
34710
87187
4625
99043
2209
77278
3059
20177
84211
96769
14708
19049
92968
33439
38465
34003
74517
57914
76305
42217
77720
44789
2411
69947
98842
81681
6046
96749
74092
86811
42850
62070
14913
71552
18159
23139
78067
82286
63041
27129
63236
62380
51546
4772
71918
8064
51940
98714
29166
43888
26404
11155
31767
45984
42599
78479
61573
64270
55980
3656
55818
56856
24084
61777
85353
54044
94203
617
7256
28978
21917
40292
41841
34409
18831
11478
23042
74830
88946
36319
46776
12160
62852
44503
4343
51753
21150
71595
54814
54230
65662
65866
5870
45899
99999
20340
44160
11110
43263
67304
73309
12975
76256
19925
85654
15410
88425
94607
61995
58739
32562
98514
72034
40719
51566
30722
57738
68870
62952
2263
75203
22937
8033
16206
20384
28629
39000
86337
81130
33708
63418
19466
37412
24803
87027
32841
7847
32364
52385
10338
95850
98570
39193
50889
50641
6823
35292
77049
72749
16309
43437
9664
2869
69518
93097
37836
20716
57641
3538
30845
90687
54873
68106
70292
8537
42326
52246
62933
16559
17523
7806
27948
32045
56001
8614
88816
92988
77501
80008
5537
91675
439
24656
26932
58088
74930
50331
38939
90613
6166
83270
86557
85290
7714
78112
68742
35862
17079
12234
91270
89674
16359
79201
72816
37847
16996
772
7221
48884
54902
86886
16702
23607
3085
27966
31449
55093
7742
52304
62002
79095
27646
81869
39224
51482
51288
28844
564
90874
77274
92109
20786
52438
42394
28433
75773
39453
39754
70823
7688
31854
2964
90310
71822
55220
6759
71143
69078
87727
95184
12911
83291
17478
73973
3853
79895
66134
14834
75546
46044
64948
60144
58653
16195
68948
33983
35809
67666
20776
35522
24078
60484
72281
40937
24062
32779
64807
11673
87224
69795
2646
95884
74167
84040
25234
19954
76736
1061
40001
76093
79782
39104
8982
16999
38565
62121
52200
25147
13121
54337
58685
5677
46710
43359
45974
54053
35377
56209
18269
82478
59552
22080
50282
6021
65481
39235
18701
51253
55634
22372
13145
26554
76478
14671
70535
22639
96139
19490
13433
54728
23812
95693
43010
47029
48778
95829
20310
17058
85730
26864
15670
36405
24421
86889
23324
32319
9150
8627
71873
65805
19742
4609
91095
37114
59310
48779
20141
52874
37888
44387
17591
29330
16772
73747
14532
71647
72189
73660
99268
97927
1270
42962
91058
92671
17655
40997
2598
46979
39195
75661
15174
78697
44255
67381
39563
90607
35873
89671
29497
77925
33428
57621
9489
36034
75600
47201
11518
43609
92032
71465
16977
85945
97667
91572
84879
40645
36755
64942
12067
82602
5096
77689
75080
81636
9099
31358
65213
81083
43385
73742
5015
7013
86520
9188
69542
83315
89799
79849
51690
59588
16328
69926
33163
48952
73541
46434
35315
56512
82868
90320
10071
65115
21060
33554
6492
68947
43287
66393
13955
64903
71837
30825
19233
2610
78089
29269
68253
25019
45784
53327
15277
98784
20513
34867
55917
24235
96670
28101
83713
8525
35758
51682
97512
34157
77878
50133
61967
66530
80341
40704
25930
84754
89451
1150
32320
69530
37142
30118
8935
29262
35981
68143
52513
13557
7980
27240
96287
85785
39447
93225
79472
17815
60172
26494
7164
74928
1512
13499
11240
99646
11692
24642
43185
19664
15114
19255
81875
89403
6678
39044
71629
78361
61377
71775
6292
73893
18845
14434
3826
83785
84215
6630
86061
60627
31024
16623
45522
77884
37801
39591
69190
47568
62776
33773
75214
7501
93510
8258
68869
88205
25242
52607
18874
1098
41837
77881
56528
92426
22460
85251
22334
32568
21427
97760
34480
40948
30847
93651
65832
5160
81145
13600
10428
68096
75188
83782
70401
52864
16026
18762
69147
77802
63923
60876
29179
85802
55508
16148
96501
28366
5605
58253
26098
56918
39395
474
91468
84270
67717
86773
38376
66131
15506
89330
74780
3479
16984
67470
72865
41521
46706
13793
79927
70599
31060
5998
94556
15756
63038
21062
67792
97796
54161
325
86987
24628
97340
14182
96833
61942
35213
29823
1257
48519
1329
78286
89572
30567
60034
1633
92654
49787
13317
92865
10378
1167
30489
51335
8182
630
28718
32195
6087
30483
51313
67035
61649
38499
90192
3972
54917
53942
67549
2066
56
28384
35224
18334
88123
97179
34992
13777
69216
16182
4557
47726
32176
87951
53628
62053
88621
68731
39542
43861
35467
88134
47423
8660
85628
34776
28252
93614
97047
34812
28049
64913
45976
58681
68391
62488
4306
18777
19843
53901
1754
27105
31035
15855
53004
73293
3417
94200
7167
32489
44602
41696
27346
55229
61339
98657
54249
2453
26929
31445
98543
224
76525
25256
94805
7326
65688
38803
33921
55816
55957
99124
3010
60583
16734
10772
12527
39776
30303
5504
29482
46381
27315
18259
88888
27740
8967
96690
47338
22758
21758
34602
68273
45175
13659
48125
16955
62048
59241
66148
62711
79900
74977
67672
37150
74543
56934
93754
34094
84646
44452
66972
18661
1943
57000
95531
74027
82362
66954
89440
88321
6275
60012
21757
37064
79202
84222
41863
10528
78419
82331
9567
76354
38003
96343
99006
42207
6461
4491
6045
17259
72708
88322
33587
30119
62233
87025
8902
22128
3740
3056
55789
61884
62771
56874
42687
19036
35130
86416
4493
94611
72631
12663
32324
58987
40006
33144
97910
79990
95487
78161
64731
43766
1203
75392
43273
29545
85036
26358
95251
65237
28682
8028
63783
2994
15017
29551
11083
17759
52906
79240
3716
36910
94462
25465
95208
44638
17559
26075
24015
3224
34073
93610
24064
73959
73706
12103
56421
1013
97166
70370
67386
64406
61302
97735
21115
7200
57140
15974
36551
67435
20444
35794
15032
67813
85465
25630
59948
48988
37773
84787
80168
8869
44150
94776
78143
33699
83834
97208
4330
63504
83124
1832
16467
22342
29912
40065
88547
60393
72286
24590
25074
71750
17683
66984
41214
34530
44001
72578
5231
58356
985
70842
79824
83314
56580
2077
28323
72272
46907
3800
84556
93742
21557
69730
64495
53277
53836
65716
33458
98873
41369
9057
65933
53457
43635
13143
91549
44833
43891
23987
56306
6635
85367
50107
69930
1534
79562
82941
57201
55574
23195
6697
27130
72369
49469
24293
92314
84745
27090
24443
9336
39254
48139
30262
43083
60280
18079
69830
85679
35238
61420
4508
77993
98103
40515
31409
94178
24118
77698
60152
13766
12363
58657
75609
83103
24527
282
19305
8162
38762
25386
9402
78631
33936
15091
74666
91678
20159
10356
41773
85933
15308
49405
31065
10953
90914
36424
82231
99223
61674
59825
52082
34204
5175
75174
27863
65946
93039
65851
36514
71633
750
61073
58121
6686
99067
6190
66658
84512
56659
52348
35524
38718
48999
22485
34093
63492
52003
37044
85820
16797
34487
71076
9871
12071
93807
49220
30632
84894
73609
11873
58478
90024
46019
65869
96691
31180
72691
79206
96126
76480
74799
54492
80077
83036
32454
42625
18261
44527
24627
88817
14348
23446
47391
26145
43707
32699
30405
88117
45908
21059
38180
32624
70454
20106
8216
18575
1667
89013
99094
42581
96738
56680
24403
34356
2893
10206
64220
13129
69029
16888
55663
51936
44037
52582
60722
52647
23707
22320
17467
41365
41624
77199
22916
29895
28031
86070
25394
62110
78548
79285
37985
14567
46543
10884
54596
42467
87141
45284
5959
71046
50488
69128
91582
47136
83379
62514
56448
41005
38729
27242
87633
43871
88905
976
70766
8569
62286
50723
51854
21415
355
12233
66857
52812
40377
47543
95593
35110
20971
77660
78956
36321
95611
27497
85172
76353
90351
68524
41427
87401
5914
14542
84439
92311
58118
79250
3144
71884
68098
82826
61092
73234
34611
91992
80541
75659
74683
73612
44373
23299
50654
2943
27008
68979
58656
88305
66608
63387
6855
89957
28744
75409
67551
40852
8641
26570
49748
14454
32814
52544
89376
95763
21889
41700
17743
15044
478
50073
21306
99423
12955
69622
12318
41467
84417
24861
67907
35029
90392
11064
93249
69771
93833
89767
6100
24595
82192
67660
72222
97286
65258
84391
82193
18115
78350
2134
44486
44664
80786
85659
5359
22208
82787
64434
87835
39427
28810
91489
14910
89155
60483
51510
83759
60879
97152
86922
58146
85494
54474
29678
91329
57305
31038
98102
38738
44050
55180
35061
55208
59300
62636
86386
61035
5429
40310
18558
42070
98773
24494
62397
89264
87435
95306
30263
70277
20662
36346
55659
57286
36085
55527
81302
99115
36795
2857
10790
14241
91917
60377
14450
62362
56630
70302
32760
72191
50485
56937
51270
93820
22596
98744
95190
1222
54928
72233
43307
35818
81747
44229
40513
46612
8252
51058
93027
32621
47934
73833
51780
45010
6924
52763
40468
74515
79781
95577
25228
75840
47866
11039
7284
64510
1643
4224
62777
3055
31413
19785
9294
5757
51453
46734
32111
46919
27689
7049
96430
64163
48110
73657
64193
86293
53518
33637
16860
9272
66584
88980
73278
66194
85606
23772
51950
82237
84240
9023
84906
27929
82576
62163
34054
4167
65061
70668
38965
87210
70178
63619
91532
98032
37
80006
35090
51458
63203
53194
23422
48781
69444
59344
14174
48098
4698
67397
12954
31745
1532
97566
72266
50991
15568
70903
20598
87626
23722
55530
60108
66751
58349
40524
15744
83354
56677
46186
59307
87077
95997
55163
56980
24823
83644
16118
65044
74012
25574
80374
25694
43693
87136
90265
29523
95233
4182
35368
46958
75216
71536
56908
46107
6072
64352
30977
71236
72907
11507
62938
48441
96580
40670
84121
89686
25186
38369
34039
17859
31080
82634
59606
12452
59202
20107
70905
7817
98845
12225
7961
26120
28876
75694
31844
60211
64750
52114
85044
35240
72148
82949
45042
53710
50139
13500
4876
72277
48203
88398
31111
61824
78662
85984
76450
70080
13027
57654
33770
15840
10309
53345
37932
48798
66635
85577
31211
96148
23389
55439
52917
95350
75330
62927
43824
44116
62908
55719
15275
99061
29358
39872
30516
31966
91
38166
59267
34697
65650
92245
25948
9252
74434
92661
41116
88281
96371
64874
39156
94795
93293
64868
31131
71246
98591
36324
37350
46704
49589
4673
382
42473
53350
67424
94380
44325
66073
20220
46187
3704
49235
91275
60959
13538
18811
1713
88404
69373
44379
53846
99073
7434
91222
19508
815
42159
40008
59462
67449
103
97086
44861
84616
57328
94716
41181
18134
50684
97534
40580
76678
2439
76220
23376
47682
5548
64675
37363
24353
20463
87272
32297
61070
90084
42002
62878
2416
61270
42122
66307
51602
71513
6805
21777
23342
13192
59340
12476
106
8006
77851
29089
83866
26868
98998
14807
48745
31763
99882
64160
5084
5397
38237
70309
63661
95931
90321
42037
27144
28559
50052
80189
24197
79904
96290
36576
66405
38674
28723
65077
79503
37239
74820
97587
60442
23467
27551
91892
51740
58568
84943
5992
34675
10802
20883
44473
23528
14750
61808
99750
69463
81719
42478
60797
3041
28486
1028
95820
79454
23328
18737
14453
13405
21667
65361
47899
46551
49218
23777
14894
47698
50843
85080
68095
14924
54913
74464
43007
85828
22617
59761
26173
50066
46603
97246
69650
40352
14649
45966
96546
7508
50928
52916
66222
21903
19601
27543
94454
54459
15119
27381
81382
70369
99199
33373
36103
84355
55367
48783
45678
41611
35552
86799
98495
65969
45287
58031
99602
30383
47000
7219
58377
75906
62869
27123
93376
37673
51706
26059
17566
83940
92561
45722
62881
86436
15258
1520
22859
42251
67375
82455
21191
9185
49633
77559
25217
66614
17314
66936
71691
72418
46012
10669
42429
76502
37130
29744
69881
97435
4173
57862
55509
2767
67429
41037
63202
16972
21516
61159
95832
19086
97592
97240
28348
85838
84756
42294
52391
69497
66557
64918
21678
99948
69360
87070
1645
94337
71528
51810
10168
68181
78221
94630
99175
91087
35672
16440
51331
74453
83192
2728
38760
89981
99903
4442
35887
79176
28994
44705
8959
63731
86212
41241
54499
79914
51834
6425
219
16274
75479
46225
51700
56500
73390
22918
82444
20739
49817
31949
45235
40401
28616
86316
75222
18041
55701
67657
6218
87049
60025
94828
99827
21258
18537
52374
64693
83310
2181
21458
70534
51973
31342
15795
65943
23691
31916
60608
85597
8827
74684
4786
70805
23269
57625
76954
59180
70254
27173
73591
96821
15824
72530
13860
28670
7629
29844
29807
80161
91722
17823
10490
69502
11251
56565
57193
14961
43762
99856
81776
21970
27134
63003
46131
18552
81838
20129
99444
61216
67951
85664
3816
31338
99086
4140
92981
18765
94791
47948
49294
34717
97504
72695
30796
82391
36304
4615
75671
25547
14663
80720
22012
77569
57637
40454
66583
23848
62203
84703
25618
3185
87577
1624
53240
17267
1091
47235
69224
34496
88922
86466
35127
2202
16305
61157
57383
18239
57101
34437
88402
40810
23436
9703
30843
78499
66580
85192
30932
25991
13622
36392
43312
5126
25317
52612
71543
7093
44221
45022
60830
82173
93126
95791
98252
69481
26820
22896
53923
62141
71872
43
45783
57849
87194
43448
84099
22906
83892
98573
27186
32935
34795
58822
36280
42579
18225
62932
55595
12682
60313
41768
67912
8081
4733
47325
27669
46086
7738
10754
71145
19457
73324
85057
19795
61148
57417
72563
94732
74806
53221
84514
66410
49502
26519
29987
44687
67331
80831
3058
12897
26069
76966
95023
44870
63735
40914
28291
75414
52204
29077
37614
2186
67093
49968
55295
2524
20663
22749
61400
21098
40011
89989
30073
22793
41016
91138
45111
7866
87598
36604
7674
52990
33992
79249
56663
37120
42627
87265
42566
14543
55564
75588
46657
58918
22878
62544
92864
37259
62616
98144
9975
36331
70120
99261
90616
48624
19533
35678
78203
63196
42471
27547
11564
22983
96951
16803
45385
71654
93724
59620
95706
82680
2062
35436
18574
37034
9725
92962
33849
19560
72896
4314
64862
55933
37529
42841
65561
11578
52894
38025
28191
22331
74900
23554
48777
26308
87432
99973
24423
18311
96151
73842
69754
73314
17677
62531
96703
17830
56960
74020
96474
44401
59959
21634
63502
15286
14681
18143
50287
21724
50288
53973
79309
99121
53080
33113
29771
91668
9087
89740
30817
46528
56545
22988
40649
25732
22383
82352
97051
81344
27347
99557
10479
21815
86064
26731
95345
78243
82084
79913
86156
2136
46862
60723
49008
10456
3285
6216
35001
66587
49959
81849
2882
5631
49854
65307
9251
99835
44669
11949
63074
42603
3577
6047
37271
1213
16626
99865
95156
81853
75055
14142
26763
74345
73416
17593
75995
55435
29856
42445
36780
60383
38722
86683
53987
64506
26651
23712
28924
39891
95256
27540
29579
11742
29055
87485
42709
68381
68785
76541
83398
99705
48905
12161
10027
41825
20742
97236
71249
18229
28389
39721
80353
17685
55914
83383
27633
78006
68401
36379
89907
71567
86561
40349
42170
49827
74715
79867
39007
12748
67857
40483
18908
62454
17924
71666
52133
25468
5847
70011
28071
90602
1724
41073
59469
66541
23136
56441
69112
58292
24144
34465
15778
13024
86805
64669
96467
15847
38396
43533
8621
48993
83874
97562
78025
12434
41985
4245
15288
42982
41791
44437
6800
26428
89029
36062
88785
95291
66129
61271
24040
42196
5444
73338
89916
78503
57602
28760
57320
40248
5745
13844
22177
97010
16823
16311
7801
7796
32041
20881
12731
49627
54527
26740
19055
32636
48879
96762
99400
85625
97995
72368
58932
78557
79378
77510
98202
64448
72402
86546
41861
10625
43316
3017
90560
80630
60539
54346
33091
88636
81001
18550
33986
8091
89621
91726
34428
29333
86353
72221
44295
73813
10181
63576
89888
15672
23155
22357
10649
8518
53873
11516
5672
34248
29863
45194
10324
5526
5434
4687
65733
68006
51122
67738
66472
41438
80028
39159
71689
86678
63962
40632
54997
59804
22482
27935
16057
25962
4271
33538
67138
29670
83431
86089
74582
56715
98881
53408
64550
44098
43467
21365
88755
80991
92421
5540
79274
57503
29502
20566
11847
3596
12564
13792
90023
18397
80172
20349
49064
85904
58720
43436
25044
33645
11660
48700
82062
25005
91434
78963
77556
38681
71051
67759
37427
5741
92949
87911
96855
86920
57460
88580
17163
79727
29649
14412
82768
46196
20001
63260
84001
89805
62
17538
68649
91785
67761
62757
13613
10618
86361
33308
88776
93703
37889
19523
96088
79680
20774
16478
49268
8936
51
39678
38131
43383
23746
50388
43908
94139
69540
16879
97385
4279
61107
59554
96491
26689
84953
947
40539
53414
64476
93573
69176
29716
56975
18037
4647
65571
59187
35839
22413
78411
90459
39683
21354
86297
79532
38527
49932
29254
78036
65268
36664
84753
4931
37758
79657
15576
87087
91698
78765
92647
4882
99134
19656
58366
1516
19389
89544
70432
24578
9341
74892
59055
95435
91397
1383
3603
26378
216
74545
49205
20279
41298
48174
61036
61842
82653
38951
37043
91052
3
70869
64587
61187
11620
29447
40593
70773
71665
66112
62099
21180
96053
97940
21433
82107
59553
50221
53885
62023
19970
35278
86766
75837
63292
88043
55022
24784
41011
87780
21826
76601
66324
24729
11447
59923
83190
37563
33834
46293
96266
27320
38568
41407
89011
69259
88931
33360
6531
86223
5079
78825
50434
71308
97792
64022
4807
17067
54876
81655
4166
3926
26999
178
98152
26588
24981
69810
31877
21484
13998
89844
15261
30668
98670
73292
93685
17
86106
25637
86030
4363
88447
65501
61782
41976
76034
27039
75371
25213
66160
56011
65942
35686
47873
15320
80378
85734
52996
59064
1274
94463
89538
31680
2159
2932
46778
96699
71516
85878
81686
5331
65715
8738
36450
45646
86138
69853
71448
85462
2196
18156
48530
22307
25233
82893
79264
5496
84727
15404
63192
20766
43309
18896
2009
97992
83685
14432
31076
96972
66924
70802
36474
12456
2153
21447
40192
9129
88246
37703
69491
31228
1962
74021
43067
4678
77031
5062
89656
33009
95095
48303
8010
59042
93608
50524
36995
55820
23099
9504
2385
89436
79881
1603
41230
21612
63407
18877
44855
84499
36168
12394
30492
20629
40783
31526
8685
38375
56893
57969
54747
4871
40511
28118
19352
5534
37987
26426
79704
13247
59419
22964
86522
76250
89923
27808
37387
97742
78907
29213
32826
5737
10858
89196
28953
15361
89115
64840
32440
76219
83664
24240
81440
1792
71805
42940
31726
18547
41398
14863
70644
61140
24010
25654
66507
35382
22063
74918
63421
77742
39502
46554
67624
13301
53415
2327
6306
18711
87695
60027
9854
86855
44266
94524
955
30220
87909
12812
54142
65577
78409
30009
76421
2547
87609
90300
49226
33480
80961
26347
24009
70577
58567
55393
6592
87055
13362
53008
98343
52590
63217
48501
24299
60725
1767
88388
21349
10084
76398
88543
33800
27849
53060
85786
70258
2865
77400
21698
51502
38133
3011
20880
71493
14759
49524
26112
14186
73127
35537
89707
82177
23946
46250
90715
85965
75929
96678
11664
85814
31788
77261
94390
74966
97776
971
68480
6162
69371
89446
77960
54918
27244
86455
56577
84635
71085
5086
7165
98236
48157
1279
75474
91469
57012
18967
80824
4552
88747
27632
72859
25855
42906
81502
98933
63802
41806
93596
5200
27088
45582
46315
5962
90960
15604
90199
68414
52710
40989
88274
68285
6462
98221
752
4581
33134
85317
75971
97319
13825
79052
99766
97434
7396
17291
53847
67246
24216
72615
25829
86585
93204
69506
47918
52353
59922
65794
46767
13856
70252
37719
80216
74690
59107
7008
34853
12709
66352
50067
10369
21576
57343
99057
12767
21679
51983
42150
17930
38261
23744
72456
65428
26723
68465
57729
64178
82565
81894
25646
45517
13370
59574
55103
75540
34260
34521
82987
95039
33476
43341
17633
93274
66976
44132
73159
24059
93625
24790
46157
92145
2917
2779
78098
16677
27187
22183
99443
14063
57916
61621
24599
83019
22045
49546
21854
65408
15692
93845
43774
47874
73055
37026
36164
21524
89354
65156
71421
30761
81059
67971
50208
46158
81045
68100
72745
6370
79288
54387
96060
83716
8051
925
41525
4359
94530
35320
58063
96777
95504
7316
38659
99434
66762
33403
27573
42654
95773
33426
95589
93026
48297
21555
83867
61045
45536
93080
87534
88283
33404
66212
10100
43235
63293
56165
97933
64539
96938
60683
5072
81280
72660
21736
19730
87522
26131
34854
8458
11808
42180
90934
72026
3223
77616
68062
27370
51187
12655
78672
5524
60387
17282
84772
54370
24920
70685
25520
12679
43106
95992
63902
78192
65776
49331
46904
69532
84022
13402
96870
98474
67585
63769
88499
76381
23857
20526
30448
62067
96364
36943
16062
26604
83845
94244
27078
36437
40048
68089
48038
91000
33522
45627
24868
84942
83545
69508
69901
20809
45272
25870
24849
86723
61011
44127
66483
35788
35929
85464
10704
71296
14975
27433
80048
72608
33011
14281
65010
49454
36260
45523
15381
82272
89254
11830
52742
3416
33533
9773
37170
35489
44492
39650
23150
31257
93815
83352
68894
46981
32219
14785
3365
63934
30201
13314
6242
61301
14140
88941
77582
48343
72172
78597
49247
58876
27537
39332
50936
18591
67918
61831
81006
8034
67436
97683
94609
13259
42091
79212
18586
46780
83363
528
20225
56559
1237
9268
61237
89447
78319
87561
50035
76007
105
10059
24230
78099
23477
22196
68625
15946
29907
60217
11394
88250
89948
41354
95083
98997
36311
69978
68348
95824
5113
466
5675
17861
30552
95530
56591
22479
95151
10427
37596
76811
17612
91017
14803
81471
88051
85288
39866
82308
37422
25040
71497
5391
32613
15027
73768
44296
33120
2108
90409
1315
29111
31229
25166
2545
90075
69663
7425
65437
59990
6627
58838
70478
44621
3954
83463
91402
51323
90733
48883
64372
99510
20207
20271
21332
69642
59052
45663
21888
28001
31033
82726
10972
8099
21470
12157
74156
17400
46273
82891
43148
38952
65579
86298
33851
37353
3371
73435
92956
47036
31347
91080
62349
69640
92455
12214
32117
18787
59679
76033
20417
51608
86742
57093
19245
45877
94253
47193
2805
75949
82417
34974
45887
86255
65642
38479
82138
21525
40685
47992
58697
32213
64916
18894
89288
9919
69803
18739
15428
43389
71453
30728
37833
23615
26259
22093
55919
39518
60841
75038
53831
77444
3906
63386
29795
70783
95875
79282
22210
45754
89695
78393
44000
22943
67996
68971
81836
36786
97306
47551
72453
77220
39949
16760
86171
90886
90279
92787
76159
4424
8826
74016
66394
35525
63863
92977
47595
72784
16753
62533
21429
95358
19892
53868
33438
97151
99813
88844
28563
31486
49073
56948
48832
80474
32585
43407
73098
32102
33680
68333
43162
47906
37020
21979
31485
92707
78849
87479
95178
96830
32313
7115
52179
21023
96476
83301
92790
73335
99971
95691
71753
74521
77197
62571
79589
64595
7074
20611
35635
53294
16949
33103
39693
14448
67328
92673
83373
20152
1689
66016
40936
96718
77042
29272
18367
93457
84939
89480
81439
30174
85014
79925
2709
84986
95348
29017
80516
29966
54473
42891
63342
22187
42621
45906
96664
53030
8457
19257
18608
92296
82728
27565
9192
57958
23770
12222
37939
18246
19642
2358
33350
39191
27291
72583
84332
10313
72815
10542
13210
13498
90363
69401
82135
93940
81712
80967
13202
275
18885
45553
1892
99961
33609
77156
85722
10643
23854
84183
44670
90933
98344
84699
97677
73613
89216
96837
436
35015
13291
79845
39512
98961
92868
71202
43422
46102
47930
8897
36106
38813
16639
84848
32854
5764
61566
33221
42534
4261
55718
88876
95481
99031
85635
32872
28200
85354
89159
57412
71013
29334
21716
83015
62679
22909
52963
27012
84390
68355
20199
62867
409
48264
74846
77251
27870
11003
86235
48552
58440
93805
87029
71502
33704
8898
65936
53035
9641
22351
18317
62055
78188
69902
64691
98297
7137
85332
31790
27280
40357
66898
86883
29961
76934
78771
98002
6060
37113
28213
93089
93723
76214
30652
16935
57111
55477
95696
7268
63516
96788
63441
76125
86448
86836
17627
14937
20665
49623
96673
81510
13582
13124
89365
37812
97668
84530
64810
16327
29215
55696
9414
19023
43054
99595
29061
58783
72041
19565
97369
78506
71944
12256
7654
75493
68444
86284
18865
1412
43074
48048
25345
72878
66230
96898
16666
95705
60845
6080
12906
8313
10110
4721
47949
98020
94992
66661
99795
67292
35885
99984
27940
61390
80742
16090
20674
17430
69685
29583
27005
66554
4220
85638
71354
89619
51830
58388
82351
5258
48585
10197
21746
68000
653
17155
41817
43653
94392
3898
19334
21072
37469
53645
34481
591
81228
92914
37792
46447
79983
72757
44550
83939
26351
2896
40457
34005
74804
912
73120
18088
78638
9912
48423
4067
16482
89857
19554
13548
5437
85955
965
60793
93665
49477
4954
80321
22702
43516
52170
96384
3534
24086
98603
14109
97481
49672
74454
45903
31435
63603
38059
98012
99346
87201
197
55515
60933
14326
88269
46572
54595
62966
62631
1396
12011
99588
39857
2627
44806
62594
75341
83578
13306
50377
25503
74554
58756
53232
47820
84427
38425
65423
68493
25089
83013
61880
31474
35181
29149
15657
9022
10873
86743
59565
66778
45197
51750
97874
33010
9153
48259
60392
89913
93467
87290
39649
65091
88728
92840
32706
13363
56678
50703
9026
34247
80734
18554
23592
69252
81341
57867
53341
97813
17434
3945
57443
35623
76962
42229
35176
46318
19398
12194
13075
37569
14752
70705
83149
89637
59264
46170
94874
50131
89562
8642
77880
87441
62248
19488
59207
6066
64042
63225
55106
13010
23
62216
59911
54457
94811
37218
93167
8652
85128
47981
23703
82442
55258
93944
2313
87068
49438
71048
47862
63044
34741
21442
83079
46824
53730
20848
28392
55770
95502
5739
34648
80489
65476
43965
73216
17872
58793
78747
56344
32648
67348
83794
25173
80159
29701
33883
2685
28903
2725
33375
85763
70892
34212
52475
23474
73406
27428
1056
52060
35203
8352
73132
24983
37344
3169
47769
7473
42944
58914
67364
50153
51481
74197
18850
31154
38654
57936
3694
18400
42134
14506
71140
22754
88634
17157
78657
8432
9474
69957
19237
68642
2604
826
33199
60696
2607
48146
86822
50832
26070
25982
24715
68808
49286
33545
31996
22430
46058
5696
265
34552
98351
35832
55068
5536
14992
34687
2185
24931
6852
4263
19151
60593
72009
18529
64883
8708
97560
48275
31868
39529
29286
16631
99069
7643
69687
50813
89420
28592
73372
5005
97876
9067
35125
33626
95425
95677
32628
7252
38824
50276
59338
89300
65904
47900
1210
35111
98361
55175
69202
87303
44061
97465
50501
19171
23562
32831
94943
88647
64706
85941
22224
93129
36018
9168
18872
42138
91342
58644
33561
85966
79866
22172
85885
39424
84303
19324
1151
57386
26365
69158
40718
42131
67095
70795
58572
45122
77520
83857
95838
67953
18843
8442
4277
42910
38114
72047
43933
95596
11796
88633
57711
17043
98159
6145
61115
9163
17367
71616
61750
84285
8595
20226
99723
28612
10617
76077
31188
67365
73868
7953
59084
49254
88265
22867
75542
53678
26367
44348
7543
37692
32780
23508
52679
69747
41334
23451
1540
31393
86838
6762
18223
44537
16252
56136
39042
93422
3644
23553
98042
58847
63024
99159
29914
97978
96573
31181
20984
70877
35928
28955
66813
10249
43142
82035
25289
9806
60032
97632
13309
54001
50312
60164
56477
46985
49346
69388
19555
62551
40158
56858
30091
80153
60086
4028
43192
76794
22929
62834
36908
14545
79189
52154
61653
32929
74520
19263
31954
6303
31171
98592
48556
27285
56331
56002
91081
36293
99929
84218
1126
60467
56143
75690
94330
57600
19548
87620
54762
7998
44461
62516
36371
3020
14319
81248
73935
75602
33506
40023
58230
62706
64816
13953
72599
71586
31083
49053
98769
29000
65687
11898
87732
21763
12874
15940
73480
39397
49753
66508
19368
17151
42168
42441
56012
95029
19575
78715
84291
20614
32311
62076
33455
7802
46106
51850
32705
60419
40523
9772
71264
99696
77033
14878
20694
83048
81817
57241
35729
25064
67385
40303
27902
29127
32153
93226
9200
41225
15292
82474
59475
42952
94636
91201
54811
23038
97675
84647
94275
5278
2170
17692
6372
21344
97670
23948
43025
83150
42756
82591
11810
58900
79243
56222
74987
37220
44040
11708
15626
66654
21014
40362
33966
77165
39121
18567
30683
66068
3361
26711
77087
5580
10828
44543
98822
55550
3076
13686
28400
5900
24061
35308
17275
7359
14306
71208
84024
83789
83697
87270
83410
32902
45941
81468
67527
76494
63357
91438
19006
33596
70319
23636
30811
915
51942
77704
41879
63438
95473
12242
1465
15711
89899
32692
8918
59837
30662
22618
32940
72875
78455
40342
81720
29835
19980
83616
28425
70266
20953
32662
59657
12100
79940
91245
44232
89953
80228
11866
98752
39521
87460
14980
70076
42833
76571
7435
57791
86166
64057
45827
66001
78309
714
27260
39488
76770
61249
53784
41227
50959
52813
19783
69936
76848
4995
89560
43570
69358
6268
75781
60445
97950
73364
87913
83251
7235
58258
98688
44586
76236
79458
8382
84492
8446
34384
18250
70449
1318
1309
74762
26690
45452
34985
97087
33268
30309
43621
61254
13290
47494
25068
28934
96665
19691
78915
55306
22132
84507
91474
74031
79652
79860
1704
86938
88339
50967
86511
48719
81699
65573
320
53198
46771
13674
80751
2908
14428
84377
53559
81531
6244
99777
17358
81478
1829
61597
5712
84242
24384
68945
48679
89646
25141
37667
15029
54488
20024
57338
1568
322
79377
19896
19917
90540
48119
828
8757
9556
31672
32803
40880
81113
38779
12552
74551
50447
25038
43733
67426
43079
92669
76443
29612
38299
2930
51515
48308
81275
75982
60610
35556
82385
18969
92959
56095
91667
29123
44357
28726
50700
78787
99446
48486
91331
92151
90269
45586
6213
98091
52947
8306
34633
98201
10359
52896
26815
48548
93172
93375
94551
83207
97519
19903
55493
37672
97328
96990
34724
83871
65190
67726
55039
47501
32301
37356
6132
43976
21481
37994
13831
8924
35373
32550
51446
9723
45394
59877
87428
37602
67649
85670
67444
89180
94331
9831
70713
59173
12725
13116
53796
51517
58878
52020
2314
73810
73999
36127
39598
42977
25715
87630
74833
84888
67159
43937
7826
43883
70920
49962
62332
61615
71170
54611
91122
76569
12090
65843
29991
78670
74740
68140
56728
71155
20747
63907
43428
97980
65075
95505
60650
65744
96885
20240
21013
84308
10796
86945
30812
22611
70404
53653
34051
87882
51401
7685
29947
58935
39166
88754
93684
80593
44615
14814
57923
5658
50576
99569
57365
97309
81003
5626
19478
70003
87338
21760
17344
78547
86779
93210
64195
98261
40995
18659
33443
77343
67199
82317
3331
55049
97689
87670
60232
97514
21680
57760
15979
12317
18609
73122
80602
28495
71030
4634
50442
1941
44328
88175
73439
70204
2121
11161
88594
78131
26780
509
91861
33248
68139
9951
90090
76908
81150
90120
28688
43329
67615
84326
99968
70084
5118
50632
48825
12707
58734
69069
53737
3192
33106
95476
36771
10845
24378
40772
89910
59029
96941
6889
73523
1813
29274
82866
5993
14330
4559
99303
62720
47761
31743
32735
62230
41540
98785
89072
39362
52350
64011
33164
63465
55639
97474
9095
90246
69087
26829
56083
72051
34518
94856
93362
31017
62855
87302
42996
68038
36851
39921
88982
36308
76850
15237
33142
20754
56966
67501
97018
13985
97270
58718
69817
98532
9502
23519
97610
56878
94021
92267
37382
23584
48320
92440
14962
21732
99095
70859
22054
83581
27824
80672
51952
18943
55602
35059
17474
32849
81746
75364
80520
48513
2042
2905
76142
14117
77877
96018
80743
50797
90465
92490
30759
721
86360
19916
50255
98265
96403
26585
61327
60330
7418
63702
45413
13920
89517
25420
11553
25570
35062
17145
61106
54090
96122
34754
30855
59030
24793
48835
89433
88554
26728
56440
32975
38940
27093
69799
21316
4293
91363
22463
5505
17270
86188
5899
10965
36202
76010
75808
98821
59931
26575
89917
36798
17247
18046
28737
41549
98273
29727
67357
39623
91240
19874
6188
58518
74446
69868
57401
52802
25377
78217
32965
28315
21297
94409
32972
75702
32347
36200
54354
47329
77590
42193
11496
29154
21421
72899
26025
46160
17191
59150
74998
88236
95466
22790
9916
91559
48801
63413
32334
83692
37598
31580
36948
60691
7031
29245
97175
25334
55207
28082
49938
54912
68332
26576
37669
4676
14648
9348
19061
14496
62591
96584
44391
69631
25958
83238
65354
31548
34263
29591
2975
4975
97901
33322
4139
60612
53288
5958
79315
54398
88768
19817
64129
23822
344
40562
16875
82109
35913
5917
92693
36714
94254
43563
61418
90963
19532
38265
36946
69493
78933
45695
58948
30988
50138
66698
80512
68386
91465
61823
58828
63098
92951
74165
21728
86792
76552
33252
70680
74365
98979
64428
99837
68574
15983
85362
90065
4156
85640
76724
53356
47738
11088
75775
99981
77922
88279
22050
76175
14643
45405
24162
45700
90729
99352
85103
85936
59873
80508
46524
93576
3253
96120
46808
71151
95071
18052
97247
17592
74700
73558
7330
90388
76224
59665
74018
84648
87339
5882
8342
53752
8985
98137
95855
96499
17177
5087
95302
59353
85315
19170
71487
34543
71102
80116
81642
55726
1092
91683
15712
67855
75999
99290
94575
8516
17063
91574
95297
48271
64427
25601
24459
54255
80524
12641
81201
65142
99931
38066
33912
71037
72652
85594
9801
84373
96500
30203
2966
36036
42085
5727
49855
38597
70226
40611
42352
34360
82014
67026
8315
96011
52229
99786
31644
20170
40584
53024
28588
97454
59108
48052
90066
56717
12319
596
57308
69770
65409
29693
39674
86700
17932
16498
37587
4456
81283
25814
15630
76610
90955
39789
27233
90190
86844
28943
28427
6708
71972
17098
15500
2393
37868
62035
55466
7851
97199
30708
86282
1122
20623
12907
22620
70174
24624
60336
11963
33693
85387
63470
28381
82318
38101
47354
37714
21838
76566
20854
53257
3951
33366
42751
56615
30068
60239
31137
83390
32647
28981
17027
45093
65648
98482
36889
40459
65429
19662
53464
26505
37077
99729
17056
5603
85140
75208
2803
16044
85002
40335
1079
46334
32226
4310
44976
73832
4821
56076
58049
1023
34072
39345
14457
12031
1601
35627
60114
21670
44397
82974
14477
1090
73125
51579
73763
80818
33192
47014
74795
44792
58629
43113
47405
21342
58747
87524
58873
93797
12144
17574
12230
68609
44484
39197
83771
97973
79349
92345
68578
48050
97131
19297
41757
60809
99589
62122
64020
17646
60633
31059
19515
37639
66019
82141
61315
20411
17886
92942
51894
17337
75953
7538
24971
67826
89785
31967
34116
45040
19577
76498
52051
27000
97003
42516
50645
34107
61928
61876
82865
92071
11017
43228
84420
54146
65757
59331
6838
46356
95429
27967
27659
15773
20506
82904
5478
91121
63957
43379
29085
53676
98708
31120
16591
54218
64631
84550
36083
1590
10290
73781
55983
22654
48067
21197
89735
1365
34136
63368
32516
41015
68679
74188
69880
13789
25575
81693
22321
36643
70515
96622
9642
3775
8266
72015
70809
70044
79568
30269
59263
97479
3584
26881
25519
63909
76701
59750
76948
35293
22791
34472
61293
87297
7366
54439
99839
45004
38822
14822
92589
92465
49207
26828
45231
5370
80164
6020
98138
55187
78624
77613
95325
56814
3373
17130
53658
53386
37903
80634
74937
5533
96616
18098
21518
47403
60195
38953
87567
23426
13714
85479
43722
328
69612
5821
84940
68834
50014
85598
70624
86538
95379
72768
87231
12543
6739
51561
91010
94059
99002
64541
55960
40428
28307
87135
85282
46777
43536
71189
43934
26171
99556
15329
69606
81417
15162
91905
99864
40944
92564
75428
43694
90403
9710
27607
32065
6966
62373
65612
30921
26162
12577
77070
64381
92713
78845
90354
13136
11459
48520
17553
46545
50396
34473
16610
44711
72157
48849
94513
17288
7694
99461
91517
49685
45088
11685
18620
9748
89628
94367
73180
81331
19340
82927
4918
53755
52722
52656
80432
26528
98662
64713
43792
4005
90248
34
87419
48356
40672
21050
44631
75883
96214
96370
22559
56377
14341
35872
11407
57261
97618
51862
16920
5324
38695
6706
23386
96230
38666
17600
90393
38720
88041
85528
17797
67020
9108
35944
17242
94676
61740
76853
65034
88008
74952
86487
12044
38280
67974
27525
52151
8098
42301
93882
73214
4239
75821
24992
86197
67406
38145
40907
22119
65249
3448
47280
92289
22260
49679
40552
27905
9396
27797
21256
48242
45380
46901
60502
99728
87280
27184
50907
25709
91800
60635
81225
79461
11552
4250
9013
75983
22499
82998
91325
4618
98275
12467
25101
48597
32927
52302
20455
37893
56134
86526
51168
2107
57547
65291
12596
31707
77354
93429
29208
71199
55583
26340
22378
21389
98758
29067
50087
82296
14652
68793
63317
61376
52854
31987
75032
22504
67586
79542
16918
2585
38310
30103
52624
55455
53158
70730
23197
62252
25048
34185
34620
5970
5818
60138
4974
19779
61809
48617
51944
44383
68725
75389
10567
17248
3103
30686
82659
82500
22136
30345
26300
84739
56071
94293
88005
60620
26724
16712
15674
31072
55290
15312
99964
13627
49717
49983
5219
34489
59033
44823
52214
36355
48569
46179
30779
7217
42615
43699
43259
94387
75710
569
13673
15128
18341
2935
16097
25441
64175
2640
75592
32800
31039
28343
62719
6027
3099
69966
90222
14788
34050
56830
77951
65727
15055
96924
18649
44126
55114
13110
21952
8774
84508
44099
48369
16270
10198
38427
29035
16820
94108
6298
92726
86421
3182
10522
70436
343
61672
34865
49272
14074
2109
78022
45328
97799
93490
51239
42629
97594
90688
71524
57102
37998
23778
33661
9439
21145
29675
34295
8405
27641
52088
51968
74644
73641
88761
13267
62466
72123
89270
31468
81011
45463
45665
22445
37612
72438
32050
34584
11265
52159
9128
53841
15912
59231
65304
13940
82162
28290
68931
6472
23957
99192
16627
29086
96606
7433
36145
50539
79290
64790
30445
55563
66547
12076
94262
49344
1957
45407
9328
40945
56769
65910
24482
77389
45269
31762
33333
77861
15794
79673
18532
7729
73468
38086
7783
52301
10375
14549
69480
39256
36389
23773
91416
57779
14288
67140
59847
89326
71700
86313
14127
5955
40651
83965
51864
62270
99936
76750
7130
32161
54050
54947
41809
50718
99151
48997
8138
32852
25640
82900
99762
1344
30950
9029
84421
11569
47588
64093
6546
29698
60625
25886
39252
30894
20619
30886
70166
34322
34394
31741
49639
56610
37178
45954
71831
19173
16332
26566
63795
46468
56118
98815
25727
38189
71764
57806
66044
88476
81095
40841
30382
74350
59105
12842
82805
91886
77488
16379
56456
62936
63473
25395
25536
92532
813
69591
52691
30920
64314
84249
94621
25505
41440
29929
65199
38330
29150
37042
7996
7776
36832
75454
37560
1118
77373
10176
40375
60584
36713
85537
56183
92735
21411
44024
63437
3485
76692
86451
74822
57570
80881
30511
23704
19162
57091
90493
98772
49881
45047
69474
36406
13168
59799
7995
11842
19671
62090
71209
99007
9397
1119
36484
42399
45909
40501
88972
13002
66060
14849
94666
37492
72021
70790
11269
90249
68758
85153
21584
95747
5859
46104
76359
7272
89894
4357
31653
87881
61540
68666
13763
91754
29743
4059
57811
57555
10529
95639
13160
82746
74655
52017
99267
79063
96991
64877
62267
13229
95663
7809
87076
24864
53435
81960
98562
81383
68421
56237
45851
57194
1650
47806
69962
65138
35072
1158
89886
45306
48289
65231
18216
23858
7111
55553
13127
23536
45487
1414
13545
30033
23830
4641
52057
1179
91306
81185
13486
70708
22081
96080
59755
50466
29875
79656
40992
45889
74555
96133
855
52431
21045
15654
63733
99079
36336
71602
35870
54271
16174
75892
21373
33098
41652
75078
96598
84907
45
91534
724
27086
67492
13597
52345
24114
33429
91072
87964
11481
53887
60606
91407
65628
78592
59017
137
98027
74768
91305
8221
90105
26899
7898
69944
12137
98410
22356
34727
83331
83382
43829
93425
63586
2458
59250
64103
51121
99806
63546
38705
62431
37813
34158
42075
6787
70396
83232
69253
56791
36524
41676
434
61440
33235
77185
28558
45071
28543
88143
63420
99439
72957
42142
66889
64216
94451
53902
95168
63676
52337
56583
87047
82126
66923
99725
23105
17966
9162
3640
1461
71721
42957
92940
90207
45807
61124
40405
90089
23172
27432
9651
2954
61792
8082
13069
52811
77071
83893
4506
75812
8704
87258
61422
25516
85274
90215
54805
5953
45961
31502
18610
27715
3005
6264
75194
92486
56709
92862
73767
82159
41732
27513
93169
93837
27770
99746
59753
39300
17603
56667
73630
66531
71473
5841
96983
96624
77130
15980
32554
83686
44490
44554
50802
15001
14143
36286
27701
27993
86726
23649
58667
22029
84072
59853
88690
66532
85021
49583
34742
63799
8779
11736
22284
865
61832
31787
29639
12232
5446
46298
5367
90095
64373
35636
4964
20330
15536
96107
72849
92910
98151
86
29800
57900
35237
80088
71694
6039
82402
17402
49565
4275
31752
60254
42557
42997
65714
73669
82581
16799
74559
66741
3198
65677
11084
43334
16737
86667
33640
79329
67126
35431
47967
3249
85234
41325
71504
20442
78899
3431
87150
82757
32084
60724
99716
66051
98701
54631
6161
52477
37655
85300
20316
77105
23745
81637
67696
44954
63482
17252
53440
59242
86739
11792
30421
80794
71074
41687
41838
1821
51291
58871
31348
61974
56600
56817
98294
71624
9216
5851
72842
66408
46324
41703
44795
57596
77712
78975
47384
51078
61464
17776
22529
61905
40197
19345
96853
28630
44143
72558
95853
32824
99307
47043
15299
27349
39939
14024
33977
43817
445
76491
81897
35098
20833
43971
46134
95086
5310
45888
46337
15106
77005
1789
86646
88975
58375
58002
63734
75789
65192
89810
70089
44818
13360
73741
91125
67372
31961
68043
67008
69525
93427
46097
40506
73465
8958
26837
30673
31262
78642
45083
79262
98713
30098
56196
67349
81
89230
69783
79608
69355
4547
46109
52064
29552
92614
50048
28580
82629
99975
35148
82348
63686
25261
53151
19098
34311
58966
10099
35796
84188
71800
54391
57776
49931
77759
15052
2913
96708
30719
64855
5167
28304
47475
97539
19394
65640
71047
6873
1736
13184
10502
69449
32523
92429
10322
92179
70623
13149
82420
26248
29161
62369
58794
97271
81067
48748
75587
66926
65247
43248
46727
74874
49471
40906
54465
92219
15941
29868
21159
44333
60787
13381
28929
80291
64206
98089
25819
87164
26831
65037
83159
20474
32658
1136
50529
38130
58564
14855
92600
49208
83554
65798
59123
71193
67158
2707
71848
36545
88374
11743
16349
31296
45926
74387
66697
8948
12354
58781
88802
26432
81805
2033
19117
50309
54335
2658
31715
36479
79744
74838
68193
22002
46282
72491
33848
1410
11321
83246
79563
84324
32277
26457
13651
8654
17528
27791
96484
37403
18224
15069
41800
31334
39280
79395
67505
44735
40036
44310
15548
22518
62687
13120
37898
64617
42830
45208
38256
44286
42824
13867
4818
50869
38163
92093
22406
49681
64308
52015
92208
50489
77621
34808
13366
49514
89427
83650
38432
51369
37442
87512
81709
70035
80854
32309
92764
68350
55889
16435
39865
69084
84154
20497
1740
91185
42991
98725
13768
79891
78813
82749
8726
61943
38100
38093
30272
45068
24689
90153
60298
6962
14260
41546
28585
38387
13890
65043
18618
3637
96479
50183
33188
57167
83064
15503
59346
96200
47609
25122
37886
42250
86574
32517
84915
2710
22083
80585
4159
24336
26036
62330
7009
8947
88427
66822
8927
29505
8331
42782
49359
3065
10920
78948
64812
10155
50295
90119
60579
31260
26045
7750
77027
92021
54766
3762
18049
11651
17616
70700
74316
5542
9768
34823
21543
14579
98521
78431
94645
94777
77607
67942
41103
58998
83850
25669
66392
46230
59917
71241
36531
11154
33865
32026
85653
15815
38745
54369
50412
1751
81428
80056
20277
23271
86257
7918
48537
76104
16488
54209
93899
83095
67043
53108
56269
67091
52613
99148
96998
22947
69615
89021
95528
31887
51594
11402
71450
53891
52115
80659
67882
11824
62275
61084
75859
36934
2475
57165
64180
37595
14682
94292
38203
78550
91486
74219
23935
62830
64037
78169
40436
19386
65407
56714
76597
88355
88327
79162
7078
8753
98940
33872
2735
82640
70929
93232
24834
5609
47486
70063
5254
44302
68347
49368
40659
41917
55784
23070
42679
81611
88664
70686
50931
34268
56060
34066
38355
28907
19597
74100
36636
56369
5726
61904
82077
1530
90420
21477
27064
83279
4781
19273
9450
34217
90433
33847
11684
79394
52272
97075
91129
20051
62151
92454
87644
35223
80969
90494
20193
45947
35442
2447
83387
76362
26418
8155
5264
30610
79215
32895
78694
97085
62186
65078
52054
44429
46656
90164
64144
83707
11301
24844
31371
79228
38844
24150
56585
52788
72642
55119
47124
63135
60422
81434
78871
63347
52152
8380
74814
88120
92827
76608
97564
75719
94863
55108
93300
25433
25721
63982
8546
87491
31225
30211
62092
78441
66382
51597
26772
86915
19148
63503
63104
81436
55401
78274
35137
83588
38267
95456
43300
79340
34813
27495
40950
30763
46803
85461
35966
6332
16472
28476
32566
63177
68172
29124
1580
3375
19882
39179
69328
96153
32677
72844
15125
91046
9093
95201
98878
29329
63039
52672
9701
57737
78061
51151
25184
26320
69013
30246
26739
46628
54929
75745
31399
5553
3102
60498
61619
12478
65002
41448
74747
36764
20380
50799
69634
47038
12431
47326
26273
62171
24364
50742
78839
73189
74115
17328
32340
42379
2912
64044
50739
39504
32190
16705
68337
71342
54147
70825
44035
820
77435
87838
9926
94432
294
86325
15481
27592
16298
5428
33435
74834
15244
21294
55861
75002
46268
31102
85008
9003
28653
76802
7306
6352
87900
21450
22552
56707
23094
48040
56866
22094
57013
78338
33557
22166
8881
80074
94562
68430
61138
65397
11695
77233
19228
78561
45180
19480
35497
89145
68933
99372
32555
82335
9577
56751
10568
8872
39826
55900
9704
27813
69234
74081
30330
36019
4795
7735
53352
93557
1574
31740
80214
16319
15562
61673
72249
92274
42847
75962
44729
94984
18472
76943
63397
82372
53463
49201
90724
83662
96076
82208
30210
56146
80873
79842
60932
11905
58894
93439
38250
67550
45377
55276
42013
53083
33726
16859
68584
2671
75242
38525
48581
52218
15460
72719
34662
43550
70980
76376
43977
78804
32953
35476
64059
89558
69911
79114
52373
62688
87506
70568
61047
37316
35339
39515
97716
11173
66482
53437
9293
29503
26322
58621
92717
89083
37766
79954
83045
97747
42381
71136
11249
64759
4677
41727
38201
3927
61317
91404
81451
43490
95625
83172
14394
64217
86960
64282
90234
69700
71894
5486
84810
77319
3352
2616
67681
41604
55876
9783
1224
89567
67825
29450
33148
41074
67766
17227
91763
2992
96846
84119
13224
63298
28488
79517
7516
56487
13063
27007
10069
26526
73311
69114
56641
83078
1342
51631
9044
46444
48153
61932
20751
50047
66864
64762
35044
11892
62283
95377
41294
16137
43509
55389
51719
89547
19154
45610
11831
57446
42213
50804
63116
89519
48594
86762
46252
71659
98751
35684
20721
19721
95365
67554
51287
92366
98451
17493
56252
20834
73131
34097
26161
29986
42559
91464
88565
98287
90513
25119
50236
21823
99612
26846
50933
12939
87834
35820
43019
95
44765
43048
79019
61728
4820
97723
72679
70172
57243
2635
51872
68107
88601
7311
24047
22826
58511
56125
49978
82501
59227
43857
97640
26757
71135
40823
84800
5348
90792
57744
56490
4429
27749
30212
62882
50971
87757
42041
57544
14228
96705
80419
33601
47683
85084
10111
17283
61277
66039
93230
72155
37417
68373
12606
468
5773
79663
85739
48462
988
76771
95000
47250
27936
63381
65416
27375
50160
54127
45323
97621
96263
30714
56802
28707
5464
2275
4270
35078
83321
79770
29045
60556
87923
89349
71262
19697
68283
65980
60446
24837
72833
39335
2266
89641
72809
39861
28560
93531
62657
10382
14014
78799
22298
94476
25729
29311
36378
24471
18118
26914
89794
9303
22669
54412
12021
56993
35742
10777
6334
57137
20257
1073
23407
186
71350
30791
90394
39833
64142
77450
61499
75363
29711
37110
52542
23887
3569
89808
92605
22585
6783
86441
31901
37320
61971
22101
37774
79173
11719
87510
47085
64303
89577
9473
23601
76676
54240
63544
29934
57331
5289
97617
47731
11297
47646
7496
34564
16531
96702
93579
87660
92971
51195
58763
45381
65411
712
22086
45540
32380
32960
26915
79676
18219
30658
52914
85908
55646
42243
97273
55597
16171
11428
35650
60733
76629
31573
2957
26348
73030
43651
97987
68978
73525
70674
2703
36708
57202
8754
28337
65065
79806
25825
57435
9170
92723
37845
42515
27379
50649
42899
21532
84406
71823
54724
75254
14179
96679
2435
76022
51667
99320
60384
84511
14561
6206
10225
83988
96049
25760
82516
85692
76458
27920
79641
11500
40056
97140
29757
79244
52810
16135
43921
47539
16628
28487
38954
40655
19832
81906
81301
49972
10350
87205
827
35926
69478
33409
64035
79135
77648
68521
27492
14369
94866
69748
69529
64065
69883
77470
32510
15337
72802
91386
86912
76572
92901
39803
77221
23499
21439
8789
74936
11106
44588
68707
54409
71890
95866
93988
88318
74043
6035
6909
63276
32950
96201
3549
53420
75138
46964
11946
42583
92725
40616
91086
1577
22085
56978
21193
38124
82454
18891
53855
61646
27759
23237
98912
88171
84880
70390
26287
83844
28714
4495
8340
61669
62132
30049
71355
75245
44546
69100
51170
13962
24761
70868
35303
88472
23053
669
74865
86771
73047
45224
2280
7993
20262
47694
9125
66839
99916
41247
16014
14890
94496
16424
79524
94511
83425
39028
7301
907
77987
46762
85718
35484
32473
77230
60673
47119
13661
61000
85547
43348
73828
55771
33832
19104
93008
51686
46066
55551
41077
2942
34519
71302
85521
51128
52481
91731
57263
10541
36506
35824
4305
16038
1476
70298
56233
15344
59575
81015
94363
91755
82566
14151
26922
18177
7875
50812
41112
39069
16276
35165
15578
62934
43850
93078
83555
59617
22145
5814
73563
17114
93388
28110
68920
50457
34020
62939
64157
43618
63226
66412
44564
13355
62704
63514
46527
30287
73217
60339
34361
40039
88373
73634
949
9307
67057
82664
77117
50256
50922
15579
79217
45313
26462
3885
72232
82293
79682
67771
12592
42315
61060
37379
66263
6885
22261
43166
62339
38219
46943
13287
93620
52428
77868
1982
37168
74525
18457
78738
8638
832
58414
1519
50988
95482
52859
25611
1873
17298
66836
59702
44555
11343
80472
51230
28855
54882
47673
17754
77369
38286
6371
57498
65584
88912
99146
80338
54669
16331
59213
91929
98870
8748
10150
1276
54172
43129
19306
80026
80748
9797
55559
44289
24566
1561
33437
38780
84484
32919
40046
50731
68888
32482
22030
52623
37824
15545
77091
396
19461
81075
85772
50783
69702
37010
20616
15274
38510
79484
27430
26705
23796
686
27963
5303
49564
31056
37803
11456
45172
94114
88551
58372
15385
26787
69889
15661
76730
85751
77596
11845
2945
25711
95292
73862
84633
83182
90892
47051
46939
84509
7113
69352
9048
92619
16728
68857
78838
90484
90541
54529
79055
22497
85104
99325
58761
52004
75527
61973
31161
58950
16204
66128
93915
42724
16347
10178
38881
9363
28912
85698
37848
2064
20113
59736
15040
10250
37619
18958
70676
32104
23478
93804
97291
2258
22995
25222
80631
35095
3796
30172
52354
63111
47269
6940
12869
79509
72452
29761
23599
63843
89256
39811
39791
77602
58628
32757
27463
47323
34181
30111
79938
83250
31277
33788
73952
62034
54198
28421
10413
37105
46077
54550
11643
49779
24487
78865
68555
47507
41995
97801
93231
34499
64772
93550
3277
87866
47548
94340
32802
7524
30123
12899
8397
18593
94853
55848
53266
40020
56781
87731
21329
30339
87907
94770
94211
48946
54490
39544
91442
95100
78117
144
92367
63579
77250
1250
89147
11234
62500
9118
21113
82334
26083
46815
53600
62424
9100
24866
81665
20965
55038
22375
3903
22977
33555
19633
49957
67605
68195
747
13843
45095
60621
19309
30032
41622
2834
20680
22381
85948
46278
56442
46580
4085
18146
52303
15559
53046
30129
19571
33615
81258
83345
10239
68855
27332
52816
8785
27109
2023
43729
98685
83567
14554
76706
83916
72993
61154
8277
52211
26274
28144
73402
97999
46988
25746
53359
927
80895
79239
87853
48856
38595
40978
51259
61233
79070
93897
38368
31220
23057
99468
34534
74581
34936
41761
12078
86349
11702
17806
11728
19313
21784
17479
10767
41537
10013
40260
59436
14470
11514
66055
83583
71525
87955
35429
20484
87465
70165
91200
44553
22369
81647
58162
14321
88347
33864
68601
29173
10102
19799
21478
73041
94447
51528
91825
47324
41929
65251
66946
26529
36648
53049
77782
5239
67838
60461
91221
49846
66894
80388
15790
13449
82104
78811
1523
27894
64393
60091
55404
2999
80499
50801
27272
93092
12892
25293
95752
44525
44668
71321
13177
10750
42188
33759
94291
51655
85187
74289
81195
80141
49269
24957
72268
15883
57244
95335
35637
22752
74675
35669
21387
73250
51656
86877
50881
10636
47171
32856
54528
78563
28721
76556
98865
52737
27648
1187
84735
22202
89718
79897
21012
99883
99463
57908
68650
51448
83208
37551
880
98677
66100
53267
36283
34277
37988
91588
70562
13070
91177
1193
80230
44931
48688
11426
82164
7168
45648
79828
14815
15163
52320
85278
39601
15984
94593
90753
39190
19788
54432
53904
90013
58236
35830
93963
19900
78918
44802
8496
2993
77152
25974
32048
59596
84757
246
35643
85148
3895
66396
2937
73398
30001
92283
75087
15489
9750
50379
82525
46857
93149
2423
44900
77056
51354
90274
70733
47651
25016
98394
69741
12334
7760
73059
24425
18033
959
25347
26407
78209
80875
47459
33201
25919
28601
90974
69459
80733
40512
31165
40612
9245
14930
45755
85872
20547
41476
80949
95614
9365
33312
22371
19591
7142
20970
62625
4194
10801
56818
49704
47415
97763
11215
64263
36003
41323
18760
31008
79425
86402
6157
21587
76324
28780
92806
91262
54973
81887
59514
5503
66378
40819
537
84763
75398
69063
10720
71866
68944
38361
15461
91782
76116
47420
35628
95681
62712
80542
31791
6078
68482
2041
59301
24811
36581
56267
21708
88549
6884
21385
54149
56332
83531
28525
80780
57533
2906
32090
41416
59463
96931
91864
8845
69510
27330
39281
95043
47367
63281
98510
91190
41464
52617
21818
11539
95629
85208
47495
94571
28648
88899
40990
21894
986
10981
33261
32761
33247
53022
74492
10795
75151
70096
68505
57281
78157
53431
89970
50093
42631
20852
36191
89214
36812
24511
77482
21702
47950
13894
67999
31475
52324
11727
78684
62768
20785
99905
16371
79015
41034
85082
12494
83209
27931
54241
97438
27718
52233
50254
48016
34063
95586
65277
89914
41939
56589
90596
84623
75784
86911
93808
65856
75334
43291
38022
70582
94842
3094
87943
55008
6364
78945
24663
65894
87438
40535
35934
58787
5150
99915
69017
56043
45511
4268
39355
94569
13906
88132
97672
12546
56581
39625
4426
70373
82285
13806
47640
27031
7520
78855
47759
30078
18939
66321
52127
94861
45471
72948
34001
31539
51434
29078
63388
93546
67336
34708
27460
97526
27429
59954
22072
88233
34255
82593
29838
54702
93516
65184
57564
42189
84568
84667
55282
96191
96512
249
10175
69485
47041
58711
70985
5657
70725
48970
90136
91940
56064
9669
45245
61089
84103
13435
93783
74077
49795
77226
43819
74122
14267
22864
67914
95983
66797
39418
47650
69983
47488
11282
71519
7343
73117
22033
60464
63046
57626
93306
76550
14004
59341
69432
9857
95488
63964
82606
34752
89653
52814
26295
8
69724
85390
3967
20379
36743
50901
76896
28910
76140
60982
89771
12408
55831
25556
20878
25683
51127
30780
95721
4965
32492
68192
50762
42460
36069
32619
79892
44487
2995
441
60902
23035
4743
55682
39375
63533
35177
51853
61706
4151
21526
95424
26602
29464
49542
37695
36942
53806
64084
98214
64966
87116
23933
64205
52768
20396
29996
16652
54065
85641
16017
11638
19567
43296
26438
71478
49903
26325
63959
18266
24912
2179
30697
22719
89515
26680
92722
41900
40112
71105
80066
4572
79157
99390
1467
48795
81516
65997
4395
8127
91709
25110
79543
68721
86921
58782
50007
75537
80971
39659
47410
39119
79194
74735
63618
19462
76342
80128
60871
82777
81018
91415
24618
72539
64389
26581
21779
21289
32886
28504
74139
85794
84036
70200
24913
27944
85503
57601
63295
63976
24135
84914
25584
58150
43790
43496
16036
84174
11669
66914
17495
93049
82958
49186
87590
62024
42863
51126
66596
45550
47541
24800
24682
7548
68607
74128
47002
38978
24507
91401
20870
53289
77573
85759
67354
83191
85003
77628
52473
88643
69670
73053
84526
90389
64697
68966
69824
75345
70073
66851
52410
38816
8611
60052
82328
95017
53178
75570
35271
28169
56514
34540
95966
95631
52091
16724
11182
9896
33297
12942
811
27282
58924
97180
73083
53472
38823
9569
38348
11822
94580
73965
22911
30458
35864
28522
20231
24217
4212
22427
72306
88794
6048
29559
28607
53731
61490
39064
48250
89486
41409
9198
91169
29821
70275
83339
80016
34471
55385
81859
25022
79416
83341
573
31910
31423
96372
1524
66379
23495
9880
11325
45656
56281
94747
90335
58376
70283
96839
4556
66275
43447
97944
46489
11707
67010
93846
65580
32549
63944
26138
90205
78072
18502
83122
22008
72386
11605
83767
48096
64921
48338
87774
32511
74037
51717
98291
46882
43556
17120
26281
92030
81028
98634
28593
96248
23138
64626
37521
48469
47951
76822
2014
53390
12557
48996
61737
22560
93208
34610
72069
51738
66579
83634
48533
27160
37933
65232
37056
15632
74802
28010
30440
98317
77284
77180
92012
44323
3441
24874
61103
31155
77112
81893
55003
33984
66341
22858
28078
88060
49373
4861
58693
74593
54130
47447
22601
23368
51920
55584
94043
88323
8606
52342
10762
23525
33528
36928
47034
70026
70325
99410
27469
83698
88519
18182
31490
2806
45810
9035
83181
66455
95967
47115
95811
40684
22852
33665
69573
62319
82532
40315
18167
40161
28956
88050
42662
21817
73779
41808
40274
1106
83679
30114
79071
2365
80736
32137
34242
78987
36313
98983
49467
18089
34660
18369
91206
54729
37184
57088
24998
70000
38173
75263
15087
40446
13430
41740
8104
53834
89864
10344
86908
16560
40174
67359
60575
64979
77318
26472
94610
39110
7695
64076
44342
15494
85743
27869
18024
48672
18074
58107
91088
83792
80469
47834
49334
89687
75112
44057
28151
93336
91197
73263
27100
1899
37762
58867
85833
63466
53969
98609
96199
43562
76060
33575
23718
75247
55426
50870
52335
23256
51699
79632
65874
40710
14777
16043
97436
7264
65026
94336
2222
26019
36534
64317
65164
72596
75544
18589
94538
18716
20052
15373
34468
76182
15838
47365
52995
55136
37589
22200
25868
99687
66257
19888
81727
82698
7080
71987
29002
87005
1836
71888
77269
70878
36586
43523
7144
39381
78623
89991
92925
53909
28671
27748
92762
77576
87220
13521
16464
80747
24003
28577
56492
69424
4500
73987
55419
40972
80813
5645
48899
3618
9213
80614
31432
57872
12329
18221
69664
5843
70637
42585
61162
61586
7261
19827
27730
16370
74332
28750
80574
45234
63757
65191
92126
545
4894
48197
1128
36785
88879
80280
17813
28471
31148
2902
38056
12637
47555
74967
20318
42211
74570
50958
61553
44180
92644
93114
20420
95373
85481
407
69472
10987
38405
42689
49664
19400
30447
63050
39079
46504
43716
55277
36930
45736
84423
76472
82948
57631
836
3937
80827
82429
41821
53761
70846
86731
72038
3696
44863
57740
11134
24683
8390
80605
20348
20744
77037
93590
27372
8923
19280
57525
98231
99802
41477
92337
54444
59947
53985
39918
44361
62597
1522
7835
88074
15499
16219
77171
8269
8020
14347
56232
59726
10210
14594
26076
85907
81005
65340
48456
13988
18848
22003
51225
57033
66509
45853
49029
23206
17571
62997
44940
1880
4684
65758
20339
70732
77639
23001
76174
96435
58800
84458
92464
74743
15303
64871
96162
41706
60284
39849
6424
41437
59036
62729
97077
24446
49887
6178
30164
73427
3150
36146
96326
56974
73094
97427
33820
66118
9511
82986
60004
93251
599
32237
52070
9119
57793
48797
84033
33391
94197
58198
35163
58509
7288
30355
60020
1375
55037
99355
4729
87601
20576
42813
30146
81476
20249
48666
91015
95206
95595
55887
96322
89624
18187
33949
66776
37573
46478
97402
37237
52993
79613
20471
92232
99694
44017
69169
90247
82786
70965
14850
50337
55482
91845
50770
88228
43737
38409
17084
9418
80119
96943
15166
92108
39701
36196
62853
58309
31973
70572
496
6817
90173
5783
1951
61819
33100
51356
6681
80451
37914
16334
33434
38977
68673
45944
48316
34616
92540
7143
80933
11653
75420
11092
72826
35020
27775
48085
17243
36784
54450
63499
65595
93662
334
94233
78433
26640
18898
86613
66067
14373
31671
48185
61722
25840
85995
25774
40389
50125
73177
11260
76993
5827
35422
1457
56741
88632
33352
42506
18976
71353
22734
83283
77447
73941
40893
38393
30841
8445
65233
77643
41974
34302
47996
62389
97528
54102
88803
92670
95770
24415
65924
96909
30010
37187
84490
58350
77238
27601
20821
20174
6598
67643
73255
27710
7090
45325
72783
38146
94492
84128
78155
71250
5330
37409
70537
40407
93073
24354
50626
47084
77080
6622
79192
64805
92175
45048
14521
72987
33093
90423
38694
733
14323
6951
11687
71233
94831
96323
46237
81256
97173
73798
54672
80140
66496
36622
96936
39103
6756
33781
64128
72461
66998
90500
49819
47203
64437
72130
93464
81691
91535
33227
20661
93659
30487
49188
9513
9050
97558
51421
15112
22543
16070
41907
24799
18519
81550
92598
63000
98019
6623
20432
9777
44881
15382
39860
89124
7016
77074
86023
68154
72966
63424
4802
65151
91627
84999
39664
21327
92505
65175
63231
28818
9159
85303
64183
16165
34387
25392
22158
42641
91400
79013
14038
23880
38045
15157
77714
21081
91622
73433
3956
78759
6009
97586
79968
90786
68452
27919
1677
30142
80430
79318
22630
7839
45940
28882
50390
60981
42969
51545
54196
2970
73088
54456
35724
29211
84522
75767
70529
28553
66666
37929
78930
55603
74246
74638
51541
74042
53371
97335
79714
23300
1368
42040
42788
718
68435
99799
20371
69677
59194
55687
62462
94727
56019
18020
39350
3564
62641
61661
80308
67865
41542
12650
59953
59955
89835
15056
7823
23870
22341
45090
14459
54945
53323
81767
21782
90811
64346
13341
42606
60764
80420
1194
56015
61882
76952
73615
51999
43003
36352
33578
53895
70938
24095
84164
41567
13293
21254
64560
23651
29943
89286
92496
55286
34531
31591
13326
72613
75606
28937
5905
57242
56669
41670
61817
63091
55474
41308
26804
24646
54935
39697
2996
97855
52210
78807
60821
47496
4608
42868
29595
77000
49364
66873
42227
13669
82007
14957
5734
70521
95181
60216
92957
72331
51388
91906
85146
51689
72225
72376
27926
79560
43138
61628
28493
68813
61839
36446
74358
37339
75758
67840
33816
24218
53485
89468
81218
75526
26402
35899
69024
72128
76843
99265
85119
7856
1992
30986
80678
24014
82794
8363
29635
36723
98060
13759
28741
19408
48236
40903
9758
39132
18495
87310
37437
13432
79621
24734
49948
87235
66344
22950
61587
2424
31994
87872
48425
5453
47388
48763
55191
41968
71792
97729
36185
32361
44336
98218
95600
63335
20253
93450
83152
70350
28632
25634
834
62916
59701
46165
4955
24445
92936
18175
69626
21151
38068
49484
36438
94713
71297
74832
55177
53950
12998
4266
70233
76856
53720
78876
98812
5646
86205
65399
46310
22663
12489
30754
83543
65641
74794
87739
16970
48011
5792
69427
95284
35566
46667
24754
81147
61517
38228
90633
29720
51681
83154
33436
53180
34082
14075
41673
46477
10565
90870
44082
51262
11775
7269
44063
62913
29133
11396
96432
90987
94746
48213
63873
4060
75968
38533
32860
62228
89481
12521
45745
86503
91983
33719
83626
10439
870
24096
62242
30498
6102
69886
52852
82143
54024
72334
49879
55330
19974
59137
58341
11607
51021
10386
23717
4302
78084
92344
54565
95433
52875
68766
17451
34877
53065
33877
43984
69354
90523
27810
24795
64368
57494
18251
88849
12403
71948
9416
610
34726
79825
50795
1395
21646
76589
21199
51112
79924
66422
54622
43483
97985
66162
22147
88952
32764
69367
7987
90154
98425
41562
87874
67006
8856
55072
6513
99690
63094
96776
54511
45474
91552
70556
47015
33698
12630
99545
32667
99574
57620
19527
35506
85637
43188
79921
561
6929
98719
23832
17524
95249
35582
61177
97119
99005
44449
18988
66540
69916
21171
80916
13788
69201
64379
63332
10306
50044
44943
99596
60184
87588
43528
82163
98423
9384
48254
40888
40771
41756
78910
95828
91927
66229
50523
62046
51143
47320
16810
42667
92824
30457
98972
3378
87918
65071
62166
54464
80278
9242
1459
98988
17494
46402
10696
25747
25061
74531
55343
21152
83271
29707
81718
85273
25304
72379
79142
96480
80829
18449
20232
99587
56675
62789
40490
95985
81638
22835
58893
65083
61182
37915
49865
73000
51645
3633
27758
89086
61033
91295
1776
5176
71358
32106
98817
66224
56696
1438
28992
80229
1974
35921
54738
48891
78532
79097
61083
24910
2106
8572
57954
81186
97765
56217
7148
65284
89860
36353
10495
46272
61761
53093
56606
8255
10067
30824
46307
95243
87742
83236
94472
86321
78878
41066
41725
24533
86333
8293
54039
93891
82913
21496
23492
33359
72718
60158
90882
20581
26989
73408
82481
23912
94185
41500
79829
75777
39724
27038
42613
12325
72256
59916
71144
7848
2556
67633
63187
51048
37191
18416
58351
17883
84886
61598
80679
42431
74519
5399
20312
72700
38851
43064
22293
92335
67264
9039
21673
3197
22558
24399
82015
28915
42466
4061
12314
57482
1292
28140
75443
8562
30107
74569
33897
58772
84342
68164
90695
32743
99299
19158
7607
51275
38281
37668
80097
3453
84096
56749
92281
9266
25713
2698
69042
4776
33614
55060
21625
80173
64007
5474
32923
25876
57771
95067
52780
14776
24396
59542
15304
21163
72305
23792
77097
46292
48756
8148
20589
5253
65565
56809
9238
98892
95699
39735
7784
71138
42796
87975
33411
30593
90305
48627
34033
56199
32198
62580
31826
86950
77481
63120
1688
92978
56349
89973
70664
26827
51899
51317
18814
79835
6429
15857
53748
58287
16093
97349
68995
12579
12871
57177
32520
73297
93239
96754
13324
27092
97347
90658
26216
78749
24414
51976
4286
70186
8253
60135
56736
43600
66465
56147
21255
91851
62733
51311
4242
98332
85870
8068
78644
83587
90412
71266
38287
64355
44734
68976
64589
85243
2629
48057
19734
41990
55353
50544
79778
81342
6848
20135
50774
70561
52314
850
82152
23194
82831
87219
55557
52111
52356
18559
32788
77543
36488
19376
6267
14328
62697
66420
6527
31113
9145
57598
52528
34114
28804
55225
59489
34613
59094
37611
75664
58053
97157
90725
26283
19578
67347
55458
72394
78824
51930
19586
45300
51622
11584
94041
53098
21674
43705
66830
2364
53308
15260
29538
57004
43073
91077
59687
77098
27248
3118
27530
32410
15535
75193
16211
30955
78032
43304
23047
62432
30981
82592
95142
43992
84594
30503
32595
88947
24367
66484
97616
7834
45996
96554
14210
92785
45372
7415
17441
22138
77862
57079
63128
48936
26583
83731
81677
64334
69452
51113
33379
71120
17250
5813
91216
72670
21039
31385
89855
97492
44420
51582
90962
68902
67801
49342
24232
37001
2126
94752
49778
52952
94419
9957
94678
82477
66512
91001
90776
79965
49089
1991
92883
31911
75406
83422
27217
14421
61476
56295
49431
82620
28023
63748
38142
86717
26486
88430
81264
2708
9938
23010
86942
55248
80132
4765
67103
30777
40541
60721
19137
1267
32385
69291
25828
96075
52383
70019
12259
46535
31205
75762
72759
4255
90348
44571
2235
94564
68132
1356
95901
66955
66381
42137
36080
15061
48628
67556
65526
14249
2227
8714
18909
41730
44528
64082
32977
36839
98293
31349
14304
2422
20482
1809
11682
3677
49871
91225
67041
70133
5932
98269
29518
30863
46823
76244
32274
29352
64950
33546
2387
18827
21671
91096
40516
53857
11934
56495
61881
36041
5139
46413
62306
63844
80331
2473
98053
16678
11254
28899
82230
40487
57835
45641
88105
44930
74649
33423
83100
52807
64656
94617
34538
63089
28551
67874
17305
47125
21322
34379
57017
78062
79758
56520
45183
31280
48261
70555
87632
61790
96735
67061
13755
15958
31800
78890
79008
2454
59345
25422
10432
12689
11560
15127
45087
11401
97466
1882
35185
15800
54827
82483
58215
47578
66407
57951
94756
50005
15473
82105
64311
80095
23487
60067
72890
65494
97379
95759
8581
96106
48248
49014
95746
33810
96791
40027
94361
7816
59985
83273
21807
17731
94736
1694
6408
57368
99637
34102
21998
82051
63439
49811
85401
43907
40574
78967
54823
75780
73922
57251
84719
15449
7242
27836
45672
36518
42373
99116
36537
89166
79687
32592
43903
17002
55781
17452
38423
20098
59166
44750
99600
32614
3789
75407
53227
29680
56223
82918
32733
12977
38315
62068
17122
85926
95273
68847
73824
78271
37183
95959
55199
93396
113
63654
47827
69070
86577
86363
64430
94165
6084
9563
3238
17867
2826
85218
59054
72217
13941
31655
89271
57288
7926
50863
45138
69797
61265
67755
7602
9561
33275
24300
26221
75065
54547
75855
15060
99585
40790
91452
61294
94306
11729
46153
26603
40640
65066
51449
66488
43515
90667
22638
1774
96314
23991
81599
22712
51379
53314
27778
75057
38639
21997
88882
82332
22882
28843
75692
23963
68365
85402
55418
76942
96697
79703
41919
85746
94300
82212
51612
14467
47597
34075
40354
29902
17491
36270
90029
8273
12532
38644
57486
1192
59348
27806
96486
40411
31549
58264
83206
40420
68396
36267
59244
30158
61592
63911
83218
59656
58446
58416
42786
41969
54376
83421
57388
57754
26760
66561
55964
90250
30765
10295
64533
13764
60460
81443
22682
76575
37785
35943
12324
30499
30820
48720
31088
59404
71742
16685
56629
46182
37095
33211
48570
10908
37470
81885
10475
81995
30968
68861
95957
58208
41459
89328
59160
18823
40751
27918
53813
76873
72076
58986
91374
22521
99571
12627
40373
44188
78177
59798
23483
3126
50807
35007
52688
26003
60080
12639
94001
76188
63969
38017
28399
97323
22647
13215
19858
75024
33762
85959
48615
35740
28725
12086
64905
47784
57230
67608
76408
5470
10286
54199
14674
68660
9842
6019
98987
22963
14079
81013
59775
81276
90170
56132
14672
45374
35282
62888
33110
83738
7804
35299
95276
61174
36453
73552
68975
45647
28995
78518
59422
38748
71960
6991
2332
61105
30063
92164
15225
55944
72527
59610
53971
96922
291
72837
85319
4610
8178
23547
4921
58737
93511
22185
50006
34586
77842
72508
20704
91362
80301
44539
54665
95878
76567
13927
89049
3992
65967
61021
21071
39709
58076
51595
44297
97641
36467
66959
48962
96242
48584
17829
76380
32242
50759
87446
83702
52255
78467
41570
76427
77655
43583
14727
14300
16281
37265
22217
32209
59174
55576
44771
15230
79237
33208
19031
20845
29976
62708
66570
39595
80324
12789
78936
65272
51918
34364
40093
30348
81200
76584
13924
43455
74781
5735
12163
69856
30344
16719
76684
55875
36322
46983
58869
45561
69281
46618
88365
53889
55575
48839
36112
89197
32131
66123
64198
46490
59520
24873
95974
86931
27211
9735
83439
85404
95990
34339
45034
49047
75408
32191
72986
84083
33583
39470
83584
89319
99103
17101
52479
43827
5913
69199
51373
36249
32957
41826
64158
993
97109
28085
52476
24822
82355
36370
17013
41193
65076
34306
58382
57425
89073
17138
68057
75823
19760
93349
99253
41084
81392
31674
88927
84562
22771
72231
70487
59609
26587
24322
19206
50272
35126
13400
36729
42233
47380
6933
36011
91119
74058
28312
29024
47938
15159
44370
83749
32254
77958
59256
14413
43979
97791
9115
33639
12080
48027
3620
70843
86600
50675
87818
78328
40570
84137
4454
10180
48214
67072
94889
38710
64749
73653
91611
85704
12245
70728
94051
59417
93995
80115
30528
60671
79474
76223
91150
46526
23111
65528
23075
57003
74516
20801
33129
13250
40581
95605
63656
50558
2967
9618
25480
4501
76984
28946
28722
59140
14224
99280
91725
95893
25285
98647
94566
14069
66248
23567
45438
50528
48681
8554
81573
70006
11908
46338
66524
45833
82873
28755
1330
11645
23208
52631
16768
32299
43855
26653
83751
17238
96525
87351
24264
14611
20169
36814
63478
10405
85896
46143
45959
15240
61086
36288
32560
73331
37636
27286
27696
86862
62367
78020
45644
61638
72336
17215
67232
88049
70881
42154
529
35268
21382
56078
29694
40421
35982
9478
96327
13965
28575
98041
40044
53812
85022
30311
8061
3907
47885
91704
86034
78396
3395
64720
38323
96557
99648
71119
89543
29297
86471
82469
63320
2844
1501
85705
84361
20967
55021
82323
45028
52606
12487
78687
89109
10399
14798
52910
58
96359
88656
71191
75768
22788
41118
55054
29094
59091
3560
21156
53801
18921
16505
90568
66199
62470
48331
5919
39966
14931
87003
83366
77363
19040
87267
92340
50748
15092
53218
8993
70235
15446
47510
78406
75749
28908
46789
44306
71434
61927
33222
5003
34329
14193
87018
27769
67754
9084
40745
21844
26656
22545
21308
12848
41432
45855
13706
60272
87938
29418
89887
32870
39133
69105
22400
67379
22934
961
66729
17557
25402
75811
58470
59938
11745
55531
98023
90958
92254
68546
63580
25609
40141
33521
18106
62969
30947
44547
80870
96302
6008
93597
47331
81437
35115
11317
66291
17322
78939
96575
2178
4105
77627
13713
6338
54035
58348
34099
99322
55920
81978
13191
30115
94937
65572
13939
65174
97345
66948
77438
95739
42955
37960
46346
75135
30601
11335
63634
68702
69674
80204
76501
4084
24681
88165
80065
32390
10152
42673
32210
11036
51506
56126
26568
34287
75276
60366
4953
94546
51896
99950
71599
25612
89356
37900
98635
23273
82161
35738
97059
28165
25161
3773
33053
94933
69148
43898
75839
7852
10204
6733
99248
16119
4725
46648
35166
9269
31086
15187
76599
47945
20386
58949
1481
7843
70312
58578
44748
55342
42582
93826
62596
33374
66463
53478
49530
40374
54216
62170
99421
53163
96724
42017
6576
22478
57039
80551
16061
77619
13296
9545
70833
27720
21545
45775
27841
17199
13422
63369
28890
13564
31241
95073
90111
10968
86959
54224
96407
10986
35066
52256
59789
22915
94637
17763
73137
51703
29189
57643
32660
62473
83430
18535
655
18804
4397
52796
46887
32584
53883
10901
97439
29924
89500
41304
13346
9918
5153
33394
69515
85185
55055
48675
1683
30153
96073
55787
29516
8409
9613
7730
21097
44008
87162
57636
95865
49925
22755
68987
11183
43681
1417
30194
26068
29050
53777
14808
33041
80052
31108
48792
21701
60863
83497
911
20264
94086
28556
97603
79195
76580
7310
70029
84444
20295
51912
87130
99737
29436
87057
80714
60908
86967
68205
12526
70223
50263
64817
65054
35031
23676
42203
46833
32752
41571
64782
59619
88167
82935
68634
77917
37500
67441
44646
2833
44801
32893
59871
3515
68170
39294
11615
26038
89257
60145
74755
17580
84255
3400
89188
92849
80209
70455
73361
54612
86559
19465
92808
11970
23390
58175
71441
93317
4790
34513
33685
93030
41697
44634
91547
25965
19666
79314
59801
28321
37556
78681
63137
14061
47830
36017
95786
92570
90253
11436
78798
15231
21846
76742
73068
66575
24106
85581
53970
76767
79654
6825
31362
74894
85855
43736
19967
74774
74925
67725
29748
60978
99858
71223
16063
59147
6481
45290
55431
7799
15862
8057
21291
5590
18112
23476
55962
48411
55116
69200
9884
53185
29557
30729
46924
20364
91746
47986
4967
23931
98567
56860
57461
9835
64445
9055
47561
95430
41202
93364
25268
35748
22718
99449
87890
11078
58979
87196
78014
44028
62861
18035
71710
32428
91198
35560
86450
53111
56258
86462
16491
61825
66593
67947
51019
12101
66233
67056
83066
50972
50997
91439
89804
57903
83292
92909
64651
78049
93612
55825
4507
76066
15742
20096
57827
23747
11283
71435
52697
12370
83832
79294
5222
65017
31893
34144
42275
64018
98639
26998
37862
55941
19750
21739
2207
46814
40782
41621
49567
73864
79707
81892
91432
57713
47400
7966
91565
97517
25091
43272
27193
54849
48218
27881
17795
36448
46281
77950
58934
67134
97991
60220
58402
16729
13263
32655
53536
57844
17837
28108
59567
98174
71714
53018
91975
72834
97019
92805
53637
96905
19945
31566
20178
26525
33710
51016
43430
70415
6341
78504
91223
42719
17737
3510
71867
99706
21900
91655
74057
66628
6336
58813
61651
39908
63060
27736
27629
9812
15228
50456
50149
46000
57721
53679
52076
63948
55125
39613
74326
19540
49618
95103
63557
21804
60433
49121
50821
48017
16106
74094
47110
61626
61983
28758
54958
61970
38842
27614
72763
37060
94307
76199
26181
982
4037
78650
81498
81491
65111
55751
85587
96086
58197
19182
48091
66350
50198
84528
46997
3916
3455
74699
66847
98232
40657
33330
98181
6354
81097
63138
31853
72771
8168
26177
18149
95135
74394
84830
95862
96643
82589
98850
7755
61697
84061
93479
53311
53531
47213
84708
35978
29984
28735
46162
99082
44032
66208
5547
5410
99436
35000
11420
50940
57794
73620
4400
55580
25631
53183
91149
68509
39784
15746
26852
95546
46731
58442
41115
85096
63112
43114
23564
63881
35970
20730
46400
67601
82411
44236
94698
86493
21247
22936
2600
38157
40939
5432
10469
56428
90375
42691
14729
11622
75370
347
5790
96733
99914
92877
28274
34010
93338
44752
87125
17673
44719
92732
70692
65993
71639
86892
78202
31133
24940
3854
52529
20685
44173
46382
7212
42773
11957
4448
14285
65473
96058
72071
21999
21077
56311
1253
88752
35075
55478
67306
14297
42153
38380
88367
97055
32133
94647
59666
13071
39308
88652
26222
38036
20535
34076
87148
51371
78611
59283
17476
13094
78151
38367
61332
56496
64684
94668
86971
73203
75169
77191
36357
92268
79082
74006
62481
5647
5501
36230
95737
85709
8579
35435
39411
20352
1290
38127
26991
23200
27610
60984
66297
5120
67963
58679
36706
69860
25943
6565
67964
75274
3977
50250
91813
12448
32159
4521
66994
27136
22042
99049
3615
33258
94731
44219
88509
2560
57168
8472
49955
76825
92415
80289
13169
90871
38320
53238
73708
69637
77799
3936
25896
4546
87776
81738
52954
37067
15418
18056
21689
74663
24777
80710
42228
98965
53757
29940
90218
85061
48757
17356
71012
84201
49705
64978
65036
88032
90556
97332
4716
39205
86500
88184
36646
39695
52750
25599
12121
8840
74836
42943
2100
69182
49112
21567
11672
82311
29524
97356
41231
978
55442
37633
30926
81962
24063
7348
48737
85925
84383
16489
12796
6590
53340
53936
385
70171
45920
74623
1739
20120
91922
76082
2962
59366
7905
19374
79405
26492
92351
88466
26551
8932
49942
3993
65458
46898
92588
17650
90424
49284
76699
76515
71484
61066
83529
38717
62102
9139
40298
69679
12483
81603
8289
64799
67926
47718
41487
57148
35371
28892
7232
52009
37687
97522
44822
82836
97572
72179
23043
37006
45620
42865
56289
45133
61196
72591
65414
40933
90771
52627
72709
39225
70280
9818
72260
82020
2804
80951
11747
31773
22197
72398
38623
56620
43588
23082
55503
12502
81222
81377
6496
83672
75619
24674
65888
663
60407
6469
5972
9727
85663
5979
54097
19312
84370
51129
31246
30916
26730
49104
22017
55075
35398
5302
81321
66744
43841
29056
76826
30715
49131
61627
70995
2628
85931
60931
2213
46471
99184
45210
10498
81260
97739
63247
24819
45233
3081
1610
371
23437
24082
29242
13232
52840
59890
38684
72210
12362
93090
89611
63471
97557
30757
50956
82508
92975
70558
84227
96244
84928
67692
84638
44230
54857
32964
30253
70852
27036
56786
77144
33793
78957
45094
26756
98462
88474
71206
65658
13839
53480
63364
66451
12728
70986
60560
17348
57894
83515
54687
68428
15252
56079
95815
28540
34512
72808
2287
24961
56202
87484
84905
99091
41603
85553
69441
36440
46075
62944
60856
83027
87685
70264
6070
69682
96145
13011
5563
62672
56341
40869
43505
2161
53920
32283
70491
23979
28582
47305
90421
73906
36419
77113
57661
38625
68451
22492
56431
59549
98524
12733
38366
22680
88585
70858
86136
67871
67500
923
87324
90242
84004
91846
82756
91515
73569
43846
24886
71649
6613
49161
30450
41912
22362
79283
80847
36902
93489
2595
34045
12854
21416
24185
50385
96433
45673
5923
88981
25337
9183
65057
64811
10336
48072
30594
2308
91586
36732
75509
44985
54703
53488
64974
9202
34362
37133
86863
82340
11467
47681
74681
87386
46420
63393
18139
3244
52119
38964
35603
23265
77307
11216
43672
28216
9907
62134
55813
47529
1618
78103
56515
5567
92793
50303
46089
73154
81336
77839
80612
65462
56228
20574
94589
78603
21666
3442
92712
56325
32998
65958
15023
72557
28898
85456
73848
55488
67025
12717
6957
9324
59009
58119
31575
62846
65375
83475
24093
47037
56916
6032
22594
25099
80995
47098
94974
85334
5759
28597
81326
45136
18903
88913
33896
90583
29950
86980
95213
58980
43353
92452
32030
82564
58425
24776
51102
27923
31279
6187
33917
18583
11424
85898
20596
63095
18283
75391
57302
3702
27613
19898
38617
39117
29685
82687
37690
83865
82044
31517
65497
65220
15659
75212
9366
92782
61411
95186
78725
6764
33071
82597
70327
99483
12270
18429
3695
93455
74778
90099
34266
14680
9250
89520
2637
46570
14301
59758
50829
55737
21080
1737
67911
22760
52866
375
60701
44996
54683
97494
93156
49812
46249
58438
55958
1848
44106
77210
21819
93218
91592
23496
40653
96995
59496
9199
64420
50348
13410
66083
80427
96197
64214
23162
21650
96135
94683
79793
73550
45259
44848
73808
84675
69636
87611
15207
49402
78889
26910
77898
39347
81870
85403
20562
79721
84462
75162
12799
68985
98243
89311
261
60757
39331
6441
74847
5635
11222
87870
38638
53298
73785
97967
38607
88107
5607
43972
32252
63145
56619
11332
891
31247
81958
88345
16449
64733
13152
85440
14406
95088
15978
64677
62824
77809
77486
77503
89647
58490
39722
59015
70856
39437
36369
1955
33332
22135
60518
22609
37313
63936
15094
93449
61711
23006
38284
11005
83097
6760
34086
98354
64902
33244
48074
97968
9717
90053
77846
32685
51231
50981
41895
44524
43554
19746
15575
62795
10740
63530
96059
28125
39164
99942
37430
81226
50283
32227
81837
99286
29395
51683
86709
63776
95352
67628
37398
78822
78830
27681
23227
18790
95162
98620
3290
30308
75025
87743
85796
22189
71989
82482
456
93822
23473
14216
34231
39505
52792
94250
82638
5385
35671
43567
77229
17034
61908
51282
27266
90624
73129
91332
64376
76278
55767
54655
7005
12114
33672
65587
19468
70998
79317
42280
23469
61405
48784
90728
97430
69107
27908
95888
35068
8870
6307
32202
90813
11624
643
60655
33569
86554
23117
24266
38703
93314
58807
94093
67737
92333
42807
14544
89505
43035
88858
80669
62686
87285
12782
53867
27734
20216
42021
83905
92010
78663
71414
73876
56483
3087
28738
51697
28664
23293
24100
94195
77737
33768
32225
57588
7813
76821
31345
50925
48608
26638
8007
55715
19361
50581
34805
15706
44359
26905
39541
42765
77425
34745
14251
79341
18062
73918
32926
72033
15516
57688
80494
53056
56877
18076
18330
25576
42371
46773
63621
82779
43663
51905
89010
19963
14479
17251
92124
38141
38282
81452
52603
5193
64927
76992
83801
28080
15282
63045
61160
17739
3054
5272
944
86385
65000
64280
33968
58983
22666
82632
16914
66116
49523
95451
54460
26605
5070
80607
44291
53428
54730
632
75941
42914
25363
96105
76232
22886
53589
22764
76689
23219
75627
28131
77992
72396
14616
92196
14941
27331
75158
10666
26725
39700
34253
79159
19057
79273
43569
74984
83720
28162
82876
64984
41442
9553
6643
75352
33747
71677
41048
95626
36256
38734
12178
8297
50683
9248
16492
68929
87855
65988
39402
45804
4567
15663
46147
76509
6694
65991
61454
17617
39278
63409
13076
93956
17424
28280
62250
15870
19521
79818
55200
92016
67076
37604
45956
34919
1255
42175
2687
70937
89670
96551
60963
60157
6542
24375
91641
10406
97565
69707
44494
72403
10447
54342
22257
4938
99333
10842
70875
45299
61102
82526
38814
44777
38958
75114
47802
43245
23853
17758
29553
80091
19998
83328
58032
52453
49784
89386
64585
84922
47770
48579
39506
28388
2433
1989
78052
31929
94430
60005
30112
99847
54323
63638
81938
42772
74030
60009
79033
69450
24432
55378
72390
29607
13572
7498
62829
90567
85339
67137
11289
95948
97382
12576
99014
97209
69421
12175
93378
88218
82901
85408
18431
39662
87621
90148
72644
13155
39806
91135
70800
12826
2669
21134
419
89194
30864
94598
23625
60133
5221
90702
70027
67392
6053
63073
20609
12671
22751
95468
37242
9823
50982
41196
58909
20546
87433
66633
52072
61793
64302
45045
75942
54890
96677
77769
38351
27061
89402
30307
47509
57796
40864
99493
6945
83063
94592
16815
36180
1646
84762
63903
73495
78481
39298
13072
17421
63037
33427
20964
99930
4701
34639
23527
91280
72046
80684
45526
59690
7625
56150
81780
17407
51198
89847
5012
82206
92558
94650
35714
88213
61833
33195
16381
5506
95917
94560
14774
87610
73175
81240
95654
81922
54590
27838
57843
21614
75903
30052
75504
23249
43208
67577
87963
75273
71910
25327
35132
10963
45400
99099
43513
1120
12935
51937
17341
60297
33377
12417
47094
29442
94586
74505
11114
64278
7278
47974
54380
54328
28990
87707
13424
8522
71883
13533
73545
1846
94734
13616
96899
93288
78105
93381
74262
37121
34100
54482
34806
7704
53506
6333
72571
60760
68012
5892
57203
99872
11446
23850
26157
83883
11803
60315
71169
12999
54756
44784
81675
68952
97107
18332
84563
82324
74093
47490
61655
31555
62988
19599
38544
27504
89815
77516
50880
30471
42335
78408
78391
33500
66938
57428
64360
8891
2790
47008
32612
54623
7946
80437
27882
92146
99427
85939
61114
87998
80647
53989
32715
64296
82996
55341
58982
21138
10513
73949
73614
50127
89663
27342
97886
23421
37134
4685
60456
50487
84780
28416
77597
75315
38636
66699
64570
1038
60892
67920
48916
99854
124
32885
6562
60402
65820
40204
43727
27787
88350
87064
81268
17276
9740
96285
50307
88303
39382
2903
74063
99370
76008
55540
83199
26643
40799
81710
34313
20689
48994
36875
99203
39072
70731
27704
37630
83930
39499
75851
52567
92954
31040
50789
10431
61699
40589
5487
97957
60253
20939
4895
72089
47628
30214
87587
18509
70631
59537
74960
4843
34748
45805
21108
76893
40017
40117
5090
82528
19696
8008
24051
20055
97486
83592
22899
32039
64189
20425
50402
31652
82176
72883
26144
70177
76665
84350
14870
69181
95218
93722
45548
58773
14274
85720
51723
53454
53032
7965
25619
27293
53230
14169
17621
99771
3933
8467
21753
14574
54417
34688
90132
22079
46188
70050
98999
72409
63658
62549
97146
83007
80044
65051
20414
14763
70958
85848
20588
16470
34297
50325
45795
80417
30084
9407
65511
48730
70952
54431
14599
77332
89592
89554
36588
34439
96713
95826
73215
71994
1976
20209
14639
4919
44944
9687
68304
98918
5267
22523
36417
69913
77723
7733
17168
31192
86489
68610
87700
48760
19276
98028
9609
19658
59
32160
39653
51571
21707
46557
83037
96461
54371
91935
58362
5877
32762
48897
22616
7868
68922
97263
75858
52643
73043
27400
80973
97329
17332
11454
95380
42433
8267
64815
56995
11080
9966
38493
31829
53524
64887
14738
65928
63026
88319
41114
36820
75368
85561
50374
1485
59713
69943
72879
71000
35140
28331
57473
98026
1629
47577
89368
28007
99162
72886
13275
76999
72410
76447
3824
74484
88960
7653
18474
40854
90888
32172
83486
94798
48588
71876
48622
18108
41893
58250
45423
87036
78577
40567
45809
84146
7300
31366
94514
98050
50791
2963
72609
7258
74270
80185
20350
79059
91835
25879
86913
49580
48319
23962
39277
63486
38212
36598
40912
96439
62638
9787
66423
48714
71476
22010
13748
32806
42974
1102
43811
35992
88081
50332
4893
14491
78942
83508
4008
83590
91172
78278
9674
3429
5305
48485
54310
6871
59550
60352
59316
51306
30442
41724
13804
50629
10081
36666
43665
96175
54884
63812
977
21015
58522
10572
88961
51722
22236
61554
97130
67599
88846
89542
84363
22436
65883
89458
77124
1696
40601
2096
40317
5573
18703
19715
89473
65772
16244
19235
76051
94168
85592
62754
96264
75547
26543
21375
65426
41765
87539
24738
23583
67355
56544
69157
37631
24269
95371
25134
67322
99792
64486
57977
96806
12628
83155
65317
93412
65927
66443
95159
35221
91443
3955
49011
84808
26475
35990
27112
61898
4773
23859
52731
11621
48418
4613
72838
53651
59439
77882
62128
492
99027
18215
34718
96509
17681
80526
10745
21225
33794
95922
51215
83204
53367
9524
59568
61526
64232
50338
58882
53588
90308
81819
5543
97653
69904
9405
29867
22970
57739
85039
64395
6572
402
54448
68871
27222
28055
10905
31015
98185
27017
47780
71520
79817
3614
33166
19244
24650
96522
51490
26191
62540
1867
28099
19627
41275
8828
50624
84537
24055
86914
98882
14933
3423
84990
54625
21582
62097
14456
27028
77241
67416
61531
91050
52614
17144
20017
95897
78185
95005
97351
73845
39223
7637
94140
72874
37094
27549
4163
16493
92784
64294
12051
70815
40479
81623
45451
39229
25090
70032
29995
62181
6963
41071
57314
97835
83532
61436
15015
29347
25383
11357
69174
56644
30379
58864
62790
5389
29985
42705
69420
43135
29036
62084
13107
89909
34990
1626
4515
86304
5906
70563
45860
66099
90748
87228
70744
10710
33241
94303
46562
9496
90662
87467
60508
33514
53038
65200
48455
98599
67512
34762
49139
16051
94753
82234
25689
11439
10578
30587
89531
11802
7519
46961
56018
46794
17020
47905
22188
91944
82560
32217
61921
79470
85552
27857
52795
50726
26405
73714
4299
72905
47626
51533
17410
55117
99050
76308
96822
13097
12529
66811
15602
81649
50081
17707
35760
26700
57197
1455
91420
12484
79434
53520
1529
48150
10612
77673
62420
66737
17406
47836
96205
91428
21833
85804
55965
68292
40107
78981
29806
931
10895
40701
16857
50582
31267
31768
22118
78545
91844
33070
45437
57115
9320
83745
52207
49326
83903
3747
12165
66404
82083
8507
86827
11324
13456
34238
61261
17176
58749
65645
94067
4069
94745
20383
27476
58345
61992
35573
47705
65699
37634
37290
78566
46364
1124
65701
81375
96358
96536
38772
64443
96820
27624
30023
66147
65033
54916
54586
65886
47372
43678
55925
44318
52294
50306
64374
95007
92854
13790
93025
21974
68142
93567
15168
7047
61667
84770
80011
26552
13475
18553
71927
99535
9289
14861
66013
4145
24805
4473
99962
22727
23555
52067
98198
8358
25033
97506
45997
1890
99598
67722
33836
7904
22711
39202
14799
90174
76002
44280
78780
64108
54183
5576
18226
61497
43667
44083
26506
13371
63784
15276
1178
47140
89301
22624
69997
56849
93219
73556
32402
57240
40652
78495
27241
36599
62769
10871
78980
53910
37739
29059
93304
64791
8705
2320
5512
47228
49501
87960
1104
32791
10544
54850
19573
97029
86825
72680
66849
67154
42712
4969
43619
87657
9964
42681
79929
36517
58216
65212
64983
50453
29511
87576
98256
80107
14388
80833
95583
21034
93645
44686
32272
21085
20097
1802
58055
79204
18854
48934
88272
42800
5724
1173
88738
97324
25179
84856
55657
53674
10668
38908
74089
57028
81863
41239
822
90722
304
61064
71933
7931
71335
28133
85316
35094
18635
25081
12844
18925
65901
45654
84067
76422
35424
92630
99742
38641
64597
63507
1082
65097
5826
83171
7314
25851
85726
39981
77827
79399
8196
95140
3093
3604
71898
37223
60829
50865
74441
46607
70054
28894
72952
75936
66794
1269
50273
64823
83223
22097
90582
38374
39556
92249
10728
92357
30165
18291
92239
31400
41695
93761
32239
81973
71496
75492
70581
39189
60988
53509
12007
63200
34341
59741
31368
32182
83466
20941
97499
16981
28292
99360
97772
41233
39589
20509
96221
49100
10354
59992
45873
3031
26057
15814
99599
3209
84344
48662
48583
44868
91167
96879
35399
47143
48846
99165
17295
47016
28325
53145
12413
38925
67618
66
23761
26064
26010
84497
6325
86609
39210
1297
35071
75251
27642
46839
79762
81322
1973
79050
2591
91762
83980
9637
60413
95259
27340
3673
56073
75910
64594
82414
80988
32524
13461
81620
94779
10730
17213
86778
27900
84797
90548
15045
92582
73560
49576
23291
44331
29037
70122
795
86420
10448
77658
28119
80429
35999
41496
3329
78595
86206
16433
21494
96685
91902
68677
33796
10323
62880
18032
24045
4051
64210
48850
19620
77676
86873
70259
52283
56472
25051
15796
5559
69146
55035
30588
45789
84058
54629
36143
63940
29767
51650
4646
2968
81486
49570
46517
289
16992
71171
30917
63860
98127
59011
94372
75372
230
6393
12772
72064
82780
57455
50358
2511
46500
88082
62499
12241
49309
24191
72697
24986
9873
6872
45573
55250
9138
24356
66328
49915
25887
32275
79887
35674
61513
45357
99152
10266
13547
34565
93548
28056
15318
94251
25053
88090
61500
72792
43919
22901
31410
76343
70045
20557
53986
37905
72766
20995
3487
57488
56399
4004
85107
24836
99514
64199
61620
49383
47047
54898
41982
11515
70281
67224
89685
88884
42995
19901
88442
27311
57871
33219
25411
69559
94858
194
65055
91624
92276
91463
15573
35277
6822
56913
55524
99763
76099
93644
39386
89842
72551
17937
20069
86821
24079
10296
74878
46796
58755
70398
63213
7339
86686
46008
48334
28309
78254
5069
5766
98431
26187
20405
16700
37675
54659
89082
33316
78775
30340
24220
17690
19905
12479
88988
34137
46184
77837
51601
34284
24363
9432
49643
27959
21353
66861
74552
50668
8717
3242
40999
55827
20116
70587
75685
32181
39334
9298
11268
51989
34184
1385
4044
50950
94761
11172
70092
90921
42116
26786
53388
32993
56100
28316
37471
31888
35884
84057
2019
59224
89292
66957
83907
85683
13991
40625
83597
54676
46615
56799
98860
55029
25266
8822
33376
60344
1134
5325
99513
25649
4322
69049
76518
36519
40709
62271
77038
91879
63972
99735
96568
46991
31622
6874
86426
8369
18125
43500
3092
14720
19063
43147
82978
7253
35888
61660
26048
31670
79681
23061
16553
76358
31075
80356
97203
93245
26759
6905
1488
63096
96961
5326
63404
57489
69104
99491
13380
34218
98737
60055
1155
21326
10183
95004
17974
89814
72582
92007
46339
66094
98880
46598
2874
32631
70364
72228
60308
45470
93879
91896
89730
14386
49825
60171
97976
94907
61058
62543
25731
93165
67819
65421
33757
23741
93671
48007
23290
77513
85242
80645
50631
43763
23073
55483
15471
67459
79185
18562
49513
79005
38795
99297
11230
63725
1589
18975
52469
2441
17364
63450
67466
54344
42524
16280
20076
22801
8336
28552
42999
30148
89793
21498
27159
72998
36407
13212
32193
19502
25545
84212
64071
43514
44901
20767
38448
51646
84385
46629
376
89462
3275
52460
76430
4209
79841
34209
1979
56415
98990
71857
75260
79685
13037
81941
51611
46619
93525
77190
65551
38317
60819
24769
470
47753
7411
40576
87533
70042
35648
61847
13205
68881
78211
30198
2345
46947
79930
51781
94068
76761
21781
73124
21282
88569
67263
42594
65731
3862
87333
22976
57552
23974
1049
93415
90817
93272
18445
82425
18276
30640
90730
90521
12817
72310
83667
43754
69894
82329
69153
87908
99029
83130
16342
36144
20273
91285
22144
32120
79626
73695
36503
42856
9980
8092
65124
28259
18825
4206
69192
33706
18940
86962
58102
9094
93009
52139
75955
91266
39867
49209
64618
86161
88750
21243
96668
50614
16672
90064
72152
91273
13266
19068
52879
69072
81487
4688
22581
66706
91764
57211
94137
96818
68594
4021
41539
35976
14770
92168
16787
2690
96182
85595
245
4196
30039
67403
76452
54549
70525
7634
62191
26401
48875
93893
84160
36219
10450
70574
74411
78755
14602
39200
77666
78734
16722
75530
66758
61252
90231
61059
42344
37194
39146
59368
44895
34012
86843
87444
11912
56489
38948
57014
73871
23706
61477
31213
56517
3425
38390
52198
5402
67968
25502
29416
39829
71309
65181
33969
46666
60476
78751
31175
61173
43849
63593
32356
61724
35401
81641
74657
61068
75229
45038
97300
18301
32784
4096
6574
84387
87984
62579
79519
77948
13297
47768
87343
88364
71112
78492
79973
50352
63945
49234
31095
35853
91996
20642
29645
42255
51163
56758
38160
90082
10576
48304
25201
90997
24984
49921
30407
60495
98481
2334
78453
46850
58456
2383
81643
40471
21710
37152
51265
73854
14905
98366
68830
94662
43037
6014
97574
886
90038
19731
46032
30544
54680
77394
92480
76417
66071
62781
39764
73722
79976
8394
48796
44737
95144
44223
98417
27423
7463
29851
65590
40409
57627
70131
36060
67879
98388
83585
18120
52398
99326
70968
26719
66594
12511
56549
47135
33934
15811
66513
71806
49862
75388
96150
54752
16535
93705
69500
47852
19126
44053
51680
7921
58627
98848
8121
46720
11993
73511
29007
5794
50500
87929
90463
47075
39648
63569
64327
35811
90297
37315
35270
11359
26818
24175
76413
84419
22765
64171
42546
2428
42205
56350
82144
8707
34023
40135
76807
79046
46967
84237
82227
37694
1472
23284
4131
61029
40356
18415
65217
75568
23448
70406
73235
12747
4762
79799
67457
50170
63198
97721
40606
25749
7119
36717
49824
28535
66150
84466
50229
77611
75405
38453
71901
30545
71566
40895
70933
3075
37890
21146
59864
77523
98084
13141
69512
18856
89127
96452
47131
90587
15206
74734
81560
37981
51514
36251
71557
56766
90822
99389
15339
123
53002
4778
20511
20155
1215
48389
14604
2278
98264
91134
36024
52224
99034
99966
74410
70706
34987
83254
89474
25818
57539
73009
86172
4134
72692
12143
27207
42697
61133
25362
72432
88391
99870
52234
34195
71978
42417
34664
61562
58860
56601
38850
15848
14642
36674
24431
50271
76989
95976
82118
85681
2949
22300
14966
27299
52988
26321
58234
96463
95646
47453
98167
25251
50034
76271
38558
95702
11576
47914
71726
21109
69572
3116
61350
87017
15305
96786
88412
53389
70357
11147
57282
79928
51613
54874
54094
6438
31248
78194
12283
40472
50003
52036
4691
74137
15164
56304
16502
29510
40029
26497
76560
92042
44048
72659
11891
66373
93788
88778
51857
13822
45293
35456
99619
62162
24735
64063
35241
54630
42067
98969
79034
60075
27308
63915
15310
1788
40235
31663
38505
20648
71440
81884
99918
34309
42873
61309
59977
30815
74688
99550
88405
94125
43011
29925
98122
41051
35099
11927
4115
92672
45365
18556
90659
46425
3553
91973
61384
58081
53361
1033
72861
58849
99090
44041
83002
13106
75676
70530
47461
11613
44893
53011
96920
37372
10844
70365
99211
62323
85448
3840
69426
7917
31749
83985
62196
90857
62347
68157
13986
62577
92427
65657
85900
99235
81917
90843
80053
78386
79883
92046
76344
30390
16229
51509
71235
29825
97260
12739
98728
66363
15049
40346
50727
42727
17551
77066
145
3299
39182
73254
26456
27168
9879
80497
21830
11764
76407
2521
17468
68398
20900
17744
61560
43337
85482
93520
39852
1744
80142
88798
60649
12352
66399
14970
53844
30670
97943
87459
54797
39140
35
12410
35153
20286
93566
93198
41927
72058
68986
47386
6061
26382
45169
47614
20460
45189
81086
74619
26204
46521
2378
59772
78333
58328
72939
47133
46071
25823
71270
58278
70140
66932
34112
4276
22641
96121
15397
30223
44329
55090
77393
70447
71265
8943
98885
51755
47547
71081
17715
15929
40842
74850
25151
71295
34067
89337
67873
85202
95887
78288
20717
80707
35490
84405
6829
41640
27974
56407
92065
95730
4168
26053
17631
60946
27081
2567
59398
82715
67310
2058
24828
42343
74637
62621
24289
67718
10829
23732
45710
64204
97128
69744
14286
15200
26280
52185
20630
37951
28849
34175
46183
54539
8994
49012
40755
37530
33280
10508
50448
41165
65585
19617
24893
88716
73469
24257
92632
33809
25275
29644
32142
23737
83852
51374
90849
90427
44986
12839
6284
87513
20114
1700
40720
35138
66011
30942
4754
29927
8294
56724
55413
98793
75672
77810
39856
64566
76437
19824
11386
13154
79423
47649
28779
91976
99943
3991
89281
61494
79859
68752
36722
56367
20440
563
51479
89251
16599
56573
99525
78716
39874
58127
8392
87463
79446
51420
34370
17272
89792
49298
51081
15515
81304
55880
56531
61779
47634
1208
35867
43572
93052
3452
78114
59305
39269
90709
79163
38724
61828
48557
64238
21122
20202
24921
26290
56370
6652
68232
39387
40734
1273
56343
50030
98913
87821
98640
11245
58181
8555
69961
20746
38547
79123
80573
3931
44451
62523
2881
56576
73986
82938
40931
25467
7582
61528
66712
5
94468
25971
24018
3731
22570
65938
32397
12780
53516
80351
3817
95189
14164
76157
36052
1495
55934
74242
13273
70033
15289
31530
25485
55945
99171
25834
5910
62547
19570
65996
50043
43131
33116
81267
23542
50934
32100
26517
2220
84340
82709
75605
68530
3878
54016
63282
2901
73489
66911
71188
12743
87203
93107
94929
78459
25398
28457
97717
8436
12355
50745
1946
41881
8636
2960
89563
84354
5281
41402
31021
98330
16911
83083
49719
16377
58060
35081
84759
41372
14606
37617
84300
25356
53174
52029
92050
30076
45395
14032
5846
23641
38
96458
88453
4672
74506
31953
55338
18113
85284
9131
28873
9802
2737
63740
65385
55996
1705
97741
55112
62098
66598
20890
72936
4323
92193
27352
48824
2842
96901
74594
3714
36208
60893
37808
80211
34448
47165
46849
67576
15619
30306
42783
6774
69418
36953
19009
82184
42276
69142
21220
93081
85723
18302
18357
44176
58666
81982
72383
66560
73176
36067
77336
77603
45263
91853
6357
77214
21821
27405
49369
9112
3480
51748
35646
37232
86536
47812
46111
50204
73800
732
80802
23365
226
25719
68446
41877
28137
63488
78086
2814
88360
15507
49553
8283
82567
12549
46872
55179
7952
63827
16714
25537
58602
29063
58165
43475
24882
18904
88649
41485
13736
62089
72184
43558
72862
4471
17955
2444
55870
62548
54779
10639
95970
73277
93177
53649
82665
35117
19821
55864
88951
46531
79638
2868
67734
21168
89739
53
29028
24512
17039
31460
21216
20838
56412
96472
40663
51831
73566
78997
27221
52704
99220
56204
33723
88270
3070
32207
67559
95217
45238
75621
19930
27683
70896
53052
79559
45492
90594
29172
57720
68695
51745
53823
1741
45333
33501
77252
39799
40053
57081
13052
62515
77973
4294
68781
60848
14916
20773
38164
59756
46376
18169
68080
8456
15184
40364
35852
80860
51133
23420
66514
90631
26446
12927
36562
54301
98508
3193
92174
19265
89164
88496
46960
12028
22494
84857
85827
65613
41849
99953
91596
6604
12504
12971
22041
54477
55010
10201
8000
15537
54567
51266
30565
76039
35622
26074
65120
28674
62346
82685
24584
72803
68494
66644
50473
38236
92316
30334
61441
46227
83681
55940
89130
62981
42536
37032
43982
76925
75376
10509
36232
28822
98525
75852
20221
44362
62218
27357
80823
93652
42528
72258
16059
82315
93599
62058
9376
29789
33111
69722
39583
20344
76058
64253
30205
51324
35916
28521
36720
40470
101
77479
27519
57520
20921
5237
75404
64517
36911
15477
76795
17647
42108
30175
29791
60531
80950
72078
42900
539
20849
99109
92121
42029
53116
70779
77894
46920
88135
96507
57300
5268
34462
35192
87080
11929
76024
2336
87101
87016
30951
23967
86567
22738
68278
37069
98022
72099
32373
45530
78220
63097
45738
92115
64577
17746
93737
50564
80608
37827
30453
95240
17686
86772
27214
4338
80127
74706
89157
13760
78222
16993
30250
34381
13603
15538
48101
82882
47332
78735
58733
36693
94039
82774
17285
12409
63210
93565
5004
21226
59511
10550
4017
77011
42484
79348
717
98179
70571
93426
6124
82729
99140
99296
92970
77979
87173
69917
92467
75446
92341
89438
11016
45664
67753
39071
3932
63691
73618
19417
85972
13954
24250
15680
47157
79121
66918
53148
93021
4651
41766
81480
20390
50130
96328
63817
31249
88055
16936
80830
76309
44800
11457
63893
61362
39711
31173
50194
14222
19141
49224
83240
20518
84746
31838
21565
37644
55878
58220
4705
51728
76299
86604
87847
80596
18878
31675
20822
74250
91108
93266
56135
35309
48703
71319
92522
38119
39617
69494
4492
87649
42704
67186
48416
77914
7838
10609
13227
12841
55973
30740
96637
31462
17943
9207
91540
99639
8812
19797
87233
51765
27682
70504
9677
75159
20100
2927
26993
44552
85458
62384
64573
76257
4505
82851
65467
10402
61285
56194
76953
51783
16747
79447
71248
15955
96320
39940
62652
94459
87931
54658
19977
56832
90466
57901
55128
94362
75697
96426
22026
28520
63803
54573
5796
24676
77509
36660
48761
5952
99818
58851
67775
41480
50112
88103
15319
29889
133
7419
25776
86374
88042
78630
23046
57040
81424
21155
44678
96436
12093
13746
66161
23417
50569
62460
39024
87781
71679
21939
40860
20254
73984
52108
24
49707
45362
26326
20830
25027
66877
17439
86599
90185
21153
40716
79211
64295
75362
15933
56410
3376
9507
78299
13853
20711
96825
78058
84816
55319
33900
85043
17687
85620
80099
74824
13483
27158
78017
38044
4885
88630
16653
83835
8664
88518
1816
62348
57502
61588
73226
91318
84602
45124
6031
81564
6539
79222
53379
4093
10616
10580
4077
96292
37369
52388
19300
23724
74701
41336
95830
76426
41408
32419
24736
35545
77856
91894
75948
67756
42064
44019
46715
18758
3245
65329
37643
45921
9239
67108
44980
93137
81072
40974
45292
56753
46980
74904
39565
2312
67084
58399
52018
74828
85599
42690
7517
42882
6938
52443
9691
75377
49503
10738
46060
35144
14533
22480
27122
58674
2404
65853
46081
70191
47396
56887
67453
75880
27415
63719
35120
50570
47087
64542
61763
66651
54562
95229
47218
13090
6151
96070
54232
45099
89393
26639
40074
48877
1263
44341
72649
46173
46004
34523
28375
54570
93356
64438
46198
17725
71314
61365
17024
45616
53919
27089
50216
12820
2290
18748
97633
63864
20866
12182
71394
82962
58840
86666
5044
18611
14749
25045
77833
1479
43060
75969
55803
35683
87396
95464
4372
89228
61014
49348
88874
33611
36070
17443
69932
25632
90778
95940
60810
1494
13570
15651
53766
95839
12447
49441
53256
6729
80233
9833
86952
22253
46770
53647
21635
25399
37011
99977
40299
50202
50563
70527
34760
14582
84570
4237
98057
32604
52923
11608
35805
41755
35426
27812
20613
41619
27298
58856
29963
70622
9729
26201
78121
367
85963
97531
4438
9820
53184
57149
58221
78325
23188
58575
5048
41342
14437
20947
30275
69398
77783
22796
29935
12115
78412
44637
85433
97797
61034
5497
2894
23690
36864
91291
9074
38775
55806
18956
86782
52199
76321
74859
14919
43297
87995
9433
59685
15271
60587
87529
86588
12029
11497
88665
11406
10527
48810
40915
97915
57362
30646
1474
21392
39340
1320
19339
73062
93370
97254
94046
71541
23126
9111
47032
8214
69841
98838
51798
10166
21960
627
40849
13849
50603
49894
9844
67679
16968
96144
32154
9379
13399
62244
84898
73186
53749
31842
33534
45181
3785
69442
13401
52890
65739
10491
57647
67932
16358
41526
57270
51387
52458
71830
61840
34036
8241
14755
18307
68339
39958
59733
11913
17062
78702
17535
48182
51246
58187
90597
23120
41992
51635
7766
57717
79442
79009
49452
13164
68077
56621
14673
20604
14743
64398
75649
35287
39819
10006
25144
37072
25548
61259
64046
87346
17514
24140
19357
90609
99853
2300
39127
51444
37311
6553
43198
93318
11976
29578
43078
66189
96108
7263
71261
79606
16966
23740
2773
87504
27474
48010
50103
76941
3732
21805
90972
36262
11784
52918
15689
62442
97948
88190
951
95890
33776
45667
4853
63263
70729
93643
62817
4798
40336
88127
59998
76644
92302
1099
32506
57902
72654
47921
94280
58307
90368
98516
30808
13419
49273
41386
32583
53209
47066
62564
60259
5853
81908
94625
9855
23738
86552
45435
60400
51499
3681
96216
22082
50351
33344
65682
85271
93093
51012
44313
79093
20913
96464
72055
61120
10202
28398
68668
33683
44962
66165
82590
81565
81065
54736
59163
51486
57736
4989
82529
89466
3601
19038
85859
62793
56839
23314
77924
42598
82951
49470
2683
43115
56768
44807
50498
56033
68341
79263
22766
32777
22750
62288
63551
52494
9421
74886
62363
29190
36507
83813
82817
27644
11073
41173
21559
86499
23648
18236
74083
57763
94804
3851
80919
10717
96294
20959
2542
50032
78626
47360
68719
32712
40891
53217
2030
12959
41316
57931
11838
84367
10257
60824
77462
58872
13921
48367
5748
3921
3657
94272
77653
26591
69239
8604
44894
99228
9235
8871
40497
8847
94263
55648
53321
42158
67369
49701
68150
84094
7037
89559
78436
89898
10521
50617
7282
94319
5098
81159
89263
93209
57994
44365
90763
68483
76519
56687
91692
44597
33760
43124
53451
73811
62560
15767
26251
93491
5749
26563
77061
4779
71178
4091
88326
6724
29392
55566
7054
45275
16110
1686
26124
49880
57099
26729
86681
21573
54698
60081
742
46443
57153
16525
90314
97321
28845
97634
7229
3023
18481
76296
15067
23236
62614
37788
34767
24316
268
79985
48670
78602
26609
56867
56909
78323
89132
16338
73323
96056
60637
49227
92202
21842
41824
81404
19026
91612
3989
47902
15215
60143
52459
75739
14425
31958
37487
59980
65890
27103
43184
5839
69348
83561
744
38474
41478
60799
72487
73421
14153
91925
58723
93327
96641
96367
75660
78514
54118
25188
91143
51054
66209
82916
70090
41070
13029
65341
80032
79061
75444
68072
12824
92701
95926
38183
16562
43395
28775
74455
44171
33356
44826
36516
64614
69815
56683
86721
52187
5912
93900
32632
36861
22297
92142
17286
45442
17983
97625
82222
52887
74792
40834
96710
65292
15611
7355
38690
42554
71073
43552
67937
25674
62157
69138
30336
42061
21967
37849
34420
23765
91032
59865
76221
86939
44117
78570
2286
27563
93914
36699
86619
23972
93696
33345
68651
71049
9847
7845
36505
77186
37921
1031
7309
62195
73076
5345
28928
66846
61429
26301
84272
5376
88152
20394
10585
24976
52451
80746
14956
24524
22756
79898
79326
56507
60412
62194
29491
13775
36242
517
87334
90085
98872
29967
36923
62322
42814
39851
31377
44446
43603
88022
17688
72057
72988
981
94890
77804
14408
90689
54284
82069
33108
49791
93244
48211
22070
61443
14223
4826
74066
58082
8912
45750
74511
53403
41771
63672
15828
67652
28681
25861
32146
15268
92447
9325
98355
99548
81868
33225
2621
22125
49593
33542
70505
56810
81157
28693
11776
70715
67924
49109
6437
66738
12566
25980
72091
52333
76049
39500
27180
24165
90517
25524
42818
34133
45141
13249
45839
49975
27535
88273
46891
50158
27777
97691
59257
8296
68034
69526
3296
38015
63077
9056
52692
85589
62610
69972
47639
1910
99715
10839
93730
98954
62539
33191
1906
51713
87225
90894
77864
70329
72616
16262
19147
22089
91839
70287
14012
73961
49060
38496
15342
65027
73936
3628
55832
7732
87867
30030
60678
3627
61502
45832
69173
87117
29560
61837
25319
93476
61665
34598
19763
71399
28138
68858
4958
39991
68145
17088
94148
22344
17397
37007
64981
70462
45150
47667
23021
295
1249
56933
67202
98953
87402
15427
54245
54846
37580
55885
77906
25585
31190
71863
11418
24091
672
73303
57058
82658
24049
98191
25128
86804
98515
33785
74503
24576
26920
81520
37159
38308
84605
44697
55287
31044
47413
3881
20760
10114
89925
89269
5936
8401
62588
54796
49809
3073
91321
46725
55193
7149
36100
61061
49110
94717
90678
73797
35710
35365
23443
92715
32626
6464
36821
9234
93575
12220
25003
82373
56969
24485
52711
10928
19972
5333
64133
62787
73245
7569
50826
20673
29165
34227
11983
49958
83564
62526
95660
21861
96669
10049
25206
65889
59578
67748
65297
20230
48652
55386
83050
13270
27703
43364
28103
39831
36702
19365
71826
58408
43615
77187
88063
99396
95040
10094
27373
74260
59216
91481
55460
55430
36701
99831
40217
4834
27292
67341
88098
51809
37216
88751
18815
41547
42057
98439
49654
98488
29390
42743
37388
36989
7586
99761
52527
33040
68850
19329
13729
30017
4842
20889
28305
36782
25513
42047
27319
86820
77592
55137
89441
94982
27032
41851
28443
2501
42030
9647
49243
61893
92018
2192
65755
7132
34028
28996
81847
60505
33152
41350
80858
8600
40898
17747
59191
40124
19774
35019
43906
31724
83099
64416
2981
25622
97338
67280
85677
85064
77718
12617
90957
84968
98187
40113
18893
80009
22832
74112
86184
3928
80844
65926
4896
34323
17817
21413
62316
94782
75328
69263
74125
80483
23327
9265
53852
89243
74504
60547
62964
1076
9358
19093
43882
19396
65082
30235
23897
12095
56608
73354
83300
88095
26897
20041
78877
7576
53980
63372
45905
31750
35318
29708
22207
24263
22350
80740
32127
95204
57884
16539
99892
78190
18254
92984
70612
41183
49838
9428
59834
9853
98449
15196
5686
82157
10486
95294
14791
59627
14589
12797
3514
76886
61172
69188
49068
61001
2450
54510
96654
96280
82123
99832
32339
51556
6494
60947
55833
75981
25149
25315
54204
2500
8986
10939
36068
82504
86049
27823
65879
92502
10465
45836
76977
17641
69362
20162
77975
87944
87765
96810
53602
74862
59659
81685
54
80196
24577
52085
12956
4185
74090
95667
49555
95410
75126
63278
84369
41087
90663
18707
32012
18409
66886
7915
4095
11715
72446
6498
86719
19412
80953
55667
30370
1261
99353
27056
39596
64409
98993
63637
42675
28731
74761
14864
50286
86916
35139
38454
4390
92650
78691
12116
17793
13690
47911
21284
20105
66075
56462
81261
81970
97908
54984
76988
6606
78305
31026
74891
21994
37129
78140
35428
25169
93551
36730
63428
72538
49756
97045
77245
41855
33882
13504
82509
91426
46487
87439
27507
72417
94471
44958
18753
48291
68757
36176
82383
34793
7166
96671
43614
12949
65261
45046
31438
71643
23890
21044
44244
15247
775
92851
47837
30726
76436
2429
48286
67013
4204
28893
67896
3286
7023
85807
58364
22423
27165
67114
83088
49319
91669
94194
67141
58333
8657
64309
75939
53119
57613
23031
36237
99036
16303
95510
25989
8039
82535
38686
60645
21717
37285
11014
39077
28429
90526
60598
69011
97588
75645
51300
84235
73445
89472
67802
88297
54986
25176
15939
44592
56708
43677
66255
89764
95152
59297
85605
93136
82594
7757
58540
4518
60613
45218
92378
7942
6110
75651
193
99859
87217
38094
95116
25906
63222
70500
96026
56438
99760
86754
1388
38626
31732
78809
59402
33879
10293
42386
69933
16616
84442
78087
32457
75900
64268
1138
5099
26096
37884
17841
46593
80075
235
59776
80706
91067
59660
73493
76615
33903
73038
16111
68812
54180
67661
59135
50132
53657
90475
64796
89142
27359
4143
70413
59127
32043
4365
48776
22231
92143
78148
885
91111
85502
37810
39893
3483
70907
35027
57976
17383
93110
15212
83286
72560
58688
94728
24884
27491
2442
43446
66389
55702
96210
61153
21356
19321
56720
79148
80817
98224
70476
76642
57988
52716
25662
26658
77577
41065
51529
21909
69167
15856
34546
1513
75249
29143
65655
77084
63216
95766
74737
6063
9064
81839
52120
36274
47924
33265
20215
49939
50462
73345
42656
68802
25529
89997
28113
64488
8787
48276
38229
33353
76712
91523
66285
86878
14831
66425
47448
16420
44413
38555
62954
94581
66441
17570
10256
71955
46705
32077
67772
46384
24129
39306
92284
45338
24254
97053
73412
9010
78965
44662
84127
98401
17113
5811
35718
525
64106
77971
4441
23882
22524
90838
55824
80445
53696
26196
70813
10280
50926
71651
51707
85566
20496
54175
32023
33413
99391
32640
97362
74337
87022
9158
40928
53172
31785
59999
35919
59573
66791
21630
23387
76403
95327
27795
64455
74181
58140
84779
63004
28591
32822
90673
5352
37351
4644
68046
66977
21186
89408
90766
80183
49511
74323
34061
62745
26054
28534
61396
87571
78267
82148
52331
33181
41132
46383
75714
25872
62509
7262
72117
78317
42214
75379
97022
63391
16542
5271
20171
81717
33286
25615
5975
97752
61827
65009
88964
29541
57517
52732
53102
89485
9401
79918
64835
68806
75164
63659
47884
82578
99582
58684
98017
5421
71650
54486
9523
7861
81477
94724
33314
26550
36756
33855
68657
1851
95263
75231
61295
25055
31709
55127
48284
74371
5436
98081
34551
48859
48166
47727
82070
89945
84889
44590
73838
75514
70696
83473
94928
45709
84297
77721
36224
43900
55412
15757
45520
50737
18613
51414
95889
29526
38087
95899
52664
1619
97956
47540
84337
11897
32280
54410
34788
41605
51687
90093
65018
89657
24582
11862
37828
68260
59380
76522
88937
34622
78295
87238
64077
59452
14555
51889
4427
64876
76790
44130
76267
20203
99021
68093
29998
27656
37200
50916
62192
48397
75157
93726
81049
34041
44479
13896
64027
82906
67614
1209
24532
70569
30321
69611
59943
82999
95781
56702
98950
73872
14303
86371
49171
46446
7364
40413
9231
44796
1394
88064
41784
54926
62337
65961
3516
20483
55792
77311
14885
38708
15911
1343
5929
49318
54905
62995
52178
56505
35983
53786
84093
65240
54927
91714
46211
12457
97204
70941
81866
50818
76912
83718
30923
79339
26078
95283
47430
11063
16679
53023
61734
48089
46841
13508
80133
25350
32750
4663
92437
64139
5884
40558
56510
25598
10826
41006
57292
59653
43607
26650
70613
32387
76806
76947
98844
61544
89875
55070
98199
96923
79851
63233
47512
87251
30045
56268
49276
34245
3512
17602
74085
12477
69738
34030
22959
1327
60669
70901
72624
9135
31831
40359
41406
72786
24157
25803
82875
89121
77910
51678
59477
94339
81080
83295
16980
97135
5880
35694
83919
80462
34670
39822
98048
52508
10474
28618
28190
68862
98741
89929
14320
62807
62327
78060
90670
36892
23767
77564
35239
36265
19327
35388
24586
90585
47154
53089
25728
61222
87692
80641
13660
45757
35822
55605
23430
5188
29484
40913
51085
97212
27069
10340
9659
11158
11593
39616
14967
38154
55838
91677
14000
94550
57499
18598
99530
2237
80347
73424
66883
94824
86038
54537
35708
76200
170
86396
88443
24561
16612
71752
48600
97550
54689
56864
74203
31608
51852
87462
12979
26789
5522
45059
37045
48516
26823
49128
22212
581
25428
73834
29712
67758
6890
7810
10089
22258
5894
34353
27864
52779
66700
35667
93848
47477
82307
28245
90325
65360
24151
55922
70804
63058
54750
13028
27883
73341
70982
64487
33180
28235
713
48109
47471
61262
8649
82816
67925
23559
34346
84742
18679
33231
65785
37860
73113
63456
7146
73313
23824
69686
16733
86273
13023
83618
71173
88625
47207
18517
64647
40975
31010
33573
21383
63995
50355
70109
62360
57121
23340
25187
41326
77816
39215
96632
64262
5577
27213
1623
78427
94422
64154
58673
9175
96770
18966
56754
14659
97552
8274
47308
48725
83632
95248
29637
93905
66872
68212
32063
69160
78219
96465
55549
64509
21483
46962
87361
25884
88996
54203
27583
80796
32290
16726
80438
75571
44252
42956
59844
59821
91619
9902
54064
59790
91849
76836
16147
65909
8102
7981
8512
27975
22111
39248
66503
43317
50062
47580
12104
54332
56059
55240
89325
98059
85862
66790
92655
95779
79038
19373
47663
78256
81178
66905
50643
76697
5493
62678
93216
62960
88271
52419
9368
15306
86407
84141
31497
90275
63859
12323
78757
17274
80900
28382
70419
44886
80879
68661
79785
89964
83257
64628
38894
31880
91691
14240
47570
82952
9491
51651
37226
28135
93621
90759
74227
74428
100000
52666
40327
92184
93996
20797
67450
90590
85543
8084
66983
29522
31698
64645
28088
60104
48004
3187
17908
96746
99204
16151
90996
88771
11833
78139
95031
90599
87863
24476
4879
28387
47353
21737
86523
38785
86288
81173
42401
31501
34549
55394
30993
40781
54338
55749
64265
42560
4864
81216
13361
91630
44529
45276
22710
71964
78404
47702
38150
90827
98939
36113
8616
86226
47670
62607
11291
16185
94289
94628
48511
43955
99125
84162
61976
32291
3403
55744
51773
86475
21649
55470
54656
13865
63280
84130
78574
50096
43230
56618
67518
32942
89498
96963
37712
19932
9385
81586
71259
90666
60024
14828
20119
31043
49103
68486
12072
95148
87603
23794
93818
43912
43843
4316
88983
43631
27149
80812
28606
52382
28921
87318
96725
95635
86814
64789
64323
94179
17922
89775
20428
31467
25688
13878
36315
65704
48983
44432
13111
501
98183
50920
51734
47402
71274
68961
48771
38676
43303
78242
5755
82867
14525
40538
12320
77901
63153
53072
22404
59325
21260
24538
76064
22235
94271
89566
99129
48733
12570
51914
67271
60134
94210
23655
37283
73690
2820
12153
69547
81931
96784
22440
94785
70114
63966
5186
83395
60622
28497
4467
94624
51438
66995
48417
29667
36536
86338
1386
41064
30806
85001
78815
57768
5788
71458
14825
57080
11526
83630
50278
23809
69379
59813
92511
27483
16632
9892
90296
80592
18099
66413
47254
29668
30143
62028
44758
33957
18605
18078
90749
74382
52966
10170
13945
19802
20224
85568
72587
48718
61274
63429
86232
74539
2570
54304
71329
76237
36924
12660
95076
14124
94529
78496
47168
43251
26422
82714
1874
39101
37275
19105
99515
76190
38885
80758
14418
42617
60165
57034
78585
53245
19259
42457
71205
28418
69232
93361
49928
87640
90386
5628
28743
58401
30366
15919
68959
41646
59777
52148
66095
75459
3981
16693
56336
42184
77314
91578
12495
8407
91561
84359
94735
84102
70945
3341
42128
15971
90406
26403
28515
6820
39238
18837
45148
91589
23541
77417
89187
70202
43504
94065
70471
15718
50847
47629
39839
37557
80507
83526
39837
43276
15470
7218
73589
86341
19822
45170
7954
84672
84765
41601
13731
1017
70031
10838
73995
31208
16716
36310
49486
17192
20292
2249
69607
13261
4799
40156
64970
18784
90062
48641
25995
86194
41479
13030
65518
11523
28964
80178
12703
54400
16704
86033
39588
63894
75268
24468
93438
28100
35402
62765
85246
6463
12530
67393
59895
53835
66779
67180
4295
19913
61630
58751
19582
33089
58938
49307
42444
16081
60950
61603
56895
4875
56373
78247
86378
66556
57094
44641
3882
25160
59218
41144
75564
32661
92278
77989
31662
57046
77601
1183
40077
90203
46145
21927
78859
25477
33916
28919
22110
82849
29406
28193
82128
91348
75921
80064
2875
66992
22761
9746
25591
82304
57273
75399
73039
30990
28455
1067
48754
71161
75933
5489
13664
16681
41192
43899
45066
66795
65900
55023
22335
75751
48031
11213
89371
95742
66032
16742
49601
57530
8249
58896
37245
91913
83157
76365
92113
95432
51065
66113
1850
67366
32591
48895
37707
97190
27934
2162
31938
21055
98031
93813
10335
29944
2664
35638
15861
57022
76803
54939
71432
37400
8022
84737
95538
76009
10149
41659
48860
1916
52515
73057
43821
24623
45651
31585
97697
79561
6159
10301
19166
87095
60278
98129
79497
7457
63615
5941
61348
21424
1893
405
78212
37018
37052
99555
38573
20102
48649
65618
27155
33782
47511
319
81939
74502
97694
2633
97661
44139
81069
31578
81766
6309
93990
36012
33955
18372
86657
93928
77480
36402
71213
51552
36177
82934
99947
37217
88911
74285
86491
8320
54901
95765
42609
93693
21187
53150
2379
62860
20025
3513
10533
14002
50923
81855
58098
93869
43779
15189
87689
99167
55174
52002
22205
23050
44921
70604
23411
89705
50036
42498
77182
35427
63589
87701
14757
44858
82522
79420
58188
30279
20062
51861
12946
91971
57207
77028
91606
18727
38903
86209
44541
99536
82515
51119
93874
94786
20385
66843
63299
23504
40288
68880
60889
29717
70429
8106
64701
47971
89095
62821
9998
49803
96959
88464
11580
81537
82100
26713
24807
58709
6337
60588
70547
43229
60002
37752
40532
68569
60411
2036
69805
42799
67390
35363
82903
91120
65529
84789
53241
45163
41506
4193
95848
58261
25704
2199
11735
66339
56941
51569
4481
18828
92946
55402
29387
10430
36978
26164
53634
10362
65086
16649
35802
19439
71359
62012
26264
76602
33527
66002
68563
77345
70188
88545
4027
71696
1735
18984
37854
60626
64753
50944
52164
58178
85167
32351
94006
80362
13012
89941
38815
33063
69768
4352
89802
2851
28763
89370
23840
4434
32437
87071
8304
54853
39720
4720
89758
69654
95634
30526
90520
5963
8187
42676
7216
47700
49710
18601
87993
33184
90367
86918
57755
33689
21984
7069
43791
90797
70970
61220
55866
7706
22933
55533
7095
37791
23090
96644
4534
28827
67751
18479
68935
81604
97537
74763
86510
92257
62518
64924
67571
39548
93466
66093
85846
61375
72725
2969
99573
9323
46432
69998
25455
56162
99318
12295
31771
17003
7109
23543
56282
98434
63585
76335
75582
18027
69168
88971
737
23891
41457
34435
14722
32317
41020
70257
83927
35918
16053
66088
46579
26167
61659
36838
59480
41792
72489
44242
20244
79814
87703
44195
55421
79324
32331
20402
32315
27866
9548
3004
52900
49024
99138
92410
88661
23597
97942
12642
94327
25336
590
42776
7609
10524
49183
8755
39725
20798
18469
84864
61606
86505
31861
43840
40662
61227
79911
53283
50196
63996
7101
45992
27927
93111
38383
66279
74022
34573
85352
83284
7525
83602
56917
9657
1447
77817
43867
98506
79016
33928
53946
64999
54187
34810
74866
60520
20975
17179
82403
8497
10534
73050
85475
36122
2479
78521
3133
50765
68828
46370
40820
18133
31299
44319
63583
23258
97416
62435
51739
60541
91154
81672
81782
18346
12992
6343
17234
3288
50841
55045
312
78330
46717
46552
41039
10030
81629
70545
36970
1536
32441
98373
84384
18937
55189
83546
80767
98200
37468
63157
17293
75170
52725
60192
45785
97559
15309
41865
77728
83924
52149
23385
41712
90611
58493
30630
56119
36816
52957
27215
78183
43831
65285
29738
52123
75156
95725
96559
95557
54395
28052
93618
47361
62404
5007
766
69752
41473
80877
25538
30171
67767
54003
85511
49822
21542
51077
25629
14873
12058
57089
14676
51505
94106
68281
3139
14848
40827
68458
66615
52461
14912
97064
39916
79371
79254
3521
39943
68167
24297
38809
3463
70819
71614
75109
52925
77560
1572
37855
71971
83174
9864
18666
2577
36031
36844
27591
19131
33967
55318
50415
18568
91654
64751
37678
78374
15033
11565
10936
82150
50486
24632
2986
56297
22396
8720
47053
76097
18551
94802
2525
80326
33447
68498
61142
44580
67540
98279
38778
67145
85781
58359
13888
24950
6547
12433
32355
76674
42248
11417
91330
70936
13093
34621
58700
11464
55454
31859
73979
10040
56124
48950
42797
80007
58422
53966
198
61781
13213
26548
57303
15852
60595
72088
79099
9744
70694
62740
72801
82502
1044
74159
4950
84020
60920
55161
53956
184
58649
18248
13704
34594
65079
4052
24549
46859
65554
99453
41839
1072
72716
61866
27708
61794
27952
89788
70518
90414
54871
57409
38319
72406
21178
91790
35488
19796
32921
9053
24831
14202
73651
26067
84736
91242
39738
78149
50600
74714
53475
21954
52092
6055
6227
24436
64507
13022
26694
30443
38511
60274
9027
75160
74496
45927
51093
99620
70126
64901
53429
31518
93187
25034
15810
45539
59928
59586
51640
21719
12750
76715
51066
60561
16770
34196
30622
47152
86568
76725
39892
33994
70652
89422
61100
55552
50001
754
84895
35182
25992
86824
96039
18327
89416
93549
61545
78770
34366
63713
28951
42046
96675
54556
71838
19410
85335
30424
66037
50775
75755
28812
57792
79712
73793
5307
30236
34678
39183
48480
75275
84791
89355
78339
91199
51035
97449
83623
78761
23132
76829
38956
79017
95452
74477
3459
34786
85736
54046
48958
8995
5662
51153
46923
59646
67024
67799
14887
86120
2700
34912
69213
85097
98633
49130
27529
72350
17748
42809
31557
12260
22990
64682
18926
92237
80163
70418
3060
55985
3219
48953
8220
55105
26642
85160
68963
67665
79154
34215
48300
13913
67966
29772
37008
32773
52517
29939
83419
14971
71501
66498
44965
96142
37264
9690
82471
59722
60008
72601
45401
25450
26400
98583
10016
88612
99382
92519
91455
85150
6839
67256
69347
65404
40787
966
93924
60638
52418
25511
75313
50704
66461
56427
12341
20584
11044
1998
52772
69877
27201
11333
57258
7038
85742
81421
96916
1254
85850
4114
48786
67408
86517
73107
8799
89399
95909
56732
18051
24199
81774
80094
52561
82976
41535
6395
12760
4080
66685
37019
31395
92691
24942
2691
33364
39980
75613
37035
28179
59355
5080
99562
86572
49741
7891
33382
28865
26969
11352
30478
88396
80188
32130
75234
80698
31742
39228
47593
68329
46597
94477
31645
13163
67279
54675
12364
95326
46591
27889
60448
94103
91263
29531
42197
26715
5182
47258
51156
26600
81744
34914
48534
7181
22416
72481
24076
68183
69791
47183
45256
84202
29308
77158
17936
20628
48980
22272
78992
31235
83645
23591
77807
78612
38587
98796
59808
92406
56936
6381
33845
99457
71181
99707
93115
86652
69802
54894
88282
54138
63587
75899
97451
55181
39220
14810
73749
10281
46732
89123
7510
45880
90707
49162
18794
28709
74019
89667
66415
62649
21430
77372
43655
89506
29562
13579
40837
37488
61460
33891
88920
92831
40559
78754
56117
12246
23431
93701
86701
26121
16744
80940
94152
31934
3260
64052
76548
70578
62357
3772
87808
50207
40705
4025
63856
53326
84988
18186
16292
49251
28180
57419
9692
87956
13396
68643
72785
40426
18206
31005
65876
33524
11040
59074
31769
90411
80031
67824
19188
37772
35453
46232
22306
52785
79382
42707
36760
98469
80090
72927
88104
34755
72548
13416
13580
82046
49156
84158
21406
91341
72411
44966
73451
53175
46651
88853
43441
38295
50887
35184
14669
93540
51948
58585
8150
20541
19264
25060
46990
16304
59484
65308
53811
38231
21604
90378
10951
6043
92329
18752
83337
58228
36669
92521
11004
1236
83080
17428
30828
91326
22459
658
6236
31710
79554
53897
31921
96444
67471
58510
40369
43372
34083
44883
13871
72934
97182
51365
61694
1897
94993
19811
4335
21064
44468
5116
73352
74816
27921
14106
67360
64971
74910
74218
41377
35311
57026
99800
65606
34570
34171
64419
45535
35025
12188
78302
42148
36049
72535
68481
14651
9399
41552
7209
14731
67251
84525
46912
3380
75303
29569
45419
88400
93148
30781
57854
26172
15300
3753
65861
77790
61515
77598
725
88015
9763
92494
79152
34328
26008
96532
32357
25546
86112
43728
94391
60666
66303
51679
5705
40507
48500
13199
5698
33544
44601
80586
47517
31418
31982
72813
42677
9712
59100
47042
80106
46642
79388
8841
16186
65539
81624
69667
87815
70971
26994
99604
31251
29971
79092
66490
13529
8992
96265
77125
71
35129
46712
81134
79869
4661
79761
73114
14631
12535
84843
9281
60256
95938
14154
64332
29741
97500
55706
5697
81070
47011
18989
77997
39983
89336
57271
44290
49543
83570
60927
51341
67610
45239
71767
43927
90333
72186
47739
38673
33890
59048
72108
71091
64604
65994
45822
78781
63274
42618
14740
64741
379
69227
48913
85558
72443
51892
19828
86201
46459
18844
91585
4092
48192
35012
26044
28656
24552
48239
47619
50676
64174
99910
93515
55884
81640
1963
76341
49345
61055
53712
94945
23926
3722
93108
99459
31852
83241
89895
16650
26546
31271
98806
16694
8603
92897
48546
30042
96693
20590
11895
87893
63578
26040
28805
40892
94894
99478
12261
4669
15982
5034
23067
71118
59066
15846
49407
20356
27264
11139
31944
2529
75403
5842
40427
72470
24675
76402
43360
69845
47116
49500
36980
76885
99314
93985
44406
99469
42760
28666
63793
8797
38966
15620
76593
54526
92383
53866
6994
83591
75669
31679
41886
22152
21053
59988
10317
20950
25826
88684
21089
48979
9784
80473
574
42286
67533
21787
62680
27700
68352
99053
27377
58033
44918
87323
90758
79549
86595
55555
82744
78225
88938
11422
94911
16575
47289
78946
93482
42644
23638
53804
78598
18459
22146
42953
33230
98604
47957
58588
4203
6503
69673
67776
82748
39051
51938
40366
2294
42920
43402
53043
64034
6814
65264
6225
67051
14246
40756
85257
77129
56661
40909
55777
71017
14265
8160
69857
99890
29808
49371
12857
47167
57604
28069
68338
79963
34781
29106
86260
11744
18650
75832
33389
91646
89666
74147
88470
37541
48820
42185
18466
45086
33824
4007
55615
99401
6582
46069
79276
29954
69970
43487
43396
83350
84191
70723
89160
47007
62368
88968
73754
25367
35612
59223
68035
69842
59261
77794
39859
67382
55946
68699
1772
75378
40281
36790
79868
78107
70414
32049
52899
39495
35186
98576
11033
42556
45694
50572
17901
50518
3206
29081
61431
51663
72860
72748
44384
91436
85102
67053
23216
30413
14862
84155
30314
84982
78832
37528
13721
67334
60408
50206
39639
53123
31758
65675
23546
80310
37332
69111
76754
346
82476
93561
49494
33594
48674
14510
48342
91353
69000
81358
6387
39778
50200
53189
54838
80471
27250
71858
49551
99959
23281
3267
1491
53633
34704
18336
85505
91873
7975
68768
97815
93524
70475
71962
39906
44278
16178
36845
16155
75889
1914
585
40030
33453
73301
76591
73360
27231
51933
76614
56979
27442
79445
36703
61996
36361
66022
30137
56574
25644
64826
39827
50521
5879
25413
53001
48266
68682
88147
18570
37831
30696
23296
51698
40294
72389
15704
83643
85165
75046
36404
92309
45896
28278
50339
2451
81492
84449
10938
51083
78978
33415
94019
45980
86976
12082
66714
88514
12876
21457
80407
81867
45764
27782
82175
28040
32518
23182
28507
93816
92748
27040
35133
57188
61877
82853
18110
21147
84251
11127
57163
5431
77415
67234
36396
54159
26444
12859
34288
43195
74074
41580
70420
71968
36632
71312
39307
58458
11542
47947
93155
19564
65695
14296
73281
16807
46875
57160
15509
43351
56998
80377
95882
62803
14422
38318
81751
47408
46836
29534
27422
75683
44288
83910
3759
37405
30642
76618
53460
29993
49858
13798
24212
98876
55859
94403
36209
92444
35411
4031
56353
70313
86668
11522
8819
91419
23801
69055
63375
81740
89213
39060
83906
65106
92592
93777
28870
59430
14818
63631
45305
65721
76414
73729
98190
89047
53525
86380
67910
51241
74034
35210
90391
15198
38736
54686
20719
43669
75958
75141
25295
70600
55950
98693
51115
58776
62311
1977
2119
61696
50878
21659
60634
42550
75736
62646
88910
25379
33005
17967
64794
41675
17068
83987
79943
75778
32790
86299
15834
19820
18015
2618
881
66856
6832
41705
62044
52349
24858
96365
86795
60713
19015
27829
71409
87072
79160
317
93909
21946
90021
15685
10106
70199
63600
26918
77512
6290
39324
44480
53753
30928
46017
58879
99194
60311
25105
26841
87675
13240
6516
35665
72514
10667
9
30157
55704
23896
18356
40400
99452
70224
18594
66431
33523
19413
59386
91100
27182
50380
23275
20313
89643
18499
32383
54020
83358
49166
2528
97538
90772
20918
84827
42932
60758
35670
43578
7155
85851
39982
92255
94654
71580
31071
37023
93676
1475
71305
27235
93068
11279
78649
76987
60187
16047
18284
16543
15434
49990
56962
28548
83128
61990
65144
57392
78259
73934
87476
87736
35752
24004
68754
86123
86370
23683
22690
91934
44799
51141
12645
84126
9476
10648
43491
69734
33874
97639
15519
89595
83309
90816
83274
3971
52935
34342
97936
18351
75911
18931
49935
11163
82611
24153
34562
35504
7590
24670
18645
82716
92401
54697
14376
47091
42297
24865
68559
22708
37947
95555
28672
20758
69395
23168
30643
76507
24707
43415
6158
98768
37219
65245
17953
15695
9869
62947
62774
57087
85822
20010
36110
14008
94517
92697
76645
95994
20047
84496
31717
81151
2695
32742
50431
86653
86461
72349
92513
21223
4825
18687
73403
29661
55289
1366
53494
7721
50636
34142
22279
8875
7615
15638
42171
96872
54235
93780
86764
32276
92756
10597
40832
60060
85130
54225
40732
1617
76585
10664
17045
20073
59210
30066
73348
49709
36667
37706
86919
63081
91217
3797
45989
1835
57911
3666
89461
34739
18061
40398
61373
90036
21189
42410
26296
64969
46129
88658
20656
60604
43557
54026
49649
57910
67000
79853
32001
5896
25274
73751
84612
74399
61336
67118
44349
47620
12825
12286
24560
59110
92512
77499
22849
75848
89790
12250
52079
68456
17876
47522
21564
15002
44853
33971
59644
40203
44270
57788
18180
31912
50507
32871
37554
87636
69543
19713
97656
16683
62820
91076
52793
39726
87478
13156
65067
57485
90799
23996
57642
48088
19955
56004
47594
53117
95891
9557
2296
12472
86050
37370
37336
66377
51666
93500
60148
42178
7041
74564
49896
21182
78812
72230
71064
29803
11723
19239
41873
73667
18524
69953
13033
2867
62172
41319
63411
81787
96960
42605
78125
86012
9614
74616
59649
86660
90992
48791
92173
74491
48704
65221
32197
74416
77863
69951
42139
57114
48677
80725
28035
31682
68442
75802
71798
85447
979
30930
33304
96514
3115
48773
26785
2431
27581
63228
83367
91661
79375
71808
73273
35376
75573
56446
99155
77391
27982
33482
89581
13379
17070
32749
14045
39496
8903
2438
85129
20488
56836
65917
64096
89037
33827
78805
87650
7601
94854
21267
46569
61756
64322
50469
67090
64370
89644
244
19777
55297
60972
70996
70714
8375
61656
51131
45677
67282
67872
72926
44652
21257
28058
42522
36137
89310
31883
25226
81291
39231
44015
67747
34316
40230
1024
60073
21355
18483
2158
80409
56774
51293
18800
61363
91891
84250
57797
78868
87641
42941
45919
68148
18319
74736
70450
69150
43172
36481
2599
25616
35962
49804
13716
42340
14226
18607
14378
47070
20501
77654
84139
24411
203
38955
74467
67648
97429
52790
39309
51733
14630
22476
36740
3890
82717
13688
55609
2892
69599
75917
92792
31737
96626
69123
30814
21069
761
11641
50552
27108
7177
60736
17917
92775
97054
55476
95216
91387
36926
12885
95951
68784
24380
86200
46302
58067
57448
92004
21142
98955
23201
5206
31314
69905
83482
95361
56413
29747
57703
21441
82191
49455
73724
39154
9264
97659
95516
84478
52310
13480
74099
18438
77692
62155
81581
58151
48664
21331
81290
96077
33592
60305
69266
96001
79836
63836
30537
32937
8981
13417
2257
63897
58583
62457
57150
4362
89333
427
12455
18561
5165
82447
67001
13765
58765
16463
18252
59983
11208
34644
17446
64923
41942
26338
4113
30770
26416
46495
24449
71551
9716
26767
6950
55722
48967
39672
7061
34740
81613
64740
60478
49913
47256
14166
65981
48384
90332
91519
12734
36358
29431
57679
24830
22317
85356
2733
77235
98537
12008
58797
71204
65966
49859
86151
30427
20130
33987
42577
25883
22221
27671
8188
89331
43028
39905
44395
63523
33613
73586
41707
43077
8820
64780
66960
18264
91279
76368
27502
37607
67574
22251
99621
61423
4485
88061
29026
99805
69564
43292
16039
18960
91950
48632
48262
51898
84481
97375
2309
24069
53807
59768
90948
71783
63987
12464
71941
38680
64744
39262
39076
70788
10070
38766
9697
51570
33414
10214
84659
40218
71844
46636
41045
76784
26122
31807
20003
16570
99796
58135
91288
37826
75818
78000
94834
89148
16190
17025
41121
28423
11138
50918
77823
95467
99340
52715
8329
17951
17335
17658
751
10835
90434
73105
78705
44688
44358
26292
82434
65485
391
74087
7381
75977
57658
45225
13680
10095
34882
69135
48717
63942
12713
35721
16834
92258
2155
46851
78075
11350
2452
29367
17472
42672
19753
11528
93377
61859
64429
30897
50474
64320
56151
96383
14550
78872
55794
93400
25790
73666
86456
46538
53829
77198
11353
71388
37942
21213
82995
15041
89701
69317
48249
50713
67238
22828
801
71932
20960
77942
25761
99726
65488
28466
99059
46320
19366
92407
34920
80984
38247
22059
62942
32645
53590
78094
67743
185
7422
36526
46631
59061
53039
43825
77717
76145
81544
69652
40227
83955
73686
57668
43668
45604
65591
17745
41205
60555
57839
9113
54072
71589
57421
36748
27937
82209
92528
57899
48821
32772
83333
87857
14064
21977
4780
5803
39494
79080
67077
94905
96556
54189
87852
98114
67899
76830
49700
12307
73146
74973
34743
69409
81918
83956
29775
6484
34822
16445
71284
46829
85345
75599
41199
26663
33384
91007
1429
97706
40630
36383
41595
84379
92085
31507
33234
31700
24862
1295
44080
16251
95989
93760
44148
76306
645
55211
36736
50590
99170
45933
40067
58142
39989
77681
26302
83512
93519
67069
56961
46871
7352
43439
77163
1272
61
83276
54061
98557
63340
81352
94376
46913
14641
87375
28749
7404
19949
27745
72202
11968
46537
64967
1174
75357
32797
71057
27951
28437
4689
99458
35787
77869
53188
38120
58475
62661
26268
85611
87106
8589
62409
73970
96469
22691
33902
47723
62755
91403
20795
30769
66844
45277
53290
34129
24558
32439
20259
80194
32570
63946
96612
2141
67456
7648
6397
91441
72504
14469
29501
7299
54296
35810
46193
95647
1702
37597
82171
72965
22703
10765
82919
7470
17934
24163
99879
10418
60659
30710
30621
51161
47722
53556
33629
46949
71125
96757
36211
18199
7587
44389
82024
53604
25812
42851
18821
62674
73266
96319
64392
67291
88161
39439
16630
68586
80206
11876
86936
96904
20895
54915
45869
5102
7941
57518
80367
76783
66555
80903
79455
1280
94673
94273
89075
64700
16277
38016
19319
69048
27212
95489
24441
30966
75947
71289
18237
34109
85399
75034
28610
53372
65389
73546
76439
29131
9781
93957
81752
57135
94934
24557
70195
28838
75183
50693
87340
84023
57665
94115
75998
30104
63639
49424
74980
19600
84544
72248
87132
58014
54220
84063
27411
91842
27562
75036
30738
27724
53061
62180
19198
89080
71429
41926
49853
86078
82705
21875
74720
12254
33938
32547
77999
51204
26055
60894
13080
69005
8186
92676
33944
68964
66677
4453
75012
50796
83646
29371
8222
74950
38296
64894
54445
70956
94969
82294
51605
23225
31980
97001
79664
82608
77285
89533
81317
80058
723
95364
37025
30399
44086
73980
52375
95632
12272
61813
33335
87312
97866
36323
29156
13352
13459
57880
79870
3943
22387
41446
18286
81829
93955
37879
43357
80553
65935
44617
31489
41003
75381
48420
72604
70316
52640
36810
51619
28242
18394
14951
20299
65734
61221
89934
90683
20044
92425
71090
75294
55849
67876
76776
29410
94394
80318
20175
21004
7481
29328
21052
60382
38005
85977
41788
45029
64006
70441
71327
69329
63536
91912
5364
70423
83917
79362
34759
8365
78383
75327
72068
9391
41987
22827
1131
67194
14654
51614
202
96102
2437
13117
95881
90697
69468
24703
10452
85834
30531
36258
43838
27077
88116
13885
12562
1430
1062
65847
68681
51616
65708
17799
5418
21928
6228
88670
23263
90041
30938
29478
1074
2339
42660
82241
88908
57685
68518
17805
80165
70651
58269
90101
8899
97807
9708
48354
5052
60804
98175
43158
80660
9310
68588
53097
94837
34312
4319
88564
75385
36751
71152
5252
66091
41848
66269
41804
71024
11870
53272
93634
92343
63171
62223
21202
48692
10262
73877
37286
2037
79031
92642
67125
7391
43443
44570
97854
82498
79319
98093
15216
72754
87468
16141
66958
69800
6649
45596
10917
92857
67177
4854
44510
72388
81121
83827
43182
14689
13388
68443
50667
26911
97294
44400
83227
10131
44224
40633
50687
57210
69386
85292
19165
81734
50777
69273
55660
55009
54095
45475
42025
27695
1996
90068
77460
48133
83397
30766
48794
72889
68127
13648
13810
42216
14765
18836
19692
47077
65692
27574
24089
6317
43222
31665
53171
94908
75625
11656
4768
99404
78399
42281
59590
46235
47582
21229
7895
5212
39793
26775
98465
96217
93518
20779
88092
55700
64402
50076
87811
6141
51385
26015
97365
96773
13219
46133
34975
27847
25854
2855
69496
29952
6477
99537
2039
95188
6262
21884
63400
44346
25254
92548
48848
4282
27647
14592
91454
76307
56149
33126
60630
79948
63121
34424
30167
25264
81698
6614
74390
44120
93704
14085
31452
55377
23274
14578
48458
28201
86129
97893
42543
49736
14638
15491
53848
65541
89479
57981
80502
31730
18060
54536
37502
82452
65386
45575
69669
55001
99842
45936
66733
81311
13903
82601
96249
21741
896
59979
86131
66834
12316
71943
5445
16841
33997
53567
32816
35180
42793
27664
6995
86249
37733
49148
52238
74304
88553
78525
33597
90030
14702
8895
82146
624
68595
82678
34131
56880
10814
84866
65558
70064
76768
64336
56155
5372
76945
64058
67905
25985
35233
12300
61617
82909
21891
60038
89108
60470
73308
28413
76409
34431
23141
95905
64663
54365
31552
10403
44605
27739
18353
96827
2088
83219
88889
61463
19825
87452
34228
9209
544
85624
1471
50126
3243
6095
22165
5403
11212
86135
12048
71788
14350
10713
94308
74241
32179
96321
41216
75882
99122
36792
84109
65730
6868
28564
6768
7651
21033
51727
49666
88873
81714
94181
20659
76364
11119
87362
45510
56013
8017
34702
76457
98473
45689
80618
84950
23656
23566
39320
86237
13898
40140
82181
17278
41878
82490
48954
1881
38073
44052
79636
63251
5122
19214
71197
91005
58222
17544
94652
76622
28745
33029
74209
63861
73596
71593
54353
92599
93082
15229
28340
87656
21754
3755
89110
29475
38917
74956
40100
77052
30426
18347
84123
34893
95962
81279
1407
70701
5644
18773
87772
32669
6639
95045
45690
63553
57554
87764
79800
97869
88258
62845
89143
26974
86601
35882
7869
18450
11053
43947
26946
17416
63255
89320
20896
30006
21107
27524
16725
21408
3555
60155
86841
57280
9721
1905
79597
28333
38713
35690
16323
14322
37413
99058
80527
3396
5170
59528
48309
19067
61242
35551
45687
50890
68544
88845
26613
52873
19289
23941
6457
96570
44714
25523
84731
505
68261
1975
6507
26032
54403
20019
5263
97455
17185
50838
9174
96229
20621
97781
24684
84307
71842
93884
41367
41534
57558
99428
73399
12524
77500
16973
56041
49265
89850
433
15505
14206
94793
46229
84108
81008
46825
98350
87471
32250
12240
8541
19629
67647
84275
79411
14414
63591
73069
50830
18715
81721
65583
65388
41767
32450
21313
71207
80370
3327
36543
71280
96849
69861
73264
31536
45226
64657
83231
48543
31760
33291
6797
17997
26223
37834
26709
30368
67859
2216
77865
52753
1041
68541
11261
18690
73239
76469
45167
98978
88422
3474
47313
34207
34027
86569
14464
33307
37288
49556
17435
93065
57458
26417
93849
90655
9601
3433
84817
56848
99218
57196
842
82870
40102
26073
95336
46363
50862
65225
1428
54385
17599
50805
45288
32548
30062
87197
62118
47908
35716
39260
19019
76072
25037
64181
30638
46070
2113
54248
45203
72205
99824
7530
79104
7315
54132
67394
46774
89351
94406
92702
429
19328
52500
40740
78686
14806
96399
57396
72498
2760
27230
43624
60126
2818
61803
92692
42542
76281
25766
69152
56811
88895
49738
16015
87434
6378
72846
77003
73093
39002
9579
95024
41694
61608
31064
77662
89959
80990
71911
86101
84396
39317
75237
93260
1860
85264
32420
86884
49410
12498
9953
44794
96247
51411
46276
54047
10376
86625
7741
87369
56950
21633
70684
26488
38410
83972
29075
87616
91727
92705
91156
14225
33486
36391
5149
13214
25795
692
48226
29139
62833
85249
80891
79642
63155
2144
7499
11157
54543
87830
21609
6968
4945
48274
35491
45878
45982
91083
80774
77193
84599
79777
68531
1234
7203
54475
80336
72962
93697
27295
773
57537
58110
88209
5092
99578
81363
1372
49981
49020
46748
66732
6999
72931
48863
49592
29212
10974
19595
87851
1707
27338
23077
9995
37624
40881
14081
35083
60580
49370
44685
31297
56161
7079
576
55906
16989
97743
16227
51179
82580
85139
20039
47059
97443
66528
60410
23752
68266
91303
15433
34447
83967
31140
54512
12119
3335
3733
53279
93319
11326
44378
67237
36872
20835
70010
36726
16986
38640
4968
81901
83611
99393
7578
89993
89125
83879
24377
44122
38198
91422
5594
38209
76877
21262
78055
42720
38386
56057
36694
48373
23033
72643
4278
95719
31158
98733
73570
18122
38122
52160
42097
61002
52593
27035
98044
74948
34676
69534
65035
67050
26908
69897
43858
40378
73020
98489
96046
81635
27957
85074
49969
57802
95822
49946
29122
83761
67590
5123
8590
74844
47712
23757
39530
77553
24781
27811
30500
20559
51677
94632
17080
9906
10389
54934
6853
14409
94218
98196
14112
86534
80366
50842
3918
6599
42564
69423
16779
74813
53135
89220
54283
11782
25075
82555
70847
97838
20701
93877
45948
6913
76029
78836
98861
80408
38388
98391
25606
82710
8813
20919
78292
44239
52436
38190
27273
92568
62056
47335
25446
64050
81700
59211
51817
71148
74513
34582
15648
79991
16602
64502
56364
70272
43526
56888
373
23433
30733
97068
19848
41962
52506
43414
41400
41007
4070
4236
61165
45506
25014
81032
76084
67275
23678
53192
22122
53057
61709
22388
76183
13044
4868
33060
57563
79125
51416
63675
90342
74988
68536
70924
7777
25977
48136
17940
86317
41639
41777
4824
20875
36266
61861
85913
60318
97467
46498
54533
35892
2054
74408
3818
66418
81410
84524
71949
93538
93460
14371
55113
65569
37452
72656
55644
38411
25772
55691
58811
27079
90726
56224
56664
65378
67740
39491
43731
83870
70934
82946
30891
10507
11865
38116
68233
91732
532
57363
48759
67663
78643
21661
1795
3149
9499
48189
50017
99561
38963
82211
49406
26423
5132
36886
84768
52142
67405
35337
36837
68770
57297
10380
25512
77358
13276
9335
52767
72880
10966
60895
86833
1666
10316
43470
83487
91626
30538
29713
12676
45227
90338
6361
3813
48555
65351
37166
76371
82607
18428
69332
62647
41208
36054
29870
66723
16837
32467
70395
37445
57397
11214
84750
9993
26884
36221
810
51398
87813
86210
83004
94500
53067
8618
46556
26681
40829
51037
62756
97147
89006
61374
35100
54893
98905
83493
37341
34958
44067
39562
14593
61887
53962
54641
23106
19984
39757
16597
42390
48452
60937
24644
91546
76287
7863
6285
62693
7740
81610
1492
57252
11129
80548
95042
35266
12012
45697
84847
39015
57246
18374
31813
7222
97596
24242
5106
47774
52586
65041
58453
88700
26833
70397
45103
28976
48393
64686
78275
24977
90589
98847
73551
71472
37401
29529
36076
90941
48935
97708
46917
64156
40484
81287
84993
8971
28153
65230
29443
33775
84231
91568
8862
40554
44076
48229
89926
60017
4488
24241
52031
87328
60534
98255
15956
42859
16284
5823
51136
25836
47751
81656
91494
4325
86154
93911
43613
32214
9273
37395
97245
72275
74550
41344
73942
40322
71405
67835
33026
85886
24889
58947
1831
10716
40896
29629
48175
74000
59652
27578
8514
49354
78385
80244
17964
58293
37920
59982
5732
28483
19261
28611
36596
93930
18446
71591
78439
19284
64551
80454
66745
5715
9468
68736
51743
56886
75085
68176
81357
50859
30869
56037
78054
88392
18682
56907
44834
22140
13784
42950
29355
40522
76649
8453
48295
76180
16661
73066
23766
54848
25532
31605
16954
49534
74069
50686
3896
57436
34294
58131
33779
62773
622
41148
1803
22481
19111
46709
64723
17976
54941
42928
49595
59867
43767
51372
54136
57724
86802
93369
2694
64872
12903
21116
49847
8063
16889
43725
1046
99241
31330
95522
17161
3427
32573
88257
80060
38716
57531
68128
45812
47407
58569
16932
33619
96238
76246
75761
10945
89341
33721
57352
23999
62419
1578
40877
16415
55152
46586
12383
31157
58405
59409
62245
46214
26879
68709
13200
13762
16202
53691
52872
5059
27253
12794
69981
34820
94294
24013
12931
87579
99358
47170
66747
64252
15895
61505
41314
18447
13492
44475
64581
34655
27973
50585
12768
57657
46541
73455
50883
76975
26359
22294
82706
21528
40385
2076
60523
52042
32398
96975
9054
36291
61323
48281
78544
90361
47065
82824
22803
29243
23905
42520
88126
17313
80639
79746
23688
27772
65355
26906
23153
60615
69090
24709
47857
67662
67451
13150
11909
1097
7104
63597
53921
51794
84091
4654
70628
50302
98859
90929
3462
41215
57975
3100
92133
46209
97577
60218
86596
63141
37066
62650
13826
79662
75924
61867
16784
96564
33105
79422
72510
28576
65250
62437
23160
23952
43451
62805
41134
35800
36609
81162
18065
96213
49093
38472
72854
48414
92649
30569
41541
8135
67239
28440
66445
57651
29923
45202
5849
86756
79141
73718
95686
31703
91623
6965
48731
63240
59360
89032
12589
81848
20285
14097
9643
97239
16853
37000
16838
94444
73715
51981
54847
84625
28811
90137
24301
63706
29263
43485
35379
82730
33687
60294
78397
87249
19176
70354
38140
92231
22025
41211
35261
72513
78289
87180
72517
79370
51124
55902
77257
83229
72121
20962
67087
41688
58641
57394
64511
42382
9989
56816
74978
60558
21685
42486
68787
96468
52432
20823
9838
82682
25359
19048
52799
45928
33347
61305
90713
61043
93751
25357
87589
69536
72237
10847
64716
61394
36426
49631
65860
39455
18708
83926
68075
83185
49322
75872
42208
70863
75397
67847
45846
84171
42734
40284
58768
48982
36470
79168
84177
55561
74368
31483
44768
3949
14902
63954
68221
38671
91365
27987
31100
29456
8443
77431
9547
5058
36409
92293
53843
35536
33030
33072
88344
53715
90966
68499
58128
60062
87846
92769
82655
66689
23142
61802
36250
22305
95287
70489
20375
80738
36175
4171
43622
3216
77379
22156
21982
57430
24748
85865
22507
23610
39216
29348
9514
69196
27003
33942
89250
90780
67622
64860
58817
32088
51375
46998
62476
18733
59707
80920
5229
12974
84917
3180
5031
92727
11273
30853
62628
45988
22883
84117
97354
20446
71712
58579
47061
83889
26242
8857
10641
95244
64048
55554
7249
33995
58037
71054
9956
54793
35780
69330
88488
15221
40255
25135
45749
50566
1857
34535
62837
82679
87959
53629
89429
97348
76939
53502
49770
41355
6257
50468
17306
36096
43093
46222
99674
72769
57274
19851
23319
38464
45190
68639
98925
1121
19652
6351
88744
81135
66979
35070
14345
24170
57279
74171
3153
11997
48306
48841
20447
58381
67150
444
46022
45228
56885
95617
90219
95679
43539
89226
6453
80155
59039
31666
48193
9179
57484
71456
35597
4530
47920
83981
16680
63099
59057
693
38552
44578
37913
4702
5467
67703
88253
16750
48898
32194
18399
72729
29098
42149
9594
30577
11630
54678
56616
84680
12110
85012
71724
20641
23776
55194
77505
45560
65482
52035
85498
34436
17323
27514
80822
78096
20404
884
40843
13779
75884
97934
88
33780
95949
67131
24318
73128
82410
11034
62545
66917
28021
78718
33002
71829
51589
26375
75566
59856
25354
19
46322
93964
31207
29514
75332
77953
1085
60021
91047
18671
42252
68877
13376
56250
6523
98575
9699
60557
32726
2139
77496
27399
37955
38450
2072
54295
47379
85118
22075
11031
83637
85685
26810
64468
34883
33331
81511
13162
35343
37163
59449
11414
80443
54163
47617
76162
56270
71069
10215
60624
92810
50771
92475
85112
15662
77118
5916
88989
38658
18918
70074
55974
88332
76286
89119
46142
34765
40635
66953
43149
88562
98930
27046
58005
39594
73157
72788
28243
79625
35492
68764
65949
62502
93085
32672
18155
33279
98797
25269
72353
20740
61268
25917
90896
88542
48310
11048
3484
50738
56665
74044
11922
12212
13745
86770
15996
31878
15075
12580
57074
139
16153
97727
270
76521
38352
83962
58240
26066
26761
59282
39151
75898
10341
35317
92939
10555
9954
99066
53545
7565
88742
10230
90379
91504
17542
35639
51099
38810
43410
57348
21164
17376
82635
64461
36006
39471
21035
61385
24606
95910
93973
45297
19318
92178
48809
27977
35457
40927
68811
17942
34541
43020
6398
23410
53153
39444
27254
68298
2059
99970
30724
21384
85680
48937
94261
39244
9885
57096
52129
28360
2485
20370
99497
63472
50105
74435
7511
515
57579
56255
86973
15668
51718
25642
11087
61108
44396
80970
25108
38937
73097
63815
5908
31940
51475
74168
39152
81207
79126
58248
50063
24012
34221
63562
8376
73595
74602
62503
22704
14310
57011
5452
96782
72902
64721
68732
45581
59599
58546
57067
75997
31723
18352
49182
50492
21
24201
17601
80135
45983
94680
2852
87551
8833
57823
52650
64798
73032
27196
16267
99608
30193
36538
50965
7281
8132
20031
62731
67532
62945
36553
82811
50214
64910
69879
15881
32564
68741
11538
45391
31312
61211
45901
88110
2273
79331
76130
12435
29403
39373
69207
76862
86711
73506
65737
74288
74677
61331
15550
48926
66536
9572
89156
54367
13512
17682
55723
64565
13599
97544
95500
28104
76184
14601
54792
77290
36618
33654
41433
8631
89278
58467
45428
47491
48955
60944
40429
77645
49061
50634
93121
77843
46467
64369
82641
86015
23505
28405
37429
73988
96571
96720
9109
4785
48160
75419
37282
11296
74319
58190
28265
1321
35901
74566
76805
44305
40114
25138
71610
43875
58330
34716
65001
17310
4739
63651
33634
43340
90430
1184
74940
38598
72672
67225
55398
12783
81479
40121
12420
20320
51580
14518
13444
52440
97167
34507
94416
63683
95666
99547
74809
75771
39379
8583
14430
91162
16423
84674
41793
6784
29176
95490
29845
70012
91974
25581
45142
69003
1984
3210
10676
59556
51695
90640
71260
67217
49118
97009
1756
95312
94048
19561
62739
27080
31847
32404
35826
40754
33082
93931
6362
24701
88712
60631
43197
8956
84901
34454
11737
71907
84989
28514
44164
35819
32465
19249
42455
98386
83275
73579
80000
81945
22869
7934
50999
83516
57158
17347
63602
65597
41545
89260
65617
5983
29581
94899
71687
86515
77896
69257
45660
84553
60371
71373
17530
50451
70371
41458
2569
4516
43346
9839
96964
69267
58507
68711
30200
36000
14714
29787
29539
43202
86541
14839
54243
90270
23458
96847
59622
36776
33595
74026
67822
38084
83689
24214
54331
60179
1377
97311
52522
94864
65725
90619
57235
77309
36985
58343
50642
58288
26022
68403
97078
94488
85374
15702
12953
83031
44196
25355
30088
3491
63930
37811
85007
98687
92474
90399
62427
79210
62584
73054
57120
54674
28354
62415
8117
30385
38919
29268
70324
72206
64366
99718
79457
98100
63315
33691
71307
82480
64484
95708
34959
33935
50095
32958
60127
59154
93619
51334
86139
6421
51822
90902
50681
56635
27131
3500
6986
81071
22608
45336
62495
15486
23904
57159
78360
17952
57327
8244
77086
74039
51445
75896
97207
83723
39377
40674
35793
42023
75607
16663
61152
94323
74547
24260
78689
61450
9304
10709
98595
26744
32031
4566
87920
67022
54311
57249
21009
22538
23026
95448
35707
81539
23375
64777
32165
64640
51402
78284
28074
32967
82185
77188
94207
92127
32405
64188
48163
1014
10743
50357
29288
80402
9714
27396
9177
33006
25792
70099
52964
9218
48471
8243
1247
16138
69396
31351
56922
75740
68733
88328
52584
53206
43873
25230
93123
1357
83180
88284
34891
14892
40351
65045
56796
70576
78147
20706
53740
89935
19405
45185
17077
12133
43473
79931
79879
40283
62452
78580
7922
55247
52355
47443
47493
45398
71149
703
95132
84081
68705
77107
29397
9688
8318
96368
49661
10196
81496
85156
59190
64980
78438
88111
77680
85476
48599
60679
17395
30428
691
28557
74313
87032
21279
8737
50464
46098
78352
89878
55997
2876
5459
67124
76576
50969
31427
6419
38495
62318
99770
94127
83104
30120
69873
9863
62648
65666
76570
40800
30691
14530
44867
82692
26468
53579
58019
47336
77937
66316
5891
36061
47975
29959
79182
3612
45149
64778
29599
92460
93273
60742
64732
1949
49547
43606
29292
7021
78993
73282
62178
57283
36089
30835
69010
40777
94970
71532
95993
57587
60800
80724
50190
2053
64865
78722
81025
15253
50314
11679
46627
91744
40372
98554
685
10404
30293
32310
23866
55966
63628
64635
39634
85866
13119
25035
42447
82050
57407
82306
19113
25645
83470
52695
42310
99614
60418
21898
61205
50344
92965
25997
33931
87749
70844
54519
62225
67829
5554
89988
21873
37550
32620
37779
91412
39946
30467
55012
92699
77077
54717
88136
70654
8309
44114
83620
47797
57568
31689
88949
29632
1112
19528
94792
94708
75453
66042
77017
44467
40533
15004
52409
46659
47652
61007
39128
48532
99857
17225
20942
71542
49908
52977
99293
42245
7780
37784
37086
53803
82820
695
26685
73756
78736
37728
43845
30429
99783
17513
16112
61789
24202
14624
42883
55210
90070
55213
73954
15605
1466
48892
72424
48154
13225
78041
74576
83061
7668
43495
50656
61826
66742
98268
14608
24325
33586
80711
29849
22787
40419
720
59647
29402
68214
35849
11879
53862
73605
41445
99643
50537
98357
13406
45270
27885
61958
70704
34831
8535
47810
54682
88674
25408
67082
91972
22308
4650
61210
7097
91313
22428
45898
51222
92019
38400
6770
40650
37137
54845
59235
41594
58643
10107
48293
97322
19191
21371
48659
23149
90491
46842
25412
65987
23629
69456
69825
66711
75931
34623
94986
1132
23864
57640
63679
7331
90680
43623
53355
74302
49430
98146
11676
95767
53424
37474
69340
71334
10054
31997
96596
46852
39328
42728
49642
44088
99269
95475
33088
64112
91681
40441
96454
11546
39088
136
11372
23461
88560
93750
61257
9114
18862
25551
30961
57068
4367
89534
84163
58973
34801
17326
22745
58310
67960
45174
44701
35904
843
19765
20289
83391
46068
14407
72294
19075
11978
53262
71121
59138
46219
52967
67419
95610
3132
42755
18648
38971
15368
27042
77919
99306
75082
30764
45255
71533
4280
62599
25967
40572
10843
44983
41519
59587
93941
31684
57511
26626
11868
87185
86965
68824
94075
66268
38211
3151
23971
47641
63886
41731
28204
37948
85294
30461
62087
32941
25322
93153
83237
43788
10800
61797
98720
71852
14318
74596
99413
56327
51454
63575
538
39422
19377
56658
47411
90454
71395
10853
67231
2057
49036
89943
77202
68204
30215
75448
73505
15589
92924
24537
21712
90059
30899
7526
89733
508
5920
60709
156
11466
84133
6007
45383
93428
87572
24789
84374
5057
13976
63002
52276
91562
61830
56542
90236
73150
30707
64194
21606
70240
91525
39403
51724
97693
51549
63257
42201
97032
79750
75367
16050
28163
74443
73163
24124
3345
12636
93313
51567
63935
90808
52011
25008
79864
67109
27216
11188
73286
17205
57741
89373
62800
68939
64938
31453
14055
27037
55061
72209
19872
3066
74691
62872
8481
58809
67398
95517
4844
10334
14217
6418
46061
16253
77571
98045
93308
13198
48104
61087
45456
44205
5104
3449
42853
94857
65042
60864
82363
95682
84832
93796
84541
20500
78637
107
27773
7291
98009
65918
80190
73639
51261
89712
99380
42317
58658
49302
24924
98672
31596
62700
96177
38747
75340
83226
94718
65896
27628
97700
23253
97327
74240
95571
23682
44582
35661
11844
31638
71390
94749
37499
83719
60347
39770
51642
520
31471
98220
59041
98381
8662
8626
10976
274
22946
50144
24949
42533
86044
95147
13170
57268
67636
48582
45015
49508
52734
40603
65761
10634
75562
34661
7621
84997
74343
75472
32464
91155
25341
39459
56392
4290
31048
37433
63678
2035
89258
88748
96378
71356
77977
38246
99249
71500
86544
75324
30113
75543
84082
24720
3935
98799
38471
75878
34032
4358
8843
96647
61353
12134
76565
56235
19325
37715
34416
45069
83468
37996
37368
76178
34636
55754
61550
3511
1663
95998
99794
32709
53922
59901
15666
22270
75255
35676
6751
10242
83346
58919
72614
81748
96751
7594
21339
6898
52093
9104
84392
76753
12771
14597
37757
62296
2212
37147
91579
55991
71234
29550
22775
46869
3965
12966
9529
40432
33034
62115
74942
79591
65919
5301
89605
26968
81704
61538
27799
10234
42884
60159
77583
1778
75384
51725
21592
22194
29686
31534
74612
34811
80732
99055
77092
22337
74858
4766
4036
22701
34307
88286
76493
26305
25097
86362
30741
97118
10926
52174
55954
18780
24890
93125
80948
25137
84168
25172
40265
84474
79479
36846
41488
62842
78141
89017
81171
77321
11334
7673
29532
21951
28109
7099
12681
90400
269
94368
91338
59944
26888
18379
31718
74923
73728
40437
33251
59317
90445
54865
14820
63823
88814
47515
49834
60859
20682
39415
87575
2331
23730
88762
58360
41061
3966
50877
65363
94315
61218
89224
10776
81098
47872
19833
79246
93514
92400
25567
16581
57136
24625
59759
46566
8206
70194
42027
63323
86335
72570
58633
88444
38162
37515
25054
67503
57645
53045
60321
11766
88994
82980
55028
95060
86083
86533
13537
48816
20859
52118
46785
81314
19877
24860
31443
91104
79190
28857
65146
74367
21444
79728
4213
98777
51565
7270
89084
15936
87599
88294
75688
50382
25069
73210
68439
76019
77264
7658
50499
78800
27634
69191
86474
12097
26050
36214
51196
57751
34331
28276
35256
24023
37359
62654
97115
15673
16300
60360
65166
78677
74315
87108
749
60037
41606
98318
56526
30013
45489
86563
37940
41910
47715
32758
55619
44824
41047
98724
74670
14879
66681
35255
6133
66996
84019
4423
70862
72200
70282
49275
18775
87359
93102
917
74281
82361
65314
19723
1760
92449
89613
99407
81505
61188
51758
71427
89856
36749
66045
60105
10708
31755
47822
69050
46020
24469
29301
47476
68923
56414
74786
6882
85216
25471
63554
52066
21048
84841
80667
58888
69885
90872
84714
48697
17863
79581
5761
75475
7585
25804
1847
61929
47642
31236
22035
36441
29341
94431
83417
60185
99098
42984
51654
76067
60385
85968
45808
92403
71277
9443
62281
72
84278
11952
56693
33843
50607
88644
95173
21143
85203
6486
92077
69140
87826
98894
85435
35652
13241
67699
48407
87115
81396
97542
71180
42043
51056
43159
65380
12804
42420
28467
96446
72012
72151
34456
89606
60651
73696
65616
82895
85841
69490
35567
3948
52222
44453
84331
59648
81420
18799
34081
73018
93843
10135
47198
14492
53597
75198
50973
25940
44725
71575
58519
35529
29331
89752
97631
18890
71925
36620
41054
63460
69910
5209
33310
95553
88129
8428
39302
39995
2712
77215
92526
46317
91165
62917
75336
2271
56006
73777
50098
18142
21794
12369
1764
8703
90565
81324
18770
84078
59730
75298
862
76747
32174
16102
58465
77905
33740
58560
49725
98830
60653
93626
96692
26485
26004
67721
41524
39290
80329
96630
98755
56730
22419
64516
73404
96547
34807
21902
96696
40681
53127
59562
57886
76820
20891
6500
24294
633
95525
31795
8185
25117
49385
12062
60776
98794
41081
44411
74191
57597
58589
72832
66243
25539
88087
17881
62396
60896
26783
18191
36639
25204
77533
18686
89816
86749
32729
91497
77296
99056
33380
67096
78003
53705
50637
89431
81481
37876
59630
64326
5514
94849
99013
79675
33588
42985
54312
49949
26599
31403
16900
17503
578
95241
53069
67635
62100
7522
29102
3617
82274
22028
35691
59932
42499
83244
78935
34368
98407
286
10882
4884
31581
60955
86046
64607
78030
65607
46254
50275
65544
54604
81077
14904
29589
62377
86996
95685
67099
41236
18297
5130
50122
16447
96360
59530
95010
66074
35242
55313
11253
82345
12669
71368
68576
66427
67658
60190
44254
49754
50740
26275
55748
10514
57129
28334
27660
16416
21401
29920
65007
27378
58594
41282
6674
43433
73244
36935
77566
44888
78552
77002
26021
77157
77382
24605
48618
33003
31259
21691
95069
57580
26907
45035
21981
86845
73881
17926
22656
32638
76477
53481
12252
14234
21140
45107
48466
52045
93241
72976
26186
30133
10983
23013
14969
85493
91044
82531
52080
83677
56513
96022
51461
8031
48287
52962
23007
20190
74953
64661
31123
67254
85296
78893
89421
79999
58021
24694
79068
18974
41273
58865
980
21913
30292
41530
63182
26743
14546
28547
17722
27482
27608
11342
3827
99820
13041
39222
6417
90646
17957
9702
38852
66727
81813
8391
43232
87591
60415
44975
8366
22277
85976
8565
49973
84491
98430
7992
88808
27174
9929
4580
81612
3030
32519
3498
57220
6685
19382
38485
60276
78118
47988
47255
11224
48678
49244
83960
2934
92710
53965
22577
31099
43517
87891
29865
84840
60076
47613
21621
56160
39192
25405
42806
93650
18779
26889
86185
36
42357
84134
49934
93959
7749
1116
92397
33274
31607
33054
31533
46832
98782
61383
55956
76032
96270
10949
92828
73448
24419
86233
2403
28826
54962
80814
96228
14485
11586
83770
59670
65438
33448
47508
72713
63191
19979
16231
74577
10466
30760
18935
52673
96380
51125
38197
41187
7124
82101
83577
12964
77805
12180
83582
10855
50815
67316
30842
36205
50993
80480
18345
91801
79363
72872
47861
87965
73158
68884
49384
53903
24767
82609
79896
51050
16354
36099
92106
16582
52306
48375
65614
57199
60692
51031
10002
70602
86302
30559
58239
279
88587
10707
21334
74975
51947
13337
32211
34866
8866
86274
42120
76393
46519
30911
64331
37628
73357
1598
65149
16941
83953
90756
74752
76356
18360
18137
73295
3849
21986
49263
46258
68694
23587
22055
98531
97666
52948
6937
44142
60359
59519
5312
83408
44394
71618
73499
65833
45351
37406
77475
47825
37753
31871
40010
30573
1293
43361
90145
34547
48789
81708
62900
88529
54079
19021
27888
85111
73543
5639
65432
45797
69996
54253
4952
22323
98780
3424
54188
57583
86501
17200
16917
33028
33813
4451
36367
71970
99317
55928
48179
73258
34160
41290
40304
78073
22299
54914
40450
25321
57594
72427
72909
30605
28164
59570
74217
81523
20884
16558
58877
29379
17803
98674
85193
8101
48867
8029
88611
85287
2029
638
39898
66449
91113
94118
53617
33756
20934
42764
30706
59583
18782
94695
84764
65475
45326
43464
53713
35777
37093
56624
87000
68664
12519
66121
91392
12840
23402
70898
53300
80359
47040
72451
63700
31584
94520
32544
88718
20577
78851
11965
9924
58196
39694
36263
75834
51467
55428
40744
87827
26951
55138
49520
81529
58279
61144
64622
41585
19856
49808
40276
37346
71886
20393
57948
37198
64197
13609
93864
54721
64727
59314
75305
7194
97780
22550
21144
62383
13666
76870
48665
14308
70994
92950
25478
61648
8911
60990
22668
50845
43484
66637
28417
63195
74294
97554
51174
31209
62257
69221
60084
64633
91361
57095
55284
28584
35501
91788
59920
6434
16774
12070
6420
26257
4392
84136
61141
14842
19204
17486
87283
63252
48005
12036
59956
91897
43476
94352
64062
25410
28210
58989
28004
64258
61578
27853
31577
64728
54833
52396
57689
97510
78403
95134
65605
4175
82628
79878
50065
19080
90836
16544
37333
22435
48299
67411
27668
79236
77208
35304
5473
18527
92359
1176
60206
73021
58746
64689
20684
33667
9604
90395
64503
8821
46714
8088
83406
78318
39813
5091
20860
7507
48001
35527
70887
55224
15615
30249
47532
90452
91530
52069
19247
45140
74983
91614
26531
63266
99920
58468
86694
40724
99889
49647
7638
96375
48574
36016
52430
52660
15540
20745
71992
41790
99321
92226
96440
71670
62193
49994
89262
15246
97189
97822
65153
67081
38897
85137
15823
55405
36571
12499
43461
19938
41217
60266
51280
16055
2256
11956
91994
51796
73280
50630
63616
35927
28224
93881
61714
56175
99954
72279
63262
2601
56519
12155
18541
82468
61576
90863
94733
44045
35183
51210
55662
96801
97873
72505
56047
18320
71044
53380
18932
45514
58562
50053
46749
5026
89757
38171
29974
66516
5483
56567
91069
34474
40175
31429
8476
34367
87669
54442
6716
88329
20063
51883
65246
48221
44047
49473
27723
65684
9049
83538
35998
85478
60971
69270
21885
45036
18285
81953
60369
7889
25076
89677
3393
20111
69204
65331
98286
42902
39264
8906
11940
99720
21196
92574
81555
34982
28867
10218
96517
11813
48866
58213
54936
23231
85239
81986
42912
46800
81654
65172
55908
90201
52161
75351
37559
65436
27612
96024
89779
17501
42596
39096
5669
16987
97732
10420
61474
91857
40101
78806
61977
18947
18528
45505
81749
67248
3651
75581
94167
80222
15567
86548
1726
46067
56008
51538
22163
2738
39227
62862
85391
85999
90527
40406
78526
1877
58143
59082
44417
26363
13819
3980
52172
12451
82945
23831
6610
97133
48684
83575
99756
54174
85622
6663
81247
68063
2611
34308
22872
92009
1576
60252
31761
218
48489
18820
33401
3268
29187
11462
10173
91603
50142
3045
45478
20002
6679
53926
20314
51466
43366
30838
83161
2038
27760
34880
42721
73975
84221
27051
19258
83999
41499
88435
5386
5951
48963
42235
69335
20211
86137
85004
33940
92555
33450
35325
20290
77062
90840
77085
19266
60503
76540
18673
6456
87837
20728
90570
12665
22339
49877
81120
72137
13601
45932
66261
5787
99383
72063
12677
32754
78229
68589
51120
60998
76496
24008
42913
15864
37434
42539
31818
48601
36401
4342
10739
14906
32329
41266
75598
1088
18068
87508
23616
68031
18477
44950
23228
79272
35409
95869
50176
58186
90862
83804
31875
22457
89549
9062
98170
79858
55592
83069
87690
500
69356
31359
78047
80749
98382
74084
5439
2863
65460
44065
31270
652
71462
52569
77338
56765
309
97687
87752
93661
67710
96227
69614
4000
7862
20156
78608
93912
93583
68535
48696
54478
61850
30802
64145
32108
40469
54455
8197
49444
77930
4775
20164
57185
6570
31346
13992
56406
5384
53839
88215
73665
11431
56127
11911
26039
95871
57325
66823
43579
15719
85417
91168
74765
15595
17698
6271
85260
82489
16465
36287
9277
49459
85531
90486
26254
66175
25531
65299
9887
57922
13436
39559
30831
30566
26805
87114
6311
2941
38144
24194
43120
7230
97371
74709
79483
16598
18496
38630
9741
863
40103
83651
3917
1117
41364
76319
60897
73621
79906
45257
60125
19907
48363
21160
71403
57156
33884
96811
43765
9037
70951
1862
20702
52236
98867
70796
73640
49587
20276
24563
24357
59026
60207
56401
23869
52126
48315
14237
64192
54663
53584
53275
35515
50408
66925
98638
62935
63410
77949
85058
87179
60577
72176
32987
42664
77260
41834
19939
20868
32180
10243
92088
4916
90612
38976
78667
6597
36884
95370
89297
36803
19081
25798
36607
99455
887
73490
49674
62973
96376
70957
70209
83739
11489
8544
75715
94778
43999
86330
24891
83429
5247
19474
69831
55171
65871
69416
44445
99295
23863
51284
98897
42249
48102
71760
10878
935
74728
95692
12656
40451
89158
29237
7096
35227
47106
1566
25639
62300
97890
30415
39870
77811
5722
70893
19518
18420
14789
23723
17109
28742
90860
92445
1462
81873
83894
1284
57734
82793
71603
28647
96561
71247
61097
16069
65383
80439
69668
49246
25972
84153
39814
85793
66988
75049
86785
84741
97389
66358
44004
11843
32430
70071
12602
30060
65387
26065
20874
24848
7211
29869
39199
34154
42871
97350
22633
57808
63963
11113
7544
71920
13339
79611
22935
71444
22493
54925
45465
69115
5336
37453
34879
64884
24440
63540
70108
2835
11319
48054
34150
95652
96002
31360
7417
75960
73663
38723
64975
32509
38042
6835
23083
29568
2219
10083
59711
92150
91298
25882
27489
26369
95943
23086
24176
84782
79783
56433
86438
59270
32093
70523
97493
58217
97487
66140
79077
33169
48090
14292
81307
81423
86641
18348
60205
45848
984
68327
91545
84785
62682
27654
97769
34463
24489
59623
27994
98916
52861
36167
22962
22245
41333
2828
29182
94692
45778
71899
72016
16428
2188
78652
5075
52321
23758
878
89483
85182
86005
1346
8478
25212
6550
40582
84651
43122
85738
62832
6972
63163
92601
79971
43815
1188
15455
98080
53689
30900
3929
1212
35358
24382
53618
21962
85729
98766
62984
98302
17611
92900
7509
46169
49953
80184
37972
28814
47590
34585
44264
70335
60162
11618
53771
32422
65005
81288
73370
26635
72715
83729
1661
28432
79177
61284
9311
9096
6899
18572
73711
28498
37832
74263
46633
66318
41117
58651
73907
73863
79301
10879
62333
64586
41357
93342
60485
18498
7110
89090
12186
83311
96079
40934
73400
31172
20437
86634
39805
24710
49439
45949
33047
82536
20258
50437
13952
73222
91931
67356
82219
19399
38890
96894
68747
83604
17343
95732
91194
38907
89530
94276
82236
60546
94142
30786
59571
75601
63025
42056
55062
76348
91948
38038
47162
56468
6642
38576
2157
64576
94862
33282
54083
87791
24510
85449
55334
39333
85038
52464
14243
36914
34258
44885
8389
62741
95185
1409
27175
35486
84833
8408
6897
98539
35459
11858
5465
56291
37523
17417
46718
84958
59129
96366
18668
93217
99149
68424
32978
77876
26427
26261
80665
61918
43801
46835
7493
58273
21169
91716
82354
71538
93743
92995
63277
68228
95833
40814
50296
44953
41188
64242
18028
26271
62446
30240
44908
82002
71346
44029
37656
57702
3313
70317
69908
93559
1093
23565
33329
41829
25026
88525
89388
22361
24458
77795
53212
46577
89679
44069
205
33207
26202
29083
3602
43644
78519
1786
5309
67831
39514
8894
98757
95711
55953
45223
7118
46450
57727
98337
26085
46345
80622
55107
49481
66368
45000
44505
84592
24772
28263
29235
81483
35306
55514
22218
53707
60878
55322
29873
47292
72299
58741
86628
77752
18029
83817
27026
11548
47978
49549
54598
88446
242
30034
18309
46682
96942
25897
13922
66820
98004
50861
91219
36063
67136
96466
36483
67789
90916
80215
24033
58880
53203
80157
70083
70348
86796
38482
85747
66364
96429
44044
87149
35741
66398
73447
95566
80609
24763
51832
72742
61570
47409
6866
48194
50831
462
44856
28043
18599
28061
66092
32529
79834
46397
21438
85782
26323
14932
95413
76796
72724
87854
45842
6191
50150
42072
75822
86213
87122
33563
808
92000
20765
48669
59361
27322
30540
98141
37513
31313
45845
35767
85775
95771
50596
97863
91598
95996
48933
24340
85
74360
21593
14635
34325
94932
82058
74717
36119
8016
42661
15048
24262
87763
42698
80330
26147
44399
42073
72193
15102
18501
65012
43565
56722
44511
22124
54262
61529
98213
98162
4925
14253
81235
44096
68162
6532
18083
27750
78972
95052
32169
73296
45472
93719
86529
25542
98497
81607
4222
91878
65982
91344
26878
83156
99225
49911
7955
10744
32545
82745
25987
4458
3473
85582
10698
82548
69279
8319
22510
92681
22683
83242
41625
3478
89432
57228
23272
86867
56045
15155
17373
80893
18233
36328
60268
68712
79481
87898
73531
41631
79874
90443
15853
80180
23002
5019
40498
44851
17290
46271
81210
41106
18340
41508
79916
75067
11790
51441
19236
71379
80563
68288
40587
90124
13639
76054
16287
34770
3899
83253
34065
63520
12753
25757
41924
89495
76894
3645
90015
59743
35535
48429
37750
78990
11229
42172
88137
15616
43771
9834
68962
93571
90990
65206
42173
88340
71996
44275
86069
69575
84587
9628
23867
75196
91809
55590
71387
14026
61900
94126
68674
34249
81146
50405
17915
16126
61403
82807
1483
5466
73044
79325
91650
16064
50968
98868
11942
24011
76315
41501
33293
85500
86147
37318
62828
81076
64120
18299
23364
88157
72804
15419
77786
29209
18980
71569
12550
30406
10640
16375
5332
39352
46316
50363
65621
78688
94813
22610
39665
18936
57656
68825
83151
75290
33220
92694
94013
10353
3698
91192
26317
76559
76113
30416
44423
32537
37512
12925
50284
6595
10174
33996
93448
54019
83162
61999
57213
7700
52876
52435
17300
91567
89185
10259
34629
70306
52027
14503
30051
32201
22386
6714
86003
68863
43117
95576
25498
11931
34262
37909
1374
35330
69851
18209
73224
97906
67410
12930
65069
17626
81615
82524
1742
31239
64660
47875
94134
75349
14212
10187
88094
40295
27219
15656
92420
43916
68942
58027
72422
57556
73498
57367
38884
36420
82845
44165
76075
51228
54397
55655
54863
14964
19121
89781
11070
70015
60867
55506
23586
64017
94844
86458
80068
19908
11220
6054
65270
47035
9915
21537
30865
15926
64364
11309
73145
86648
10701
37717
99065
89014
77547
16471
25120
15197
81154
38210
28111
77921
36773
25543
21301
73776
54644
6961
91260
22159
18902
87273
83005
12610
78707
15886
14908
3370
62743
54034
49300
93980
20072
46874
88142
39736
74646
77281
69272
79402
53292
38572
18058
84690
19884
54101
56154
2662
25885
12297
44284
81299
39551
78298
12700
37004
962
12251
55186
42695
4094
93290
90995
34815
54508
32416
46330
51098
36964
85087
1600
44315
50322
47298
25665
72723
67956
56000
56058
31019
87093
21221
90971
96171
95952
35848
12752
11907
62847
41062
58785
40788
80558
94512
22856
35257
68234
77494
25031
98624
44923
15763
93417
1408
12470
84837
99860
56437
64830
52739
15737
32724
70830
49678
28271
11059
79590
55608
29015
20457
80876
22974
50790
76879
70765
1563
94407
63179
58735
47458
48805
8931
24192
21759
83741
98055
19485
48387
17858
50633
50165
75383
58492
84037
78682
16736
45597
22509
53557
52728
92270
45792
20492
2160
62626
38057
88199
34947
16988
34413
8239
68832
89889
81999
54264
98980
70895
44134
87227
73378
63759
29710
46865
50653
24622
557
45863
18504
41444
50852
58652
14732
63818
73581
5973
33660
96780
22539
82337
55588
16690
34274
80121
53113
67296
41472
76135
49960
85516
84302
88334
76916
32288
54624
3422
98729
87450
19222
37699
83356
68706
78586
67572
70755
74208
24287
74146
19112
91115
75926
17504
36432
90656
71423
99004
31176
45771
93451
81605
31375
4732
72120
47375
98574
89728
71281
8047
92664
46063
87103
89346
99338
64094
13883
92871
39627
96503
98092
20646
79002
68934
72956
96109
18579
98000
98339
98165
70384
17146
1554
89199
89335
63008
24385
10091
35121
22433
4317
20064
90410
53382
91962
52259
26467
84752
47445
69278
56229
56286
62844
34617
84380
79936
42011
84052
46010
56169
17409
6841
56430
47528
56743
50824
31527
58180
55760
78266
34921
51297
2626
56666
90398
33190
150
70435
37642
8459
19766
22653
92330
52651
34677
17460
4742
1902
34141
9077
25610
49720
58412
43551
86637
97751
86045
65126
28715
1546
43123
82122
87001
40621
19447
79651
94393
1008
97607
63549
29314
44730
40748
51487
96574
19767
32436
85154
84716
50705
56988
24310
88317
29572
55728
904
17450
26092
49790
64610
43978
4378
2397
42637
91131
30721
7072
9349
93475
54139
51363
22573
33033
80861
10164
75753
30976
4858
47622
19695
62578
2931
48702
95105
25926
67196
43712
58596
31613
20183
66085
60844
14576
32589
60731
5261
58320
60928
47282
33327
32961
88162
48448
27983
77177
2090
32352
76073
2636
64246
81160
81177
33828
14633
44049
92185
73265
84720
6709
87472
73761
55046
10429
2776
41859
63468
69046
39339
42562
85253
83593
47001
41238
63622
70739
16429
23310
8929
14587
13102
82440
50913
83656
67815
7528
53092
20898
95827
65283
12061
32907
3665
26669
15077
70681
73438
30197
98395
43453
71078
39147
292
68045
81964
35043
20449
9487
22956
51987
16468
2481
17459
37789
31789
7420
25841
23516
35795
41072
71768
10453
24395
19441
52103
61687
20184
59304
85847
85958
80199
52100
5927
72738
44147
75674
58430
53164
72707
91107
7726
13089
1966
19860
43165
24916
74362
48113
33702
18729
22720
4759
70663
16100
16524
15034
41713
29110
28462
86473
4783
4425
6024
55375
29794
19594
40287
83872
14843
46906
34881
36316
5549
35470
93609
23359
1229
12263
87307
78387
20167
60994
23242
64492
94010
71313
71853
14381
89753
61960
43243
78070
57316
5341
8071
48335
97899
43545
15482
17442
29839
83941
28965
25150
26180
23791
91256
19189
66990
33138
32008
25290
2682
95621
28353
6179
18595
64947
10388
46837
86815
39469
54302
9520
79280
32372
84169
30557
92876
70136
94506
81506
10675
90945
88811
5064
11739
67004
74864
41053
89404
77292
52271
72577
31985
67984
77249
51029
16519
80532
99684
87475
30024
1418
22382
24988
29736
70058
72467
63029
48237
5067
32867
34200
81622
1384
91484
25210
12019
51250
19546
8510
94577
12568
93649
38414
70883
21412
75870
58404
73937
43753
74856
31848
34219
50260
99683
90050
99616
75708
94660
49206
42146
33416
28407
80882
4715
33398
24149
24456
36118
24351
77299
39467
97684
37425
70289
29140
97195
56404
38429
15429
24655
40452
39835
16795
9868
56395
74710
38477
89612
29477
24309
15262
1924
17663
71381
89911
11536
90595
12995
14280
34845
25720
16366
12068
83071
25484
42604
54931
23089
81497
93560
5772
37882
23133
40163
88383
28220
34983
84471
95317
29091
44532
11153
99554
35513
58615
59781
93974
52633
16545
36312
44056
12607
44077
53694
67980
29107
61269
55415
81099
35335
46677
12762
14218
35135
77885
71637
68210
81582
81796
15528
60264
47268
79740
26938
14794
1200
90252
6169
2860
9665
91670
23970
20388
8996
2891
68083
88963
47608
90312
79812
28077
98536
13243
69477
22464
93132
27663
588
65495
14129
71050
34440
43869
31617
79385
73659
47283
49970
49940
65463
50586
30943
10120
26056
40258
91294
75190
99198
78675
70861
27860
49597
49507
15259
29365
30852
72605
324
92982
49149
80296
1550
14623
12445
16511
46553
7337
6927
81631
64167
50010
25041
29658
71352
59413
94751
41583
11874
17149
7566
74108
76996
50171
21599
37441
46441
74994
783
39585
72474
1068
17835
53186
57945
60717
22458
24867
24161
7377
26790
76838
13387
998
73276
54579
29146
71175
78048
69896
6607
2777
50716
52636
93447
77305
55714
79178
39611
14942
49744
2419
93018
32553
35842
87004
757
60803
49175
81320
76369
51034
42692
100
5889
50992
27981
53990
32168
8069
73829
29564
84518
47931
71828
17670
8489
6091
23350
92751
14231
38353
65829
56042
14901
41894
15606
63512
17154
83370
62851
50119
41714
38492
70380
38484
29291
44607
77872
26148
28062
85233
9920
6224
6274
14684
71499
24134
32641
55791
60378
21578
32833
17668
49199
6748
50261
85228
17008
44393
33632
15973
23699
29897
67566
14645
34289
25067
47901
98076
4631
19172
48793
17912
78263
54707
72741
61862
99363
28089
40339
71286
2507
11773
67641
51691
83525
57138
68251
73119
23620
81577
52980
39404
46932
36046
18210
34969
8607
26751
98909
27362
48070
82059
46563
18839
31756
20036
77928
30256
2536
37289
76969
12818
43242
99033
79711
24073
2012
8552
88423
20408
42668
54619
26697
98705
48126
10251
46202
89161
72003
86146
68226
11440
72681
66380
79584
40025
73519
69036
75952
51621
37965
59069
80942
71668
61670
11499
4252
46037
31970
73287
93046
71733
80150
75805
98645
43169
83394
1864
84557
69749
82158
37323
74231
67102
55628
20553
15234
54156
67067
93130
99315
97326
37280
66180
31493
91877
75845
65693
34470
67841
87382
5081
78959
90052
28006
57323
89313
14152
19145
97894
1926
99734
32969
57809
76302
92183
35324
18621
68951
7556
70498
3659
90446
47189
99137
70409
27199
41916
19254
37583
91791
57127
88741
14155
1312
55910
13189
42414
49835
33469
52949
29498
11047
42330
26866
77166
18735
28335
60023
19992
92685
86345
21563
78100
92352
19470
53471
74079
34931
81064
44891
58640
94209
36955
36933
39936
23143
58771
54943
19095
83552
11002
81446
29275
85159
42372
23842
65420
28270
47018
77909
45330
82448
77172
60710
85388
43577
99219
85050
88830
8963
14190
84348
38603
47684
64625
42418
83055
73600
48002
14976
91209
26717
72116
98428
36789
7756
51166
11056
54859
74567
18694
42198
74845
28106
56726
54010
29941
44810
50120
79798
79880
43749
56107
11275
39670
24909
83140
36001
94270
34390
69941
93921
88573
84271
49274
1217
39267
49864
75070
83537
89362
58038
42503
19531
74991
47624
70474
10236
97376
7202
87746
55366
97485
95006
24740
15146
2189
38634
16854
23900
50231
39299
67418
40809
29206
47378
60471
7438
60718
46006
19924
63951
35909
76628
18324
50949
23742
50979
4098
59546
42973
76523
61747
87760
17262
85189
5574
27048
6203
44797
80295
80314
66281
23490
38195
2944
62231
96413
63599
3195
35698
3572
51272
18378
27210
4575
46952
62562
38811
69282
53034
94502
69121
53226
97783
92203
52424
50072
91875
93896
63505
86234
18853
53930
94554
55481
97955
35806
57275
68294
32443
86113
31112
77913
45030
9445
80816
80927
4146
25070
73374
96684
38980
9575
14362
4856
6836
58994
66164
43420
57803
76265
63271
603
16897
42439
8663
78425
74340
90542
22697
68990
61241
40910
84116
17819
50022
87043
23485
40982
157
38561
80221
21319
96253
87786
40807
52920
16089
41195
83006
70255
10169
60674
81816
18580
34452
48086
84578
40802
44355
49177
54037
53302
79374
18157
59832
61762
50520
85451
98079
18886
86983
15122
33051
89736
73783
81735
50178
28362
12994
72421
40196
26784
41593
33887
39008
78740
47502
28022
264
9952
3301
70040
61503
46676
13559
34389
69735
43648
90805
24678
83929
35425
15256
15490
75461
43308
26523
42600
68796
6448
72932
58486
98097
93076
60449
7406
64802
30231
8192
6976
52269
7482
77146
37214
92729
61181
85455
55215
79623
3879
30290
64670
437
55635
49656
9631
97456
39021
16548
49174
41315
57562
76708
45280
48366
53031
91943
34923
87810
51202
76133
13866
91492
59178
28478
57076
62467
74873
33531
43543
88936
9451
72499
11045
42430
98973
73355
86584
27070
74471
44977
60401
80300
59949
57073
39871
79084
70183
87553
32731
41067
7747
47179
93056
5802
63448
6252
48490
44903
17780
46200
38358
91195
60590
33819
34756
23145
64344
80867
62049
29470
1658
31055
66057
78297
69838
13693
9583
38129
5602
24306
37266
8998
80258
31544
28320
8587
67990
73794
22491
37691
25558
23630
63825
32973
30229
41827
86590
30166
33020
74481
21250
39566
86008
43780
78985
51513
33117
8338
25988
59233
7647
73147
34824
59898
99294
25931
29818
28871
56968
98790
33454
44579
17201
4769
40838
51975
89638
89787
59732
25439
902
96831
72762
5718
60778
96006
3910
1854
64227
40448
89107
39313
71623
40155
77947
33302
38902
75860
52934
1326
76673
9040
31513
67709
39605
89750
9267
61998
40840
69122
2765
19630
27761
1948
4509
40193
11284
28319
12969
56776
83836
72764
27360
74723
69601
2456
26746
26703
9182
68954
4686
81900
47095
30464
72010
70724
63758
43431
36284
3077
57693
80994
47449
32145
20325
27588
4792
50616
9720
14400
20194
61046
78774
61610
3864
37111
13544
38979
83653
95523
94832
22634
7618
30056
91359
77029
32095
77762
93769
52038
34337
69343
60289
95622
87994
86851
25956
66502
82095
95764
20284
87528
46306
27792
23921
53126
61113
32737
78520
23668
17349
46755
65256
58043
26089
1542
98149
57072
96271
49658
31422
6842
88003
47031
78250
95644
16150
47964
84733
49446
62313
78883
59101
62645
87456
14204
46604
32101
9639
60562
89170
59512
37337
43418
99972
40980
19931
48168
4217
95211
8362
44757
27202
24255
83951
15708
57450
36619
1389
77848
68370
22837
50070
98942
89497
73927
36900
29432
63373
9181
74674
51082
87079
66809
262
71645
25489
46448
59046
29359
86565
90292
34679
21402
16950
41626
868
56466
38922
48410
4446
30834
96
86540
97192
46394
85902
54320
26699
10209
67195
25111
96840
55604
4738
83855
57032
283
17857
95514
39234
25657
15194
88148
13369
49772
40181
68819
96284
5667
63348
34180
65634
8536
77763
7441
50168
14693
12615
32
63326
40731
72866
16604
98239
28781
3537
70121
11089
68993
29618
91328
73205
86592
67732
71506
48960
89607
30876
46454
66769
10816
76598
52332
57181
28679
67288
94916
69170
43471
83758
87124
9850
99844
71578
83563
31007
56085
4656
46168
23635
27450
69806
79647
5586
28823
65574
61791
27034
14709
28352
80369
97718
33568
65470
50844
85790
81385
69129
90010
40256
59097
28578
34190
16667
89280
14900
29467
5931
60619
81905
85712
70139
12708
88001
80266
77600
90693
31739
29058
91274
3880
68718
68534
85226
37958
57898
89358
80076
20261
29672
32132
58176
61368
80333
87398
52784
11027
96251
74333
97399
23220
12560
20902
27789
63920
27506
45911
82220
3383
75348
11646
46180
5601
18207
25474
61602
26770
83598
48478
56508
91815
40878
28186
63565
23329
60431
79528
24348
57410
86706
6092
89773
10086
36178
15829
83386
61721
52491
56906
17100
2226
85280
1800
72187
32469
19497
40381
71731
36301
60309
1564
97800
74759
98804
7108
15792
19051
20948
85668
2727
24662
40134
33325
71439
63296
61278
73769
36184
66515
84225
90675
76871
84432
85961
83918
98040
25638
72399
58078
89195
91220
59037
98854
32075
67216
6529
23497
17708
95298
39714
58992
12823
65136
40553
55368
63496
86157
96742
74134
76086
5032
59641
66432
23734
15639
99558
3278
5286
51847
51774
57681
74906
66631
88150
64885
40443
27658
75782
59427
400
80718
83721
39642
64469
92066
7477
66444
52733
18064
6018
43810
45724
87035
93144
38168
50378
43238
63732
59098
13910
43139
40160
53528
71646
24209
78191
38840
94958
11066
59581
78938
31798
75355
86774
79001
51992
96470
89725
24612
8984
4126
54164
63014
37979
34476
41856
76738
88096
10733
1594
92947
79357
54091
64620
86951
29394
44726
10000
24661
14333
70916
49468
43747
3385
26051
63423
88774
11807
1202
65235
83409
68241
74661
452
78224
52882
26560
85031
12458
82569
51437
54424
94479
67415
64904
31013
21505
90477
1235
65418
83335
15139
69560
76152
80158
41728
33463
22783
74095
11716
71374
21086
52895
64886
24826
2822
97242
54327
87878
77140
74995
44198
7994
63113
52140
64711
16684
79808
50075
45499
63800
29859
87481
52028
3140
50708
61003
18337
57100
46139
85951
95877
51828
8989
29066
7564
47887
34088
47025
10018
30826
92307
17844
61485
93437
34838
31212
39178
36194
17768
14416
88002
47238
81453
5355
55955
21677
56947
55511
31874
45859
13047
65601
16868
56502
79221
35217
41602
55383
43532
47432
79767
23793
14013
92884
30333
50313
82788
26631
98259
53808
11923
54895
68279
31009
5495
89168
28922
44094
91916
13862
10718
84929
2663
50573
9262
24852
37324
43112
69859
97611
40624
70955
71317
54593
30237
73195
39211
49259
66333
84935
77300
80418
13739
71328
96906
35614
22818
19196
47991
58786
27626
40221
86390
51415
88091
14420
64383
24496
84615
25109
99633
8166
59615
65828
32616
12699
58455
46674
42826
37658
68078
84328
96401
36881
80297
85360
12463
93772
16780
16060
60925
58448
77294
39316
75220
49764
44583
68782
23468
61520
25769
8696
73362
22133
66115
36161
3141
91175
18994
9253
41586
10373
44376
17733
13880
97858
30744
8131
14766
66053
9431
69032
93340
20327
23871
22036
4394
70605
65705
33315
96588
96057
60198
11947
94226
63188
68577
46795
97098
49724
81806
93331
41414
72098
9300
59608
31814
90193
38273
5144
64362
96066
37742
98535
97063
11305
74707
33137
26005
25858
75221
38802
36158
32386
51089
16727
29506
31903
13464
30536
90519
53409
56409
59961
11789
62320
76603
50919
27859
56163
4170
1260
20412
3751
7822
58409
87236
37865
52285
52112
41158
71417
37103
97062
17360
62955
73419
84415
97744
7711
79229
32891
60286
58750
56009
39461
55729
12801
92402
67671
16912
63690
41394
84293
62802
39607
82642
52434
29135
11675
14302
94090
24327
95324
89545
23098
43063
27443
83372
48467
69714
7185
64667
66277
5909
48620
40641
38244
43576
83734
88181
29537
39745
63350
19168
6010
18326
96768
98285
37253
60093
26336
45638
75552
34210
10483
77009
85874
49562
46772
26794
70381
18689
80335
75890
43814
14621
26883
78359
33829
91907
54160
55612
18290
25457
99710
80208
38008
86222
60083
88581
6430
17664
21132
94347
17139
55688
93654
45110
8530
62483
56672
61978
73702
34276
92076
17336
401
99566
23898
25685
71391
10048
36299
21566
68842
56484
19473
88592
47801
31276
21814
20222
29349
793
78752
93745
59032
88924
68015
55913
47699
83655
8112
50316
34125
62062
33157
6093
42052
69786
76331
36038
78593
48405
61530
32432
78875
82250
50871
92472
95591
60639
81284
71146
77957
41184
5582
54279
78512
94332
91394
56465
69979
51694
65668
63975
18418
8042
8076
81542
6717
73209
65881
88122
898
82751
92567
42963
60586
48822
2020
53125
67885
2918
75282
5112
37718
94661
9893
70102
68122
77200
44957
92836
35875
20077
87216
99543
96325
595
65537
69466
59671
98487
48498
99364
85414
97755
13230
69718
81082
77405
55821
53974
60123
81174
90014
29157
27140
9935
522
91346
88680
96036
95125
95191
38243
17794
17610
46343
69952
39690
40519
53251
42651
89922
71682
57573
20678
15740
44534
30074
42465
38771
22542
21434
21292
87488
3489
59481
29339
57816
9891
37818
48616
17392
59757
11362
74157
38091
42253
83694
24521
55230
67798
83787
82905
77204
66726
8526
24448
81251
6058
55677
88352
96176
67616
65586
61235
66034
2959
13568
83214
61444
90569
75538
31864
3507
3592
8461
47382
74377
62063
81552
40179
54836
7088
60491
64187
31556
13068
85412
95750
5230
44873
27961
71820
67511
83290
68218
40090
70229
52456
52497
83193
36893
12124
71779
14367
49037
48159
83000
99437
98438
81136
9832
75709
66696
46309
10910
52551
94725
10912
95110
14625
24724
59432
62753
86509
85988
74634
87531
14229
22930
97231
3325
21040
85020
76970
44599
62655
90944
71360
10134
74001
31965
80728
45406
21474
53636
14261
30020
90058
96027
26817
60071
90425
55764
43585
92563
70810
69832
26235
41529
49295
61892
29321
15083
19749
43877
69903
85860
40009
18294
79995
32666
81558
19315
70061
39417
90439
9585
32400
37267
51258
28668
18403
98974
44149
14598
26738
68570
94460
18138
61947
17237
5241
69757
33442
68462
63913
91889
15279
96455
57712
59075
48464
15239
94883
74556
12414
69555
32124
32723
68512
49349
9197
11935
49134
43100
38486
16310
96094
52150
45615
42857
93311
45524
87222
92663
14116
98984
28195
92937
80023
95242
55219
64763
42887
86737
88726
49773
53273
21377
50347
97094
91178
29640
29455
5789
70832
83267
70211
69709
44761
31353
2743
88624
57616
66177
18485
78207
15529
67472
87355
78116
99757
48505
34451
55299
28942
32809
59764
51643
52215
39436
9410
63301
5832
64215
91360
73803
83353
77126
87702
62366
66304
44157
70161
17588
65841
61459
90788
601
17222
19688
82005
68568
97249
70882
19819
74579
33328
94821
2306
72714
17638
46294
18391
93632
58370
3623
33197
29219
18987
57947
58244
43393
51182
43901
70935
99764
74372
74009
19458
32151
36654
67407
76787
87181
21303
13196
59580
76015
49869
589
18101
81598
36570
24764
86622
20110
21852
61783
96755
38789
46558
38023
63489
99277
42247
25426
44183
4544
63040
81034
65882
14100
12778
74269
50609
93736
51216
47435
29337
95961
38624
74158
64132
65253
14539
4141
12805
80294
31424
57107
5195
40985
8802
71656
26688
28173
16031
98825
83533
21864
61853
50504
88999
88370
39305
21688
33763
58753
67509
77527
96033
25458
39184
21697
85881
58358
32991
55622
94809
21681
83153
39196
7788
58104
63797
57995
59718
36573
6283
69091
54336
46274
10605
13477
20726
82796
7808
16360
93522
66506
46536
75092
49684
68899
4385
37545
67770
93728
10952
56651
8728
3138
11930
47481
91265
3121
89098
4200
27751
29611
87098
76512
36577
84245
45781
96600
15977
3256
1364
96025
23348
72037
36508
85311
2802
36117
63876
61263
16831
73629
25259
68497
21008
64293
58582
12833
19211
66326
61633
66874
72839
84801
85155
16316
80411
704
13048
35719
34423
68066
3642
53405
86352
26116
12273
3982
41410
89630
38530
94321
3130
32446
86229
53665
24479
49792
73994
35863
42421
93641
44649
10869
12693
78167
98941
61869
33953
73191
93421
45655
28640
62541
1157
36385
85901
50433
36129
36752
25419
71383
34536
9285
21848
11597
43313
76268
47855
74291
72500
96283
16845
73496
78276
68516
2484
47216
66040
6555
74235
32983
16183
80540
35362
79610
82743
53141
75657
56394
53246
91218
61415
58636
25650
49886
35587
73743
70157
31640
23101
83654
58814
53991
12968
44611
97037
55241
75013
17162
57671
71404
58466
52507
35557
57335
35547
88039
59600
60451
6113
74102
23470
62999
50308
47071
71619
81180
87061
81407
29814
78152
62022
35361
16709
26983
25550
6468
70481
95749
26939
70014
43695
16258
29892
25332
11096
55495
20736
80282
29137
39743
85055
9116
43923
44314
28526
78018
61076
49170
33073
56276
66901
10391
52450
32643
59405
93830
20067
7876
21627
14914
30861
48813
88522
77743
77986
2675
16625
76495
31694
94155
28117
64926
88066
62810
71930
59237
45515
16697
9343
25596
79729
57859
31135
74036
23548
8302
88336
37081
56444
24239
99276
3897
48406
58101
66452
28067
51818
99470
12282
28394
98643
77443
20461
19701
19322
96157
75097
21602
55683
5551
66835
93556
11875
64630
94705
45759
29396
93040
1538
71849
38571
42242
2593
55613
55005
93133
55840
60477
97368
8521
72024
3782
20487
53785
41650
10472
99714
88307
7182
25183
87190
72967
49002
3806
48942
85467
47909
73384
94252
38288
87940
59970
51422
36393
68623
96262
91320
47932
96508
32900
31384
86689
87841
78916
31081
71706
47300
95080
93268
62153
62662
98547
6248
26329
20241
84732
9345
46040
46873
25908
78489
13625
27057
79277
35162
33119
35342
80511
1071
27163
49613
77946
58740
19216
69009
72664
89261
60700
12271
48499
68364
4849
21840
58449
30627
4288
412
18192
87905
4377
59800
60260
61532
2459
37402
37173
25889
34709
52394
82023
85627
83783
60307
22767
48838
23301
69629
11896
4047
27653
72625
45468
33405
79087
8977
26033
81858
54259
59005
70068
25881
34706
32767
2898
85795
47897
52694
51382
5234
80757
1871
40537
9537
92321
79464
93004
28264
55173
33856
35413
89492
64636
45958
78007
57575
49462
33038
37683
20000
78508
18467
96732
8236
49947
84707
62004
26260
54910
88227
28751
26592
19847
48060
14066
61689
3052
20416
36449
17173
24843
97867
86535
2522
56869
83480
65486
67255
5558
8745
54504
29797
66010
44100
42258
7959
4133
40133
35208
83260
78370
73911
50927
23789
85157
73019
13620
17487
80909
48699
10805
72884
28697
12584
5736
81946
19710
58206
42552
33125
10468
21658
92912
56575
3873
96864
24368
75817
53998
12236
26666
71715
27992
94266
62105
10121
42702
10686
88225
78249
65300
9816
79286
95676
38251
64895
55452
15703
65478
17380
66862
86228
21459
94191
22636
6012
93517
63114
32002
22681
89829
18781
23836
44815
71156
58803
66679
52830
67651
37517
72207
77542
39180
45593
29266
70467
85649
12281
21696
31372
27898
72820
52576
27979
59863
30604
63968
74459
41466
69662
74639
81351
92322
63269
56684
88188
35445
74287
31569
65697
6460
6286
55643
91257
53010
32040
22429
9041
57683
89858
57592
68186
41412
4624
95222
4297
47311
49250
29820
18670
1709
8835
65793
759
9501
34924
19085
10543
80625
62293
38945
36796
26800
60275
14309
10570
39212
7060
82832
57710
39085
64060
60948
53701
6458
62338
68701
60826
31587
34113
19043
38614
90022
3724
40480
84244
32971
7902
6664
53783
50893
40963
40116
28489
52408
2540
39765
50540
43469
37305
72674
79183
25796
76578
56657
24902
34794
17340
39259
59508
91311
38820
80319
52759
78001
62078
13583
11429
60063
7412
411
79609
27462
10125
19209
12585
69411
61658
35807
50406
70426
63801
39528
7560
67083
33605
8656
83521
86968
15468
25756
46463
12809
43236
63694
56007
68004
94720
96117
84784
2138
67777
23146
9102
6016
48348
99702
67378
16374
49594
30082
89135
10255
92028
35179
81553
7819
59927
61906
33200
21575
37603
1266
53931
76739
8109
65931
31793
22019
1940
21335
38944
32565
49686
7370
47796
53859
66139
78093
1673
23954
92393
51181
73172
64637
37334
71683
69346
68433
87127
64652
89918
31919
62401
59724
73607
98419
64986
72852
42055
89984
59254
43241
67151
87728
53381
90345
85887
37754
92759
22707
40929
76266
73307
86433
15150
12745
48329
43968
93197
85272
87257
92045
12883
54496
6703
45650
92147
1489
90742
3181
29422
54753
90692
91688
18255
39584
99880
86412
13118
2120
46034
59952
16035
83853
90177
13546
69294
50460
84234
26176
42703
34164
7087
70366
56351
23647
50029
63408
71029
62430
893
47236
63237
28967
62948
25668
57463
68612
22735
6122
47589
48667
37957
34161
2639
34939
15863
89252
37632
73670
54390
41733
16365
52318
2721
52278
84470
76406
27766
70857
44671
60124
65394
63319
5511
44225
34934
91827
47349
55085
7991
69891
36072
67863
42723
82791
35911
41905
6194
51504
2853
77912
17779
93968
47054
32855
26795
71881
30987
52197
662
36975
40858
37097
10958
69296
42092
46080
83094
87962
11926
12488
60582
17576
95483
20657
87897
43826
24324
87364
85749
952
89060
54897
72805
59420
36561
78233
35605
69672
66012
86022
72602
74406
36244
20481
18042
29195
81465
4987
22053
10700
68849
75175
28642
69479
55494
97305
43626
46735
52878
24426
28460
70645
33519
3003
9211
45043
50320
93088
83617
22490
82330
30402
2239
31315
93120
21227
13026
93789
41013
53905
82846
52136
20443
21252
32389
14978
59390
8901
34464
3807
24714
43344
93386
28546
81526
54433
67958
13971
61496
14840
89521
58561
81591
52346
34667
93183
76169
43581
32362
22686
2516
1584
46116
52833
74810
25209
39361
43000
71238
67121
59356
55805
43666
68117
23260
95751
62434
1952
58603
57379
22692
61104
2073
87367
74553
8053
50020
79259
40055
5202
26498
47527
57049
9959
45026
41120
27393
74749
95202
81621
45787
66167
33508
19007
71790
46289
38326
29246
80852
16290
21309
94719
39546
16938
6202
94461
55755
66436
4384
10363
61062
97116
61286
60596
90458
32157
45968
29533
47270
17619
79158
94670
62557
48006
92363
64407
89791
24737
43836
72981
25927
14426
34132
34350
13642
35530
66548
14754
44153
88160
82860
15220
67335
88293
77536
53830
48840
84617
21700
55863
99174
46956
1558
56271
71231
91806
51176
49049
82174
1144
96982
55195
85809
63971
95078
12013
77327
5270
57393
9780
51761
79310
76163
5965
34148
96918
83183
59476
13902
80756
80848
65504
45123
69813
196
61200
85883
51829
86512
39194
2519
46863
90579
90932
44655
62583
87195
95542
30901
91370
51096
9627
7139
41291
81634
89070
34830
99397
53280
86797
44722
53456
32466
75946
40050
50846
48035
7523
68131
3835
74136
26595
14779
30681
6287
26160
57584
77729
65472
68125
99300
44438
22198
16706
41358
53200
71122
69750
32379
17919
42903
7012
48701
63588
8889
4586
18526
37599
7504
29586
77668
26967
38773
7237
15398
10627
6373
29323
89153
25374
76854
36856
83695
96828
82534
72799
30792
57009
16976
51858
51537
61846
97609
87084
94089
34590
78028
74298
71480
95981
28717
50659
92248
45913
12890
62506
32846
27572
33664
81219
47867
87777
18783
89372
63887
86031
10964
63061
87546
28494
76108
83922
10929
84710
13288
16735
92964
48370
66138
6426
96996
46213
97342
35041
53144
11280
84761
5273
43751
94269
36568
84531
45495
83302
40464
47788
81628
90686
25736
220
60542
87009
7712
83369
70173
77663
60591
31159
92315
68904
22465
68307
96772
44011
62209
13257
73096
68359
74766
4923
72271
24261
59485
91139
46884
51554
72867
78680
67362
62336
14687
40769
28338
24814
60233
40000
59676
91110
80187
98970
45024
57122
32747
27890
76428
58839
41207
3025
65455
70164
40530
90952
23450
45061
64906
8634
1442
23399
44084
4597
46827
73502
26634
87445
86221
86190
26950
51878
88204
94522
65850
28059
10384
17384
25846
72459
37459
75137
24035
58728
51969
31491
62255
38089
81666
40007
38123
29682
77408
61565
34539
55579
70078
89055
15171
58378
25788
89494
95939
18654
25032
56105
4947
76846
93503
29692
61568
82622
49615
31182
10620
72882
50639
43522
41222
43605
46367
72579
23924
62699
18972
41424
57454
39036
86068
49153
51532
52670
82255
51615
5128
35097
84192
24755
93729
99782
81333
8311
12308
26213
23731
49048
23435
67693
94446
4752
91684
93035
37236
76921
2786
35584
7970
12109
41337
62385
84436
31167
9331
49133
63768
89836
92201
88180
62904
32789
74746
49577
10797
77661
83164
57696
33516
32838
20731
46424
44283
30398
3557
906
57725
78368
51994
70107
17269
57548
67345
30746
1190
69698
3366
52339
79905
28253
49330
59088
16434
57449
6126
24251
95183
31725
45508
25241
4079
46325
55750
77154
7505
62474
93275
97076
31728
69071
51429
76513
23549
17307
3234
74618
15871
6005
23072
27837
93079
90449
23307
1036
71547
55992
34237
96937
65788
78895
41956
49794
90479
80912
95418
2823
10589
14717
67391
94217
71372
2719
86594
81448
88121
31194
30522
34078
80635
27177
64134
97226
41320
28954
8498
80649
79122
21388
99502
22402
23980
1160
11307
96450
26137
80510
94335
56330
14656
90834
13852
66656
78888
43479
68823
85426
15053
99319
23595
30352
65391
45817
82319
31421
85325
87400
94859
79203
27545
80118
5158
14768
86587
76657
6979
39149
63596
99369
81592
12391
20999
51958
79140
88677
39620
51410
34574
17032
8067
23650
4962
44337
87063
13833
31935
40830
75996
82377
48178
70984
7432
51308
72743
57154
18965
18846
34768
45242
90555
10172
80972
51925
74584
8045
95340
13536
63305
63303
53357
92225
30599
56923
47223
50454
73504
88600
17654
37746
35857
90049
99183
78437
97862
74224
8360
98924
40138
16072
22268
45143
45113
22209
19719
1828
89045
74825
82922
7173
6315
13696
49314
90221
5784
70962
81233
7073
72195
26741
11696
71168
97533
81507
91174
66605
67517
18013
60170
32199
4944
23423
79260
30041
37705
65762
75616
83028
49734
80543
63249
11
37279
4751
76956
96530
71351
58590
11817
33397
77860
746
86542
72569
46681
70057
71203
70793
3952
10899
12957
27162
47039
43186
83441
9596
63977
67307
47398
54233
37461
6741
82160
45576
4107
96493
71183
35023
33585
53551
64341
66458
24697
19665
66062
41925
38457
81579
26838
66173
98364
63103
31504
75617
33885
4253
56673
4496
23713
73774
38839
753
76659
39763
76105
51235
52789
84645
6223
23178
58331
10036
69849
37012
62297
30517
32370
75963
96164
83189
99473
29429
10586
99797
22590
20493
72898
30418
74976
11100
63756
28469
84561
59478
33080
59840
4180
59424
40494
22696
65679
20198
63898
84204
37822
91939
3405
95648
15210
5189
94510
87948
83306
51001
14410
77451
87554
26041
12659
53864
38292
73346
12917
15625
57059
32904
62707
5854
75499
63201
54922
70632
32513
48973
54437
39451
7117
96204
80013
85788
34244
14809
97177
91901
75654
2706
28445
75798
91852
36097
6827
50484
17760
79010
63710
51797
87721
74154
7527
81143
84924
13561
4326
7356
65898
54407
90791
38314
13607
27169
75030
7540
95277
89184
90360
20974
41522
25361
84951
91157
73522
5477
2319
44984
31388
15346
95238
52552
66853
50779
44804
72247
22345
18480
85025
31
33491
31554
28972
44352
23569
3646
72004
35980
12243
51148
66858
23769
82427
79498
89681
11227
62021
490
45341
15738
31166
86169
7746
77534
15873
26913
55212
10126
88663
15511
51025
33171
92462
65738
53376
17798
73818
64600
36895
66052
58637
8003
47260
94491
70753
92354
61357
84875
33392
11151
38682
19397
72626
97814
1885
34548
53587
77557
71559
67468
15776
98392
38799
3028
34422
11344
61923
73241
40131
12105
79265
97450
24708
53816
61098
45844
92906
48992
43161
36799
72022
13796
85717
86518
79342
58308
20422
49680
416
6103
21675
83891
92595
77964
79346
63765
83760
10053
4477
96866
86043
17071
35512
57925
21617
17589
80042
21839
13055
24334
80466
31801
65620
38473
69164
54281
32996
80176
81831
22914
81769
55498
5000
81245
24593
59407
56553
62262
51665
82907
73590
46176
71343
81132
35053
69077
2890
7798
10645
11191
55897
12654
71617
15623
88009
24198
15789
15899
71362
9518
27369
12215
14637
50836
8400
36102
78996
42715
48053
7323
67596
78600
34095
17649
93023
20555
37635
26394
92119
32728
30896
66332
12099
25006
29796
49056
53205
45925
49919
31558
89289
26356
3353
8455
66927
71763
7036
26205
97690
64527
66562
18728
49927
19726
14351
91377
89360
62185
12711
33
5109
8878
89742
13351
74826
17423
11203
22741
89491
78173
45626
18710
79307
946
39868
10449
64083
94956
16451
37148
55073
45317
71545
91229
920
79577
17990
63883
27702
90991
19205
95385
7466
91117
52406
95760
79366
77151
67249
65801
97848
86189
8048
27928
27326
13513
30392
28785
96300
26616
74760
33817
24990
43390
18632
95581
3258
2883
46411
75210
33863
83688
37817
73449
23579
51890
94767
83338
75476
3760
23983
28571
78803
23395
40811
27733
24513
29104
69731
87155
24677
44577
74005
82809
48524
13321
46534
37542
8231
28461
82258
9807
70860
22302
21798
42828
67210
76687
8475
71186
61468
43321
95344
72858
99814
24534
25333
45104
68893
90545
88102
72868
12835
16198
28275
88229
19698
37982
59060
5625
90172
99361
99176
6330
16034
54832
50376
98622
43257
11156
44964
57030
52600
2899
78038
48623
64329
93350
72479
77072
23986
53913
29487
39919
96067
27033
17261
66601
46740
54435
67425
31481
10840
54855
12601
29829
87138
85377
99366
5682
15391
55018
13864
73939
79594
10517
99703
77570
34837
15120
37476
69323
56959
73932
76937
57678
80131
7332
67846
75401
93678
8470
60453
51132
64937
90773
69197
1900
46305
91817
76679
50706
90547
77983
41497
69141
94036
90142
41842
35593
82819
7691
91724
99329
86109
15423
84639
8848
55898
14196
32170
28145
72115
2208
46601
9360
65492
61852
84987
51800
20569
26997
35014
5655
83327
70960
56185
41256
76090
14105
12122
11366
13926
64821
66347
17786
85551
45608
55937
78666
53375
54603
17978
45713
52546
8378
24275
73431
13304
17006
80820
89477
40666
76479
64235
36873
18511
64845
84539
36896
81784
63395
81009
40208
2462
28391
4585
72180
22391
11000
59745
94638
53723
45830
85580
34444
99284
60333
19403
68883
67852
56123
10817
56599
78995
2678
42630
31227
11082
96687
34134
9695
53121
56815
44260
54713
91967
21615
73156
98832
46391
18512
1679
88030
32348
77985
98385
89046
7436
4992
34314
53120
87309
95351
54812
7744
76763
7807
68362
65338
90488
42322
60993
30183
35209
63483
61279
40038
59022
82723
80768
29731
5179
59183
24139
82360
21330
5412
6069
46745
27314
83798
19177
51409
46126
67546
40504
13065
55982
63422
95212
97704
35798
9512
80963
23442
58830
86086
7689
67504
33260
6297
86871
62478
28977
52888
71529
4649
5935
4233
35673
8831
73821
22470
52523
62074
75417
52299
46845
11867
19218
32906
15894
32253
30417
16945
26695
95527
19407
1256
93591
59111
6561
33154
5771
44464
1878
2460
43462
68408
54791
43720
33526
13753
43945
99808
16484
6900
36376
14033
31237
43876
25
58023
67447
74300
43726
26590
69134
92646
98271
75014
35049
47206
957
23175
80
21304
96340
28734
377
8837
91071
27336
9968
99047
38007
83247
28015
10810
57175
98188
14439
18454
61467
15645
79130
36735
68471
38869
18342
58086
62103
38793
64590
43137
58073
4184
23721
34407
3524
88239
90721
70094
56569
54067
13114
73784
36325
18026
71283
88172
8773
73001
88769
16969
35432
98875
73290
80776
84773
57750
3505
68111
99776
67823
76243
13260
90922
51471
30547
41787
87165
68970
46574
54525
84269
94784
42199
50647
30560
79618
61595
38052
9137
55260
73969
35477
85069
50269
36638
54043
6628
41125
31681
23988
45002
89249
97472
25691
44926
68491
48683
83105
30434
73109
11610
64925
15717
46059
15315
11135
17662
51916
38466
11871
98748
99238
38792
92550
55122
60450
77617
77183
95687
2165
18296
13299
86993
76445
23452
72462
18274
28363
93458
41213
14484
34800
51598
98215
94684
7347
49708
88832
45006
68771
94565
58796
62782
37999
28834
46761
35915
68237
17311
94587
96490
31620
66933
60141
89557
81697
86813
44608
10941
12509
83603
85567
69075
8251
94830
98289
95001
59655
59285
56023
29183
84299
79863
15781
95874
77325
67021
75819
67805
18458
83399
90718
15326
71951
15236
47049
36093
85682
88760
51838
58091
6856
95933
61613
80482
96386
39938
49476
99450
20145
52699
76262
12661
35546
88330
17429
61127
55727
32158
59770
54807
4494
93916
9002
60921
50346
91794
67116
93592
3469
7321
1007
49165
18979
37937
38557
41786
5306
64638
34906
84152
80571
27652
95431
43709
57968
12482
68091
394
1463
31295
91705
28238
44754
1942
93424
74113
99433
18011
6082
94780
20563
80884
59942
66170
86842
49
77886
95492
23085
71454
88626
15803
99586
26963
91652
18050
77539
23480
11861
82168
80399
91832
93712
86153
47896
19107
3578
70377
55560
97091
13292
6656
44740
43928
89574
92358
44377
38689
28047
65321
43647
3450
46449
88035
21479
18287
68459
10584
70262
51145
4756
75192
40725
25404
15068
62887
89761
86058
62354
13159
58516
31646
84489
45704
76844
67578
43101
44755
71871
88189
32609
91674
83090
43013
11370
9243
29451
6435
83569
50689
57663
392
65162
39952
99775
44368
9292
61945
7870
63846
4912
77277
66337
46417
31512
67
11493
2067
73883
88221
80036
92300
36747
76594
48255
47530
49598
49952
9271
22043
80122
55989
94022
90073
26484
84335
34034
95842
64514
1622
59070
27705
89936
90806
35764
81294
78632
94486
28716
18805
23414
46422
76100
33799
30409
31023
84362
4433
18204
8692
54881
102
60777
13850
10463
30747
10773
25369
24447
29234
94003
98399
87012
37650
9230
524
49727
32665
68308
76361
49192
42674
39740
1613
84603
72552
40833
11714
87919
91300
55140
49034
77620
22672
31899
94296
3199
70461
7884
43535
50651
1581
3421
27304
82568
60853
3525
26966
94018
76859
17752
67119
58168
65629
20667
36642
85240
33945
51959
20550
91417
27281
8814
51200
47505
97124
40485
89162
71821
33599
55731
414
63901
30389
18916
25561
27066
80357
71330
12864
71807
19706
95044
17622
83549
16634
36601
6952
96775
44916
83514
44043
51384
78797
59483
12088
37249
72102
29060
14736
15837
16533
47017
73246
5181
51359
37297
19001
40935
79436
99181
76652
37059
28121
30044
3339
649
79645
18797
60237
88842
60695
9332
2324
12365
48635
10158
22142
98585
23108
65698
38985
92634
15947
96792
22263
63993
30858
91773
94077
70439
85520
68596
30952
75742
43247
28980
78562
83714
80999
82320
55836
63028
47686
95717
95907
67286
13594
64244
70989
90309
9187
33285
94058
91700
37091
66155
6655
53996
93292
13020
36999
53332
16109
45433
23345
59437
96409
27267
84003
27002
42384
8438
56247
56821
35147
78748
70036
99416
63865
9085
16635
87602
34860
23466
42124
33566
33616
44103
69644
42068
63626
6865
31693
81966
97986
30937
28147
87221
27191
83622
93346
3746
47416
18803
41154
23362
55775
575
96394
1328
23114
93188
51873
63406
23695
43511
35576
81743
89824
49659
92189
84463
6569
65048
23198
90935
33752
58729
92643
73955
93258
17639
77772
30667
36098
19178
17119
95844
57132
45828
44414
12982
84891
7581
94531
57326
80664
41396
34025
52806
6603
34510
15775
11647
8540
70718
96555
80739
88831
13182
97883
48743
7098
43652
69101
64644
67009
30177
45332
71025
74162
18343
30964
6566
22495
58690
85765
36765
45564
37875
12336
68626
38697
58580
22743
10042
29642
34972
24749
58231
25874
30572
67204
15880
93633
17502
24122
64335
6631
90865
86986
27694
64648
75131
40703
89859
26107
36770
90626
26532
12344
1537
47566
46786
94428
89023
12755
21600
60047
45282
93202
7751
69934
61335
60827
50233
12965
61930
61056
16902
93354
66568
14088
89008
23403
77397
74595
45671
75292
40514
80689
94288
79964
71061
75885
87427
16495
39407
63294
1336
97216
51941
62079
1678
65358
73726
65141
99939
98652
84186
34236
13008
7367
85255
97148
10252
98068
38730
69688
47983
56036
6880
60817
77732
6289
77455
2885
38165
36351
39446
70690
24739
68136
86248
45363
16438
89633
85657
6641
27029
78701
55632
38679
76440
30376
63360
70294
86092
83524
41151
84068
572
54471
58226
42530
31930
31509
7534
3995
6183
62538
10332
33862
68384
6347
29325
96977
73701
50228
13999
66626
76711
7873
42892
24211
23044
23627
4808
98207
64345
66450
26923
74233
2340
32322
43459
43922
72937
53878
76714
69341
70402
99341
15583
49813
46195
48484
10659
87950
21847
76831
22553
61057
98301
1763
80702
41836
7791
52622
13113
47234
99237
67312
55091
11152
1533
52743
51801
68425
68380
77078
73840
21364
82432
5481
42730
10003
69308
15613
24657
25431
77286
43985
83605
36487
10253
53115
36042
70646
75071
15582
52632
87403
81950
20217
12943
35234
11430
18366
3205
14036
34766
3734
18490
115
25951
6670
93568
32411
98981
29980
59068
1050
85059
66997
54325
53328
2681
82202
58663
14983
90947
35877
72588
6786
58494
53685
71006
64758
32959
64555
71386
6860
14607
24600
25464
88695
22162
35835
72811
54985
29648
42304
85047
78002
65290
62926
38862
50084
67002
77006
59891
21535
41447
52568
89516
64525
97671
34395
72831
48409
35096
93174
85477
67167
29700
31357
32034
19426
23510
10971
85947
50714
38853
398
1972
79504
56138
32679
74483
80809
30535
39841
62758
78260
53059
50156
33991
92389
41915
42822
21849
32192
13258
40696
22997
63705
79889
77102
26
27586
8345
63561
71397
12427
53543
598
8339
64089
93184
33472
89398
75438
78898
78881
33525
69439
26343
79587
42014
4380
1443
21778
40488
56207
91045
56024
83657
52950
32470
29666
63882
14480
86116
25780
85613
7860
1423
92304
66859
51213
71195
87946
62496
86449
38462
34271
89400
47363
42306
30672
8087
89237
98182
79697
69755
81259
81057
89623
46783
16413
38580
51244
48706
34910
27793
62441
81758
96093
86186
53264
47205
82570
86095
81589
64819
88406
84643
79389
37696
18437
81923
16245
99579
72455
73619
88734
91152
18271
99564
34631
26514
64629
75338
53869
59621
91234
73624
91818
89332
86724
55275
89209
21918
4364
52143
20409
91610
92096
73153
14324
76102
57669
56322
79284
74805
64869
5985
18373
77432
13869
85371
15173
39301
85701
81391
11241
55572
34419
83296
7982
46972
25181
94281
14993
22148
82718
94267
79871
72480
29556
53282
9876
65171
85715
59059
31757
81556
18349
87797
90846
50161
21652
17549
4907
62310
81651
76258
2101
68316
97066
37439
84881
86035
3586
3875
56429
58089
44369
20465
3599
37897
2884
44741
62149
17403
89780
4805
77404
86819
86283
4941
57846
33236
54820
34216
4243
69852
77760
41160
20839
57960
68655
22228
50655
24491
90169
18166
52903
18531
69726
77544
85857
56686
12838
73149
93907
62219
5915
76476
35543
39370
47799
5752
54991
49228
44256
54366
48871
37231
91093
31151
67581
9638
23336
80954
10574
28645
94450
67290
39068
84450
33177
30919
90198
9694
7107
36888
65603
21409
18503
81379
4681
98085
97412
18615
98749
77838
75095
61962
64275
740
43211
54179
71033
83736
52974
35263
97043
90272
86506
84319
12976
1780
65248
96737
96441
91254
95130
68155
44632
44645
85446
12046
79876
60572
81881
50526
25909
62064
31488
67886
86369
80765
14991
72524
87406
37127
87299
58323
65453
87167
71815
42406
73517
28896
87408
34911
4980
18962
65818
19434
36707
93050
14817
23356
59594
37027
53606
91094
63753
57990
7821
3727
54559
41833
86306
62150
61122
73126
74890
40617
27208
25922
52315
57730
14694
14391
55990
81215
25898
66852
12024
61169
88193
57217
50262
63862
83320
81475
4538
8674
69509
87758
13692
36915
62199
14438
79255
8561
39054
41397
63053
51326
41609
80323
1723
50509
11252
10755
74635
10911
88835
17188
84294
60843
73817
69193
99900
90779
9747
31565
19125
40254
11644
74541
95177
31704
39485
9440
61258
98131
73174
93279
1303
25400
38110
4420
20397
75824
80081
83188
930
17388
41902
89234
4545
37962
86211
92770
21104
18279
99996
25224
94603
98433
90432
31696
38395
54042
47675
99888
51417
39843
41306
17684
66334
40111
91942
90429
90281
70918
25479
4927
38819
88725
35570
91510
59397
74498
14180
40637
39441
72507
50368
84505
86972
6934
39834
30908
5852
10946
95458
62291
13437
17938
39817
16811
72288
18582
22578
66855
14059
86423
75040
25250
59558
79648
60030
86859
1695
95535
52368
89146
97861
95412
95659
94436
55223
85895
92398
68492
75287
28095
10044
86032
63458
44732
2701
60743
60574
32605
67179
16510
11445
1245
39527
56555
92921
26252
79738
97428
19589
34340
75712
82554
85030
24757
42383
71316
82758
24156
97636
85912
25725
1468
12429
16640
49401
29428
39363
1095
22685
6789
8177
66030
72332
74909
22139
69780
36172
6793
44845
87262
23577
60524
99560
5051
66563
12357
87712
80501
21369
86397
54769
71864
81711
85754
4440
60281
40761
54411
54263
82618
8768
21597
47856
26466
61787
40418
45445
56361
90019
52378
62683
20732
69840
74378
95743
56184
71739
19253
27536
53168
78394
49316
21725
76905
6895
41699
67587
26217
33061
36627
71010
81168
81053
53254
86152
95341
72293
44603
10297
63158
80484
15733
18181
10711
22397
4073
38356
68936
85372
62106
14874
48453
38441
52939
99015
27820
66731
13343
71411
24651
55759
764
38014
37484
20887
77651
33223
95603
44186
95668
84144
14560
76648
48015
98299
24247
61123
56679
64571
71719
80242
24117
6510
37414
35579
73598
24138
54085
42565
9829
78641
66006
48845
75879
697
20381
44197
15798
88310
71251
15241
91187
3106
98346
76249
17362
33861
71986
65469
37229
37301
64861
21480
83053
53392
55510
81238
91315
27126
78246
11377
32500
3261
14723
28358
91734
49897
80601
81401
74189
33709
92409
50825
30163
3320
37941
42567
79743
91249
79501
36635
76053
75180
75869
33840
83708
96442
98680
68585
86798
1451
69988
1805
46542
48196
88978
28339
75052
62593
46461
23689
44231
33358
56031
29151
98874
18444
15093
93646
59843
53770
6802
44684
40875
8560
40417
8547
96393
48361
69808
94900
31882
95460
28141
77326
24602
23955
26208
83093
94640
93473
10670
21211
20561
90532
41581
1419
4117
55121
98625
41975
53881
67321
58285
9910
51220
33978
17810
96010
20794
3833
91061
42839
19733
74558
41718
79451
27786
49026
8777
7927
4169
82400
43141
27738
60487
13467
28409
82233
43761
1367
99733
70698
36656
44036
92286
50089
12924
29142
28094
9223
28684
94473
56859
7297
19077
11689
63542
8173
45296
31586
81206
47425
17333
20916
40241
99035
36644
217
72648
16711
17171
47265
19522
85105
82132
54844
73815
63017
82038
81093
3317
67170
8062
119
49878
16122
68448
72617
62321
4621
89615
62734
4127
72918
83392
13701
18866
52352
72683
8321
86562
68209
17427
8377
69326
20865
81883
51404
81731
11290
70279
33745
87730
68001
24688
15681
73737
62308
16476
81390
49394
80177
99038
5148
91701
54113
40991
1801
5799
94309
18505
24783
20060
86073
80110
67495
97478
61479
24032
16248
30801
41864
51766
64456
10118
60872
31298
31600
6620
46036
17652
70979
59820
45008
37234
28189
22903
54293
68843
61692
96019
86861
54268
30871
56674
25011
11659
49106
86608
71407
88191
72974
9889
37953
48025
53128
929
59909
33749
46971
5872
9068
50661
51107
46199
98486
7243
47697
60930
49731
57646
13791
44457
31765
56084
92424
16001
49076
46285
58819
55869
59797
80240
36494
96729
93638
4336
18633
1331
75072
20936
95674
12651
14035
14397
65689
8107
26607
68619
35091
90973
58147
43209
21127
57301
54534
15722
13823
35688
67474
82734
13647
92271
79328
83401
16567
9069
12533
59710
95769
73844
76544
20827
41681
27753
63402
84649
13398
37375
80067
31686
2880
93307
95805
42053
82254
1808
47463
51489
78581
93563
59001
58489
3497
22315
78040
56334
23993
56300
94144
20713
88953
63115
28261
11855
91890
78270
55324
62815
86661
72283
48191
4679
52156
81606
13503
61601
49755
5670
31780
9872
94475
76528
65778
22794
7759
55172
5274
91459
75482
23465
88335
4415
97296
47356
80174
24610
53278
31203
92439
4504
64912
22807
18652
24113
74801
14370
78970
57752
72141
74702
81587
21676
36966
58447
33031
93867
58315
15843
52618
71875
96032
23361
85472
71365
81547
38532
10302
71975
80568
11079
2342
95861
35079
67833
62542
8691
70597
21174
68829
63069
29249
27477
21856
7480
607
79923
44392
30433
17981
16615
66720
37842
99041
42894
97561
14342
51986
29317
90225
48523
37080
63590
33326
54480
82124
60244
34492
5797
99331
38362
34029
82767
60035
15876
95219
28677
85413
86543
59362
22831
66478
363
21850
42262
83415
98398
21283
76123
41493
25448
66204
82954
79823
82657
87672
15369
41763
1668
33950
97452
81583
42916
45782
92212
40388
75471
24996
51431
50960
85364
33042
91766
61442
43029
20712
21111
50947
63023
96611
3742
88933
53242
23066
15892
62183
60847
95601
1551
48147
73042
19885
97608
28905
23100
72045
16576
99952
16192
49810
54141
482
92387
26226
48120
29080
78969
83726
5866
13873
26132
38920
55856
94235
19050
87806
8425
82019
59510
6030
29546
24245
53934
78261
78037
88655
2388
66617
94141
26229
7001
16376
24555
45601
62684
73037
95587
67994
55936
33871
84147
98731
25215
18683
77349
55847
5738
2407
38430
94301
2006
31937
7228
3174
58759
49985
4057
76092
11509
63011
29841
4386
50493
28712
27785
36685
47828
3819
48686
20985
53419
58145
62635
10916
37586
41129
31226
92960
44026
58363
8307
36050
95193
15999
97846
61481
86757
4321
84216
41140
33808
16958
58263
61022
12765
48842
33750
97110
84056
96969
82690
22121
42490
13180
62138
22584
45108
74839
44170
50109
60049
12997
38185
81576
7924
30081
6943
854
58922
86432
26672
98590
44502
33299
38508
39050
74175
12553
75486
52997
6085
29439
72269
20980
1743
60665
35024
37132
71347
31153
56833
93134
33972
56727
71459
98296
39567
56902
86427
68841
52911
92001
58778
45249
24968
73116
66211
5954
39102
51599
32930
8519
49432
36777
72162
54408
91799
44356
74718
44185
24428
74860
59446
51396
65578
818
12117
78511
14711
79989
5518
37040
84614
53286
4577
4636
57487
4315
54634
77988
43058
81514
23937
48141
9462
34115
84220
38039
73452
54137
37153
79633
7579
1806
42474
67820
96141
70249
37516
80079
60119
54029
51891
71036
64159
60028
93492
93532
29148
74431
47713
14882
59872
86452
4351
89874
22455
80941
40395
21112
52809
26143
13061
81102
21310
46266
62504
98033
69151
91252
23235
23180
77664
74451
17642
97041
40325
84422
45462
28620
10624
90020
15116
74041
19705
14852
83032
83740
61857
39877
99995
67455
67110
59876
8354
18573
1842
8632
4289
46702
26398
71845
95182
53537
38051
24315
89377
33767
53020
53799
9679
3708
98478
29019
28444
60711
85195
16272
86085
65694
14062
26233
54143
95774
68383
45635
75608
72239
56571
52901
35230
85741
47068
90086
77303
88426
99665
89987
18576
26451
15204
60860
76137
80286
35549
98921
837
35893
29990
99454
3437
40022
37112
13465
95289
7690
22248
90349
60702
98920
21057
92779
19803
34281
18045
82166
296
33905
8012
26017
30985
20410
7490
7818
32618
72257
27068
42827
20714
85876
93158
91349
63117
47935
7984
45600
93863
81981
21613
97575
71776
96838
63036
69231
65433
32366
38807
59184
6240
42992
28836
19421
67548
12052
39126
20536
26480
68349
61260
44485
20307
33479
65379
51279
88703
6959
17714
89604
54620
14022
27246
99399
53652
50166
79247
69524
90499
39111
70234
64612
48634
68220
50899
97403
45800
97779
59460
45628
61471
41823
54463
9283
14461
10342
57773
37626
66511
36998
84504
5259
92858
39679
63259
64391
84983
65992
28341
74412
84576
86626
75011
58707
23760
14764
37577
59058
59973
68495
64378
90939
21620
70355
33343
82702
48968
63245
15905
65056
57248
82170
51865
35502
54649
46479
91848
80046
66678
64954
66023
44301
1797
83041
57020
48413
50685
87556
19226
77605
9719
18688
85791
24559
43744
69045
76867
61110
79090
24174
11270
54059
14893
44450
93276
82770
80277
15358
18407
34417
32580
5742
41531
57322
82257
93768
45565
56091
80889
20993
49280
77733
9605
8477
32155
19751
49169
69869
88368
83800
66576
68178
18057
28622
32526
61282
81834
99957
41909
17461
75663
16641
22955
88333
70564
20508
88590
64882
45890
84182
31514
15152
87129
32771
74770
65450
99923
42825
68124
41258
67380
33186
79737
58587
15307
7753
25839
55793
49358
15687
8146
876
28918
50391
80980
21234
29438
93971
47287
30008
44293
2541
45440
61804
4486
86261
81687
25443
47994
67807
21032
90497
76562
90217
14481
6862
15019
28911
50860
18964
21907
8125
84110
3292
7289
54485
3241
99054
93236
28032
73568
82262
47293
93360
20205
71746
95447
61054
62093
28695
95916
5678
82571
54764
16009
13040
55601
82676
76431
71110
71648
6443
51726
60739
96305
91555
96415
34349
98686
46781
55144
91803
21386
71420
84455
30075
28327
39586
54632
4116
65787
53220
20082
10387
50305
45091
70480
79074
55782
7874
11329
87799
52412
8760
52676
86823
28288
68457
37637
88287
53875
89897
1317
59018
96753
3909
16214
82587
3969
41947
87788
7251
48022
24679
24221
74922
73413
25028
29489
99422
87812
14383
39201
33396
11654
49124
99669
94264
92086
53591
71471
79251
92210
62273
60831
27084
1925
67236
17106
39434
7195
25096
20997
70717
32268
92856
30191
40502
31855
86262
45985
79334
9790
38271
32094
4627
30360
59669
42832
44897
26219
12388
78154
63322
42127
90496
31886
62603
621
50054
21351
60043
48426
55850
17634
52580
80535
54787
2597
49155
53790
32843
82052
92930
77407
77982
61695
83933
91969
96015
92989
60457
23151
55497
13096
63175
1738
34729
39508
10063
36306
49933
36504
47559
90511
90080
5033
2668
47275
84684
12657
53207
33929
14146
60880
88702
4259
78457
9330
90554
88351
52449
97437
4058
67597
25907
75152
42416
83073
22066
57357
19378
32006
2653
78158
60807
8747
86076
13697
86669
98408
72525
78465
31006
88254
57946
68550
21315
6011
30361
77034
8235
53513
66966
93554
19275
45761
83378
80750
63396
28708
99378
44300
17710
6851
1201
35541
46031
60882
10398
28854
72737
51142
67078
75565
18569
56029
85407
46856
53449
69187
28583
31547
41102
21268
35396
16082
93784
63664
68382
2940
75118
74463
8629
92506
27171
79672
82959
46687
76366
3394
52654
33424
87618
8591
25494
54506
62910
94042
21018
57052
15353
1433
61136
8689
70942
22888
53614
39520
1219
49807
97027
86629
27014
64367
53154
39959
85694
46722
16516
40967
54949
92578
13782
17498
17127
97346
23427
70163
86117
69344
82194
18232
23112
20879
42045
15644
99467
13884
41558
26826
24483
52579
36463
82404
87152
83299
45746
69608
41346
22106
41089
56609
30192
86066
1853
5703
29360
20066
56039
68179
52173
60828
33067
98212
41986
48711
22811
51039
26357
1728
81499
9279
1721
46127
86946
52404
93495
76839
47492
55447
81830
86010
56944
8904
1137
31574
50955
70976
33306
40739
63745
97431
19780
59626
21975
52958
15443
61844
89413
54317
85813
28884
60349
61063
27478
49816
15472
30378
45418
63131
55408
10876
36030
40058
73652
81757
52363
88918
89501
71154
68297
65604
88099
34117
48538
18565
65674
63209
31326
56498
80968
58808
73851
19481
18644
86373
82013
71177
31863
75496
81559
37024
51408
71126
10263
53181
1956
70594
91393
99384
60689
16427
45151
6388
21043
89094
84437
77322
60007
9098
63371
13054
11609
72923
27232
65163
96311
9000
12033
76454
72597
96353
57215
13683
70411
78071
22255
40195
27684
80503
26752
42345
87769
93564
37949
90745
29407
26090
16240
85286
97359
74631
50610
99362
2359
74916
70100
54012
56704
77313
74352
57777
28142
35696
21731
68538
78257
3545
20558
34197
64422
80983
21183
42284
57330
6742
23708
40277
7846
12578
67284
60738
64765
47498
65320
58436
78634
63778
49702
84790
77586
13491
61594
15813
42082
92014
14130
36834
9615
84375
2846
85989
5704
30550
26704
67146
49687
14718
75168
85068
80040
27147
57506
33898
40365
98520
39800
80737
30720
34090
72338
13502
22800
72573
16088
38104
36055
51671
51637
17438
4867
68611
70169
96023
33153
41758
94823
27141
44791
81456
22575
44871
27341
35290
87376
1750
39255
593
63747
16682
83488
29602
79593
96649
22304
58464
26909
13776
81340
68889
81572
13082
9749
7380
97701
20035
86295
54773
1299
90895
6413
76176
44589
11839
74926
93913
31543
85920
91283
67153
74447
63601
29866
35479
37871
48231
89697
11711
67552
4959
56837
22981
15242
34430
99258
78019
17214
65543
93160
39992
52548
41185
30242
18719
52496
13670
96949
69935
14160
13014
54111
8910
26103
4902
24180
39053
48680
46691
79960
2904
74500
61325
26549
71028
63630
15754
39250
91025
61611
83621
38394
95924
21768
88532
56035
99246
94891
87010
31687
6415
21320
79124
32495
66612
34730
79873
16228
40118
95704
23671
27425
49072
59773
79305
95609
78914
57993
84403
15058
53385
9593
82512
78676
47565
42065
49777
42970
61131
1146
73668
13490
92241
80582
31631
58846
89529
94815
71385
47891
93374
18434
45264
99154
72795
17318
85932
51376
28993
23874
30748
16777
32874
95965
20599
5987
25621
77826
20157
96915
17241
31323
6535
52455
91660
77814
73359
67480
30898
48799
21683
671
22281
10836
31733
91850
80577
79511
61231
16466
35280
51111
4009
5627
68809
79233
89796
48437
51746
6700
37180
14122
1042
61559
42658
73036
73510
93766
93616
76499
10689
67694
1935
31597
42983
87347
29388
49723
16408
30140
78180
93861
48554
92253
81632
5867
94901
35207
11049
97255
63529
5354
6172
79188
10638
25950
34425
34909
1711
92820
56529
76762
15908
89896
60340
94341
13665
55084
21235
16730
9394
41311
7283
63353
42648
81262
75488
7785
46387
11390
2554
41362
42587
78894
55904
97023
98136
50465
22978
20377
69495
41332
30805
69503
17249
29968
70981
9682
87980
99187
50545
2939
16444
73928
69096
98673
75826
71861
30050
71310
11209
27742
11232
86995
27631
68640
29627
41392
2007
72572
60328
49253
52680
22117
17499
44749
90118
66860
39167
7395
34669
87902
62159
89698
13104
32876
86453
72101
83968
32543
67790
80245
43082
24888
25501
53795
8037
79287
19676
81415
68360
46680
78720
19632
99711
46494
80019
6459
32480
9412
941
52897
59406
38297
19996
62167
23457
51503
17767
48443
88786
93876
12830
81812
51189
62958
35935
57124
19650
27844
87737
56359
36778
2909
16387
12653
50556
42761
14640
3037
59159
82364
90204
58906
4917
29726
13876
83294
15710
93949
84874
94748
25208
2338
79303
61909
22713
68159
51073
56506
4381
71164
45417
93817
51926
19525
52351
70093
94011
71982
77192
94175
27968
57438
6414
7725
91391
62766
62600
57586
72105
22940
74785
33868
93979
86442
44545
61849
53838
96704
26452
50179
93084
9284
78365
95120
54124
75612
94895
13393
11472
38968
4758
65088
29305
71438
37308
24120
89240
94467
73070
19538
16555
59229
58958
80270
1411
83909
42404
63681
54964
70024
85672
32150
87809
44433
73858
73786
37738
41846
93857
54013
7665
12525
98345
92062
4030
25921
94453
21765
14761
98403
56022
46530
39581
32888
56360
94769
8256
41607
57334
46816
68767
43375
19937
92295
12168
59535
10656
3691
55266
14541
89293
52371
23454
75321
27868
15095
92291
72519
18086
70638
78113
20321
20121
13562
71253
36455
40813
15988
60873
74404
86263
49989
76134
74964
41085
20323
80599
81845
98340
80365
11226
8951
40561
52457
13095
97397
73328
48460
69482
85880
79624
54996
680
71678
35747
54388
29687
12558
85034
27752
28258
44702
89150
15945
12545
43657
86555
78044
3404
7483
21188
27970
1697
91778
84778
29322
23698
36225
63855
4148
26437
64418
83400
59995
45479
84967
82923
74480
94995
56654
78664
95395
89490
7936
34202
23493
34068
13944
69183
10562
63641
62737
38534
64792
23621
3888
25613
37241
57748
64260
17581
69756
38217
99347
78901
44968
34177
66623
98234
60512
71774
91591
15336
53315
11721
5145
51641
10092
83365
74939
72775
82855
47231
24978
69811
68800
42505
32954
59155
10076
93792
10381
27781
14945
94490
36107
27041
95388
76390
86759
88863
97224
49451
937
56748
13211
66169
87387
17363
86527
22972
36329
86025
14424
53982
96787
24780
18288
53698
19444
58137
42039
42493
75442
51735
67900
61919
29039
47347
80977
41481
98178
93716
6406
88660
70052
5584
46673
96652
73111
26396
13133
78301
60111
50244
42174
14986
39733
5967
58463
25765
23415
15201
60866
74578
65638
87915
66156
67112
20820
46507
27924
95150
43022
76124
89996
68882
15921
38957
23537
44913
63453
92285
86167
57495
12177
75804
53320
81343
7231
54602
56464
81441
58917
86463
28161
35171
19987
5744
96245
95230
77761
70897
39346
36510
70501
48118
19889
63035
99634
73972
79049
11575
64
75836
81104
99780
94836
95978
93059
99088
37050
62668
63016
14270
66066
7175
2333
98036
76517
16170
85797
82764
86830
96688
54070
32738
10721
64710
55779
8564
76914
43650
23137
8046
85442
7561
17996
53884
43286
84811
95975
22016
18743
55690
64414
43682
95315
34008
9625
2625
79493
57006
93604
55627
40984
64284
83336
85358
23729
15355
10865
26996
27651
61453
88627
15169
76227
8043
560
83982
68745
3845
64277
34682
74144
95714
99641
42487
85245
12490
5817
17832
99291
22662
36348
88659
81029
50884
8027
51097
75633
81732
58461
37144
35644
16162
58571
51307
92571
33565
4934
62762
47942
19082
12738
21801
98963
83825
46540
79271
61765
66251
33623
40548
69888
92581
86970
62201
78066
12928
76168
57618
59682
76059
97178
92799
80753
57833
77632
9340
92825
10415
25706
79337
58304
7292
96425
7163
40273
18054
7558
91993
20632
6666
71419
52820
94396
64222
95074
60335
4300
94548
86632
67268
83743
83544
20723
71803
14939
25358
91686
87380
36033
20466
96341
22880
5156
89678
75561
84472
30465
46561
35790
38153
68631
34048
96014
58105
81824
17565
24573
18641
56785
26185
46846
54909
19852
32125
5711
80334
90114
25272
73461
40231
60409
97629
54202
51851
28753
52635
32717
2322
47611
33647
777
75054
36152
794
17947
47864
46374
22496
80100
48609
67052
93677
51399
49075
2169
74600
45592
15903
50180
56342
73795
10441
96165
19296
85048
12531
89118
55151
77406
30798
94644
67388
74811
158
17587
45537
13367
12761
22757
63854
90481
87805
17195
37054
38327
24645
43498
81508
16611
26765
40867
68545
54260
51628
81488
63736
2887
2043
36806
96419
90138
34479
70947
95264
84855
66097
73130
85560
4560
64131
56612
31063
60391
60675
13128
97355
97644
20423
97150
37365
86732
1351
38404
39561
55047
20805
23134
16647
25421
41002
8643
70303
48148
86219
49340
22368
10867
58532
88415
75705
21120
72970
92777
78591
15088
175
26105
29013
80129
12629
27954
82630
28962
42722
27590
1380
78847
58520
38408
28923
40865
44914
80171
4973
86937
46291
89819
8326
23441
92608
73470
55256
84786
73260
20172
4847
77497
38608
66949
68116
82008
318
50966
59131
72085
86531
10856
50583
97470
70375
17057
92326
59434
85380
46056
1961
53421
94247
40306
59725
81109
83826
66104
45397
30939
98409
61410
31971
80488
59677
51254
36564
15860
90322
14230
15679
73580
83815
49390
21552
42337
39824
92711
95423
87617
6521
56613
48580
39208
70533
28689
1075
13307
61987
86603
75316
64917
20298
1620
55976
3332
30228
5560
89908
3360
58342
94314
39902
88997
22993
82120
57893
94827
56593
6967
728
99310
55860
11778
15073
80069
68472
85209
17625
23486
87828
9141
21471
4540
63463
72797
14981
18214
79108
67332
40016
87113
86418
465
47317
39261
99866
77440
22040
99583
89457
99801
92368
8934
16264
35108
418
48103
24580
29049
15904
1822
97678
3626
46280
25265
21173
51217
39762
47542
69116
7913
64432
37759
34246
9752
13308
29385
64289
69954
76968
63284
86917
81179
78329
75887
53076
75850
32442
78892
50354
55050
28808
59907
3458
44107
9452
43809
55591
22884
35375
36108
2731
60888
30486
92531
75468
59651
94910
82396
59616
97889
93966
8126
54182
35441
23888
20587
90704
23997
95623
30922
63792
80449
37775
73367
77247
64922
86250
70522
62394
93116
71375
19708
55190
58120
4075
52030
28878
31149
56014
74347
61624
20882
82263
93277
52421
82737
5085
42192
61713
46512
39408
37314
35285
92767
48744
54414
32508
55307
19383
10692
62667
87405
66223
75756
59236
56614
43130
2095
50328
53797
28107
56499
72717
46372
39780
44653
64850
46332
64319
57204
11375
31611
92991
14392
67059
26903
6975
13585
66403
26984
47010
9990
6407
76667
80894
64513
19195
57296
59816
22673
26510
96953
65515
2326
53890
99869
59689
89627
74604
43768
94674
97274
80198
45340
5840
46581
39638
14006
99334
31051
67030
15213
10662
25162
30186
15735
58905
76138
30480
19437
23800
75318
98891
9173
67460
12990
77746
24660
92554
83011
2517
72554
81909
40528
17091
95225
79321
98902
76197
64968
10735
17843
51885
60540
50281
31538
57143
11356
76164
7176
4920
22865
22466
17509
86564
93904
13756
68950
61512
65342
56598
53954
36377
96113
25998
1653
2533
19260
35588
44212
82260
7062
37720
1614
43629
61920
82755
87308
6586
11598
21420
13814
14136
69635
21892
40855
42607
40333
63345
25116
34343
45334
44095
40190
85839
32659
81618
52620
85929
82539
58870
25211
68229
23096
96813
68036
81402
78372
49765
58858
65025
86673
51629
49802
79089
38777
39758
42264
79299
33276
56152
37809
33175
42290
79631
1223
11274
32344
90696
48807
31500
59328
92083
77541
63528
24634
13322
32786
43056
85384
9543
62164
81676
17046
86259
83670
53760
74972
19193
52405
6482
69275
79854
66827
56855
59151
60953
46423
56158
98711
29332
53892
60985
97441
59002
11383
20603
13654
42708
11606
31426
14707
19314
10057
38060
60663
56952
40187
78880
70041
37952
44937
77310
84027
1345
90372
17555
35296
53261
4536
96004
79312
80213
54948
85671
34962
44489
98119
80504
95394
30654
22989
73460
71468
88868
44924
83560
45776
38442
94710
66695
99112
82915
86124
28508
78362
4371
25946
85658
34952
68641
45611
99217
83830
97929
55351
32149
21868
7186
53675
72464
27473
84253
30476
7644
25307
65719
52223
14995
59474
85771
50210
40367
66087
64940
66904
93371
81394
59602
40886
77990
44454
1064
77798
35808
72565
1556
64957
1424
17141
66665
73791
6788
62575
80855
34189
5107
73633
92845
50117
74439
34591
5546
7484
12063
15694
87416
43492
94379
29719
39783
51349
47871
57896
6596
3207
46792
99123
92754
49461
46074
22001
97628
10851
20787
31957
57529
80412
54491
72278
6193
82712
36558
3316
75591
32567
2657
9232
63362
90028
16131
21513
94405
48117
91224
60189
39240
6983
23574
24460
11037
74532
19116
36059
33078
44347
11482
60865
97111
27195
11635
38516
41589
72337
72658
19798
15107
5134
41475
82955
28168
49293
23164
57480
7388
32858
59881
67716
85060
75707
92628
88280
44715
48637
21878
57950
24647
16205
6089
81371
15474
48984
57635
99476
34774
21090
10511
48931
39116
52437
82964
63185
86789
55298
79725
19714
32384
46404
51184
33336
86000
87039
22179
5660
98807
49951
45201
9897
63455
78778
76780
22301
33277
94843
93207
64499
21810
50664
99512
50817
1382
86019
95384
36775
76460
29318
99841
35592
4483
76793
45254
69184
83123
88812
6704
8759
91092
30386
53763
38241
11884
68394
92823
3838
99774
77287
98560
36300
80237
14662
48349
46171
76861
51534
91118
82394
29906
50733
641
61445
20935
57812
25237
35544
84908
81014
58042
84593
97520
56770
6755
88729
55387
91745
2523
51108
85702
64996
22336
80343
83675
39043
24166
94772
57825
41991
49670
37737
68041
92436
36709
91621
31322
36734
50342
21623
97004
14617
95097
25801
73462
36005
54231
27984
58725
84692
14911
95969
60973
82506
59854
59694
11850
10699
62565
16870
29619
81956
13959
95837
28233
7940
42424
42246
86080
24596
11484
5251
98272
28177
3415
47859
91600
52538
50536
12412
73034
73409
79024
9008
12781
16409
87645
74751
85956
18875
78989
26150
34685
74872
67448
7342
16499
19414
96695
80906
24259
651
95776
97243
79156
4346
72367
90588
15376
31678
33618
18257
15367
49609
69501
1765
38041
79779
27484
623
17014
9477
28643
15721
37640
7677
45521
13983
50251
98295
97793
26159
72013
96422
13606
94063
17266
61158
20363
89994
60592
8916
83111
15805
10661
81593
5809
36695
76686
2923
95757
68113
30568
50056
84157
89448
39731
84132
75310
99881
96299
48181
85027
7865
8284
50438
66632
94819
45962
35058
25702
41782
7086
2194
80385
66029
54862
81840
15203
37885
19667
49745
97921
12416
36459
36605
86454
8350
48066
39143
96504
14482
92122
82784
96970
63211
55536
76675
47552
59791
1827
36540
2008
85562
78986
17415
5806
29283
81595
74120
92339
24090
82894
4132
33888
23371
54200
81359
45866
41009
24969
99815
4632
92070
86102
87374
84304
29052
48449
21066
15906
28541
82661
37084
40137
54297
28093
11686
36621
92514
67888
63374
75048
74163
86486
46205
28044
79209
77039
38325
76298
23286
65862
75337
20201
11971
76484
30138
28086
25288
82239
51869
38434
44565
4181
88038
90920
63869
76536
11348
536
91823
39820
10446
81044
90448
89077
5426
14564
10860
71833
26135
5108
81920
28344
71005
30570
32676
12991
68776
20756
98976
12402
6146
27579
67342
14921
35701
65568
97702
61795
89030
89307
21454
98839
81141
87461
79223
20617
28017
16486
74827
96854
34427
33017
42088
64146
47598
43839
3922
6998
11399
9456
58528
20600
41404
19349
51315
8580
26758
81998
90627
57083
48333
14531
11924
25679
11797
45872
59350
87850
98445
26873
29290
19499
5769
5775
80423
93910
6837
55786
71488
93824
76889
29293
80723
65271
3788
3364
99136
99644
5869
57918
44904
61903
56053
15453
1156
93262
82267
12608
28930
30086
20228
15454
15584
37303
27619
79731
75119
5685
66657
64849
11400
20426
94469
28254
11774
31797
90837
15989
42502
14920
17895
3460
49429
48377
93948
8215
43686
83318
28531
14335
62930
90211
75115
50298
95550
54058
62911
64361
4793
78172
65229
8128
84170
87169
97432
41251
89222
3964
97137
28452
55148
71474
39286
94282
27408
35158
92698
84769
94258
2068
905
65263
22898
75003
14691
87912
68730
81639
46751
82852
80589
43944
73123
48855
82125
45171
30553
34235
6707
25939
48888
5934
83992
20633
7635
66295
36261
5708
27941
49363
59342
90011
21037
12810
87074
3923
9249
57371
48204
84678
99745
39356
70227
31068
69185
61209
39366
29284
10973
1490
62586
16731
36295
47355
65373
74493
12851
35702
59814
67637
41289
96851
1936
61356
65024
75361
53641
55254
73437
67634
16201
73856
39037
85457
89359
95808
44837
46520
69016
77398
13187
28234
48408
24946
1207
55132
93012
76508
70296
53673
98594
37615
46264
76379
647
64598
86165
55043
47244
38226
33232
87089
90940
94027
26136
84325
35037
21328
57426
35197
23611
16686
55843
60801
92002
33018
84389
13462
11427
24005
99097
42212
58897
75416
49329
55747
71245
56652
65944
74422
14201
36994
90091
95059
58617
10200
6575
14332
48694
73578
94940
31524
75233
47585
23189
75801
36833
3858
56538
70831
69143
47659
35726
9042
6369
54585
40882
47533
40033
80029
99060
48267
6902
90852
60085
42349
45806
41518
85263
78447
83671
79352
17896
42504
26430
86028
58606
94038
88642
63741
90904
12735
21660
18100
61402
41338
38125
1521
96473
54930
37340
26812
97660
33712
65466
24451
43288
23092
17354
25544
19464
65751
98150
426
64261
96431
39957
11592
27943
12423
66323
8035
52972
63671
20901
2530
14108
43963
95946
93391
69483
5297
25245
11026
18117
74153
14998
42099
64016
67240
4594
36542
14460
55236
13122
96081
40983
89839
57904
74476
94691
22932
73943
2284
14876
50819
43969
2137
74893
63994
58702
47870
39185
82696
92780
95585
97786
36490
92162
29636
50403
70205
97163
53593
16651
84443
65315
41040
68887
66271
40328
29421
11001
85593
66950
11877
8735
18171
72433
14403
34753
53827
3997
20606
87300
89589
85745
79392
26246
8454
74419
78296
74327
37816
6673
53573
4011
50121
52514
43856
43335
98276
86409
40408
25913
31923
79992
94408
9882
15314
73963
10558
47937
68027
21558
95438
75108
7452
2112
71087
77738
97909
28013
48872
55741
9226
6412
93798
46485
96029
17680
94237
33915
84207
2754
46030
47212
70425
5314
60687
32581
30022
66487
12309
14954
7368
94381
27117
18202
26693
61341
91718
7893
18832
76382
50660
48457
27366
11094
42342
79430
84991
99529
83696
10764
58504
41025
16346
58604
23535
48092
21074
73202
18145
18714
75139
4024
31434
79997
18173
94119
30233
17374
66245
45733
58380
68445
97966
45144
21942
40505
87147
94008
77638
16333
3591
74105
32847
73230
2078
94020
69551
40324
27532
31417
83362
69175
43352
58010
74035
34087
66850
9836
22444
36248
17821
27121
96412
77525
92301
10950
5679
19187
67678
83038
76103
48395
40959
31708
81124
43591
72405
33705
16657
82668
57077
11285
65667
76981
90630
8593
80850
58085
75051
17206
45622
9156
62592
10022
62601
26309
88070
29138
34280
28266
87910
28586
49236
56926
76816
85584
40412
3930
56299
91753
48044
70383
58622
59564
85100
29381
40496
30274
46934
64729
32670
48121
88756
33133
45691
24349
39767
26509
47431
25095
96609
17948
69583
27234
99668
34052
49195
50219
34561
23419
74722
23234
797
84159
59114
37030
38254
16863
61430
81755
5213
29125
17575
26344
29664
54469
8165
29881
93936
85166
47778
97423
27556
34239
72515
58347
40266
87622
59885
87865
91031
59410
6318
93749
8640
22948
97635
58173
14044
60910
14581
160
69165
72780
43664
84976
73765
8538
10942
96388
86736
17412
47843
54364
87096
7969
66168
17218
79922
63832
85474
20675
31506
63852
70293
54438
15588
72040
26850
8617
58132
23125
19626
54968
64768
60468
31858
38892
42374
89879
14499
49120
43177
29827
70789
1971
83348
38480
9388
58853
75460
33155
72236
59746
60970
68149
69298
50896
97028
4403
67253
13553
71426
37302
44548
94829
68369
82837
99026
17679
21463
75380
73740
78943
74008
62207
83280
8975
75965
69119
7521
47716
25263
84634
7126
86398
62263
16076
47708
12249
51028
62487
79784
47225
76605
9617
33553
55202
39343
98003
93077
50962
58647
67313
74172
41668
41096
62573
21860
77255
46326
93958
50897
32326
19246
29704
34888
12821
73060
23113
39003
75441
18141
3108
24022
83144
67606
45496
26142
9890
59433
69706
30639
65547
41798
53131
21119
97072
52344
25010
15768
90536
42423
56467
74482
22854
6612
8332
87537
78852
19603
28925
71445
54429
35353
60048
51336
19588
46716
77515
98300
475
70267
12359
25330
55975
87800
18315
36269
92760
35437
57832
2732
68797
73488
80514
71366
26885
24544
31046
5349
12010
45130
49837
6499
97834
31242
57516
30703
67976
92569
49277
3046
47341
99689
53058
85918
4045
74791
48858
31231
48598
4334
89958
52822
44206
34671
49278
20837
61731
18678
3893
70405
39094
2617
40337
86057
70155
36585
20707
93295
90094
54705
22060
20741
17175
97545
25924
19655
94961
77806
36084
87021
54785
40774
15745
8246
4539
3408
78347
20955
61535
99409
14329
50948
20421
60241
32335
93997
5411
21269
44712
59383
40808
90025
67862
86281
7495
60227
67070
98101
53248
40622
14661
82326
16825
90240
17845
72007
70909
73866
53896
2666
86761
59850
79917
30430
76574
32228
24742
68363
84927
32369
43519
66636
10548
51776
91538
53271
58682
52573
22881
34502
32828
14159
60812
58795
37418
61296
27387
82248
23751
49323
57883
12837
4165
36132
7828
80492
97372
96939
21827
29614
96980
99994
66110
55399
97820
19870
81882
12069
99072
86111
67011
2474
93834
72506
41079
6779
44466
40249
52260
71770
58972
15750
43813
83113
55578
20179
1301
38918
85247
88495
28851
96240
37076
58009
57319
24418
97917
34963
18300
85046
92886
47693
23825
15406
35168
91035
73544
58542
66267
39483
70662
60118
16116
15770
54783
20180
25850
7734
95649
96989
71240
10756
83954
74452
17548
13233
65521
25696
88155
49976
7184
35216
94345
79132
36863
86710
84483
3843
98846
75979
46782
21222
74178
54799
45964
8353
95141
87092
85651
81820
22971
20278
17271
89126
63133
98070
31820
58429
74047
63714
68367
38332
75431
4988
26190
69585
92915
33590
79702
89594
96352
89640
84195
51592
95641
24025
57853
16010
55332
17511
33371
3012
9316
25306
93434
83958
42318
36745
52309
27735
1107
78783
77727
1391
17123
13253
49582
96712
7687
86216
98540
41329
58855
78380
2976
13740
79098
12912
39145
74296
78879
44945
58054
80262
87274
54886
76208
98
98522
95592
56733
7250
12204
46395
28765
49651
15137
56857
75951
6212
5944
36608
70626
40883
6757
89069
14250
31215
36843
88503
44054
76000
12266
7500
2742
77943
71045
85114
31104
39242
32617
75744
45766
72473
15917
28395
70403
74055
90150
75988
57007
7722
35321
9189
20872
91082
82395
87128
24804
79428
52235
63766
36950
72773
11358
91103
97905
2445
68527
73989
47733
17577
25174
79755
61379
20647
42469
53147
20195
53193
43847
30298
35925
38611
69428
97773
40981
23055
32924
76455
82446
35533
1422
1526
1198
33648
9144
46480
65154
51318
67032
29119
14091
58252
860
17231
60300
91182
82406
61386
22472
60290
16927
49780
61899
81482
61179
94031
27815
22456
74236
64177
26854
66796
92218
23373
96511
64900
40658
74414
15497
78743
12909
41413
12113
67524
83476
63670
23762
67079
35538
83282
47841
77785
49832
99424
85244
31129
20341
77789
8646
69461
11857
25243
28545
78031
90304
34885
18786
64470
50401
84446
11122
66985
59378
22347
49033
15144
2480
47785
88813
77015
63550
86477
77224
1026
2847
83167
16814
10329
16743
23580
16687
78009
27397
63871
3757
84310
42622
42590
18014
77675
36057
12910
62728
93706
81470
33529
34043
75735
8746
76696
86869
70330
78034
55679
47062
91364
78741
3212
5030
97654
92651
23802
22324
37300
17724
97123
91506
5661
34500
23318
44402
77131
14312
59862
59540
566
42595
51104
29457
25970
36475
44330
4382
17846
31719
17738
5873
75992
54057
7967
81101
53346
16125
84262
24416
80987
95122
14168
49412
95835
52985
9551
65797
55698
63518
13439
83024
888
69321
94633
5191
30902
37910
61095
2716
38581
42358
43531
36677
87261
53963
9581
15556
98018
53007
55409
85805
51897
76363
56949
35952
92501
76252
79478
3183
5940
25442
67027
667
22919
1083
25062
33582
83106
66533
35359
95054
74808
69927
28284
65353
30130
88991
51844
41491
66362
55774
28687
78528
85519
6344
84198
68413
82697
98485
16513
28484
43750
46418
71109
41461
2267
67442
23069
13589
26241
80715
78665
55978
63338
6875
6526
6466
63755
76734
32691
72036
28332
54210
2175
57031
63842
44213
75943
14068
6844
80759
12603
18170
50849
19572
79396
20963
54990
49991
95066
43640
73520
48929
53925
68419
8226
50280
6239
34792
27284
45915
11306
91287
78462
32827
65656
89986
28701
47553
76800
84663
97960
71227
77844
72204
93384
53794
61555
25652
39271
65003
60815
34657
49826
35604
77089
53833
57920
29217
92622
17031
82312
69280
21157
45199
42320
51839
99992
3114
98156
99387
2283
95328
6525
12366
32590
49510
260
85054
12634
54105
95669
72581
36684
82353
41243
39680
40028
18722
7151
58139
28659
43782
45032
69533
42237
96289
82393
87503
40542
98111
20436
9031
70524
68606
60169
69689
32808
22820
6383
12343
15570
76217
41752
15179
82797
52883
81485
57644
45193
23826
72662
61337
46409
8279
52328
81002
58835
60341
53616
49333
61888
82218
84314
42701
20391
11532
1928
57324
82530
30664
91636
90328
56744
46853
14444
22733
8381
26882
6818
91059
50942
5401
55305
75308
38504
49077
95157
36957
67579
67685
40226
8402
27023
1030
32232
39034
2471
73253
99908
79118
18718
95859
59714
91631
52798
27988
5968
97930
66315
16997
56976
96535
77832
59838
28800
41977
21611
87822
12860
43998
28217
10133
59384
11710
35016
26333
73672
94464
99356
84173
78858
94232
47534
24788
13598
18164
93394
49728
55110
12880
15647
73401
66693
67165
40609
90061
61710
92893
92708
52138
70912
10758
53552
23267
54942
79419
17594
76037
51007
33096
28824
9859
454
33156
70344
79771
92818
75757
25559
90100
91457
87056
83449
1060
59810
27333
89134
56396
30337
65367
82544
44470
15135
88507
68263
10549
98533
89513
42475
36686
14586
16096
17049
84946
20468
15617
88919
31821
53343
88566
77075
93657
67218
65831
56637
15360
32243
58821
9275
8795
96338
50646
3877
62637
81123
84368
6504
29842
70923
37117
49003
1997
72712
67981
6446
716
69336
94542
48152
58539
87563
80632
98855
85798
41303
65535
9972
47915
59464
96875
41972
21973
66003
18019
21961
33036
45723
99270
21237
77170
86521
80307
88722
38083
14442
78024
89565
20454
1259
95187
86848
12471
76280
33584
27539
88401
73709
87683
69130
28704
56901
65216
76062
51256
92376
29408
16701
5535
48106
4421
8715
93537
53047
81021
39953
63519
46094
24066
72343
25415
29853
85363
23843
23754
5857
97112
45403
1432
10918
4797
21208
33622
24307
48865
23279
7327
74204
40024
81181
38294
351
13723
83490
34526
24493
90263
45319
52163
19675
11009
20715
4870
16674
5207
89510
48561
25594
91020
20219
84243
54153
28139
17210
56174
10473
89284
56122
67969
9001
10017
90584
25767
93341
24982
85126
77518
11247
26392
56789
23339
13531
42768
50164
8356
8793
67104
67853
98429
8543
56747
95684
13312
88942
95314
88007
70761
39967
70416
28968
32053
89960
23560
48215
21042
1373
48170
21693
60939
20537
66944
61948
51366
1690
69789
97358
56103
4986
22359
21465
91784
49143
55589
46226
67157
27825
15079
44840
67868
29175
71953
29762
31624
63692
26237
12624
13050
67827
83070
95836
98106
40424
83747
29220
64690
85347
37125
88045
96896
9696
85393
67370
4910
92450
51871
24786
50615
63720
74979
23764
48539
47596
17059
12993
58329
37525
42106
85179
77855
8742
63297
5135
22910
79984
65309
85691
55569
80832
3440
43126
69023
31286
63728
10868
40282
56310
97415
55370
47404
23930
51772
70610
73220
35985
1296
36824
5624
62243
5022
32235
29917
36226
45629
52971
92934
314
41035
49941
69413
40940
13634
31361
17558
44436
38460
32882
6692
98833
80587
9856
65963
77845
98706
46159
45965
15480
26555
60273
16008
7020
44604
51970
82700
72701
88141
69696
44455
49321
97012
36231
58964
2817
29594
26012
86645
30816
83467
10128
36223
73884
6073
44568
27283
20691
63154
6879
28660
67604
19879
5991
17135
54274
3488
90954
77902
35829
14476
64553
46027
72073
18
69578
23095
75026
16391
14644
87143
82232
63467
34318
79670
79066
14703
6444
37548
3145
17385
9595
30494
88481
13780
72969
25782
52637
31058
33517
56850
58332
80934
23605
65523
34412
37457
8695
82785
88241
39257
30108
91483
15518
32775
63126
21264
26014
3165
44520
28623
27431
88379
66804
76524
68991
40904
44515
27719
86107
84440
76650
63726
38731
81567
90685
36716
86246
61168
42468
89944
17975
18923
89201
571
1011
301
49436
74010
95920
34965
5172
66249
29493
4248
38069
72689
8973
60599
72457
9353
30653
24272
16603
91073
79592
25192
35433
15923
56970
6712
99553
45146
88455
43373
69327
36148
97529
42063
91808
90016
36366
59125
9149
86327
98642
87436
69161
71133
70711
26373
2448
9204
8248
71611
53726
97034
52053
6226
32018
64659
72434
45195
29038
55525
32862
75423
61340
47120
43266
85237
31210
5652
88902
96255
99495
22407
97676
82103
8767
43191
82670
90807
17265
66266
10582
24337
93922
75400
75902
39258
5055
52696
43398
15050
46431
29100
74533
79062
50985
38309
68296
2218
19433
24159
12138
59735
77081
86611
79482
65014
75904
5633
48553
74748
64013
84662
68256
64271
19921
12449
92859
82057
50033
44660
3137
1498
39873
74501
42881
54171
45683
91352
88675
14411
14441
96329
61346
99271
55475
81688
72478
61916
48550
55371
12843
8701
80799
80901
24952
61966
35785
28208
61936
23545
51221
51343
90647
61759
52290
15969
22625
35160
72755
42054
35084
75980
95255
58476
4708
65327
84434
49800
91414
38891
68926
85871
41820
18017
98426
82009
13897
77291
38609
31834
19960
16330
73095
14431
80241
85675
21645
47161
1264
92382
44307
61605
98801
94312
76690
31660
13013
29695
50974
87833
78929
34545
28927
1812
1528
34643
56540
63462
15669
67031
49550
9051
281
34638
10077
62804
29169
73457
69992
68287
35986
10993
12037
22514
25453
65902
68566
18764
59391
77
52505
1954
2699
75161
51255
56919
85487
8539
38769
52755
88662
51494
36290
47290
2402
79706
24039
91874
22671
92135
54835
29815
58553
92794
52583
94757
84566
47537
87248
66481
36473
82985
60578
8605
84346
86478
53574
81878
46163
94355
24895
22527
35946
59013
82858
35046
73151
19999
37357
76532
36386
57705
79525
52059
26901
84664
28637
50013
42194
35408
73181
13817
35040
96211
75224
59857
14221
39853
68007
9730
65968
82045
68103
54468
73778
11601
2244
8922
24536
96387
95520
71640
95834
42934
73835
60257
97959
99507
92299
39825
98888
92238
97398
77915
4626
96766
16904
55080
1560
90353
39010
86975
81828
14871
38132
61623
70070
22018
6845
70754
72727
39284
34123
86687
59062
80012
56357
52287
32634
42051
98612
61980
47704
67526
88743
40638
12304
70410
20639
68905
35465
74145
11818
67343
85779
45214
35559
30067
68438
52869
36967
83904
36204
99505
62127
14780
934
67358
8896
77178
29773
92049
93640
28772
31925
62238
71780
35519
99208
15558
27459
50598
76071
3051
20946
96604
9229
86405
1947
39582
89893
21811
1761
38800
33194
68254
49893
57973
337
5632
60112
25313
67482
99787
64465
61308
65626
76475
22354
66356
63677
50116
18150
78655
94967
48269
9810
10985
80467
40735
77068
98754
10783
4265
66079
13064
60296
64611
37017
55868
76653
12202
9904
91173
33700
4283
19317
98073
97257
47849
88540
8886
97857
70541
78833
51325
9899
901
57549
96636
57571
24937
45870
57310
33778
6171
32501
7198
85483
55871
72325
29926
6543
80663
93496
57344
33014
42295
77690
3579
84966
33604
98747
83754
61150
26449
89706
37362
57607
61940
4186
84076
60858
39221
17986
43203
46968
53285
41920
30881
40209
25375
77048
38134
50809
37158
19153
46263
39728
67617
69276
3703
99475
93892
86018
56595
43989
82621
78145
85642
95575
38204
77918
4606
42450
92990
95081
3113
26284
58556
57609
29753
39426
39809
96947
41880
58887
8120
23122
16621
47067
7935
22014
81764
40360
42026
34524
72610
59612
94729
15399
92994
61968
82325
48401
20075
9549
57053
75495
58715
67203
57749
65498
18129
95801
52495
2634
41423
94359
76581
30491
64118
24195
47746
32218
99518
3765
69033
44703
52581
81296
59222
75019
78091
15986
9461
58706
48362
38269
84114
46547
46327
8060
9681
34401
13493
95128
35834
64655
82280
42966
60507
50253
20520
4195
39913
55942
52598
18905
77365
81061
81454
28969
78321
29072
71841
17971
225
62009
74176
96586
31311
16537
70672
45850
48658
85116
38582
47460
65324
6508
34557
33551
63147
89985
63359
96404
18282
70179
25218
10561
61096
97996
78162
39704
42643
74580
84062
46132
49229
62957
93667
98738
63146
92488
8122
24518
19826
6888
7141
16459
37682
16257
91079
69027
38240
51377
6316
36746
68688
78026
29723
92935
11408
76377
36414
97601
79427
17351
81411
72092
52270
20243
71563
58559
2117
69353
52827
78316
88588
9940
78848
21706
56220
55094
87688
28746
4020
28090
75467
57289
67344
15544
83017
27004
17597
71022
72366
34433
78728
56485
64166
25775
91011
38709
29584
3039
4406
75099
38746
62008
62507
97884
2734
6858
55971
99087
30397
91883
88493
51154
42933
47421
11732
25318
32456
99788
47604
91476
21549
56920
26902
2503
48854
1019
92361
38184
48219
84821
40866
84974
69283
6174
76744
41901
21641
13535
70870
48442
40275
54014
79220
55812
47480
47621
26701
98135
90238
12030
45743
86948
51966
87046
17361
94896
9734
327
49007
64858
93060
18995
66015
76063
7923
11067
1458
95257
58126
479
42062
42829
20824
74724
33081
70926
81176
72428
53979
2046
46695
36991
30675
22333
24915
2168
83347
10272
50921
4596
77419
24070
49328
5041
44010
40717
79295
23391
9191
88046
89487
23338
9160
32136
18093
76801
97420
39973
86767
7698
3084
29805
19425
22795
72381
76766
30574
67645
11433
90473
56469
96495
86926
57653
69440
4822
64991
81809
9654
83456
44431
10629
79406
11202
59531
22515
72758
26111
41633
49449
37934
90883
93441
66004
93534
14029
39321
41896
63136
34599
28649
42858
23068
91885
26646
30532
10734
54514
63668
64609
53738
75148
12534
87430
10724
24556
9509
21366
33581
56186
37304
24172
61313
13354
84430
92875
25153
11881
619
14989
84622
25920
49733
89760
34836
76549
88906
19392
50470
10768
93493
57374
42182
58384
85093
58513
76207
35600
16664
65347
56488
91765
948
17184
6149
78460
64994
79541
70782
28793
57353
66667
39009
32956
85071
50767
35446
47766
24344
47089
72463
39881
15678
13937
69098
77167
4291
43534
41223
52286
804
51527
38618
74957
56682
30356
39389
23515
19558
89174
9560
76081
77045
52381
10602
88019
91491
40976
21212
49997
63316
6025
26855
60472
49019
48782
47876
40344
22730
84695
13605
59744
48971
14997
758
3465
28573
58172
72255
92413
35881
26614
76355
81944
73643
82967
8217
15417
73762
60784
89556
56109
91719
51040
94922
80003
70388
94032
57182
22005
92482
3259
75737
12154
25320
15117
63427
11705
99656
61042
91277
4587
72083
91909
59077
4432
2821
90208
4197
22565
35350
53448
82042
5298
60536
46314
4106
34053
93138
90056
26830
38476
78819
14458
49262
64547
52776
59102
12002
47627
55669
37002
96734
705
58417
44679
58445
17297
92435
91509
95015
26304
66551
24345
12129
10310
23995
44991
49793
47097
85201
98010
81165
12605
8960
39433
60061
87176
34347
17090
59497
98702
23644
87158
7320
62268
60832
68248
20456
84012
80675
21397
51442
92612
24704
48978
41913
96631
80275
31380
89277
2926
1674
13935
31328
44981
46523
92709
26311
56244
34758
25899
76216
78472
26199
67446
22282
72983
2494
73888
56712
56393
55961
10460
58152
62479
18564
93802
76607
37734
17001
64813
5363
19961
44906
46596
673
50300
55339
97269
81118
80536
73165
15960
56494
55131
89379
42419
15833
42319
72488
93223
30596
78182
77181
65651
29981
78357
91915
24504
56930
35759
20260
23520
49539
87214
94256
53202
58227
66353
78193
968
26478
73121
28528
66186
89323
90770
31466
48454
92771
16933
28480
73931
73903
38481
29076
38924
53612
47264
58434
25305
82806
48819
32015
942
13389
1478
12705
56800
97989
28018
83389
29016
95138
88013
61009
52311
6233
53940
69762
27743
68303
17010
67301
66550
52488
57971
26530
44756
72671
2497
40791
50446
98491
12616
23696
95955
60525
60644
39965
31885
65849
94402
66571
37769
13712
72164
93770
19853
84559
17484
71192
71059
64552
17910
55826
56525
9278
76932
12466
51752
55886
3143
81619
53050
70246
70043
5143
33842
92230
51013
52096
95320
3271
42731
35346
17401
237
38249
35799
519
75278
86435
19299
28916
64301
49732
77634
58836
23619
4607
44303
67750
10969
13520
11391
14959
72819
87612
58243
74397
61784
34208
13881
49388
91946
25231
61917
49867
1204
20687
3362
59905
41965
21922
93961
46739
30444
68838
22839
53369
38501
89950
50996
44207
88516
66497
62451
9378
16175
18140
74442
72734
94574
27798
28950
73940
83316
93413
83984
30395
67856
70876
42835
8040
45569
53402
65885
74267
5957
58225
28350
97408
53157
43830
85328
85158
62630
21687
22116
12513
20213
45389
58000
14192
25159
23633
6758
2711
39631
35248
95232
89175
37970
2380
4999
43283
25193
38218
15341
14833
78542
57453
66897
97367
37048
17550
22108
61600
42241
17097
1659
5836
74997
86890
28019
72136
16522
47567
52665
98396
79518
75698
73825
91717
57942
38426
44078
72031
67683
483
40675
32633
16642
33927
1719
63445
29960
94800
78454
74758
48671
65576
37524
10535
17613
48317
91811
60554
82527
46355
81661
44385
53596
6518
45865
19200
88579
72942
90108
35154
57060
66462
28277
65089
63238
85199
49090
57869
84955
38559
9505
16405
56049
682
38027
81281
17095
92870
91761
88463
87593
15948
62189
30449
32840
64563
88955
85554
30064
54238
53666
10633
80104
15328
51468
28209
31164
35152
33914
93154
1552
69602
43941
49930
87705
86303
35739
70326
54098
44006
27060
52915
38632
58431
93280
41584
29957
42183
77014
89482
54184
85660
69535
38033
13203
56372
60846
67374
69043
63857
30678
49460
64228
75517
60818
24842
34846
77219
98472
46590
33418
47118
11288
23032
75940
15186
82644
58392
27316
42034
1917
39463
94146
79596
27132
31609
95688
9415
68335
91373
69464
84265
87020
41168
77521
74091
17709
99420
14103
17804
42032
42647
972
33362
71585
78163
8808
62111
16850
50050
72065
59471
32208
15514
67287
76121
38888
94573
93691
65582
69843
18067
66283
17350
61491
92479
13004
43656
53322
24383
60792
83810
4638
53306
42632
74853
53842
51298
17853
38049
93233
38645
65745
89233
7276
98992
96485
85950
506
81094
49282
12428
18387
92609
86591
44560
47211
77694
9344
42260
61558
60862
94377
74512
15291
55349
58926
98836
82871
6195
52470
41177
22739
8550
50652
10594
25633
33440
24517
32183
57231
10087
40402
71854
75572
45670
96421
18769
41021
97748
5521
18638
86623
9846
19451
57075
98886
23685
79304
11050
24107
4332
93711
57615
95845
1895
48036
57551
51134
31252
51090
3083
1360
63663
23958
19738
79640
98147
7238
35236
73608
19975
31510
43926
94730
71179
63752
72836
38637
9186
16877
9455
5458
2390
74664
34581
83966
87126
42975
15741
94193
39048
44909
14821
98571
60397
48111
10311
69684
76429
52532
77306
41224
71913
66552
46692
68319
52107
10677
32070
22230
97871
65566
28451
87775
34240
93776
48169
3643
74713
76251
39975
91637
10012
2171
19660
63811
53398
46848
59447
32756
22475
58769
52919
29739
3226
58141
15251
60325
67542
26953
85969
39886
84560
40673
18888
59582
55778
30941
20992
45137
46212
52482
14778
38028
52338
54969
3038
60796
65226
36020
7407
25191
39030
69322
49759
39435
29872
49000
45930
66787
55473
45554
58305
21130
99672
5881
33730
88311
53928
28639
85501
78862
3074
33649
7287
3942
33445
85944
1909
29155
82000
82741
57239
55095
16288
22632
80391
28729
38834
75567
35331
30543
40563
73501
16216
67707
26474
14600
72753
75699
43696
62285
44949
1507
28248
1225
75293
61412
51094
64186
88313
23851
3994
91776
64015
35393
67760
278
49203
51648
58502
33607
41088
70531
31904
89401
40182
68326
85801
95849
55459
58676
11811
28519
30419
28686
35319
6401
9091
94143
75133
35251
92190
60102
10352
78711
92587
65092
76245
20737
50917
86866
65306
60511
29900
25279
57818
14313
94755
62604
19559
98418
31751
76025
93799
15868
53291
86128
30046
75574
27617
39969
43540
54771
10980
20248
31651
85644
86977
68377
74280
22984
71581
35548
6050
58802
95034
81959
51219
15148
77396
13216
37538
76505
98460
91607
73583
43764
99885
5119
88678
3468
76195
32138
83744
51909
38324
91583
45894
49574
75743
87006
86087
3575
53631
92148
44882
77341
17172
24246
11369
70849
86357
93683
30745
40392
58736
13320
92830
7028
10786
95028
51274
95262
51226
82562
61128
22216
3686
43381
78627
52994
69876
82889
69198
42646
341
29383
62902
10595
19904
19929
47191
34601
88775
17874
62075
52502
52062
18424
76530
93358
27515
83913
22592
7549
82072
87453
69194
78315
8179
85769
89626
72330
80070
54626
59457
11382
37251
56260
89002
64004
90344
54993
11397
58071
32200
90975
75005
9843
7180
9295
53281
47757
29659
49378
59418
8024
35434
37797
92375
36741
16025
35005
99367
24547
55758
8055
31258
6738
28346
71601
60509
14172
54830
99264
56762
86052
54959
51507
64113
85420
8532
28840
75813
47545
34477
36151
4356
9817
94962
47474
41443
26659
4680
3457
34966
54055
43870
64786
38447
1154
77175
77173
62136
12398
61725
59563
12962
35765
61266
96930
98904
14429
8416
20703
99861
51535
80317
44533
67627
37124
24743
66494
56187
8327
45182
15640
78841
5791
22912
68818
60923
8804
52719
23488
22213
81725
55335
64678
76876
54009
12508
38030
88206
73527
30367
59826
99567
96913
76333
87271
6433
80049
6752
29435
90829
47227
90637
49050
98853
63543
87646
60368
3825
40147
14889
5642
85183
1605
35855
78090
80372
70894
5065
92841
9286
81671
6815
29296
70134
46087
92631
33283
73024
53140
24798
41157
22360
54788
25817
61448
21175
15263
36135
85441
9534
47736
12900
28806
52359
72019
76997
98843
59935
76150
85489
12278
47199
63325
91954
14796
11303
293
31505
48305
50129
17404
60194
61879
4144
29178
52065
96035
12197
44720
97647
89079
68617
71130
59903
87798
14716
12575
88689
30590
34015
58645
78345
25385
42964
57023
99487
36234
30637
36218
59246
98589
27964
79956
33444
47141
89949
17012
83875
99301
8330
22945
74173
83601
72072
48959
17338
98413
23130
5125
5008
5499
21519
58920
55170
8224
99522
49379
21343
53650
45387
2561
14660
79193
33477
80225
74821
92353
98966
16816
96886
44694
45184
79523
24187
75350
95136
11506
53815
894
7811
95923
98545
60737
21024
85227
50601
27593
17244
79056
44961
70749
22449
19455
14291
84426
81726
2718
187
75008
9848
73648
31972
17656
28569
65594
7997
11837
29982
33473
48529
37976
75402
92929
98112
57172
80871
77411
69623
32447
26886
66254
47074
86502
78763
14488
60935
59706
16013
45763
99330
36590
88182
21836
24477
40305
384
17807
6571
41759
26781
15731
76284
76791
95788
30989
69835
56879
70838
72393
5706
93019
31324
84632
71341
24024
63698
71275
95288
41271
53669
30099
10631
74673
24505
52230
76222
51821
58550
19816
42393
98695
88892
59807
16580
72789
64152
89141
25088
56511
51553
67591
82228
31103
60708
87429
76860
94665
64997
2680
9342
11731
40614
85760
45153
13505
46130
27309
4970
72950
73680
39492
19002
50851
77563
9322
68684
23608
5025
24723
91055
89924
50141
52144
32875
84433
93316
72372
82772
68622
69295
70217
78082
76837
31333
57815
69833
48171
44012
15176
71817
35354
45012
90255
35933
70899
94091
74764
36056
47138
52121
80506
89778
38733
89680
31592
33127
77740
37228
27822
79207
92026
91160
6773
74692
41946
72404
85727
78979
12020
74402
48924
47188
2465
70837
79548
89172
29782
20690
84366
30365
80047
10499
30767
11691
30743
77696
79527
13073
181
89715
41512
2602
25935
65128
44465
12337
6015
62522
27488
93681
89106
62986
23331
12786
23341
88650
68520
74797
97965
65532
22893
89380
8230
21350
33789
52013
62080
2200
83500
37174
54677
36247
13657
56156
83609
97920
7363
10914
65161
7179
63858
24435
24653
10569
40489
97168
93795
22650
4307
43660
74284
98362
50299
16520
5583
84873
16656
97569
54467
46410
22776
22328
94411
63737
3779
4089
50754
61025
82281
23662
68175
41747
83142
65323
97728
24036
24930
42463
33425
47518
51849
14772
53416
49883
22319
95804
89528
6250
54088
34101
92898
63950
92078
63310
53259
74379
42500
69624
53747
29101
97613
78482
43802
53632
5928
65194
82582
19966
23532
61890
3471
13834
26278
34282
32177
88537
64643
6667
59592
79723
56734
61860
43597
2000
97250
28114
59692
43227
33797
65013
3631
77457
55361
94145
29620
65602
33692
12690
74299
28009
33001
38103
35634
94977
89078
6931
88222
36364
65489
1480
33284
55846
64843
48724
51907
37475
45588
57161
12280
89238
96188
24717
95710
96125
39456
70617
6059
98666
94865
60271
53981
76069
14238
82701
31250
70827
8485
85823
34859
73087
75430
23320
56904
98281
25366
9423
12785
20534
55872
96914
97304
73650
21432
98549
33754
12704
51820
44835
55951
97160
50623
29891
3201
65857
66537
31599
75797
35532
16878
93178
56133
66054
36435
20475
98307
75413
6887
62742
5450
5353
29082
95630
13785
25049
83230
31233
43542
28866
84330
68067
91319
94941
63430
66402
19372
70125
51866
27851
70175
38097
17923
46051
99157
61255
48723
5066
80397
19281
33464
26355
25900
27517
76087
57829
47818
82018
76809
15298
76027
23052
3170
43181
60443
14247
45525
64788
79345
46711
8171
82063
95846
59503
7837
29616
76910
22123
69054
57577
41425
45375
70268
27655
62624
66346
37925
75626
1866
69775
20981
81204
12006
3142
86616
90385
50435
12217
29425
9090
71023
12723
29799
74195
53491
24564
7424
68791
62801
69132
40318
80928
74965
9736
89975
40252
71068
63990
10900
88438
78426
2446
87783
61767
64854
8624
29180
97222
63798
93315
15779
8479
70493
79179
79571
64592
19341
56676
12206
62119
75886
93248
78543
21487
26072
46878
78021
51600
70286
54774
22661
40229
61720
22176
37741
11187
49526
25098
16145
38620
61657
23556
35348
98133
28482
380
8892
70154
54734
15084
43822
14733
95810
82367
34508
76723
15590
98326
55450
20578
98463
19375
17539
95703
79650
20142
41001
19065
94975
5733
6265
75843
22939
46819
22773
32561
60006
17257
4838
26516
61116
63314
66384
54806
53085
84618
32096
94081
48339
35895
79440
11347
91984
33860
359
81447
42779
82514
15396
79164
54140
59693
92137
5835
84210
66582
56358
43596
94017
89193
34890
49688
16485
78820
61629
77223
36855
6392
45963
940
88059
67607
28477
55528
45801
95493
59536
48536
73040
85646
46564
1310
30878
71400
15734
40804
33920
98889
70839
82268
81458
76061
27395
25140
72520
448
43442
7245
42563
99096
84101
55
90268
11533
12516
97227
54505
48621
80804
76177
12313
7150
57166
82798
63168
3767
62858
28527
67593
34855
96985
56309
82142
22721
20700
40070
58319
11199
5311
93201
41803
47583
44648
9190
13501
25000
87745
24480
31862
49752
89504
2399
39351
8942
44598
8610
32830
72384
77375
87659
10212
80218
31540
81957
26962
96198
35349
95107
73717
55142
18364
14025
88934
77572
18961
58512
13578
97458
26753
67983
9352
75746
68630
41056
40279
85539
233
49458
10435
97745
55480
11759
63875
7018
41327
13303
30316
47821
69460
35680
63605
14958
41283
63440
98866
95870
61246
79910
87157
28615
36882
34775
70458
26000
34844
55547
18085
36149
7193
29905
99221
30515
6326
86507
97549
27106
10894
22717
64463
26315
53745
92590
70372
61961
19722
95009
58574
19492
57038
94968
39170
62907
63005
92879
87174
75595
59330
32703
32829
31933
67368
20863
18835
57144
39887
37295
61166
48206
35313
58255
45617
56537
78056
44606
61835
28246
99730
73901
7899
27904
4479
31722
22399
53319
81131
46625
56914
47709
58646
80231
81886
77383
11712
31355
73861
63665
78501
46617
41850
74376
64377
74062
27494
68772
19496
97262
9970
23074
29840
73585
43691
47253
99650
76623
64775
8276
29196
417
83009
87952
5945
26502
16874
22842
21906
89424
85829
64415
49737
44131
80428
32067
23940
80255
81554
98631
17921
38365
74472
90166
15553
5887
15581
75894
69206
92576
72911
78698
75711
48831
36281
16556
79408
17331
39457
76688
32459
44002
7853
67728
20832
73091
8208
52553
47364
38359
6775
69212
10551
415
20652
45120
29474
72885
28434
77430
87357
28000
15380
54165
4866
80342
98251
96895
58066
23907
6487
66870
78392
64110
66641
11380
28215
48325
76927
31433
75873
13525
34058
4983
39443
12059
24871
73964
17253
56140
6675
36469
39169
30059
92336
93718
77954
83974
73459
84327
98502
10967
52249
83384
48749
26414
37671
4010
16829
59225
92264
22802
47166
60730
39394
99506
35289
65107
6022
79720
72043
19479
20302
37443
23393
61219
34665
92867
21515
45503
59141
84510
38340
28342
50419
15082
8859
90586
67325
69256
49584
55462
27575
64897
5997
98039
93001
98964
6736
2677
4083
86808
1656
20246
88829
68529
97421
17734
46427
71323
35032
94521
2311
40555
56208
69431
95366
10560
62051
86744
55302
53483
97502
32627
9759
54168
65922
60215
30135
73948
35656
49961
54212
30906
38079
99570
27691
92180
55267
54054
4914
17888
92156
10374
99201
97836
79513
57841
71042
77476
99848
73033
8721
24629
67014
73380
34458
26832
53400
68108
51456
29656
1980
90460
44121
19944
69858
56240
24466
89423
80808
79644
41429
35374
702
92837
57826
13724
71132
1040
97196
62439
63392
48433
41078
34556
71718
44731
16975
33682
90645
39538
55379
83599
37462
36458
34691
93865
94906
59981
65242
31101
49591
43812
93042
44404
96477
83788
91140
5173
28081
26006
88163
29715
29916
10778
99519
96408
21431
23016
70362
39885
5674
53094
6399
66448
23131
22926
66021
99075
24962
33165
59860
83799
85735
15985
91581
30903
43150
340
76468
6350
69145
54451
20021
83198
86251
13139
40149
666
8170
54739
109
91410
49585
46401
93091
45595
51737
3764
73996
13132
35092
52034
60493
46380
65244
82722
49998
1434
72197
39774
14884
35336
10791
60581
42738
84595
23697
29005
15065
83021
31199
86979
14619
17606
40233
49891
28030
29597
87304
70334
73912
49288
88631
73635
26687
37540
74614
36976
22346
95709
54256
72355
80073
53482
37325
68659
95680
45232
43878
94595
37901
61401
5538
74164
39
71558
85200
69658
53079
25791
64207
8142
19661
71243
18889
76253
63539
10556
24359
79344
29051
34193
66646
83548
35146
14556
55135
79094
55264
46115
63493
9584
83730
35706
24464
28654
86142
26197
81842
54099
59515
40177
12331
41484
62993
93243
60836
68293
52574
69939
71549
2299
95880
42472
8772
99647
10482
5238
46707
9126
15278
89905
12632
65502
94410
30506
92834
85525
36227
7557
5770
64318
4110
58283
18751
57939
71340
93757
35391
26231
79054
58161
96281
81239
80117
94054
22534
90329
16108
88809
55548
64964
75094
81811
97851
14952
89682
11242
23064
37618
88486
15485
35703
18684
48049
65343
26665
22548
98862
21890
28984
11693
90495
59812
48228
40661
33901
95852
88384
28499
56636
62812
42244
55056
99142
45559
38961
77418
2094
55196
78539
25238
25417
87792
83784
5883
66848
40953
64292
68703
56987
94026
60646
629
21953
37374
39568
35516
82453
71166
97774
77854
3532
90397
61510
34188
13373
64114
71053
99312
37799
16196
51701
77498
58551
63127
21452
58420
96275
20188
25527
95670
57997
5131
42018
79907
80349
60851
75277
98348
14390
71684
10827
70851
82727
34721
63405
88521
86817
60992
61801
37843
84606
77711
89340
24177
25587
97155
71498
63343
95301
8415
57970
84041
83127
45760
77194
77796
40370
2264
73168
31503
97205
81297
92778
23872
25143
86933
79186
93764
40127
47086
76573
97775
75905
16855
46600
52512
13859
67064
11302
41278
88619
16979
56552
37391
30530
99526
7855
23076
78417
64055
51578
1680
70865
46076
40643
29896
18793
57967
4296
89167
77831
36847
95224
81063
47318
5833
57381
85466
6076
87066
95638
31016
45166
23622
88593
78273
74152
80093
70256
56475
62717
61183
23439
90017
40206
20149
43929
89144
36235
96978
90918
11937
60079
52423
4977
90042
30957
56273
17204
19936
18596
51709
615
5381
67376
89722
62438
22461
25560
18452
85394
11257
12914
15038
59882
59760
99740
69909
54668
21531
41399
78230
59805
39742
63452
84454
55763
30946
88036
30773
44793
32914
97426
41845
26110
47389
78337
84535
44448
22908
6427
51676
52252
81273
22443
47969
88479
75864
84065
15753
31511
35685
50247
97457
89912
31373
67906
48564
35406
31118
59085
19416
82277
59117
9381
53788
57978
20400
73900
66098
84628
94913
15115
57082
97065
14490
48115
92259
36082
77420
19543
50042
30226
2586
10775
11530
69976
89754
46481
66627
78622
40636
57648
87053
16617
23674
50345
98598
9237
75491
30071
64559
65929
62730
17396
90923
50555
49762
67488
94257
10189
76120
25103
88894
91184
5262
53845
23975
10642
361
90501
89232
65080
12208
30623
45062
26481
26179
35681
16380
45868
33673
80392
71514
74617
15608
73155
27897
68898
34627
25223
40129
69178
40534
24989
4032
38451
21865
44257
31812
1869
38139
96861
21968
42375
77331
64208
45409
81513
58695
61991
56192
17240
42989
26411
7059
81408
62949
53577
15028
15007
72354
6920
70477
29040
86880
15752
68409
23118
61591
86326
86460
35443
96563
30319
17327
40711
69218
84868
41284
93934
72175
4375
81509
63398
75721
60224
79281
26227
34179
60924
63840
13979
49663
4724
3104
11055
52010
49872
83262
74588
77428
51636
14239
52575
66419
22875
25842
16985
4329
91014
45856
93810
22722
48392
13653
75500
19197
61392
6094
37544
4510
2325
14683
87957
44884
64936
1252
54419
72497
32171
20094
67230
69008
63808
19933
49117
95548
81648
26917
81144
30216
83012
41244
75516
45547
56841
24753
7535
97339
50318
36532
31825
37616
4803
88012
65940
88459
98158
45080
82550
93047
15542
66649
7623
67417
13084
37116
31294
43582
81566
85787
16901
9014
98450
47249
98123
68358
15893
81503
45631
96966
18766
63291
84781
92720
18746
65696
94852
47813
40646
67476
31047
95650
78513
18677
61147
38589
3095
55562
5285
52848
45073
27457
48549
50763
55257
77040
54173
55830
69085
98703
68717
2243
94439
85485
7584
86872
13752
27922
3568
25510
49232
59170
38452
83303
32448
12790
93297
19028
69523
3769
6544
45100
46296
8021
67836
12496
39912
41922
90102
94356
79739
24841
39062
91671
86787
67828
40557
23187
23960
11551
88240
50336
78823
63433
36094
68357
4770
74321
90710
18726
71272
60282
51299
81463
83795
19598
54645
7479
25352
66084
60065
43735
79040
56315
15963
98952
81250
67098
19012
59156
82869
96257
97870
78320
70726
8548
66301
47587
17564
45179
42282
58829
50728
34103
24424
23353
2215
18135
61912
47155
98145
89952
5893
3978
25436
74142
76068
82380
85981
54885
7710
3490
50016
34580
90051
79332
32637
94606
65040
78802
79065
52836
64584
95008
44253
54360
66921
55463
87651
17672
39523
96273
70288
20626
93800
94526
86725
39243
20693
72469
16766
33390
89548
84488
40084
77315
45579
73417
82112
96277
42449
66236
69051
95818
66775
9925
95030
30742
10830
36123
48907
99028
19422
16717
35632
72750
37179
61419
92242
72146
97938
53293
47500
5334
88990
76463
51333
7471
24744
53453
32694
9861
75652
26652
49138
30718
16865
3901
29405
43478
56694
78674
10096
17038
94582
75436
13179
56473
33004
32799
42778
58944
58016
66024
60142
78196
53134
62874
88500
59393
62232
38407
36835
61483
32414
36192
39587
78578
70871
87507
34572
27350
75930
63048
90823
6416
27737
53191
52761
76346
62705
11293
99911
6328
78258
79804
47
4903
36138
76117
40671
11614
39864
2795
10074
71100
44633
82256
88596
78452
59636
63905
58777
84619
45196
72873
24248
6074
88308
44636
84451
15594
64047
49283
90531
9178
93908
87825
30963
40399
6079
27925
30578
23084
47965
68853
41058
42896
37151
43144
33027
44692
76775
42268
69519
71430
16425
48740
25057
58069
21571
83075
27059
64330
2982
13841
32047
44992
19807
83725
53351
3272
90639
93498
37585
6255
30885
21785
19580
55432
17496
66908
55631
99374
7867
53734
47729
22105
37260
78478
17609
72848
16883
16601
5250
80515
78461
96778
14171
34751
64467
86094
12678
24897
91056
29448
80223
71548
42485
29366
84865
82022
53037
88732
35902
99979
4814
52774
44072
31034
22318
18917
2099
50343
19534
47601
76897
84357
28159
74867
71107
2098
88216
48394
94797
21978
87413
81760
96592
93584
79819
36156
1230
81658
90965
13067
98746
176
31049
55844
1793
50373
11448
82327
76577
60699
22448
708
41663
64998
24422
65435
86155
5449
48747
68227
53391
62017
59217
13575
3287
14447
75261
96667
55882
5053
41516
42234
23623
80845
34163
37995
98352
45885
71877
51539
17126
45216
42060
73574
43544
18959
1553
35142
2051
24692
16618
16318
43806
68690
21912
88568
30470
47923
15249
31917
25154
18869
7034
96940
49475
98977
50353
9059
967
73905
98083
34485
18430
28604
4957
90610
73992
26095
51525
66457
11180
31332
25625
81797
67783
31688
3915
28636
27874
8798
53854
20512
8741
37189
5290
28441
5831
7731
42115
58557
726
60719
64582
13374
9653
31127
43642
4368
79937
73171
76384
10536
16180
78710
35821
45356
92055
40386
72070
37723
10401
7462
16812
70973
54628
78232
96174
77735
39282
61645
32819
18955
33287
95480
6237
35279
34178
85163
9364
50292
20133
3016
928
59272
6651
50551
93463
27145
86065
80152
2289
69127
17117
59939
47563
20168
16105
70616
69412
68977
64051
99234
8751
760
99898
60295
2656
47632
90200
10684
41860
74354
44566
84806
70417
19964
11132
31808
1306
16692
91398
97695
25384
62732
31383
87848
59662
51957
54162
92535
92846
40189
1335
54673
96206
26843
96618
98121
50186
74726
24021
29652
18321
75763
52884
41722
40741
82259
64485
86909
96250
94658
41572
92904
65653
13017
99976
12947
54821
16315
36988
43024
84501
18876
30394
62352
11882
3541
23624
16813
23903
6409
49291
8681
74921
82771
65477
59192
7360
86445
56590
41641
62819
12001
91477
63275
74286
48184
38276
11376
82415
37684
41616
50606
35599
71063
12621
39137
6617
21608
10546
25808
87037
3291
11316
29062
23022
16487
80112
20572
56435
33348
47826
56497
48868
29441
45248
15322
9088
23054
56173
79004
10455
27445
62391
45923
68886
5392
91355
95906
8868
62653
40170
53013
13931
26845
21791
65167
43009
3246
55652
23102
60029
701
55309
188
24355
70620
18945
98802
44781
71075
52801
90149
19514
84702
94305
8669
6057
41561
5922
77683
1039
59408
86290
80783
23561
53213
5564
21049
34363
24417
40083
6648
9566
83462
13832
83453
81600
97138
98316
52838
9564
78010
54780
27764
69249
41847
62816
84998
87412
87748
16029
23317
37262
60390
88451
17852
49775
54219
13807
89192
4013
15421
11966
33123
75033
62486
46398
36563
71371
37510
42195
17390
35449
42810
43746
46362
63384
84011
48065
25178
13265
608
13900
9559
17999
82840
76906
52677
70368
75295
87065
86586
48256
82055
47444
13973
33539
586
1248
74628
2745
74038
30870
63890
74887
45251
38082
53165
21110
96471
31647
28757
4409
35421
35889
77176
26930
87889
73796
61071
93227
38600
98759
12895
90699
8305
18070
23472
26579
34984
86860
20020
24000
62555
24372
6728
31062
98370
14307
45823
86498
3583
18023
11527
91920
62298
69309
87097
67673
69020
75122
70145
58421
90949
17834
24437
93022
84658
51014
77295
30326
91712
1901
81742
61616
23716
6908
16133
47454
56633
89122
17666
64233
56115
61077
70510
85937
96740
66837
24454
30954
92081
6564
17903
60672
19463
50289
28728
23041
40884
74985
84725
66424
75283
61137
86803
7775
14520
19487
54684
9019
76668
25969
29336
96437
82520
40244
56558
5180
53521
45762
3777
72238
97330
24116
42741
19511
97079
41281
85596
76630
8633
78160
13466
38289
24048
86446
82912
21348
99873
19430
92626
84172
66659
85267
40996
33102
86738
52262
64424
64671
87054
67702
54507
91502
98949
1841
51639
54392
90260
46311
54247
9930
89430
74238
1790
62940
85676
75841
11591
22153
99899
49409
64203
9045
56602
17560
50932
77366
81827
62998
8238
91284
69666
89691
51470
30000
38085
35610
71082
34839
62622
33659
30358
47980
53099
80652
61344
11276
56627
85037
40747
71490
44612
27611
88432
31254
79821
69938
92839
30003
40467
59819
95164
58908
66193
90901
96064
11449
5249
19609
40615
88173
36236
11042
15321
56984
15409
62885
91601
69549
1018
86220
67785
77840
70085
32377
87663
6049
25735
73788
54348
73910
13318
51316
55629
37861
83177
93405
25880
97787
91467
1894
67788
16422
26421
86966
28997
61686
97409
31945
13730
45237
67127
20551
5651
14058
62161
23251
21929
98623
86437
58626
57614
47237
13618
51030
4003
1923
26584
24967
92758
23631
29847
61434
66607
3622
86728
98380
87869
65406
70230
54350
67573
6140
52841
28975
87945
20840
58913
41721
58687
20028
89870
62673
68488
88376
68191
55487
38872
34303
92538
29471
41352
97005
22214
31414
28859
71255
60221
19101
5438
65090
41781
70459
96689
72954
82883
82288
96552
67129
62836
78356
78197
50041
11903
61343
84681
11503
92873
10886
44013
7035
11409
98927
4229
45977
72131
93607
85867
2409
19759
65775
78379
7131
28778
21800
27602
91460
15918
76788
96392
33097
5006
36423
27542
31011
14056
49039
92752
50009
10148
69476
93334
76557
7624
26734
52758
43368
22420
95050
99584
22547
45625
93850
28308
30420
38943
4749
70829
56986
52468
15431
70
12299
2830
3869
24182
71882
87634
97414
10026
63134
47343
50734
81384
42477
14657
91024
94696
44808
7234
1640
14801
23358
74059
15188
15097
74605
69544
63573
42589
54903
13650
93003
42031
62351
38837
4813
1477
15325
53156
91253
70129
81100
39712
37776
8174
46455
93205
40885
79225
50370
51337
62727
76317
14344
46453
75066
84066
29287
89571
62857
90899
61409
10731
23213
25660
40438
56851
51247
75262
28279
32247
92092
74642
27605
79803
17871
81017
82339
98840
28627
96731
58549
84863
24286
54315
40211
85891
28447
6977
84565
72316
4470
84871
77273
95279
51386
59533
25837
26578
61964
29046
89381
33334
84919
16619
20124
72971
71211
771
29513
32241
59401
22952
92783
80616
55672
38794
65985
86961
88354
57608
96617
13907
68242
25784
99425
71693
31405
45188
60437
9867
83371
74023
32889
86144
62370
97498
63258
31274
95819
4281
34986
76131
74107
46806
41050
6051
18557
42355
19234
45500
65516
34725
43489
85650
54875
95334
94790
15539
36002
16995
5379
1796
97036
23223
50422
10774
82003
26847
75394
5014
24094
81678
26867
60031
8597
821
99638
14020
5763
63511
16494
77184
50277
30147
40924
11706
4736
19606
2265
55183
39013
79945
5216
83101
30484
58692
84230
81703
15269
9254
29490
59504
75857
50983
22728
43302
80461
21020
66684
53219
26834
41093
51903
25221
7951
67989
36890
77961
76240
29517
5050
32064
93872
21460
36592
16925
35762
97536
52982
17525
42432
88715
50311
73218
92056
19983
54646
9825
78080
71592
77726
92985
21762
88736
83138
95169
93965
98994
42842
93572
53009
51103
18218
60452
55098
9991
64287
29521
78606
56561
20014
4029
73878
37384
2469
93847
87160
14398
65741
28848
23169
85990
51051
11244
90664
93143
45938
98791
29884
5292
12586
68515
78068
55828
72653
22252
41010
70020
88197
10995
97824
76720
63401
41456
70400
71535
55427
53960
64698
74487
41811
88984
51789
73249
14781
9852
27192
2274
15658
6121
53503
99408
89614
50670
94737
99886
38357
44866
83701
7058
1671
51310
91957
78111
43958
68231
70361
86428
2315
23181
65335
34118
17357
28799
10368
29809
20539
87928
44584
13901
28595
55606
22748
39580
84180
93063
3064
36597
67595
77076
27268
60753
24934
43586
16142
82145
74523
74211
81761
88591
16905
25753
73904
70601
81381
53566
73500
47809
22249
36533
19645
13911
87667
38011
96295
40052
47440
27287
66890
22285
44155
6567
20101
50894
31824
29879
39962
87206
80839
37928
73017
45639
73896
2609
64899
64548
87954
9081
23901
26277
24001
35198
87085
49506
37581
24190
54643
56439
36360
12219
47720
97185
5288
53396
67257
92603
24591
19857
41366
47175
79150
5327
33923
9143
97214
74526
14365
67520
33295
45267
27325
9922
22280
83268
16260
25229
15285
54011
33228
93713
71967
4998
83359
61786
72342
40644
92100
72370
49996
44210
51405
25738
31150
64226
15133
55006
81771
15008
10539
56854
16341
47048
94009
210
97482
89867
41434
77422
80018
76193
67952
67948
60332
70931
34935
61203
43966
79398
22913
6068
59425
84025
90831
26990
1839
82994
56650
39997
20086
55325
52330
9883
10188
47245
3281
67523
89182
27585
95309
54211
69659
25577
9495
31114
67201
96655
6726
99010
23406
95799
17355
46361
99803
82911
42518
42305
55188
42446
17762
70642
98911
19657
11616
36925
58306
49242
3730
11264
92539
23609
72167
45583
54316
42525
40043
49223
81679
86940
48438
81663
583
44785
52074
46662
28448
2714
2789
35797
648
24706
3356
13707
54313
98448
63760
55507
70798
89353
90457
75182
88033
35574
33548
10875
5027
26489
34922
69708
66246
44074
44759
9070
32649
80699
40290
62566
44245
82386
46602
76313
95321
12265
97268
95077
40604
18806
18778
25353
28935
71663
91639
84860
71424
33674
48653
38759
38459
15290
76045
2147
84571
93709
37793
74380
26099
79893
54242
58406
41033
77203
90750
24894
66718
53363
37373
21323
51563
34096
4563
29979
42422
40492
65422
45273
59978
64436
23922
75213
13808
97725
14832
98835
52657
74775
74624
1251
75179
91543
12764
96878
83838
5076
34230
19122
22370
16577
87490
20649
15614
46638
2886
68542
37518
21508
26802
94400
53130
62556
72509
81038
3333
91470
58959
52264
13394
64102
60404
11989
75866
22960
63525
86556
49387
80642
23965
24903
50867
92432
76132
31439
75603
18002
38915
18105
95220
68873
39855
67161
11604
272
71004
91693
2024
81741
87198
94259
5228
45780
59372
4056
58485
22830
162
18128
42876
64654
9172
70639
47982
44773
29369
78750
96483
37005
50102
7572
12598
87933
97096
36165
49114
11917
27454
89015
52102
1239
51626
25508
39490
82449
13640
61771
70771
90765
98329
70589
9860
71093
32801
80716
65337
3713
98035
77439
9205
19286
23578
38967
31272
87887
27893
54207
68264
18295
6947
66865
36794
53826
82861
94612
21920
5340
57187
33679
2013
53173
3519
64447
12696
74383
31284
18487
6367
91968
13923
61986
93933
11159
14994
94919
57036
27871
59986
11611
86307
25381
25748
84111
32674
29445
85397
34971
44585
31183
14278
89755
7206
93036
35666
10162
46301
60576
86672
84569
27124
78108
35274
67998
56422
33076
13051
46567
18883
24812
63598
11570
8596
86164
82437
20516
29164
55539
17158
92591
27480
56106
58097
73353
73219
6955
91163
96627
83936
24077
32763
20131
67706
66474
74096
87105
37837
31223
68500
85078
16939
31146
26696
57522
37421
92738
76006
63329
88276
93312
68271
86173
1316
45942
55111
11299
88056
75727
8001
21345
72947
26748
60230
24585
64478
61155
69958
94028
8308
77312
43973
30016
20586
59024
26253
8086
23351
85522
3868
69248
28050
75269
58167
36190
35914
68379
26644
25744
93552
27176
19076
12561
58129
42123
31139
75132
43187
60263
26668
33363
42114
58034
25990
13596
54900
3088
14405
68058
36919
20924
33013
50159
36153
12870
68323
44070
35286
290
36901
14141
14580
42838
72984
66669
44567
148
97223
69732
51428
29357
7136
11639
45031
48647
44163
5433
76111
93087
90690
58974
72313
36189
31340
64069
39177
69975
62177
63941
42808
26870
12948
77082
29483
62343
86768
67806
66163
77548
36125
41934
20288
43742
71574
62256
35190
81461
53746
92461
82110
71479
90635
52360
2559
73758
13918
54150
78308
88513
24320
62019
94820
28249
31943
38871
34785
84236
95598
67904
2624
16199
55675
57632
56449
47680
94703
89296
48558
84410
99104
97136
68751
85028
79987
13908
73434
22389
32273
43549
77719
66345
6086
62532
50995
90088
19861
21629
46754
74857
99623
66395
37049
4913
90983
32541
78540
31066
41253
13638
50835
41124
40458
8337
413
29373
53418
79048
36952
17121
17047
37613
65117
34945
62491
69598
76471
36451
24462
36354
1189
83010
50414
86708
25258
38377
69520
69163
96863
57349
35458
62694
97401
86840
39769
58339
97384
14128
30227
23759
33939
91070
65799
91936
23014
81472
19663
15831
19072
54309
87397
5408
80686
7187
9770
38067
20816
19432
90318
43645
17437
60681
98722
70758
47277
40089
53112
74686
21025
63494
64122
21001
28694
2432
42166
21709
67565
88807
21931
82033
16708
61504
18144
463
13708
19435
28403
75374
94242
14187
41801
69701
64591
49612
64091
21887
55301
99357
61614
75985
43201
23667
15954
23823
86989
66183
87560
35102
38412
37873
74703
74140
87639
18880
20306
68879
67172
34579
32257
9403
48278
96418
54045
59589
83082
72930
55300
1281
37911
29118
53129
47747
23665
54716
66789
2093
40943
22192
44860
65676
78829
55810
28724
13157
19179
39810
48145
66360
64014
78210
69235
59868
35347
68654
88530
14215
63552
47968
11900
69792
84536
29665
335
25409
90002
35370
51234
31419
37623
68158
30839
35231
9590
58338
78909
35036
75450
654
26490
5587
45969
91399
55740
81088
32835
52466
39173
97897
45751
29003
45715
43658
2879
44763
74256
35945
34124
29688
75849
81532
83648
35195
62200
65369
21445
9955
14872
47442
61446
14715
24768
66367
5049
80694
70999
90604
91405
87937
88622
58625
43338
66293
72825
68817
76233
72744
97048
16024
97400
26633
68484
59921
67314
85633
45636
89995
86400
73637
90276
95963
12769
2386
78991
6522
51609
44285
62365
87901
21026
16670
76998
48195
74067
48843
66951
30128
70158
43559
19732
22944
9508
46908
79684
5192
4177
43412
20206
35284
50090
18095
16220
67613
70053
42333
81899
93687
28816
874
26558
74386
5875
41932
39400
73006
91531
22951
93594
45847
89634
65446
82043
56027
19084
68008
13344
9808
60051
58780
8316
60463
38214
36497
91164
78444
80576
8969
60416
96543
65859
22186
66035
77608
75846
45619
76579
54379
68992
26582
65312
73564
82553
78758
29480
42368
28790
63906
96451
22927
16967
43041
59130
5016
29547
40004
89419
22432
4450
74869
88490
30282
31590
10151
37731
7192
15523
90092
91237
9905
75557
70376
6524
4991
97496
29306
28083
58792
18176
48029
40656
28587
61398
94594
46881
77414
34145
62302
92310
60128
68955
63866
25789
25635
5161
99080
27302
19332
87992
50532
42388
8732
48244
65786
91779
36611
7014
17702
14235
9849
2504
38675
41578
77248
9742
42325
76442
91518
97288
29758
16297
8272
98944
29120
52912
95401
64351
55837
43828
49417
85930
17753
72346
43367
90140
81975
91130
66766
34111
33552
46798
38586
65632
76492
90815
18384
84529
42105
83014
78760
1022
57769
47550
45717
88767
59288
60056
71810
70627
86850
71402
45793
45310
6911
58061
43778
28414
39636
5834
32376
28764
49668
8347
10371
79426
5988
21036
8465
11690
70660
65302
49571
64140
2783
92434
91836
44594
38661
49440
97422
58177
14860
87875
87142
36818
94914
69950
67680
48311
39296
4228
77466
45661
15845
97381
34916
95619
90209
88249
45874
29200
30554
45039
15543
81844
3001
50440
76875
997
53916
68892
30631
5864
93775
32139
2003
37662
807
34783
85812
45262
43952
52483
56436
83994
94667
98422
51526
81298
1199
16130
14999
24121
70244
96993
11658
87974
87102
12203
37464
24413
71469
308
90189
30980
56285
17585
4652
79805
76367
34482
65827
1959
54731
20979
68553
96876
18510
98553
62459
33628
89743
90810
21204
80382
56910
55519
19646
78999
59320
21655
19333
38018
23951
24068
71539
41737
15826
21082
64864
69964
55742
36554
83405
25093
65234
95521
22161
22644
28939
65039
58223
41928
30866
39713
10554
53642
5999
42058
24243
63047
24020
81090
87939
39676
8444
58555
53211
1069
92734
38279
72335
44442
91551
88174
85508
82252
27862
46885
73144
10897
87342
48473
78400
63220
50872
52837
3808
48503
87958
92645
92986
76729
48371
31615
77094
51006
52008
58505
85269
35517
18132
18475
23334
48062
38693
51736
63582
19438
19757
40824
38665
81584
69566
55752
70506
48904
5368
30711
3318
23911
96112
55905
41596
26811
13948
62018
98470
20709
5256
55998
73557
94443
95918
42949
62251
88285
7964
8625
50662
54076
63629
94561
21996
65254
15177
45835
75643
55994
48161
60310
23000
92504
32082
10637
85579
22296
46175
68321
29378
69620
77820
35107
52334
48372
68029
7215
30527
45753
28988
73167
54194
25175
46955
27716
32238
96890
2812
70762
27485
4254
51011
97790
61523
27470
39304
4640
56108
32000
7485
80147
165
40987
10682
85005
16041
86305
69563
36271
85541
94835
79235
4354
39473
74405
18983
92163
11841
69587
97424
79655
39017
75501
29372
64545
84408
39974
72110
19643
42844
29770
48470
61217
43404
62148
67915
22023
14125
22812
75172
36548
91016
46261
82939
33880
2638
81563
56248
24374
53575
28314
61798
24088
19596
80004
26297
28385
12269
46241
95440
89734
11185
4714
75069
68644
36903
24539
39658
55042
24312
57318
92084
91018
2584
38469
50218
86949
98452
94173
92675
47574
51464
24553
95099
51870
87986
84620
68982
92602
42785
18813
61946
89915
29671
3718
17877
35010
91396
6688
5447
61937
6676
93389
78011
99037
20612
62101
27318
20640
29434
27709
92020
46918
52945
8468
2676
29732
916
26801
67163
5073
22892
16475
11077
8151
68247
82102
37572
92896
32630
87245
84834
84371
32129
5380
32336
81122
51227
36979
47549
45017
5129
59817
25981
94925
6699
9603
18022
93942
29689
71485
81694
58675
39448
94399
43566
7410
58469
37927
3156
55651
21030
45051
36335
53782
90453
10520
72628
16798
43015
59925
2866
10691
84586
72032
35312
11524
38191
77427
4922
10832
44214
63339
80701
2980
67764
28940
82048
64105
83876
23247
53239
41091
69692
3231
71560
52395
14050
22113
8834
43435
51632
34265
3129
39977
48870
2464
10333
5717
2268
72982
29932
97230
44474
68084
78923
72215
25449
24228
8242
81007
35074
80637
99451
98763
7039
31302
96092
43685
75534
48576
16213
21843
8264
98184
80468
43690
22965
72924
39682
75043
40144
65769
33025
73879
4928
75104
35733
45311
90076
90067
87420
62992
94641
89884
76325
78571
13476
13933
47538
62925
67106
2115
59946
49336
72132
15113
35766
99617
28149
91609
38054
9309
51229
14259
2782
86777
98244
65099
26303
84424
55280
83997
35663
38126
57010
59145
7600
64856
41749
9419
72196
97473
15026
96967
64892
89818
43506
19550
25396
27384
88837
45504
20234
64328
41502
19683
63018
38006
97868
13874
79978
14419
51248
2589
39752
17928
95374
91215
3387
94515
50562
47082
35972
87279
34872
74586
18892
66217
2832
4637
55502
94875
86388
66207
86126
88880
69656
45379
36170
10275
29673
36800
3284
61358
12865
62676
29746
56792
65425
83249
55157
79041
80126
51008
90644
51158
73315
91590
63762
35253
78867
18600
98480
33998
32116
63547
6491
9287
20333
31535
33147
99724
81515
33430
36021
37053
88757
14562
92955
76304
19128
13904
20154
70079
45217
646
71413
77104
80533
80620
74879
8210
29631
80309
90506
54226
96666
19813
37411
29563
6747
83168
93946
97734
27949
70808
43879
56481
57389
75079
28379
57932
33713
21969
96234
3014
70104
3960
88915
53659
54704
61006
81588
34569
79313
67178
70160
9726
30693
97016
78671
27548
44477
94876
56977
59548
74989
93410
36617
33591
31431
58432
74004
78205
41738
43363
20470
15751
40870
31806
30243
57924
59429
48180
13905
37326
89176
48144
54449
11555
2470
27899
60346
62355
97095
9949
85623
76412
30539
81362
45025
8483
34042
79957
94893
73197
44419
85655
89390
7387
16788
89236
18895
73483
45640
96515
345
18344
48638
13742
63075
89101
30983
48853
11485
65552
37426
83658
14816
85110
75604
11544
51660
93305
32036
30296
14157
90480
91132
29613
81237
23280
96873
97518
31096
8403
94904
57505
75320
59071
12285
40847
27615
44917
77353
89585
82067
899
7401
52293
53810
37795
51209
57497
39369
35606
74793
57170
26975
71662
92152
95296
80078
32704
2514
34981
52439
8665
4135
10706
46977
24329
45252
21088
86320
34949
45642
20540
59889
11701
17624
48246
80001
42948
53527
45009
99335
79431
45302
17756
93182
49797
16271
87623
51271
47345
43909
349
97100
40905
13815
41689
59561
64536
22103
41876
57868
73194
41996
19670
37963
64939
76129
83530
97971
52014
489
65756
16769
96083
97685
72661
90144
71909
80167
94072
41753
72946
74658
95726
23449
10186
51887
68925
29519
54560
39327
82813
9075
51991
84893
63221
84428
78255
58276
95851
32085
55699
79073
46690
71716
85385
81765
18761
84981
97885
28835
23677
97998
62464
53064
30323
50439
91022
94494
53541
91137
44698
5071
41981
16176
52745
1856
96653
34592
40738
85523
50945
55681
53329
59414
1891
40097
28269
23382
93324
92565
72678
97581
50258
92209
94310
94160
97567
98250
68368
89471
74149
121
7919
38691
79170
65119
37829
81114
60563
90669
11872
57528
39380
76378
36430
54133
41653
17103
74225
25278
52535
50998
2974
12920
12934
56226
98550
15997
24387
23199
90097
67037
1684
13349
86375
12647
37296
62197
67950
79915
68910
94966
55365
60168
85546
59883
82316
70848
5319
74744
41083
87536
13519
18999
48829
33875
79749
56345
31029
54155
24278
88517
68822
31482
51495
33550
76884
30468
74470
21916
16266
82488
26460
55893
71288
60715
3235
97832
53499
16844
89442
15089
2125
68415
37654
19835
65875
20591
31598
51419
98764
88224
95914
42886
57690
11563
45053
42066
1403
45568
13300
93505
15877
18012
56523
11910
50682
59008
37444
73716
73691
19262
71942
14208
21626
5728
62114
29011
94025
9130
30065
32848
21766
83116
41979
13989
62152
78133
20843
63956
26979
56955
13427
32483
10749
60022
66683
1162
47696
97759
95084
38563
67538
61324
74963
23157
42176
13717
87448
31811
12538
81571
34554
70323
19771
49604
33496
10066
78282
20886
71698
85700
29384
78484
1413
63787
45609
676
53395
30244
81422
47880
859
97724
82287
22825
18545
50477
79453
72460
84431
75874
1228
15426
53493
2151
16668
34978
9668
56953
61480
13336
88485
92668
93672
68565
36053
9788
36252
94585
34656
59308
70516
57882
75691
23860
89747
34243
82310
96052
4360
6128
1444
72900
64501
34334
35878
62260
66630
73429
67897
58816
68652
10859
94558
78535
1415
72426
20128
37109
93192
73405
39880
29171
3120
89285
72014
97713
20940
1662
36111
38856
17209
62109
99392
46571
25957
40795
39325
89493
3419
79734
67463
14529
43210
95237
95944
17083
12793
5224
14974
16092
17221
19841
29662
61799
43887
7382
92282
90930
5793
20009
82517
892
53697
81056
68071
15932
84666
30807
91798
61487
59839
70635
19316
43387
11062
37872
38857
12340
89488
85499
46203
65973
87664
86244
60137
20176
85275
79716
73211
10282
54272
96021
90159
26544
39112
93104
74366
33973
79323
79238
73859
97484
19526
57805
31976
90438
58543
80210
18119
28256
21201
72733
41008
38298
78925
50027
9632
51501
22149
98669
99658
99186
22244
98959
74745
29419
12292
71688
16608
99712
12763
42801
31412
40132
59258
10129
38363
26174
65176
32246
67735
97907
11130
96891
48882
81997
50480
59333
99539
1845
12387
2565
74685
55894
4828
95285
74958
90738
374
6148
40648
44243
2304
25487
86215
30862
61959
44308
40014
52831
25923
31170
96434
69205
17028
28383
92730
62326
82645
73436
79903
11649
90369
73423
81110
89661
21989
78947
41270
6293
38712
71002
47418
29009
50554
23949
55573
47030
72006
70972
43844
44398
61582
84970
37141
29065
8093
66171
41043
94333
32460
70507
88687
45049
14646
60767
65145
32782
97202
79545
71257
61245
84652
14167
70940
13509
78336
6763
42389
74051
7652
94942
39626
19114
9958
29858
23522
4260
9442
65960
77974
20531
81062
34642
12378
61482
87246
39376
43986
17217
93086
83534
64191
50808
94374
84814
72706
57790
69929
98424
50429
47735
57457
24526
67007
80937
93436
73622
85368
33790
90382
14710
82885
63927
24654
61489
37037
57851
63892
32527
84884
11819
29826
57366
3398
65709
4179
60396
49857
59172
23308
43975
66026
43460
79885
60356
4528
52221
69737
27891
50323
43960
84007
33930
8919
16654
73915
89648
44478
24323
88086
14988
580
61248
31572
63943
91933
77050
96707
80570
4476
87011
36154
92171
12235
1487
63574
41883
98284
20956
14213
94563
9471
32312
43702
86443
3148
39612
65700
29766
88424
22199
32066
14824
26764
67438
84378
75764
50136
63782
86247
18963
73804
8619
62287
34405
59941
77099
71995
22219
47707
92233
95582
2564
98402
68549
81949
65524
30762
28985
42592
79361
65137
31310
22310
62206
32471
24484
76474
50249
3381
36480
94238
82282
59811
23344
81730
38788
76845
54502
64692
19140
21403
85337
32244
3786
41179
8873
23841
7680
94265
20831
62108
27044
47688
22062
41704
32606
26647
25586
83454
13510
25440
84661
64269
80719
2021
47150
97198
91205
97383
17774
90005
45361
81925
77374
24975
6167
61316
45128
1865
57655
49086
1149
42270
22556
13540
2412
59738
60527
53997
26608
41023
3420
12791
48014
24019
29810
69053
69230
88558
49380
30872
71732
95272
84317
16557
82314
40240
91447
99092
42519
98338
7082
24604
91673
7092
8723
41343
21124
49789
99233
42574
5115
51824
3794
24058
51512
6130
30836
35008
16903
69470
81220
25813
7305
64425
57895
57543
11998
3428
96560
92944
16067
13083
12803
60068
97808
23091
60680
85289
62886
72685
71814
15907
48020
51296
2400
11211
80865
40139
60816
49796
83146
60191
93660
79466
14283
32593
89608
77545
89946
73223
44825
71009
43450
32308
493
31446
94851
98851
69517
49184
74177
68969
27348
41263
2946
53967
41911
74205
69357
31589
3699
631
20826
92118
10564
21711
21546
61913
92079
52308
7338
2382
13144
22855
95932
87058
49095
90712
70629
29600
67395
5243
41862
70746
37014
27498
16462
48736
99921
49901
90835
53571
74527
49261
64708
17418
16421
17500
26671
82795
20622
6780
14634
83368
63150
12396
6867
11752
90336
6996
49480
89650
29029
52744
7114
37609
59625
13074
14382
16804
31156
54760
92534
75107
98077
77508
12547
84468
28326
50757
70759
49620
72074
62677
64449
92527
11566
73847
38467
45605
57753
27552
66825
88077
47742
25497
50213
71546
75986
17085
58790
51183
96779
35384
49164
4264
9367
25954
19224
97525
38311
95376
38494
92317
73289
27915
14895
30411
47997
67887
3988
88149
58710
26328
11640
84246
53496
30731
34149
99816
47342
9066
55743
8688
87353
42436
68346
5509
48222
72287
46456
78998
52361
74969
16456
30962
11378
65779
8334
42908
11557
21536
6323
8577
31110
27887
26318
10383
44273
52110
55165
83507
84026
31837
90850
82842
234
17711
79102
65644
8437
99243
44716
61521
92819
63850
80623
96680
23285
61642
38999
27247
95727
77324
96239
13747
41710
83
51492
81170
25131
95713
82097
53358
24196
288
96795
68340
26698
98555
50735
49352
49428
76226
13298
94604
86413
88815
80583
98527
19025
92826
85894
19764
18548
21914
11349
5208
86865
10804
36104
83952
10325
19899
72777
13636
78053
57699
92683
45441
81673
54907
83717
90751
69229
23876
68286
32011
47919
14685
77578
24284
11441
16830
34410
47990
58083
38752
84482
91965
13101
42714
34391
97386
50224
43269
87492
37021
1164
75063
72250
52228
67400
79572
70553
11278
32868
7739
15822
77530
41169
85748
18044
27468
42981
60903
55968
11537
72093
46041
43233
52881
77932
78604
62784
29540
88595
81668
31455
3839
63235
53741
45685
40397
92024
56426
47092
69579
63644
97977
51403
34213
52180
93452
34619
63537
67113
44292
31406
32535
80303
39322
66964
3938
71290
73616
88753
54356
89200
22237
55653
52023
21876
58686
85340
96758
73753
43026
14135
30910
79865
24258
53572
46154
45879
26125
6769
12025
29877
10893
8890
3314
54103
10732
41175
1872
81977
52754
29785
236
5776
86162
9544
453
35189
84316
79717
12444
48566
43980
9215
50366
3737
5785
7948
54569
94044
61955
71256
4984
52778
74738
12381
72178
83072
90405
11146
31927
39775
19881
73594
86422
53084
94202
29356
72629
98587
92529
84963
37679
29239
3062
30412
30619
17954
87480
84457
42909
94154
85123
73026
51547
26443
25328
65443
87861
49586
96261
31991
79409
10436
25678
42370
4285
8839
44138
79350
56831
85856
24829
32270
10703
72297
420
80924
18571
48919
43199
24810
37629
49217
27828
39168
16940
15664
83361
15713
5365
32316
78077
34696
16821
41249
64279
83233
97406
1539
14584
44718
65998
54685
13125
9383
27510
73721
1397
64404
38910
77456
41441
63189
78884
45509
74565
6471
29466
19498
17229
3110
99257
24542
65059
55680
2335
52531
44710
80092
97317
3855
46185
7858
34330
70991
50088
29699
3588
77232
707
80958
41126
52547
91904
20351
60151
50953
679
95584
42576
19388
40923
4760
86753
32080
98771
4071
27297
58609
20048
3570
44663
80890
84916
15849
72855
17216
73275
88851
94163
14927
26479
81736
45283
68147
33136
39808
63352
28782
82936
4374
15524
38170
19927
45454
47057
35803
62529
13277
57553
50839
82600
68854
92095
34600
81399
54278
73102
36822
58218
4223
82725
25434
99074
98309
41638
3947
61199
94297
47307
49299
45373
3257
6749
74478
92023
89659
13434
9813
92094
16836
74852
58669
81914
91618
2017
41381
41988
27609
47656
54036
59040
83126
87383
82947
52588
31568
89848
94750
50181
6176
3874
24408
10834
67861
89407
77821
44501
24481
60954
65588
26683
86846
47315
21419
50533
45929
17706
13474
73923
26691
92104
1639
49213
77836
77766
27296
22259
10451
47653
78428
56218
96642
9565
58600
819
31492
6431
81232
71523
5995
67787
11228
69527
10207
95290
48742
56114
10781
26682
16352
98046
10097
8038
14018
95465
47482
60566
85305
92575
95209
23658
3959
40752
35749
83489
80476
70180
37268
60775
77206
75167
26508
61727
42775
7762
88615
38098
36457
20580
79774
4068
50333
41055
45415
2532
86294
86051
69014
87232
13855
30268
32877
97753
37506
10440
68799
14915
29768
91550
66348
974
70087
30038
76017
78228
87511
37802
78905
52358
76588
20885
59984
49433
68561
26851
67066
41677
86699
15467
25628
70532
54483
63254
57478
73242
38413
88220
63286
48738
96881
67936
51071
6150
43659
29901
23885
99852
22311
48673
64616
35720
89469
43434
74607
30179
99108
70322
65863
45994
26504
88923
6138
93443
57781
65346
63366
82247
33341
67653
59829
43990
86801
58427
497
59103
76241
95671
4904
60772
87733
12587
40214
74355
60501
5190
5424
14290
93733
83565
55841
6743
50680
82450
88731
21379
15580
32857
54924
9127
18313
11567
6925
61751
85056
96595
42578
17254
20431
92305
86170
89920
26896
43465
79747
34222
96619
89189
58874
87306
27142
59143
25039
77780
95624
98770
21232
61634
76394
56760
55424
68267
69844
15671
77883
13558
59287
1858
93600
60343
4191
48645
53656
43403
40477
58166
24488
68361
66810
7545
95599
52998
34293
94286
8852
71315
81348
13137
36090
66343
16869
88610
71613
92765
57742
19482
18506
34079
9032
64100
50793
77069
95879
55440
14909
45918
75487
32766
11010
65536
49241
2907
49782
76546
81374
43670
37068
49689
82956
7190
33733
20829
61351
85065
44350
13038
96390
82818
13447
92166
52592
4855
71926
26294
19308
97405
50747
75353
32559
476
86140
14149
29186
3191
98126
82673
46083
28944
28692
12506
58268
50707
43301
42223
31472
72995
76274
29786
44059
99708
845
84700
53751
18587
96226
49828
92721
24525
48008
6766
65952
16887
46516
91269
67075
55598
17568
4704
51843
1950
60320
5640
5171
61564
7094
68079
95426
84260
92703
8668
48521
52708
82309
94482
63594
25758
2010
28123
30159
89036
81255
56308
74899
88570
28523
13743
9568
46830
49906
75512
62922
55867
79988
31799
2924
64500
13194
17342
25979
41145
57593
79546
62325
25583
82511
52146
79981
41028
69619
5648
16
47243
85318
64380
99077
12073
95359
34457
9766
23325
57623
29259
12003
1505
46900
90830
2650
18992
1163
68470
55214
77489
23491
77679
87768
20853
88088
35105
54447
63877
42071
79289
97521
20303
32245
93734
19207
31350
50592
96224
57582
19928
11007
93470
76627
45831
79387
46549
42452
25507
35951
42495
90774
45886
92525
7015
88076
7684
34835
27050
472
20359
20610
42988
80361
47573
39100
84849
47869
36883
31890
37670
50902
18392
72229
99348
32388
41769
84621
82781
91795
15816
59975
65218
90251
90000
83849
89849
91516
93581
76600
86741
65822
50625
37281
92776
35450
42132
91898
91926
35124
18091
19194
11051
57660
60677
94545
47961
65759
252
44813
24127
12360
77458
30127
32354
57764
7371
15145
7290
18090
29850
92503
32427
99350
92963
14315
92749
93720
66141
97101
32307
37651
69380
11655
48571
75776
76399
43143
87794
97361
2588
95573
33761
6071
96836
68469
86929
85917
48076
33052
96502
22873
14489
35923
41159
29426
89439
2156
50479
29087
17771
6782
35334
66807
46611
71747
69751
71338
75865
18906
76229
41735
6906
34009
12863
15390
55259
96189
7318
82188
43911
47328
54322
47072
87756
11583
13967
97881
82426
2132
50432
22746
44034
79492
91599
16658
89737
706
87883
1749
26853
11266
1559
70675
9257
86192
23434
81807
33606
97882
61726
96389
73710
90152
4350
25875
86457
43265
44640
65760
11652
61776
459
23786
68393
55685
52254
77293
16849
93686
2508
41692
37201
28105
27418
31243
81263
54217
97161
36408
68826
58788
99534
47164
15430
7707
49840
20743
93335
87888
74901
74473
66973
62985
30935
59906
77446
91752
89016
47754
51294
35143
2195
12963
30373
23015
77133
4573
87202
53143
41807
24972
88324
71550
7794
47012
51993
23250
67769
21046
3770
23728
49982
34938
39928
43091
42726
88886
55802
32837
62235
10922
20223
76757
54982
65305
96862
67931
34167
23775
81864
87982
46999
36212
76119
78568
73766
94944
35344
37348
8147
13358
63985
16005
6403
43940
25199
46594
25349
9525
47554
3135
28846
74141
62608
53229
26808
46283
27047
80874
52818
25202
29588
94224
11434
30756
77649
76056
42652
64283
12015
70456
66311
61822
80256
52634
86364
34703
92822
80436
2987
27133
74248
19553
10426
59226
76272
58353
65052
74278
62468
18612
90684
55538
71681
63169
92882
49533
80186
94690
13942
8262
40482
31303
27099
67189
6272
19079
62799
66009
36535
51193
33361
15714
15791
85169
84336
76012
55935
39749
38401
14984
71101
11271
53299
9208
77377
83513
51305
32629
13015
53231
71092
25207
29898
50163
50407
78866
81398
52325
98087
89198
53828
74986
65964
84654
3079
76282
1748
78579
48753
19736
41276
7437
2056
18329
21503
79214
34120
15990
67323
91343
13977
25260
71730
51520
494
37196
4130
41317
5729
59099
11021
99063
47524
70082
20196
2684
96223
46277
83424
8823
25936
76451
66433
35602
14696
37099
41762
95082
50234
86289
65452
49119
74433
77205
53739
93484
17757
81823
52503
19542
67944
41451
30328
51069
38151
26476
72264
22817
35595
98115
30739
51017
48923
45774
30709
14795
24409
2911
84247
75177
64339
89405
65282
58705
18478
76153
3768
20932
26955
54308
25496
2087
736
72414
6105
5961
52463
78808
51238
37246
69030
47153
87075
75288
66606
7280
86062
72096
84055
76028
14827
33895
20495
48138
28199
41170
71018
30586
87665
36150
36637
68525
27620
6241
14015
6230
16268
48981
86324
17583
59880
10112
13204
46927
23259
75395
48200
97590
84872
23379
76819
27587
39643
75311
1549
3157
36229
99732
67875
54921
16707
17537
440
44192
9444
42931
72100
79855
50915
6785
21550
59896
29624
82336
83806
65771
51435
59196
17086
58921
84184
5377
81969
94050
36349
9024
99120
66980
5565
15650
73368
15547
85994
27571
91747
56861
2414
57560
82612
75291
91769
42670
92458
92728
12074
57814
93332
56890
98155
48595
8433
65542
24883
98523
47728
49425
33457
79630
22652
18667
72746
89426
35613
28438
63998
85342
44939
1676
31394
88413
94872
38933
19346
55762
39597
24543
60517
42323
82465
16895
72017
2118
8328
26662
24274
84965
33990
76489
32739
14650
30996
5659
33365
13623
53344
86516
86688
25945
45159
55315
72240
1766
59104
38818
82382
81111
59769
68306
65207
9270
5707
59158
59262
90316
35813
42202
26453
20297
52203
9018
38106
22655
487
33337
99949
41998
51519
20519
93005
80856
27022
28641
88711
74951
82596
68557
49579
45558
37436
21858
60544
85225
64662
52929
2272
74420
94159
15257
38053
98910
81929
88914
63521
51732
90510
26649
87237
78494
3008
49842
21726
52944
62550
42580
29955
4308
96629
238
81380
50147
6632
49922
48422
56632
41949
31612
95439
93263
68502
2295
9105
73166
10809
4462
51943
81303
46079
18817
13964
53773
81346
11809
13316
47572
59006
82265
58758
77464
50137
26215
53870
96585
66590
31553
36425
40223
16926
92456
60362
30276
69316
21318
5798
9151
42360
48023
86746
90976
29750
53627
39994
28752
94445
14675
35175
25312
59527
34169
82235
88371
11035
46505
25180
3680
37582
36899
84448
76347
88320
31815
12724
36625
78135
58174
49066
78795
17884
91711
77916
13543
55052
9794
9306
26388
94783
54555
54221
24877
6960
56116
41815
5971
91075
8140
43425
13678
61129
77684
89455
20503
49041
20573
97646
83748
93253
30092
81545
62585
49914
15338
50565
30813
82983
15797
51530
22876
49638
19231
51588
84711
66803
54277
60001
20532
83914
79602
75510
86340
9578
24285
78493
35499
17245
49943
67346
4050
74356
68514
53063
26511
75215
70772
9676
22180
28889
16566
68916
86690
22175
69862
22924
79686
26737
17840
82129
3996
10598
82902
11761
80383
48069
4014
55433
11020
52298
96362
94228
88977
24080
57265
75458
11511
45191
31195
51924
67946
90376
60522
95330
36909
85710
52559
65359
5500
81932
16378
56197
59281
41576
65508
2785
39579
61185
58732
12987
22273
53224
86419
70250
26916
65702
13473
27978
55636
67445
63667
87880
46867
7533
46242
5943
16802
12686
53436
28579
88260
33012
65720
24766
43270
28464
63804
23357
61514
29199
3294
59737
52022
44375
87486
94357
61758
15025
69393
12042
15525
16882
85803
41099
35226
35955
53304
99593
38863
37378
73604
93122
42303
307
72593
34829
22283
93002
2692
17750
45178
43072
60891
3908
88903
7963
55354
32507
8096
18637
57962
38798
5039
20486
77030
41779
4482
78429
2152
13676
78505
68510
80154
78451
84897
95357
10229
72483
61926
6173
50720
68200
17258
49750
81936
20579
2173
24099
61367
30508
36678
55899
85603
71482
47412
95281
2203
812
55674
35781
88784
30598
37794
69822
18544
7102
1875
51932
63270
77758
51606
95016
17035
92348
9274
7709
98304
53247
34514
17894
73056
71217
93310
16703
93414
98454
94557
34211
3124
39295
40979
12005
85667
69243
20016
85131
68794
76392
85652
67300
74907
20
16624
24620
78549
32399
39275
66149
99071
30286
46532
31683
10443
87417
23507
98750
16894
25659
10944
39266
26627
76047
77344
45946
50722
11549
30558
6922
30840
45546
92234
51811
95474
11308
88891
62970
94648
8586
37660
83505
75684
46811
20187
52284
32689
80306
80921
82507
21428
9193
9894
37257
20308
3605
76311
3190
41577
23326
2929
32948
51790
57756
79526
40311
18833
35922
19641
19453
45098
8080
17069
26601
98098
92832
67339
70752
81762
9610
64426
54607
82496
84776
61571
13005
2172
16187
50397
3503
45081
77835
67705
9700
70734
28411
39390
79708
1644
65224
54999
66725
89022
2405
85542
66499
64621
37864
82586
54719
63021
69804
94014
22265
83112
57682
57870
78911
30479
92035
28759
97025
76401
59765
63144
25947
85375
32896
66426
82301
82197
66967
85879
42527
47044
47200
2799
47546
96621
6713
25959
37205
69089
780
7055
40569
73391
91065
85076
70016
89059
10798
2608
70152
36758
47959
56416
80434
76397
70820
19149
82451
65084
27006
46641
21744
65754
19621
8161
8511
85138
31308
50018
67303
75418
42266
58898
35840
38418
68864
98397
40591
1129
9291
14170
12684
22729
63789
37973
62280
90701
66595
44661
8729
46123
8743
2297
69839
92607
66007
25331
46632
20930
40797
24326
23856
38998
33254
72566
74116
69149
42165
58155
27780
29252
15762
41108
87770
83880
13173
80175
62660
41439
32409
61190
76345
51106
20987
96310
14667
57117
68974
69209
19590
65887
63991
68786
34031
51684
64219
7503
791
42929
82407
69040
54134
57179
38346
57766
10933
72531
75814
87469
16614
51005
82977
87719
74212
6114
10409
15121
69719
3856
94456
74971
72835
28236
28038
39273
46101
59012
81455
65332
95019
35841
71464
18774
70540
25196
51954
12361
20735
49519
16745
51848
93465
7383
13751
66225
51473
98193
46239
43377
38431
66327
63056
56892
64961
4219
2105
55154
78236
5110
53086
94841
30829
49895
79569
87759
87083
52821
50128
11780
23514
75634
19024
24401
63232
34875
19250
51079
76461
23354
7589
42805
43789
95402
88021
15677
47775
45386
35462
46698
79368
77612
51116
32922
29860
98716
74395
24839
68105
68353
6119
13455
57259
19818
48708
18713
20528
94808
33803
34608
14891
4053
26477
51638
37857
66792
74815
22833
44234
68011
97852
85869
47374
92557
74694
4331
59056
76638
24575
65507
69864
10940
57116
50874
72960
56365
52366
34182
67175
89883
57875
86853
10722
39082
99490
36051
79856
74540
70382
43268
75272
4524
68778
44596
43299
45064
79564
90708
42353
71518
91860
88719
70446
90490
39213
93859
52417
46675
80959
1048
25700
82610
88487
75205
96276
72977
45819
8788
20399
33318
73100
11384
19130
62057
65838
597
27917
41139
54818
65669
79919
68138
85617
65371
20815
21084
19535
51522
72302
19504
34932
89683
480
30037
30189
82615
97941
79403
29663
56653
64115
76654
92657
82349
7787
94100
34455
34223
94855
26622
93587
13840
91521
15149
20144
11827
58936
84288
34953
89620
871
77108
8130
84343
23637
94706
90719
76792
91499
75923
35212
13079
86769
7628
25641
52800
85469
41729
2809
51440
8874
80389
37449
14299
5740
72702
33835
74184
53554
56323
22961
48186
8139
60364
68422
17092
70265
51964
53017
11962
78733
96613
83197
11057
67818
97932
32134
80898
52983
22942
96258
78769
13522
77452
79994
55829
39276
65891
22987
84515
47737
3884
96061
30615
83145
39792
90229
80134
67261
85324
10610
17093
30854
25270
21742
15591
82789
53450
46653
97833
23889
33289
6209
31337
16210
96296
82814
47760
90950
52393
85206
79941
46758
4210
87172
14628
82546
54375
27365
70101
96218
33518
52239
93345
43772
80549
17712
33050
87557
67222
89383
68468
7763
51370
78355
90787
52770
17220
93925
31411
33024
14144
30145
17232
89976
4379
26874
74807
66280
30507
14838
37912
15944
16225
90337
81230
20850
3850
39066
65267
64743
42665
56087
13587
31001
43444
19210
71215
75583
96663
67437
69397
74126
28132
847
11595
2520
18333
97750
3998
57433
63498
89245
17166
36804
20150
77595
11470
4936
64116
1032
1499
86178
85686
87082
29609
88541
41482
8395
40081
96293
19136
77368
72840
17526
76055
14034
49718
65957
55089
5643
99699
45882
6792
823
98721
1837
94880
49204
54554
25340
24158
64363
76857
26345
22069
36045
8863
10590
89231
31397
49096
96054
96373
18005
43342
37535
59929
41382
55545
55222
20011
1651
72747
43594
1313
96291
62558
65749
76959
76350
62418
78744
66205
86439
17726
92800
57758
40957
46645
54860
2910
54971
46860
39606
51346
87388
57205
46764
54966
41259
21489
30860
15265
83781
64124
73947
57108
68874
22469
78837
88724
38156
39986
51583
22225
48944
11890
26109
82808
4484
97619
53318
44241
71398
56044
5400
31116
27424
21102
48698
31804
50772
54413
45748
24892
95863
26406
2305
74561
70305
77160
55372
83535
66815
86775
22295
5687
67720
71680
8697
88810
91379
69574
21341
82064
15366
44852
45295
58748
62290
84296
9375
14699
25565
66893
53383
40961
51669
3237
92288
78311
85506
58943
43215
54661
21185
49899
72254
70641
37641
29370
75519
82113
36815
71893
91941
45265
91068
61841
92861
97707
59450
75103
46403
96332
27672
37761
46897
5966
97812
63524
90910
52184
16448
22377
31931
30688
23447
11992
26097
54025
82984
79338
64972
9447
49055
45135
96190
6662
92998
39468
27675
89587
61280
97730
10299
36368
81551
24330
51988
43374
98852
69531
36307
60833
13112
96040
42397
50816
92498
9429
72943
41094
47724
76702
33537
82924
2572
57431
90636
89394
89054
71891
78950
83329
27972
21722
51593
89136
15280
5795
77532
52441
91648
16066
72561
29281
21126
82847
39371
34771
50238
57952
97928
86658
55666
55448
27867
69492
16507
222
85066
20008
5244
42334
85946
52504
87807
41359
3176
91938
2558
89128
70067
85674
28012
75793
20813
94570
18038
52208
98360
49006
69351
4272
98177
89000
47850
565
74424
16629
92139
92853
50938
27416
64255
97711
22583
7303
71221
33189
65122
96313
93639
23065
62456
74150
42135
31186
44635
47504
61807
87255
15099
67803
1323
62563
91148
21783
84150
72084
61764
55051
99339
18350
67598
8758
48804
89576
58586
49187
66965
37971
40465
34404
23276
98094
98374
73284
44544
44498
29931
22104
43382
75655
56326
82637
56054
4412
2670
74206
47022
62174
64575
28456
39899
81133
89415
69385
61730
47151
83881
68431
74817
56385
7631
57944
59908
44204
80151
64632
33666
11794
49102
99713
87474
6953
84456
64619
61654
41651
97983
72915
31664
24970
36216
58028
97046
33278
15178
45392
85923
21897
52642
57267
74196
40536
79027
89714
57400
99081
25710
18188
90970
62052
94284
72847
13255
65685
16638
45337
4908
53337
47134
65493
29020
74877
8575
67809
32734
62475
71455
58266
27528
78660
74757
54652
87819
59831
83606
1844
63442
90868
41632
84812
94953
37491
18518
66370
55130
98887
53601
89591
98242
62175
66975
45829
15532
79599
96657
89971
33961
27152
83666
24954
60092
27449
54152
31255
24392
58558
89826
73755
86927
87348
65965
93486
8418
75354
15531
21965
11756
6644
21980
43997
11550
25687
65844
85607
59658
86602
1515
92370
14311
31369
38149
67623
97404
15888
6502
13471
63166
29413
19146
69215
20597
24562
67193
5240
31487
21926
17790
79820
41627
15927
18402
97265
19648
54015
75810
75434
25447
65865
62605
20855
51439
38947
15070
19880
17156
25463
53644
33636
49245
2781
31031
3870
91947
5321
51480
89475
37807
35383
95999
42880
28003
46366
74497
8225
10487
91451
86662
14571
94074
62941
35564
7373
20012
97816
7957
19460
84228
14334
15788
13861
41453
53548
2122
69920
26047
22009
16983
25934
74796
74244
4198
58460
16308
14385
83450
14395
16846
96567
49113
96460
10611
98030
50025
53825
97162
64080
42222
57906
12405
5442
3109
25627
39976
55356
6619
83639
84232
93675
83494
15937
28795
96581
67340
50189
28064
26949
70494
14568
50045
99508
77828
81300
78656
21499
54618
54904
94983
88390
41419
45477
43680
46262
5622
42272
3669
71311
16188
58018
97002
36744
67774
30495
98947
62020
11022
55002
84683
65553
36418
82742
29207
83374
72637
79275
42454
83765
97057
68940
60088
95886
53702
25476
78181
15302
37858
23346
27447
32917
57659
19946
31197
844
75281
64201
81495
72171
50398
53073
31603
78414
49485
73257
73655
80137
14248
45914
24806
59302
15101
64973
78607
80966
85378
8075
67975
95971
31525
77554
45396
58289
85897
20233
65534
72468
38861
20768
10812
18451
62449
6790
54318
20529
64173
93970
93406
74182
87555
16344
31830
51380
53447
32415
43160
68956
84846
23088
19539
3518
18942
87582
76527
71393
6385
60618
35947
74335
45449
99191
58638
40694
74418
78450
98541
45426
96308
41997
37222
79279
57836
65310
70791
70018
12591
60838
19513
2140
22379
76201
16452
59329
52039
72476
47748
75304
40977
18840
52094
64481
71630
35503
16383
92312
52674
38305
30564
45079
48818
75029
76756
58565
37225
73228
15393
12749
4202
61539
77340
83023
2543
16074
39753
77090
68121
26944
1591
87133
11757
82778
29253
20595
84984
31939
48359
39405
22024
34821
45399
9576
53413
80448
40455
38941
8806
6245
2897
58070
38081
55522
48560
84185
41086
22688
17614
60943
23838
86665
19712
30620
42718
25590
2579
85808
68704
14897
32578
87193
1431
53122
74704
75695
82295
61590
17131
20415
956
63684
19119
62305
95369
56967
3069
63781
4161
7244
12055
31519
83404
2247
91366
91613
11650
55373
39429
65103
9586
15951
59716
20245
20525
91101
52773
89956
25856
20761
35845
61437
82981
51876
60949
42802
5194
32375
31121
779
990
14547
77342
57565
79127
75531
50392
37376
67198
86245
81040
14748
22595
51260
63645
63624
94062
66416
49189
19693
81212
79133
44443
29299
33831
55291
35310
7656
32425
11286
19897
3496
77401
77647
3493
87594
14501
8559
49466
75329
48465
39773
67361
53370
86644
19995
36182
89723
96927
89268
55360
56191
19902
1669
12850
76204
5855
80677
27146
3374
81952
91633
39118
68860
90027
11455
65795
2705
93408
18513
56735
53445
37261
54181
26102
26028
72090
32804
69189
53619
44016
24427
58256
93702
99195
63030
40321
16873
39342
36742
16572
30628
48817
4683
45957
31746
34478
68474
81773
84694
45952
55027
59793
82026
3042
97000
87208
62422
86720
72720
79515
1752
89042
7027
23839
83615
42273
29476
24712
49868
66930
34140
53078
90128
88800
26210
17573
70653
51997
95928
19164
1886
93601
28690
68325
25460
38663
26018
6281
60661
91513
25158
7774
68723
44174
68968
28719
80606
74194
87139
25308
83950
60614
18025
81376
71781
33045
59468
10232
47196
97865
56420
13858
3053
34955
32995
56063
8143
35122
94452
58074
17064
36275
67174
57415
58805
85329
17516
42611
40018
33707
71134
22840
54115
33536
52380
84038
78241
19739
72082
83469
21786
80534
32832
44128
88187
75497
73140
18910
53915
11951
88179
43611
35200
36347
15096
50781
47929
54633
35326
5980
35149
30455
69410
4835
90377
76963
66400
55661
80299
71418
33954
81158
9528
58387
38026
44522
62702
35288
24205
28509
151
37482
95161
37329
13515
95883
18230
63086
64804
48939
73049
87687
68543
38668
63970
62133
4659
34002
71827
28066
40796
80904
14011
31232
3446
27137
91988
89537
30136
58544
85376
19369
90760
54324
68996
54763
32079
82456
35381
30102
12293
86225
38786
84105
1665
99324
15452
63839
5344
31174
54989
40350
49980
76759
26624
75827
82979
13035
38074
4800
61596
55411
88166
10877
44936
84341
39729
33572
30671
76564
84696
67168
45820
79534
35193
81652
27589
81692
18842
54887
61156
68436
81626
43472
23372
82204
2797
94279
82074
71984
41885
40253
5360
86404
12813
10156
17469
18788
42946
72449
60732
45916
90762
17769
94921
20026
73198
89091
83993
95841
52519
58495
88300
37473
88608
52257
81580
81976
10644
7077
21490
13323
94401
67814
93267
63253
83551
36891
51138
76814
11442
52842
92206
68750
43345
91089
79766
61584
67765
68426
12330
15317
91189
33507
91480
52530
18494
95293
66188
45019
60077
15922
95802
63190
46584
92082
88431
80588
65063
23868
34903
21278
30477
82127
49673
27065
23202
46936
87425
69092
86384
19005
51055
31283
7912
44424
28228
41507
153
48890
16394
54416
16002
90841
6353
81750
26016
59557
33354
72454
51803
67295
27901
69729
11980
7057
9858
22549
41614
28285
88234
53894
14123
42875
18724
57921
56881
18754
48985
11667
70127
90674
90739
36198
30772
71690
81716
84601
62489
5339
81387
56210
65241
72592
82802
7859
19761
97418
45443
56782
75752
66468
26001
83931
6065
80929
4137
43432
98024
98819
94481
76534
64241
31781
89411
56725
4404
86750
87581
82495
25914
77672
7645
71443
31941
27402
29168
29812
79512
43164
97241
57237
2401
45155
77337
28842
75339
29958
36655
70473
35366
75068
6470
91471
91006
75244
87341
83001
12461
15130
34449
89309
8865
35269
32451
77387
9947
6718
99811
55420
19614
84581
58664
16971
84268
97153
69554
41277
23183
91576
55169
21976
13957
84323
28036
18298
34170
62915
35089
19347
57572
99876
46738
65339
23640
28481
85406
35272
92658
79719
72081
60488
81924
36395
34989
51779
18103
70457
77212
28355
7662
664
11015
78921
49721
21493
49683
67902
7334
37389
46723
86199
32909
69969
7026
8156
78958
11825
94887
15214
32423
89673
14236
36116
37210
83132
65631
36842
18542
9671
87725
65770
64574
91409
12485
9698
91354
40425
17562
95606
70748
55278
74259
73193
11860
15541
61938
27854
66785
24520
24406
80315
40879
2301
54307
30485
12746
73450
9826
87394
44447
28739
28828
93013
13684
43154
15592
60754
63891
51845
90350
77787
64477
90282
38200
98116
8534
59668
97307
11603
5746
9767
96976
59171
96721
30542
41082
23551
17945
18944
47348
63288
90195
80327
75815
59063
9600
92938
49167
54425
96824
69871
59193
64196
20338
52263
93862
13993
14327
78279
21206
54462
61738
29846
49084
26306
78831
36676
53490
30892
93589
32979
75147
89523
91128
16928
8335
28459
34618
66812
90437
56424
90226
15085
84032
78962
74931
62703
3886
58156
93771
71594
32696
83678
96416
30832
25239
32152
95436
96236
22850
3552
29697
16771
30647
77461
81036
97366
54953
53366
82599
38293
87426
79136
36245
43320
62041
88765
69618
89283
72891
80354
28614
95214
88062
94208
99173
62663
74276
89378
77120
87156
17506
16193
76847
15006
69907
1965
86141
90271
93986
65548
6313
79700
86682
61119
33703
23817
58968
79248
49814
48729
47977
38613
37206
85122
64025
86791
35345
52147
88825
43240
25563
67991
6594
80946
31300
26370
65113
81019
1652
85980
76432
10841
90543
79079
98798
3072
68590
27835
94440
98593
8928
36602
53809
26538
75031
70453
8734
1641
8800
28817
23498
58941
91964
44625
83471
80191
54040
36668
55126
88969
88040
88295
89992
79537
95816
64223
27289
51884
53307
71503
85320
75624
89568
11479
79574
79972
16500
65301
70699
49306
40463
42798
88686
79958
69237
25571
52987
64168
68839
30827
32783
98142
34567
87864
87547
67489
99738
34411
10870
73849
95552
70966
85576
23058
3608
48586
98767
78864
26360
33094
32196
76704
40776
65085
86982
23367
25326
19618
24756
26825
24231
11339
1759
18951
48540
43400
90600
30616
41813
18706
24506
64074
21589
52425
72973
45729
64172
32089
12419
27020
22239
27965
74696
64719
44460
33471
63868
28788
8124
11145
11950
4796
98849
17632
63174
46228
99944
33203
99986
41302
79180
12572
10903
98564
60438
28880
77485
95025
62977
90509
60355
70502
53643
42157
4459
22438
91735
62410
73801
73143
45557
46944
23295
7939
15272
52850
34577
39279
12756
32571
52341
20112
61004
72543
99275
42458
38161
40549
10494
97471
35905
60915
47805
91952
97050
62835
98503
73991
68998
16738
83166
60771
60744
69067
99147
11052
53716
65510
65049
41430
21190
992
36817
72979
44193
27886
80197
91997
79582
34641
47576
2998
54286
75129
55918
60183
87041
69430
11091
35744
41748
70363
26243
99189
90232
10526
11531
97896
65132
70904
95354
48444
69584
69558
75047
48260
18488
36515
64653
63129
72726
44629
30258
77640
66454
16884
88235
69582
16990
9457
36375
80584
27223
7909
14337
45708
96457
5394
80284
23287
99867
51162
49798
71744
97475
67724
70065
74003
42507
82116
86735
57874
51652
39430
90341
15766
67568
6939
68005
72126
78231
18723
83067
52781
46902
93577
19991
22740
52973
76453
34672
6605
87151
54145
44208
38649
542
47194
72042
77768
28872
19029
61639
26207
99279
93669
46119
3920
74609
21959
79384
34275
12916
66371
52992
92665
73685
41248
46049
42156
98765
79788
20811
35174
72322
33386
13530
89635
82830
9987
93472
63279
83034
28211
90691
33755
54662
88106
53466
63921
39894
38208
30131
22705
40733
28152
32805
46838
51586
65155
21992
8849
81536
90622
7006
97945
13445
53263
9305
74708
97344
98519
10240
83843
69217
31037
84049
69550
23819
13987
85877
32588
92140
57817
64324
16921
41265
15401
40042
82409
97154
83511
21167
68152
53465
87365
61486
43834
18048
47807
872
46465
3636
53661
69319
20748
79607
8907
74812
78596
30603
56524
78828
50386
42347
30585
76044
65842
32477
24523
87337
52131
72990
18560
40846
90115
99212
81278
87473
98458
8781
50840
10815
47472
91051
44409
19371
56670
91347
90007
57670
65439
20227
31089
99001
17389
33668
19920
28011
94225
30221
35660
26965
53044
668
92714
65252
31185
36163
46809
23512
35987
77550
20267
22422
30592
10603
28874
67055
96170
41322
78129
14134
79932
63805
78533
98566
21359
765
59513
77145
39005
32371
66961
4603
34970
46502
8551
83022
73138
9648
84583
74524
47734
99343
7736
84447
2679
92860
67569
66340
91203
25623
33725
71176
99260
96965
82689
20373
83322
10621
3625
46043
44372
34254
83304
98929
38148
68133
64408
70625
88707
81172
13997
93992
58976
67452
92838
86570
12829
36750
36797
86029
1123
24160
55279
63328
81270
58533
87
969
25002
80071
71561
16250
67688
42293
99809
88138
90623
52566
60492
65372
24640
24386
5519
14949
31542
94056
25844
67736
41353
74202
52167
10211
97543
56825
80435
81271
68814
56387
24551
7646
50297
49435
78470
17595
9732
4120
7188
21007
21117
43463
18383
38900
76782
51658
64944
84822
72109
19911
34646
68222
87876
92966
26244
27218
34842
93700
10984
1282
45084
53851
10438
45995
76339
64300
34152
50079
1363
63186
68236
88232
14037
51860
43482
44089
20928
12296
53569
81777
47180
43848
91333
8666
66828
171
50209
40993
58302
7379
78083
72694
38882
31498
43322
43616
41775
56626
70237
56804
33658
64358
94474
57469
33547
15182
85256
44418
58595
57427
99273
81494
90884
50100
72079
22823
18193
47337
1586
7201
5037
57757
61851
78731
76158
32479
68090
5277
45531
45018
39384
26501
28938
74061
74772
35141
89265
62030
71007
20699
3667
98869
6869
24002
79219
7887
54503
51412
78651
57155
44261
96516
22439
22999
71470
16000
7405
92064
81512
78287
38969
45285
55757
85144
60228
6335
70311
24492
83772
78517
15652
776
47422
91458
44274
31984
34825
75523
13472
7554
47394
48165
29488
63606
17473
38577
17784
6650
22877
4153
63443
10361
85450
54951
33764
99671
2061
29555
15223
98914
27157
62176
87370
85906
22332
87935
19815
28222
74342
32710
1609
31331
70176
81425
98298
74993
59521
44162
85350
50375
47083
22417
44841
66900
20053
79550
40713
78277
22000
80955
40902
85302
98596
3641
63109
28075
93747
95462
7413
95562
6568
71709
31442
47417
91339
89551
44691
66602
83074
74615
11987
78424
20319
52902
1826
22437
40620
62959
80754
43219
80203
71928
49310
58661
90694
82921
74571
17653
16058
72728
52061
14339
95658
72471
31905
12983
69556
2055
66214
22593
22264
64021
49408
94420
97535
75620
96089
53876
90220
40592
49920
76464
60759
5599
47306
430
5527
58241
90107
73733
11741
74056
86048
72935
86004
15564
91918
50593
28624
32233
90711
82595
7064
58313
40173
39786
14800
93741
88154
94222
26272
15520
13517
28336
28092
35773
8520
17239
37863
79438
52938
88264
81092
42706
53953
91109
35583
64401
8900
60528
22498
60769
89092
39571
40680
95199
87871
81128
44819
90037
97979
50058
12386
15699
20430
38698
40291
80160
76986
83255
54116
88212
64834
80869
66703
64321
67796
19032
57535
21631
12779
11395
46810
26934
12784
77376
8601
41234
1769
60420
38696
90864
87790
52329
72919
14996
14865
52041
86472
18228
67049
57225
76681
6389
4665
59492
78035
27788
42693
10055
80478
81041
22667
13710
27596
96816
46937
15414
89456
11510
1692
47210
23374
45205
30689
18993
76563
24147
41463
3105
14613
17864
64746
787
1359
57694
55124
72888
58810
86227
81427
59728
35717
12581
74754
49009
99100
62763
61675
17224
57905
19278
94978
66660
63425
46308
9913
37969
24486
9398
44073
824
40712
73028
14713
60097
45139
67901
29303
8699
66690
90237
28986
83573
82292
54932
75502
10161
90522
12886
62037
19450
53223
40069
65978
28945
58996
46854
82897
54737
22759
93142
68300
41232
27118
39287
42130
24775
22011
6821
17150
27846
24381
66566
93006
1511
594
30514
53504
15425
87652
27001
13311
82092
47099
31563
67046
76300
12856
18168
46248
4642
39391
13612
51931
89561
65189
9588
14856
84944
7944
95101
98617
69716
83307
65639
65767
17464
83973
38592
6577
24917
64524
60087
99652
73221
98928
23862
98960
43961
78850
32810
8172
44642
58229
38756
33671
12288
59645
24085
42169
71765
78988
55587
9898
11559
329
54378
10222
56017
8070
13338
83763
59205
60734
73638
15372
66675
38700
45840
89350
35874
54123
47050
41805
58731
7717
76172
86183
4436
69467
11697
51764
77010
14102
75481
29126
7295
52472
75524
34689
32642
89598
22415
77236
50906
42215
27313
84329
40965
83780
48861
4747
33087
3649
81473
39691
83669
67209
6621
80072
50525
20270
82766
65260
72636
52372
97341
70596
85725
48575
75785
78516
44235
79730
59319
814
24974
81926
53477
75913
98971
31816
87677
31289
77594
33069
30493
99520
67916
2513
44675
97181
77705
86864
66464
59134
84097
17893
42729
75154
80376
70007
54638
67182
44693
4833
55228
43324
7591
41390
9464
11231
51452
11177
25597
75264
1265
25416
51224
62493
60781
52709
83460
19918
88857
26206
38688
66081
74592
59855
48124
76922
12918
96487
77115
48605
98958
49230
65581
70801
2197
91479
59423
53397
78777
57718
68047
17212
49902
23215
195
23152
50961
38783
67062
75716
59309
24898
53196
24237
37270
95166
5276
7378
43740
9422
16739
89392
6520
84948
18597
84113
31454
86090
10889
64568
28644
3040
81527
66238
53244
79379
91066
68356
80597
13269
3177
21548
10454
64249
18075
70444
86239
37047
78124
57298
61239
2251
49528
29655
66480
45816
35699
67197
48880
6136
90876
29734
65384
51972
93806
69299
21809
22134
80931
13891
29302
3043
88577
51304
54148
92350
56548
94576
12751
30992
4475
55197
47483
66043
19494
88385
45101
1159
72106
1967
44654
95868
86874
22546
87927
28777
29973
29909
3780
12211
95051
92107
72537
2747
25473
45060
97758
13088
82914
63119
62315
19459
49375
86566
84582
20007
11444
27732
22112
16534
24193
71094
73593
59185
64540
29988
29202
61051
77562
2973
25690
26410
73976
55877
58212
85428
70579
69236
52357
8290
71756
71086
49992
19467
92640
17366
17444
7636
62961
6109
17219
94722
68173
44403
77495
26860
61244
85051
95513
80395
43042
90003
13001
42093
34626
28260
74407
58169
75347
37883
94417
46035
32062
60041
50326
74945
26052
96550
67327
42917
90482
74373
14110
32024
68334
1005
96048
29231
82139
35837
59004
7682
19384
52960
34999
99255
66688
19223
43866
16436
81166
93969
32982
52693
57496
13217
87629
88730
55331
47946
85430
87390
93642
96706
57538
91862
89316
3203
94544
52940
96496
71437
95613
38593
76624
84766
83540
77135
68453
63874
94085
26337
12888
34264
34286
98292
31898
52723
25009
11108
11072
63367
70864
78695
97318
99523
94738
84527
52046
17856
9932
82438
49063
37092
97129
33558
22792
20812
81833
39798
1747
68895
72127
19968
56755
77004
78900
99311
15508
67866
52095
31057
54314
23944
34257
59215
86893
49366
56946
74199
86617
91663
26956
53310
87771
29346
81272
85346
11577
5807
48626
70484
84902
8462
46694
20920
44159
59388
98132
35057
44507
94295
48205
17148
8285
94189
6189
34596
57245
23833
78171
42448
97736
10265
39696
76818
8167
16023
18260
50753
95235
76467
6410
74254
58284
91063
96196
89789
66680
34772
4345
85810
9030
95049
35003
30294
21933
70310
39237
27368
44068
70307
17211
36877
49771
55500
36768
39497
93885
94721
69630
42341
53510
60886
73582
91204
6300
48507
6735
43560
12173
3501
48225
25535
54063
49884
37386
7010
46721
8398
98898
13364
23977
51172
15407
89738
69915
79293
72030
29780
72751
13577
8002
24101
66310
10813
52862
12929
55842
48128
1596
24638
51395
68040
19161
39687
12424
76156
80594
82030
38774
39040
48105
2177
52101
14523
22700
43449
16584
48021
30053
27768
10278
38787
46009
31902
88701
69836
26387
49391
58411
89406
2985
73079
38207
5346
35746
20668
86258
2492
23400
30222
5561
57346
3774
16095
37098
73562
93478
65350
46496
9795
87023
37722
71625
2596
99749
86703
54363
16167
88101
62806
62714
93819
5774
93278
98684
58050
72170
89821
8893
56773
63743
22322
78483
20914
5287
17060
59095
63688
30463
39524
82724
66581
70784
83459
52316
55100
12200
17766
853
69407
90790
75427
17699
31319
73312
25739
92493
86312
66585
4565
99464
63149
20552
29911
79833
43889
30624
45116
28454
28605
60166
39632
34022
71165
59144
93141
58108
78027
73048
40521
44709
39041
82056
10573
66192
62154
33570
36584
35159
56172
57610
20160
98513
24508
28536
32701
42716
17505
55382
42288
34929
22904
3355
63224
47182
69777
45910
28803
82412
34849
73771
37539
70634
84224
12332
31786
24461
82086
86488
32032
22664
27521
34143
34386
83638
91985
28328
52171
80638
26093
41796
99894
73921
54377
4049
21867
74174
93541
82736
62722
90605
98951
60642
11902
87253
16579
7842
40805
94822
37291
34047
75508
11190
33465
90291
21851
98143
63444
98139
39486
3461
15362
57398
424
28397
26031
88657
27541
9521
58203
36665
23154
25018
65555
53721
2180
20037
40789
84713
99229
75346
35868
16221
66808
85889
63961
86888
79086
83803
23810
67521
89247
98517
67884
96857
8260
20089
54829
78976
18071
3274
90130
79354
28887
91658
52856
29025
57707
9743
60628
2938
37782
40607
43454
66621
85837
90677
37930
51114
91966
53622
15151
34298
58451
94132
31561
75271
60603
89215
15313
52518
66260
43336
15730
84887
50279
6329
45922
17851
21514
38220
90875
86040
21790
24268
19018
59683
64650
65659
27953
11585
64933
74641
55804
71065
94172
92059
57192
90764
42351
75421
56241
54957
73319
12227
50106
79677
15755
45075
8388
87377
43004
45756
4755
15364
92821
16269
79635
76446
25360
26648
34654
58784
24006
73576
64092
11453
78605
41133
11137
67272
95895
72363
5350
7597
80685
77511
33320
95744
52893
9673
31576
40702
36429
64569
42915
73397
72303
97060
44876
95911
84166
15161
34542
19003
45268
4873
32278
87525
45562
92611
69080
87250
93527
82604
44066
35460
69404
72556
35252
3784
54768
36445
14043
45127
96220
78587
38202
46858
59634
86399
44495
75901
82443
24840
59426
42350
80027
50430
21507
21440
35920
33962
89902
40723
3867
18275
4431
69103
86545
68184
19295
48399
59748
15953
98761
63204
97074
25495
23401
1706
6052
2871
41189
50459
8940
31562
79726
27630
15175
58526
72139
97035
99592
58312
48974
12563
46486
32861
14016
99700
76147
73190
15383
49711
72887
27252
28072
3324
44979
91488
38349
6534
29718
86125
18440
10195
67919
53133
21192
74417
96719
68552
31551
25797
12694
15063
58040
62996
92500
53613
97924
72877
21672
97658
23037
8227
3472
9917
11461
66047
42710
27486
60337
16146
70437
38602
30877
37780
23500
78706
36852
62615
88973
77879
46347
32408
46992
67858
65925
60727
96910
32913
98551
60262
677
38012
68803
66385
18636
58708
82649
84938
1833
55156
11801
63904
44430
82931
25029
36213
35510
31408
26561
17111
13251
18195
33801
67670
9667
98715
86286
10532
45726
52485
8987
36255
55268
62168
93302
9120
8594
78527
63810
59132
94413
64752
35969
78835
15952
52965
26442
18590
67650
23262
15676
84996
9317
55705
94615
14462
41161
63447
2651
34784
743
26596
54436
43416
6220
95207
61858
18217
78063
30239
74132
46344
24352
25901
3744
70585
61567
27472
22169
59271
58991
74695
1125
25636
38520
27971
86351
87086
8771
56329
67762
41321
95349
94694
13135
72442
39033
89783
33735
8310
58993
91989
84828
83559
10023
85217
55692
39241
22505
79085
56088
40041
89664
35006
50195
36737
43602
40285
79567
28197
36416
15799
67988
77058
94687
9532
1473
89593
21217
95755
33422
64699
35973
93433
95180
66618
61700
46769
69653
84588
2641
65370
63623
33859
1214
29936
57147
5743
87662
95014
43036
73326
66572
59786
88214
2792
99488
92063
45837
17142
76337
75089
23185
49525
82908
69820
13350
81684
60823
47100
32736
82833
67639
57464
95226
68070
40726
82863
23659
25953
88666
1562
9007
98192
54759
16256
3348
66869
88359
461
10779
62086
11341
49512
85524
67190
59332
829
54454
68156
71658
77490
34937
31770
5001
57024
51327
79661
50587
32901
43943
2259
70974
67949
45321
83256
83025
96774
94869
63563
93193
89266
84075
58059
77739
87002
89327
90063
76882
31594
31256
22340
84465
82992
67094
26732
21748
53114
56646
2506
31028
11793
99144
84682
90648
84760
24305
62344
5592
31318
26926
99245
71512
91435
58058
33301
89171
65789
20564
49339
62889
3763
46433
66982
61082
38437
27906
60991
66817
55166
6591
81022
22275
82169
3585
587
92755
52609
18750
71495
92303
32494
48655
33753
12174
366
21923
71773
26733
33309
20424
406
66300
10034
95275
88252
71055
3282
12474
40061
45875
5984
70925
63717
49271
40900
95346
1794
99863
60857
38196
8961
99925
69247
67423
45815
44513
63711
39961
24148
87642
81042
35447
53252
40695
85081
74329
98756
26218
98216
67985
54532
63701
87107
15250
79415
66686
43595
93066
86013
33982
57027
75202
76636
81117
64898
80433
6946
17419
86620
97764
70656
13658
20601
82944
82155
85405
93746
6892
22665
54723
99531
90245
8103
57468
76144
10837
17703
4888
60096
34961
12984
28858
90571
91872
38764
2440
71401
69609
26094
52077
63989
33889
83610
32306
43350
19042
11451
31479
98546
92716
39655
29079
42480
20239
80281
16832
96209
25335
65962
31325
57675
8013
58911
83435
55693
88024
16578
35494
5878
58969
85135
19251
44680
88153
7007
84523
17309
8776
25802
66244
52933
45972
17445
87977
57949
67250
42190
49916
6625
85770
93366
97771
82735
56312
53975
37778
96140
38551
56120
36960
12226
48619
26361
90233
55201
50502
98899
92517
98414
91389
91756
34290
94302
93648
13892
67152
78358
33176
20862
55617
4035
1889
23412
92742
4666
16140
52727
2726
96396
43480
42767
88696
15463
27391
1305
27501
74888
70048
82521
22706
40309
44912
63344
90001
15534
25102
52610
32945
82291
69761
25770
5393
90671
72364
40376
31626
25042
16962
43503
6626
1855
43785
1606
83102
54228
71794
70688
14298
82365
45591
18213
70580
64413
4570
53335
75091
93032
40268
50321
49774
89720
71825
926
76189
32481
58916
43917
93435
80523
92033
44408
56939
29345
57578
20636
87239
21336
28214
57278
72985
37594
52832
70201
86091
92067
91233
70919
975
52407
85259
62131
14719
82249
88478
70633
15283
27334
7949
69865
60519
9217
6992
53132
17074
43590
97794
88100
22373
86208
23429
6638
98858
72212
92379
25743
66717
38946
70519
44320
46270
93894
52687
447
48775
12141
69703
44440
8592
12148
16042
4176
92377
71521
51092
16077
2921
8628
96928
55083
90981
18047
96835
94023
94298
49545
47762
72329
52889
58889
94117
44809
5556
47281
81183
58015
65932
38895
65972
64567
68508
3303
7906
68235
49303
38825
84071
79057
63076
70486
99956
63412
20473
69436
98406
44517
96908
55641
90819
83674
65105
51192
83769
45274
64945
50413
44874
60911
35131
69925
66197
54270
63595
28453
23245
61345
37839
71621
83888
25604
80964
97982
71492
4731
45067
62525
76855
87288
58745
53972
92499
68646
35591
32472
93459
53176
14184
50237
76295
49023
2083
47285
47647
77585
22241
31792
7614
29530
58211
75110
70818
36294
13514
67298
8978
51251
48412
60326
8667
19836
34105
17728
60852
11143
99498
59165
20638
61370
79732
12170
70954
44287
87548
70719
1469
61438
95754
50310
37083
25280
67144
13126
53190
22540
204
56264
56450
75301
94952
93593
26376
38782
53276
2285
47220
29565
20804
63180
97663
9796
18867
32563
72282
32576
17471
85774
37496
20132
40845
81046
5476
61321
61364
39144
59823
6722
48396
87296
17527
13092
87715
10888
50511
59200
25164
1722
69422
65837
62639
95689
83700
26198
14575
21476
80681
32113
62104
25424
11259
16922
34589
57272
75515
19814
54856
17882
4717
23816
66802
5515
65377
46877
51463
56278
14923
61251
86941
7374
79649
12915
55237
13018
38926
173
35048
91616
57200
98061
14039
42392
48365
82492
84100
43155
91615
69265
46047
55149
15633
93586
99226
73207
22077
53495
41111
99822
9994
80304
36719
41665
7849
66591
92885
26981
5725
66716
66202
26459
95616
94597
39032
89676
29634
53568
78046
27848
76990
58148
84438
23666
59298
65908
52554
92736
9400
11888
98468
4489
23294
80249
87266
61318
53195
51770
86998
71096
43760
87990
23027
80109
93539
97082
7824
1350
69446
53507
9718
61754
83018
68219
90847
80267
29970
61989
86072
48750
53610
99524
14955
61509
35993
82662
96456
39385
9426
9962
44092
43561
1205
4662
68417
23576
77764
75035
23347
28166
29811
97810
86902
38428
61126
89163
79258
36442
97174
18361
91193
95332
44523
22532
34873
1672
13567
64001
79269
54946
24659
77370
93140
50666
82872
26461
26265
19442
50954
56425
10093
4816
38972
87699
31975
93094
98082
90927
74445
711
66707
23128
99769
76810
67440
34046
24056
88434
70438
47103
56711
65589
71977
97878
67465
91286
90746
87624
19988
75280
73005
81469
72482
23203
90525
85574
10116
76779
89588
90307
61079
94902
33432
92211
99368
80763
26153
408
85882
29335
38936
28027
24570
32684
21908
35659
74633
86928
57561
15809
404
21668
90909
24222
54983
36066
64400
89019
26166
46951
13719
4789
24273
52225
2951
92199
91843
8015
6246
30771
71785
76289
90937
84124
23184
11800
41137
12083
88418
8588
40491
15698
33822
30401
89569
10001
15064
13915
79742
94623
91958
41950
59962
76883
81194
86832
42866
98378
61273
88970
71460
4846
39688
86119
71958
21720
51285
6266
6745
22508
97918
8810
41387
32462
57624
91485
41868
95908
19454
37689
42555
81474
36981
96764
39553
57879
73540
95056
76231
79951
40597
84627
46476
94814
65193
53523
48078
64544
90737
34593
70737
62946
72262
45973
56823
82269
80902
58324
74133
35607
73077
99131
56622
39844
86549
69453
41559
83727
55444
25617
38579
22127
52277
3048
36327
39493
36878
13593
46889
87720
20148
88546
45329
9071
35917
38554
13615
16132
5593
68724
33662
53611
94807
86121
47808
21501
72213
63584
75369
19690
66500
39816
39570
5100
57253
12112
14445
87706
7267
3013
37161
88618
2154
65903
70911
21721
17946
62450
60018
81965
60312
89741
59169
22895
43991
69645
19390
31979
23590
883
63772
10500
88852
36939
81052
76719
85842
42508
40095
82359
15622
23306
4690
83856
11988
53216
11979
83225
25287
27907
47854
86346
98530
71692
20139
11011
51418
61391
332
86793
83056
55959
76080
85533
76611
80014
97388
4087
4348
65457
43687
80446
76126
91666
1110
76444
13816
31122
41952
31869
4972
93508
99675
58045
94702
95495
83068
67564
81140
58742
72135
4078
34720
7814
68678
55425
48223
50575
491
17497
39349
23218
30995
94429
89177
89703
37140
36956
72486
66119
6846
56896
16098
3736
42136
47259
91855
53497
11561
74098
84740
88833
11117
33612
75437
43954
61678
87264
6981
40087
10712
92134
189
60261
71449
58610
30150
72980
16880
83704
17995
99731
4911
95800
96981
21198
21374
15009
69462
54548
56752
97595
90435
59650
96739
89217
67723
4719
70124
68761
88907
143
72611
81617
16226
3410
14393
91036
42144
59560
39641
30393
68115
85830
97373
48790
75309
95362
5716
69968
76606
79131
17037
15910
2204
38262
75240
18393
84676
48663
52555
62912
41182
73683
29978
67377
99206
11142
63100
77626
92545
17637
59926
14928
10992
8025
53378
36529
19159
74130
42795
96488
5456
85571
44463
1307
15896
53136
58592
95070
4657
86277
93536
61349
35211
35042
53775
75576
89205
71160
82189
79045
72351
247
44842
8783
13237
40228
56757
51269
71157
51146
32569
73886
7541
9755
50365
68615
24516
20608
31783
61283
17716
21595
32817
61416
30266
73196
74303
84835
26904
75116
96945
64394
42200
13021
12228
3790
90946
19115
42456
20088
91690
68455
28756
79042
16299
65096
20068
99772
49769
15090
32611
9895
36945
46024
29638
20660
97144
1177
32714
20750
35971
76481
74393
45253
38927
8026
42113
7085
4081
4101
60552
66200
53595
59785
21761
17529
39660
63105
2349
64909
257
38886
91161
46610
9774
65004
27597
21793
81872
98047
15437
69593
33579
97679
69139
20644
17648
12548
64316
42361
57229
86895
13624
90592
6229
32021
86271
95607
62372
94322
3184
13395
19020
29683
78869
68885
32859
71370
50071
8709
96071
77991
78843
87717
20802
59675
93602
10850
44111
75344
91656
70611
75575
52892
49256
36869
27426
32823
70331
73826
39832
4697
67630
84009
49422
51620
16398
36186
42636
15478
72589
618
44051
28856
12437
54538
303
1988
39509
67849
53817
4124
22846
15554
83517
9672
56710
15170
32574
77931
52377
11109
74309
55288
59203
67553
76106
3865
35521
80082
95657
50514
23034
76323
49516
67183
9034
67074
93953
19096
86238
75718
53469
51564
32839
95087
11869
73687
17879
74750
11886
50191
36035
98915
83858
49176
21395
54071
83735
82371
79267
49463
86575
53312
60374
9804
28176
94274
79213
63845
1595
3837
2298
91123
32999
64454
24693
98923
2623
27111
77615
24540
29270
33474
24044
62182
92899
76804
76170
54975
66876
95796
13805
60600
26353
73997
38193
42513
82792
89652
19169
59396
27257
40165
67941
23071
78029
56723
10947
73420
92536
7616
46190
27858
67878
24705
94591
34863
3262
80835
54023
74124
41523
77351
73827
30797
86387
33854
63669
26431
58988
51927
57937
51945
52702
70570
58804
13982
94685
54021
18331
18693
82392
59499
78051
93399
19027
58036
22325
31201
9530
43864
1518
24782
13758
54523
89811
13295
64403
41000
24719
29469
11840
28468
26706
67496
96397
2622
53599
254
45244
50340
70665
39815
46510
80621
69286
23934
15930
39666
74450
48302
53671
27310
42224
20182
38072
73467
79705
4976
44672
90456
56745
37747
35950
26660
32910
27560
34127
56324
46136
13310
3723
280
28713
54980
60513
4398
51033
37532
7489
22471
22462
22380
99670
5977
76878
39263
71673
92680
78973
41462
29042
54257
3323
6777
65567
12970
41368
38642
17044
64760
42387
97825
95825
18417
48483
63828
27300
60788
71483
47643
48383
4713
97872
69211
99042
56284
88799
32663
91376
24335
31430
9636
23811
62047
47571
76633
97951
69425
58286
34976
29798
34270
8980
78927
82273
1426
96351
92443
61276
56588
39507
62530
52237
12017
32928
25236
76001
25603
25393
87045
17972
95422
31470
16367
22204
75766
15154
97709
27243
99875
26541
68239
78968
43107
43103
45057
88821
98229
91951
20439
21734
1927
38444
3792
4655
61330
91495
14595
56333
34497
66730
66438
90074
91250
45209
63197
13294
32898
98405
28542
13943
82654
24186
68891
94097
65403
24609
4514
65112
18463
49676
6422
82475
34438
48013
91418
78389
34690
74080
38046
64870
26970
1054
38931
90485
62224
58957
42160
93543
23966
11698
63065
287
67892
72050
17124
47644
51661
98306
24995
80864
13895
70735
81089
7017
2232
29737
73873
77736
98274
47879
83033
71285
2384
5684
22076
30031
2050
14918
27999
78341
29657
29261
24053
98658
21500
44108
61312
49751
34799
34652
54693
28747
50495
99373
96427
7081
21624
38174
22599
11438
53313
56655
83030
88538
91564
11753
54022
41660
85309
47262
2063
35774
16353
27294
28941
57622
35128
90098
43715
57195
47499
38656
45703
70460
84930
78613
19268
30264
12239
93075
40207
17448
15370
65804
13836
97623
10075
10260
78558
25707
14950
36578
17939
70153
43062
8129
64224
11318
61939
9828
3063
81412
5146
74436
52489
70741
18798
33598
68434
90515
59529
59525
88115
9319
214
79752
12156
27679
95228
57180
97218
25470
89063
30437
62014
42924
4318
12492
95809
40064
67584
11880
19659
63928
77211
45421
50028
87298
2563
86431
20459
65782
82503
93895
34568
11419
70655
22871
21092
34532
35737
17801
26533
28720
87188
19000
56139
27996
81722
39610
13446
62312
48227
30432
8659
51462
83706
2352
48975
81826
34904
6910
84818
63796
51557
56145
76420
58192
69052
92103
25680
19452
10632
44412
84161
21747
42363
88460
71836
82370
96146
9522
17263
34632
6799
21915
18111
90768
41989
98455
94920
35791
67972
3990
17280
25472
32009
20759
11938
87067
51286
99546
68276
9939
23945
64809
66782
75284
46457
39633
39412
79950
14005
35518
22088
78931
93352
21218
4740
67047
67420
16094
32853
51491
68137
79060
39933
93069
98049
75004
92987
11054
45353
15233
6993
68411
15635
44141
9494
88773
49057
59118
73787
48032
75553
87713
26250
51278
34791
51063
59289
51149
76851
79884
1464
61134
95672
91144
19310
88578
99429
28897
39293
21831
92773
67475
93252
63853
36941
16418
20978
34450
60870
41288
78331
48257
21795
75300
66520
65202
95823
68215
30602
82829
12371
48251
59516
42110
39073
12978
34011
65747
41890
60898
17838
54955
34305
56025
41964
83175
6671
24615
96843
10051
91406
52921
68746
65930
79600
77159
49325
95942
11755
48391
98237
99385
93214
11219
34336
23460
1103
63926
20677
49575
57269
64209
59000
81405
60748
78223
5045
14305
37238
96956
76485
46015
26063
50242
35953
24730
43153
70291
88211
77429
10047
66892
39941
76526
18222
31386
91505
9814
42746
42411
5199
39550
29163
14934
50211
12614
12536
53865
60427
40664
31528
67979
5094
71743
47674
67621
55630
12774
64783
75010
8794
32673
80274
84301
27555
37735
72975
53222
90323
18000
50579
228
64161
99662
55695
39141
52397
75520
84107
61982
53309
47865
22503
29756
61507
94642
29001
28231
10261
46358
26571
91792
85125
81378
11125
52536
62065
94810
34443
20867
59501
73204
86903
75076
2575
80470
42947
34173
45752
38916
34516
80529
54100
21136
909
93842
42976
53106
756
52493
68868
70544
36688
91893
90143
15817
59495
48788
37276
71936
8349
72166
35954
96462
50491
66818
98689
54828
63633
17426
46251
89435
58065
80887
3914
71367
66773
87966
70214
43800
62620
6636
15522
97805
96114
60533
48187
85427
85960
90754
82862
11179
54978
17230
46744
5157
35553
8412
23604
93139
14548
15709
57070
86729
1047
50175
95408
97007
70148
46685
79467
10501
14219
71142
80974
75187
85386
66469
8190
1448
28796
24711
58026
99460
17578
77819
77388
87240
1727
68064
77748
25809
82878
51075
90657
48837
34110
86647
3776
87814
98241
99282
84688
67869
57783
81768
19668
52659
98528
32229
31546
33686
64411
34884
50113
32185
53714
56808
63687
94365
83043
67481
86849
2972
76973
16101
69025
72495
11767
21093
48123
49092
93062
41059
45686
61864
11272
45684
54987
50097
69331
25963
77588
77693
92719
55391
7552
16600
54815
14205
97847
28262
85575
50589
74011
62619
79147
88943
54362
52608
98400
47894
93348
70271
2348
85241
10820
50222
17110
92967
81409
9046
10267
85231
64239
11065
98879
46975
8072
77289
88958
8180
75835
60019
31550
8770
49498
88878
24083
63130
79167
77968
56371
61272
5939
50613
4525
95718
22034
71244
4817
44932
59303
45096
2330
40164
99489
1990
22384
52871
79021
58164
51856
33748
75637
67719
9785
60265
94035
91787
26995
33646
61139
3119
95323
46760
5523
72261
17730
26645
91211
60786
66234
54500
93814
66195
98789
831
75630
35101
72177
77866
29964
77478
91146
64664
30684
30679
75056
34057
61854
93935
71292
57339
68050
94457
939
73343
85432
49382
47995
26434
92172
83690
82012
54266
11207
59470
20125
34166
18456
61023
936
72492
79432
42090
46984
82762
5475
99631
11393
2343
47190
47740
44427
80788
18476
3710
91231
83039
38336
36689
4231
94133
77132
81702
49413
50243
24136
31352
11095
33300
76815
30173
20549
60741
11733
91356
92346
15634
36330
37681
23927
2347
35403
65294
42890
91706
47506
29271
13812
96406
97576
60376
91923
8933
56990
71912
92812
8383
78952
36728
94579
5409
41330
28989
52006
84558
85630
24111
47776
46724
17042
83385
41575
28661
40608
17133
83923
16636
35903
6081
13835
36078
65905
46879
50696
11443
79078
48403
5154
8019
78903
11069
72387
44298
3712
46265
31045
54265
54667
61202
67667
42874
40154
10141
38753
14165
26537
58179
80545
81951
80789
86054
37838
6912
43043
47955
10719
59230
8926
77083
89039
32963
70482
46218
58832
69400
49222
50755
12372
44233
20917
20945
74449
56167
61250
58799
67039
80777
30591
57029
15972
12349
47979
3860
33159
89999
22797
38013
16209
95701
70351
18001
88251
76210
3857
72358
41628
89541
28596
76404
52484
60465
7122
21165
20429
46120
91729
38399
56470
63847
1009
61005
94825
70886
9481
8955
97710
33715
98831
65728
37570
90926
31230
4979
58144
28257
16351
49493
87892
36279
21307
31571
17198
1115
72612
29121
94528
53880
21874
62226
84706
33408
61319
82131
30289
87316
87862
14845
51759
39460
80658
94437
91620
82660
28959
96447
94088
88000
10785
63229
3248
90989
53529
58214
78326
65836
57051
98709
88856
51100
15387
69118
9662
63487
23165
98775
41373
72814
97669
63513
56935
37182
67821
3179
97186
20091
25247
58824
55206
36857
86684
99937
40874
58374
64135
41843
10264
14811
98124
3821
22442
50650
6180
92615
95027
47357
66061
60235
94015
53900
57830
32058
43052
22798
43133
32221
36969
7882
11201
34069
5918
63007
3962
57536
44865
79751
77528
72528
51076
71326
43636
10557
76021
23763
96635
76863
2873
51668
95712
40157
63032
46938
40021
60466
16710
61407
72968
79637
75693
31282
13970
97762
34715
24252
34605
9240
55995
84577
26895
6859
93898
31999
93359
91293
75059
22170
29399
19144
42035
50404
79502
88929
15807
12373
99022
83822
55329
6273
2615
34049
7129
87691
5140
64396
52839
62378
70949
73889
4782
69289
95794
43501
93257
65636
29626
93281
650
57216
41568
68692
82699
79028
36412
29152
59142
33650
94285
54627
38874
91062
18631
13421
40481
63785
1077
66227
27946
59806
59875
16446
44952
98753
98529
38758
22240
73962
20329
57387
41682
24207
14730
64930
31073
13541
900
96136
29930
61768
37620
2758
60648
84631
13778
26754
12936
63019
57784
75470
94248
55927
77023
79171
54521
7563
79143
66854
90186
46013
26749
98936
18685
89102
76631
69681
23398
23040
26960
89503
76448
90081
95269
35316
41608
75480
50038
42042
49945
4457
51130
50663
69293
26857
11131
44508
86104
18900
35959
46416
81112
94449
85359
22554
24463
82720
15935
39707
20683
16512
27364
13919
90842
75594
76777
97651
83388
85631
89726
52698
10294
56157
96241
47479
90407
80025
63680
47229
68003
57611
26080
93731
45005
44535
76898
9506
40371
34019
69093
13824
77531
64919
84747
58008
8450
40495
60966
5830
67337
47434
63390
62477
17749
2016
86444
83212
5911
64681
61347
18578
17941
7820
95062
96790
58195
38347
75206
19808
65197
66643
71412
24233
37065
29696
33305
88714
18864
3533
95316
12468
50752
3068
73108
35940
91482
57523
85409
9021
57045
78530
70197
34634
37916
48247
56274
70517
8368
65093
68983
39915
33642
85721
73336
66991
13549
45115
2801
54564
70816
12198
56656
99085
8095
46546
57700
48908
17308
76842
2870
65941
52932
13569
85174
90757
41744
64963
19411
91371
77103
8351
40191
27512
79658
31285
10412
61757
10165
48063
56838
3080
27557
55182
11322
13236
94677
40379
98312
36282
71357
47860
58537
86020
3554
40793
76314
7336
80985
52245
5621
86394
86468
30541
89763
58620
27115
27404
78300
15190
99978
85634
54688
98130
94184
18174
93326
16960
31003
42309
61214
79809
91548
75769
91053
43797
96994
61717
59559
78954
48901
35700
35783
22769
76965
56142
97662
45014
10898
72841
2915
60090
4737
8846
66526
42961
50530
21251
88669
14343
49722
98160
18808
49629
52267
14775
161
35975
62345
3787
8553
48636
24030
45978
84964
80644
37345
74065
50304
24277
67625
58006
69665
58395
94241
79475
88058
50952
30218
61625
88440
4900
11914
13507
70359
38092
92543
45289
51814
26128
64725
98118
11043
71974
39416
74875
87723
3883
35498
39663
89846
95108
1063
94881
91632
52596
21643
71113
35617
98619
88840
43244
26803
41629
90243
35936
51868
16698
38868
69312
40634
57285
83715
66329
49885
71612
74440
91049
36582
86097
77771
75648
28356
26113
46128
19385
69095
17713
6324
93186
76186
12687
16592
30021
20781
14030
81413
77506
75449
34159
58903
68217
36591
82379
67267
96078
60995
21261
90654
38345
64928
94099
995
71416
48142
81073
27594
38001
32086
35258
39423
73251
30490
30410
49848
73725
81418
98311
13009
93303
94186
24029
96369
24141
68683
86745
87516
97360
20734
28373
48491
2889
84138
24226
53585
31401
45161
18651
27939
15914
75060
91408
98805
94998
96767
11587
73642
91171
53532
8203
51171
58965
85548
44610
60003
45734
33114
90419
36233
85196
96345
93407
47104
6200
60551
93147
3830
52870
98095
3310
4537
89272
44816
79669
93637
25056
22779
64333
77484
44767
65959
26310
35112
64067
80857
35073
67221
12675
5183
46650
27
17822
64440
36698
57019
35859
91635
66735
32403
22246
91112
28948
95198
7134
38206
16669
79722
53033
97789
65319
20567
59324
54963
30868
39909
15924
77201
40729
36727
84345
75323
8877
75256
21002
20367
64451
49074
27534
69586
21276
61551
98704
41795
89169
1807
77502
26316
3067
84493
66968
28386
62211
97197
22447
94657
94965
62405
70879
99773
34612
24797
2534
58075
91282
36318
11105
77213
80680
81633
78668
67401
1838
93494
93735
46802
95716
11916
67757
30234
57935
48224
42101
83920
45001
8784
8240
21651
47984
92523
4211
71282
45450
1080
92689
82856
89223
86470
88437
73299
39006
35461
50450
37096
64266
28730
97127
86697
62335
35677
17865
11785
84758
41511
78312
79365
42263
17772
97013
74944
99893
68943
91539
55717
32418
53719
92058
7640
62747
89409
14629
91781
16340
68489
99688
87215
1084
52904
57680
49374
9969
4118
48826
65365
4643
88477
88861
48346
11168
56562
44259
69076
58199
54563
23156
83778
61583
83873
92918
67200
38612
23121
84554
85497
90009
81466
7386
94938
99642
89881
37537
52075
90266
57475
11985
49479
46575
27767
37727
95570
27166
55734
21829
8842
62937
24963
33468
71686
20392
61352
20899
3382
80878
66704
62407
800
21544
61872
71791
97221
95472
93453
2129
24896
32205
74237
74529
85816
20324
59153
4675
89578
96398
66181
66471
26871
61511
89751
10052
61439
76288
97289
22385
72158
99542
6804
11573
16181
68670
26487
40815
94414
61028
40844
26606
72357
76091
50481
32741
42885
31913
80666
60098
95137
47406
21880
24752
72999
60969
7713
54334
76709
91569
77044
616
40037
57492
50904
84399
85714
77268
40384
64237
69339
78405
98828
57341
14314
46529
53029
34946
2997
39741
74054
53853
64613
48321
63459
1450
26610
36916
97842
93294
5257
4523
42769
4700
37565
989
71510
2772
73699
10757
54441
8573
191
90471
61774
59815
2667
55326
17891
89116
1541
9739
66320
28517
31027
25020
27466
89693
80779
42210
86063
44862
44563
59894
26020
1000
78057
14113
40775
57664
54125
28212
58247
12672
85656
534
66292
86149
81590
47246
65976
97579
2133
52787
8494
5279
85015
94111
61338
30312
60423
96850
2643
87263
5517
32521
80911
94655
38461
3739
80713
5152
37555
4857
64634
81963
61452
42464
18241
63085
24347
22431
12187
57991
27910
89056
77491
24389
55911
37498
69035
87493
69079
76050
76727
83119
71741
16144
31602
90634
36630
10477
55153
60180
36681
4327
58671
5989
71239
56089
36645
61681
24541
10819
45598
24054
22646
78363
6026
66692
25589
58834
31320
90129
62412
53670
83812
12400
37509
15501
39847
37711
80166
63640
60688
22732
74687
74015
55947
25389
37986
8119
22278
95929
70215
76691
27503
81790
34887
15405
17359
85424
70514
64229
41513
85223
43315
21286
2649
58689
26928
3384
98938
24317
70060
56021
48567
6886
22262
37458
87989
85914
81578
68250
80083
4730
44994
57112
19909
56605
70251
16455
26397
76755
56767
60288
38099
5435
48058
38199
23078
61333
69454
54062
12066
65746
41921
47913
51559
8116
91038
45765
52946
47288
86638
39214
38255
17586
75760
87535
48562
48345
55434
67530
21529
59598
12462
30513
33850
6512
9290
73012
9927
17669
57062
37527
27958
16279
80866
94466
90891
11769
94963
29203
39357
86525
12720
65538
9624
17533
73649
55249
63837
93827
4284
86224
95645
25777
21925
58672
62125
62217
64534
73133
192
45013
13353
15819
61746
72365
38629
92958
55067
57043
64814
16547
43698
45679
91882
84460
55327
97049
91213
22211
39097
73951
55822
2166
30695
6339
11568
58995
35731
29279
70213
82859
15920
78615
23877
80363
46703
79894
84671
15062
10
7754
18371
17636
80034
52033
19584
12207
46341
77522
74292
24773
49977
46664
83042
79861
53690
88113
73492
3961
87831
91887
79769
684
80752
72087
98404
70590
62423
92757
86910
57852
95013
59547
5295
2443
89279
99752
55392
67352
84910
19855
95728
14101
83176
73588
44562
76269
96572
60293
82068
38108
3530
15627
867
93242
40639
58106
82054
91527
36326
66715
17076
51819
30
38830
19735
18419
77963
98496
60033
84853
84002
29021
21068
71034
95574
98210
91810
24911
73692
29224
9800
75585
48398
52639
94616
17489
83762
61206
2221
64185
70002
48920
70222
60219
67708
57016
94122
91804
16776
80653
64784
21298
53021
47251
37768
60480
16207
82240
37208
43915
68581
19717
53401
42277
51211
25380
41548
86716
76449
33652
89068
28268
76248
19973
83330
32504
20108
17689
62664
6175
75111
4935
69374
51617
60242
55596
96841
74351
75728
3611
72761
68129
40493
44997
71606
17370
74170
91308
47414
41339
85010
50463
46426
71040
51929
88683
35045
42792
7214
15347
54213
13457
36879
34902
22533
40332
81360
30245
52970
40466
76136
59089
31263
96288
52853
53978
54635
18592
82082
35009
74835
23849
96003
93390
29391
36091
64349
199
12945
81695
3664
49080
89058
45382
42770
20560
16158
66868
32812
91953
30343
16864
13632
96147
94116
56698
28041
63632
72094
68268
91628
2210
69763
64995
67522
52217
38725
3321
63365
79912
38749
76465
18460
38878
46124
46452
24594
67563
98561
80339
74837
95280
50268
23196
83484
7011
51047
12565
27407
81074
45229
85778
12367
3517
54923
29313
88034
56535
126
60269
15601
25072
85439
97880
93787
51842
873
91830
29255
11186
4522
22151
27690
54615
45702
4841
50619
53458
19163
67903
90825
12518
29267
83979
13733
42078
37877
96272
90464
82229
59628
30556
55400
81189
47989
47804
57708
29729
43571
97044
48541
40690
98246
93673
14368
33451
43084
75319
94240
24825
87796
80552
31907
14269
19773
65188
28
20143
53088
46335
5318
14194
4526
37495
72385
22405
78285
66215
66956
21642
22677
26046
63981
17579
76923
17522
83222
84653
54030
15780
1387
42771
83964
19423
33866
53265
55359
39449
26937
19155
97285
1994
55518
44033
7488
30338
94329
82989
60494
52959
78534
14792
34732
88456
52261
83334
9370
61008
39245
65098
54825
66521
65108
98493
29817
84476
35119
3598
36754
77825
19221
16589
32798
73688
1834
39207
83673
11490
68487
75360
48220
83201
67402
19792
31642
99568
5114
53805
13837
68009
53107
13750
74186
83885
40142
99236
66273
44262
51915
51985
20293
94979
5844
22316
60129
39067
62685
41635
33922
13262
15493
30329
69960
7223
67832
7676
94788
8466
82439
23596
12921
79787
56098
98678
31094
66354
19288
1938
78144
32044
54605
49381
46976
42008
17785
33019
31341
59336
42
99281
62989
12140
72622
68587
86002
45266
27237
74458
68249
87903
72149
33267
62253
30196
56461
47845
65562
98606
1570
4771
76160
50513
76328
31833
87358
12356
14054
48646
27776
82896
10343
12459
53268
76944
1986
76202
60372
76545
88226
14830
87040
92364
89525
69675
25944
13305
51902
76143
88112
90752
93622
11320
29647
72503
3919
32295
1771
2819
71720
87424
5220
44613
60609
57226
99934
30846
90087
66486
33475
94693
99093
11292
1291
53474
59306
86342
90357
88921
13938
14851
33257
9571
75642
8439
95934
14198
66430
22782
14922
49140
43327
50535
7745
6723
99207
25964
63152
14505
93113
35908
91196
9449
457
68016
67207
38175
85536
37931
53433
41262
85232
58385
49821
48565
73656
43816
26716
75217
44075
29894
26674
2255
54287
72143
48949
17353
55198
18705
6624
10108
9276
44919
41375
89968
1868
30199
531
95409
1392
41428
54582
25562
78621
66525
40145
20358
8487
67982
13811
1427
21870
17965
62983
61557
46065
59861
32434
69892
12368
97993
6360
78546
99252
94501
62142
44512
26203
67745
58744
85207
86899
87321
20635
69890
71916
53708
33717
49815
53170
12973
30058
34841
36947
64012
55019
92395
17507
33602
30927
66891
86755
48535
28020
93755
47344
13438
89459
5801
90563
48083
30636
53393
52195
45327
10736
68146
69788
29571
78673
89772
91814
2477
91743
21704
10575
60877
36264
57877
78488
94212
16508
79764
50688
76616
74601
20342
60454
23277
93212
17281
49924
89704
73023
80513
17534
70184
20645
18930
92385
50057
49715
34954
5040
15475
25849
76003
61465
19356
16929
39558
78966
79909
84388
40213
60334
67704
30090
11730
40442
29495
36124
96988
21380
36044
21822
66142
1393
82733
31835
28428
82467
7385
64304
61848
90167
71582
88004
74510
66749
55544
96031
44674
95537
64475
47368
78418
56170
78529
58116
90727
66387
61329
61772
43748
11368
37622
67018
91759
40826
7914
66235
13720
54952
21346
86551
40153
19638
2568
62408
4696
36485
21224
62000
17394
54597
9171
93083
6640
4753
43267
48177
70721
76386
89831
33580
58056
12257
92745
27713
58296
65811
58483
47023
60317
58419
46582
32187
31147
49909
44158
31841
66089
4600
79552
24105
56570
48873
15118
81543
32164
92369
58862
30967
21863
10806
45129
7277
92980
76255
68322
76685
41951
52291
1791
37309
31082
63227
80375
36593
82583
62587
54073
68032
83195
49225
70168
37335
81229
21879
94759
59603
25811
14161
63435
59313
12759
43226
81832
46365
49025
99239
20655
42781
83684
11975
69568
48964
21455
54167
16392
69774
41026
90782
27161
16818
12491
79088
29779
54690
47777
35609
30690
2369
49488
93411
91774
2659
80479
24956
88617
93058
73899
17268
24362
81557
69577
3902
25499
10891
29417
78846
69315
73644
10434
85181
24918
66485
97039
91388
66600
26276
38277
46231
49365
76094
25482
79698
63895
65400
39730
94121
33951
55839
36836
26863
19943
65158
50104
80105
16404
54066
35440
59014
75533
8584
57139
45769
8287
55684
92969
93393
53091
96411
91597
40520
73577
29496
53789
18152
42209
35161
45298
21273
665
95919
29144
2307
97187
3941
88054
48915
93513
31802
33150
39125
83196
82542
91570
56263
93978
1725
86780
9493
72894
89024
31881
84854
50577
60535
96185
76031
37051
71369
94686
86024
54757
42994
12832
46649
84574
43853
33837
37944
47912
48273
33068
52122
2787
82975
85011
9009
87926
17143
56958
36549
35206
19989
9362
54208
75270
52847
80195
44090
36130
40803
54157
389
89064
1300
66190
34857
78582
82930
91707
25163
53818
74247
25905
62393
64170
21690
18946
45732
31067
92874
35856
19181
78922
15801
24801
75050
35711
68903
58999
30040
84320
19443
81541
63916
63304
54358
84386
49132
69660
33716
84187
6497
84911
52681
4582
46573
71106
46386
63699
48654
58699
31179
35997
32890
44199
19344
65803
4155
32892
89291
44344
18871
7403
579
47787
62696
94651
46313
2486
39445
5178
9779
18522
44727
80248
28402
65608
14023
90202
94923
93228
93284
42407
44774
90155
32951
97391
49016
21534
47677
35439
51768
80169
54345
79679
91863
64672
31779
80741
96267
33677
26572
62465
98568
52857
73344
43136
57290
57189
90451
45097
15134
98457
72056
83652
67227
77853
9196
19674
80819
98558
11277
77362
89928
76187
68597
13868
85982
48028
42978
27251
12766
32417
76277
20283
89854
72290
15375
70511
21091
88419
72667
54128
14366
10467
27744
59252
15356
15181
21139
20265
35021
68141
19220
1937
8322
56623
78844
37407
38364
73646
40602
20435
68378
97067
30154
22064
45613
4313
86876
6964
19756
3987
76651
12087
62839
50743
83928
31951
45527
80764
94299
46893
34278
94867
79372
52858
24515
3647
83252
52803
45316
84080
37420
87787
74245
12004
70097
90993
31261
64505
78200
64471
39246
51500
51252
93938
24028
33718
19041
91797
60050
57133
71761
83266
41267
50350
77442
79155
53197
7156
57687
20904
6478
39755
56246
85121
94999
72243
16238
82421
91424
32759
39019
87291
58184
6263
22489
73269
94744
39862
30617
56905
84143
34832
48097
77399
17696
90235
97626
36874
58326
59122
93131
799
22095
44531
20146
22168
25852
81332
22250
53100
55000
3502
41246
22269
82636
34892
68562
42129
88441
5829
52209
37825
2794
34037
33253
68840
3662
4478
27518
32382
73135
82047
58970
65729
34864
60986
49172
70433
56928
69162
96602
30830
18318
59505
7696
62724
62324
95930
34764
8504
41220
36712
15330
9765
82683
36683
75358
22242
70552
93972
64707
51484
9971
12985
47436
34763
27662
63214
88783
22772
43604
2191
6208
21410
90959
24219
85357
59081
49694
550
98090
47823
87832
20353
45497
172
57667
62137
27826
46658
12882
13668
58837
38847
43085
15378
49552
99830
90356
55243
90072
25325
23177
80851
17015
12050
22254
18847
15726
74528
20857
2303
49200
96541
57996
74876
42400
29223
96889
19563
54784
20372
43180
19791
16417
85327
9680
36697
83556
29008
60703
57372
85993
65135
34062
12515
82773
28680
44516
71674
65318
81627
908
43641
79101
42015
68051
81793
40801
57152
81198
45376
84644
28272
95782
61393
34604
96803
44659
297
73839
33388
11281
14769
91793
35995
44227
15866
19829
5356
159
20582
71043
88256
81535
42591
31625
77272
98334
26927
18767
51775
4026
55614
30915
65398
59749
28983
91841
987
2174
8205
42179
22928
30972
40960
72722
47895
26792
53498
21869
71431
41018
93105
63205
23603
55970
31367
5232
13108
75639
58057
40051
88826
88356
69384
99177
30790
17828
68522
71576
84393
44506
38270
26342
24569
85854
568
75248
76900
21486
88787
58095
24922
6637
54121
35178
12290
97961
33509
37975
65954
60160
22154
555
39016
38677
36500
40859
23252
19755
73351
29389
63167
14446
39425
24603
30641
63142
26778
63052
1978
88498
34071
31963
95133
70993
94424
92919
83897
82416
82848
86017
68734
71056
15193
98787
16852
77421
89342
91563
2028
69368
13280
70667
30793
97916
74739
22130
14585
62386
87199
56097
98171
62618
59219
88681
75506
35692
93967
73809
12258
60798
94083
66805
1987
40447
76887
37708
48459
66221
48368
62896
28631
64579
4046
20040
97071
36334
16947
21812
92620
50334
21585
11468
62266
85732
79441
40068
80691
16588
20554
25461
85277
38090
11246
58482
54427
15487
86344
57889
37894
56239
71915
65916
31125
61359
23899
42895
95578
16395
99624
87243
56898
12754
5491
50977
19635
8183
34528
21639
22454
72192
98816
43897
60100
92814
98507
38382
72989
80926
47278
77897
65956
83129
94255
79184
59278
84600
73529
65496
16740
57223
96796
2592
1545
64498
45698
73770
31895
33630
82462
72437
14435
2052
42860
24499
86406
26620
6528
58852
89901
69387
17596
63581
47130
50957
56090
82078
39219
91023
89273
52016
68313
36340
50911
77073
88515
61135
68056
88346
87230
74803
35620
93880
88944
97913
12776
46026
79688
96553
85648
69721
7727
4660
5810
48881
31629
39948
78661
95389
21586
88198
25403
65487
94994
24402
81389
69893
4639
87550
49781
45811
52662
36492
87976
73425
41812
26718
183
41869
94888
31839
15245
91930
71999
47877
80505
38524
96992
92159
76634
60770
89708
20153
60229
5242
29703
35199
13968
21022
41092
72227
19687
51923
31918
80662
47462
91159
91091
92903
86571
82721
77967
69974
2574
81349
53667
88739
53630
20861
50773
39052
3629
54899
97584
98646
18235
94434
57471
85893
20783
80440
81231
83520
67171
79343
5362
39772
64530
65624
67676
67130
66920
17905
29681
54794
23239
84815
64953
57912
19272
97785
54273
69498
99907
42517
95174
96414
54576
39398
72501
66783
44929
86429
24816
77271
30562
22292
25993
96131
67219
71269
46349
8270
54761
11974
52048
96676
87414
40955
72333
60153
88836
8711
44624
48492
8686
51472
38715
93055
72029
93355
64803
34993
25708
10319
54699
25893
35977
54642
39984
41644
3311
75593
27819
46544
41147
89191
10523
34511
18634
26011
76991
29527
45719
8672
40176
24108
57424
45132
47079
48080
99379
92153
64825
64088
40998
45089
29174
57628
4016
68180
68890
53877
20280
7580
20296
33338
93128
28310
60011
98683
11915
80782
15749
99829
89931
22615
36292
55725
23956
20976
37725
22326
70051
20166
97122
30519
76482
58775
61213
15402
35225
75457
259
66126
7831
77352
2427
14868
73387
73394
30997
20764
69475
5451
84567
45408
76279
90262
28410
26062
33245
67922
23929
43880
61322
53236
43213
63054
32394
79030
56493
92240
92802
9492
99721
54647
17643
39081
17052
41671
3688
33107
80227
11235
91207
38610
69595
32899
44616
32042
93615
5103
263
25999
20345
27355
68208
1699
62340
11829
57855
6548
23456
29423
42087
23190
84604
64464
54640
59019
43967
79053
46057
76745
76749
32051
73164
39165
45007
3298
47284
2878
86021
15217
89727
40526
89776
17718
38215
63330
79533
89418
17889
84729
79695
38138
2476
65170
55924
91828
4097
1637
51982
99209
64028
18465
20123
90416
47562
88939
45222
4617
99719
24370
85381
50
14535
41495
30775
85088
93373
36825
56971
64756
5361
63082
74627
92392
19476
72300
51339
29587
33193
27027
13783
64496
32491
85689
75178
46122
64956
2337
44007
59584
48643
8937
70592
83510
16230
84842
24366
38137
40166
7512
58354
19212
50418
13539
77216
76716
51074
96111
37404
45054
86198
9346
11969
56016
30048
79946
231
10035
33906
57131
66569
90544
35329
76423
91064
22487
87558
74829
12480
51301
46178
25462
15287
77609
64528
18539
79603
98663
61473
6153
45975
5720
25764
73967
51607
38128
34926
74110
2128
92441
25506
92034
67955
82969
92005
3252
10408
69222
76206
25182
65471
91322
21293
27938
22410
50205
96104
45003
11061
33433
9361
1608
74788
97293
23985
66351
90071
35900
57507
37645
56871
25092
63824
55689
87363
96110
9619
25933
49714
70803
57126
60839
41299
96957
89961
25862
13423
10998
21616
69022
62498
6857
85703
88411
14452
62669
27339
42359
6270
90476
33090
67943
19878
87906
41854
54495
2920
66833
98336
89716
52928
58271
29069
44573
55352
64026
77697
33128
13802
14359
51329
97444
26809
24342
32600
81524
48034
48344
77459
3044
96893
83349
63122
89832
25833
84013
9973
20365
10654
56925
6440
43386
29802
79826
74572
50578
16885
122
91472
24391
38035
64680
4066
67973
16403
96301
83313
22126
70247
72371
54236
74198
65238
90985
32476
22629
164
59239
77477
77687
80111
10062
93431
50798
43948
31238
86009
25248
64955
38491
58844
70187
60193
56402
93387
24319
18197
80628
4930
87615
29294
81689
85418
65816
57885
5455
69392
83436
88450
42265
83756
51603
14734
99179
32107
26948
28267
88574
76235
10492
91703
35333
4136
41853
95310
78132
73946
88572
41897
18281
58251
76095
30015
2715
35002
86839
82088
93752
25820
82776
73184
34747
84054
48941
75171
17453
95532
34578
86790
79187
98168
86605
46689
24686
31995
98734
40216
96744
31988
52240
58923
2859
72251
20671
2245
80456
52098
50369
95428
44334
60510
83911
24179
92052
70128
98104
78594
3831
77633
42427
83098
7154
17488
60053
82
89352
27263
2318
26839
73727
66313
92788
5760
89460
95090
86513
40185
85919
68258
56795
66655
97527
52364
471
35730
1655
86084
35400
20784
42561
83120
41422
94426
72190
90126
86381
98412
28518
93528
76487
44561
13643
3778
94618
48173
19395
13857
98308
49193
19008
95205
98384
97551
78708
44326
36757
77265
10458
38043
45168
5265
81994
23661
89375
69561
56411
84844
52611
70977
74610
3214
56840
96016
60149
1153
17160
32905
46377
63164
36690
27714
50989
2472
60490
79327
4588
24838
90789
49929
12469
53016
57066
50409
1993
89927
32332
48676
41984
69390
49419
62849
17107
23628
27879
93256
96449
6816
98109
56376
40012
10241
16741
27834
50266
74787
93250
43486
42927
42541
19703
50792
24856
9705
66213
13478
90487
44700
28512
1798
72263
93793
43178
36965
71108
70056
68270
35055
60740
31810
74220
2211
36922
89768
93664
94219
75914
42396
38381
8803
41690
17660
29460
53728
95457
31163
13384
61044
48355
11363
73099
10227
60842
79081
4622
21381
19948
45320
8884
95160
92182
76891
32490
90601
98270
85609
26527
80234
57589
54972
24213
46064
31145
14783
88343
45145
52591
61963
58325
97532
99532
30818
78704
39029
4304
18277
97827
11529
3852
81680
62069
81138
92928
47993
78189
82719
37993
7050
36829
16532
93071
46768
57247
94223
19192
39209
46351
12849
24331
84642
94325
21648
1670
43105
95496
31370
28886
49578
49231
88524
79622
267
67506
31499
36871
97809
49448
20631
17256
18408
88654
93653
40577
65352
53364
14793
21924
73497
64960
10852
69870
70670
98629
55233
60177
92207
21527
24633
67214
13034
73841
86854
87110
28174
13928
61690
40323
32262
40678
27892
79051
89891
80257
83139
86932
1226
18818
99251
35728
74668
77904
74880
15724
47953
73013
4309
23501
68473
71669
86829
46595
88628
64072
79882
14183
66752
8976
21943
28128
40246
92674
68022
9792
82631
12075
80087
19678
88118
44277
53434
70308
15143
22520
67160
46784
93740
91493
73700
24509
8233
43217
16410
61770
65600
54351
20722
80269
20057
98347
71740
96730
20753
55724
95308
44673
1135
99089
99332
83819
43125
99431
15777
75854
91826
13220
91054
30909
22628
63432
75299
82537
70218
62156
54214
9841
49568
18009
8576
24452
85509
61647
42346
92976
48172
79857
99913
48909
93553
78353
9941
88795
85162
27258
30753
30381
42181
47791
88144
56578
93838
88555
69787
10331
41471
69646
46986
91604
89389
31720
41297
77642
63057
26354
41371
535
36920
56671
33911
71531
35039
31128
23159
85170
23828
18870
65950
39218
73327
3035
22181
65064
47128
18163
60940
70356
89873
12333
36032
91739
21735
34400
55065
19102
66529
71097
14819
70391
53768
40688
15141
59367
37342
39708
67575
52683
52868
88337
74273
4063
80726
3032
75424
97828
61428
32540
30849
40257
73882
95398
19238
28711
74626
50264
88607
76297
76554
1322
36623
60698
24857
78788
62222
9472
68496
59994
31494
52891
57590
22958
86465
4461
87447
14082
34915
78137
19208
92466
41648
21590
72736
29822
38253
15759
56005
44803
87378
31012
13425
76568
90428
32488
35473
9073
22006
12350
13584
16454
82346
79360
56731
51367
58717
56942
6982
15715
63704
22562
61074
46915
52347
39176
35249
62026
39249
37175
20448
65813
28933
47158
47703
53961
71993
89724
99912
46260
14360
96537
38889
4257
52865
86266
63834
89048
59290
85266
83504
52135
72828
42584
17770
15183
28603
29542
15869
30969
93952
41152
39046
8346
30936
39232
62559
38699
83496
79926
38440
55916
33857
22838
70557
21000
45883
28748
19071
51576
42626
34698
60246
68710
80350
40383
54122
12287
82221
94846
78471
93853
98011
31464
35260
66553
26598
47174
87538
22393
73064
30132
11754
2487
68389
28096
48351
93998
31955
61581
70769
32748
25925
42437
77367
47839
78784
81933
47933
62429
2005
66038
66231
44246
34392
73104
77347
51497
54426
21305
13592
57847
29362
1147
2587
16477
64562
81175
22027
70314
95637
65118
66493
75266
18160
89843
24503
18938
40234
54381
68476
17590
38420
97158
18855
21517
39790
76694
44783
89662
485
33684
44942
13946
46726
98649
90986
45156
58397
48298
1783
18491
60010
74841
36257
60231
66176
20058
21288
41941
65344
64932
70584
11311
75181
62116
52961
47973
34630
62884
96576
18362
16325
507
10231
46373
40319
15066
8762
49829
29459
34645
3414
33497
7220
40897
71267
75991
56844
77665
49799
79169
57822
95053
10015
932
84926
20287
30162
59965
57329
41486
3548
45960
79831
9786
48245
30934
88552
3122
68913
73782
23976
8312
95041
11495
40917
18339
59595
90187
86615
72711
82080
51389
73396
71003
200
85149
79003
82892
84548
18401
19704
18968
6473
31269
74647
17393
80114
25643
8792
15882
62043
84564
44743
17104
92165
34625
29975
14565
72005
17301
58529
47484
92747
18234
1681
52652
22897
84277
26964
20922
372
5322
69064
54114
45360
11025
39440
95665
83932
46025
75306
41930
66289
75230
3302
15991
59691
45348
70022
14087
642
14784
87292
92273
43599
45632
88881
66276
50848
59188
42653
98691
40047
72518
31301
89553
93432
18468
18461
74771
73141
90462
63885
38179
41347
19087
33292
8399
58883
69767
3359
74773
59664
22355
77088
15316
75490
24880
86332
46333
19420
90550
39367
76520
25865
24444
58531
84048
48235
59195
66922
29593
6042
31753
96349
7019
17732
56379
55168
85488
85817
60132
63160
18829
15551
69855
93379
62117
97117
38911
91335
53638
46804
61397
68504
18695
26126
15039
17993
64002
90223
66519
21583
88638
50220
18619
27016
47676
70814
50423
9488
10300
77100
91560
82090
88641
66185
23884
40462
6029
84824
10635
53655
35647
86118
65807
32445
4100
38302
30121
37533
98328
71938
8750
89387
60323
33625
72730
5815
36766
62546
23680
43708
62029
25339
31191
80149
14451
61712
94884
50225
39526
72603
8764
65846
50769
22679
8100
94156
55057
1379
45303
85529
16633
60714
68110
68628
48712
47756
41201
19099
8671
16212
46957
96662
8570
42905
89003
68958
25847
84709
77483
50059
1567
50226
86187
21087
83595
56847
7421
7679
31382
1730
21005
53003
19653
78050
85915
81328
32693
75084
37574
50879
8041
64915
37664
67536
55064
77116
60765
43088
12539
17775
44042
1010
7657
58843
34414
65020
48940
27277
60670
3152
83426
74662
10105
31317
6449
51813
54479
21723
40270
75984
18629
11111
41363
14771
29420
21070
25805
57909
34168
50362
88207
46713
24750
6683
22694
90559
45308
64859
52926
4750
29218
3315
47013
51223
91301
59265
52765
75201
44899
59674
83541
17515
84650
14003
59717
93868
2317
3565
71577
9167
75644
92448
21603
64806
63285
67519
32776
131
30435
34734
91247
17909
86148
56340
21347
8229
8805
28617
57961
64272
69177
43419
38502
13207
53295
55929
72944
98559
24813
91147
43913
29117
37138
52922
38040
81921
36572
77589
62038
19685
80061
58721
59715
23598
34426
34761
66117
51711
14126
21473
49558
79970
4809
45578
81024
77927
37477
79390
51979
57559
59681
9554
51383
17521
37243
54522
74331
67233
97845
23028
93185
94239
57490
85559
16806
76290
37674
87019
16016
12196
65647
74544
50531
33741
87574
49317
43231
960
30752
14463
86366
30109
28112
89904
77164
66928
41046
31304
63042
1240
52465
62978
93790
40962
70135
32820
97145
66702
44643
77041
30974
56077
30217
80996
51568
73929
69260
19311
50850
42048
93038
6056
17289
34843
44491
56972
39689
89983
40320
95117
26679
7224
57979
82369
34566
32271
20235
40730
35957
49426
91037
23416
71757
79505
62914
31336
41822
35352
98440
60331
97638
7686
577
62246
9333
63208
69887
34344
28024
47638
76114
59747
96812
25459
46221
3406
77591
81203
14178
91995
79516
24146
58311
3741
4396
36559
88491
74430
69742
9830
47558
90716
63184
66319
8292
82966
52712
88267
52007
298
54639
670
57534
1817
23282
28237
781
40331
67281
16946
1819
54333
83052
7340
43920
74494
89711
82071
44125
94243
95736
46392
53535
93261
79373
18863
28952
57966
78860
34515
20434
37435
6155
73575
7275
13679
71634
65100
2279
68054
29264
16890
87360
97923
58265
94845
75186
43520
79659
59206
37907
65774
26024
8887
82925
78712
70828
84838
41229
48578
62425
8756
86485
20989
69816
86143
65449
29885
19727
64123
17536
55768
11724
61897
48803
6536
27717
17194
72526
43860
93811
20771
6796
43134
96765
37031
70538
62120
85697
70902
9533
28230
20269
35827
76270
54583
88847
91281
85425
54089
24438
87779
19489
39996
17720
2573
18681
73340
36314
30629
91970
1612
2856
6348
45065
71672
92003
94543
65211
39134
1340
22591
49557
53005
14498
16049
56238
11648
64459
35657
60016
39557
80279
27998
61988
67473
97902
75226
61871
76020
25871
69759
16068
45447
36680
72285
68665
34162
51540
78821
64623
14487
85934
85921
64666
55252
41415
97627
29090
38726
50788
39511
25299
7240
28883
88640
26500
90163
5637
60938
80455
92627
71182
13235
57364
59274
26141
62289
2104
10101
71396
33242
20360
127
70953
39025
9666
39900
34868
58301
1915
81540
97570
91553
84579
34494
69828
92011
22020
95282
84777
45532
28378
94060
86252
3217
43033
39732
790
65287
34402
25666
50515
14591
49538
78342
31658
34091
38541
90117
60130
87947
59522
82053
77266
89806
76833
66158
24034
30788
51908
42112
13887
64480
13279
60304
81430
80566
37380
67800
47599
78937
79786
11602
82688
67934
62088
56101
99432
36907
35468
35067
35984
54650
58971
90444
73090
21246
19503
58902
78724
65570
78485
52682
82266
65630
50635
12027
93157
29852
97261
50806
57304
38436
39923
93682
88393
41662
14973
44836
28813
3407
22954
20949
85236
47055
39545
683
82753
64442
18355
13443
66722
53317
34576
60202
79145
4039
33694
64386
6083
45674
46257
7670
57574
38975
62581
30094
23363
91340
91448
21966
442
81058
49343
71676
19100
42628
27550
11781
58114
75343
21556
9356
80045
58158
99215
49888
75871
77012
55952
78817
81972
59966
42077
11725
46888
43598
88202
71851
35155
73689
72465
56963
80144
50724
42811
36595
85299
13049
21214
41563
75018
40758
82094
18949
3811
90936
63162
13347
74392
68624
80302
80673
52392
59090
7105
75597
954
82626
5665
20191
49540
129
71620
29641
89769
54581
96356
66256
36641
76128
96520
73515
54575
56596
36428
77267
15804
33535
31889
13591
36649
48061
52044
91236
44023
72226
22637
30525
78703
86278
8204
59639
55381
46439
76098
59661
90469
72822
78215
40330
70352
7236
41569
774
35281
81369
89882
91466
18581
41345
83619
42837
84353
74640
92469
76023
98893
73745
88017
83495
75954
49482
68620
63501
79473
47295
42602
57176
51960
93611
55069
45618
79993
78572
85572
40599
58984
10957
38737
99563
32815
13407
36489
47793
9374
69965
26797
45444
32014
53349
16086
45121
5778
15557
77282
98327
34007
10194
56812
92015
24875
88089
90290
25432
91554
47181
40564
85756
29951
23093
75641
14191
21096
82270
88084
21129
92031
52
79522
92916
87415
21238
44168
80010
30126
81253
18734
3863
20969
94101
82251
41760
90315
61775
52597
85569
50519
57256
23998
12716
38942
66942
74823
99185
39922
72203
51749
89833
67005
59043
68118
73199
65101
41948
33695
24098
21837
33784
18470
29625
63067
78473
63673
34886
96997
77981
28470
32792
49695
77575
11193
77646
49214
60213
13252
6451
13420
93582
85333
66549
36929
23144
28073
48764
59453
12695
71856
43355
7333
33122
79710
12126
36493
22613
78654
23170
88559
65527
81026
99210
18887
91819
29755
50110
6118
85212
75302
86896
95508
56503
53672
22900
45716
75189
34587
86310
96084
17005
34960
32126
5865
34296
32980
38264
70269
26473
74374
63764
90912
91395
2250
71011
2392
84813
43457
49013
92546
13060
32572
58153
20929
95131
47371
22941
13377
92374
23129
92688
36166
92677
71461
34663
26593
21644
92195
62643
22195
32304
45953
62976
57934
48648
6096
64029
41889
86654
39937
55981
50854
78897
49833
78699
90288
67490
72871
11189
96163
77514
20777
25132
25127
26935
88777
45843
92842
71839
83089
47710
99926
45549
47195
34723
87437
37465
5056
1289
68755
60956
40969
68101
78015
82812
41510
12277
83776
53394
27950
67317
43066
1425
14104
41772
73464
45737
56347
28868
52258
4337
26346
92356
98464
63696
34292
56788
82694
64342
13735
36074
9587
33795
85840
23735
75227
1029
84934
37950
25762
83709
26182
65303
82290
46118
24771
60909
28474
35469
4706
48687
70472
78234
91029
17116
12268
54404
32054
7459
24092
7000
61818
3175
23173
22931
6479
13652
2493
3581
93485
34326
47470
81534
57676
85666
36672
50984
58962
11688
61820
49238
98443
47102
27912
8364
16382
73524
81429
61189
96030
83224
52145
56476
99107
71590
54374
59654
96116
47903
77857
69361
40816
3309
86763
38518
57964
64641
22785
15865
33869
88862
98444
34491
30396
89363
30698
90373
35572
78490
6004
92214
24031
21067
99887
46826
76213
98456
76901
82108
7748
59780
54383
30795
79615
76360
26134
16805
73703
89625
77707
31309
35771
6127
84608
9540
46746
36433
75286
61715
6611
41138
41736
6238
16443
97108
29605
56234
37946
69764
40307
24142
67867
84698
80181
54430
50157
79772
83377
65345
99479
85753
57501
13727
67646
58890
82397
68572
94789
42537
25509
13365
18691
58525
24189
96510
9260
5926
46503
6634
6754
20030
46589
45711
4901
8404
17315
31478
46442
80415
41983
72830
16822
12158
63527
43362
94448
49610
79605
35745
40798
71077
70710
69065
43589
96123
95991
33543
96607
5294
78176
3576
63974
15839
30176
5762
3543
45747
10318
66620
77765
66565
7532
77933
21971
60979
46929
75163
29141
36277
56480
1401
43376
66018
74992
17751
20800
61240
93628
16817
34681
19793
41135
13488
2246
3164
93057
20912
69117
8778
44152
63988
64259
85884
63049
13560
68980
47369
74671
18365
26307
2370
80979
27458
52305
80957
46177
51257
64601
99032
62716
58391
6198
23494
74384
15439
11463
85063
51630
97673
6474
21502
37447
39018
98895
49820
32678
38585
41235
36037
76907
93404
64820
49434
78251
86810
16501
4490
24732
21828
30043
39247
26513
65726
80288
72025
92355
85707
43584
46224
32698
55253
10999
65129
82937
85997
37777
92331
24932
30945
4865
15565
41810
42016
96747
53353
95170
95524
20696
82695
32027
5369
69987
30687
68551
50510
70261
81942
57264
20210
6117
10153
4158
81913
51425
22716
80162
58907
1275
47743
13698
17890
62107
31292
2205
35410
64866
65362
19294
10934
14726
41004
23942
13086
38692
19052
64797
44963
7546
49031
94317
46038
19160
81372
25282
46668
82963
55063
54269
95551
92997
85496
47024
54470
16115
94084
11101
626
50628
46973
66442
24702
90470
14610
6402
89866
13966
66383
74915
47005
7605
54711
89700
36906
47178
75800
71554
1096
49030
33720
82198
26961
56568
13700
61038
92186
43770
60538
69334
9805
20214
74689
69522
46791
93291
54520
81043
48116
29105
5690
45482
33340
86630
11854
32076
30692
71998
56927
75197
44216
59684
31606
8301
90293
76516
75009
46509
25695
38107
28625
22813
9791
15492
78265
27667
83635
38687
67697
75868
80344
62870
639
75748
86583
60181
46831
68432
59371
20792
30518
44519
32538
89202
25301
97251
6144
31032
68044
39452
59614
95900
74698
75153
75658
50478
35631
24360
43294
24817
30283
10247
79974
510
93255
13879
57860
3550
68262
92116
22071
18289
28299
45037
3293
28566
68815
65298
71141
82993
92373
89602
3049
39796
21547
29834
40952
8374
36434
35565
84274
50584
9334
71939
94383
92053
55155
68526
44374
19922
88243
71537
20266
50361
14925
8370
22614
44031
54781
84254
57933
43234
73508
20458
35722
69922
33151
71228
20117
12819
2546
14443
92804
85423
61207
20376
17108
11165
12465
55238
42307
87350
92815
76919
94860
40768
30821
53927
42338
86014
37451
98937
25185
1470
82844
90299
18405
30019
16655
84852
49581
17628
47381
84306
99664
16564
67143
28393
556
35949
83502
958
15394
50640
19957
98783
20724
5921
53792
14573
40583
27471
15420
78801
79298
55262
5845
17082
74645
78719
11919
61281
59967
43529
71131
42862
74403
18555
60208
8999
81334
60805
13526
11990
17796
64312
40527
80096
99941
73082
71062
87755
51971
12520
67048
64583
67363
99406
7189
3754
53727
75622
78153
6327
80841
64889
68002
85175
34506
12777
63337
47437
63079
612
30749
76531
31628
92198
37136
83682
89065
43704
62994
36753
28380
37164
88820
91643
47395
96298
56290
38986
19624
89207
55423
7841
20933
54291
4909
81608
13414
4125
59049
58270
69041
34979
6423
67302
67498
2260
89219
30085
80989
67088
9392
24152
41385
32542
46112
2571
12644
25370
73316
13675
15526
75678
74232
4463
29646
33095
55665
7553
73521
47503
86999
83796
71052
4152
43684
40575
72682
55769
31690
82932
17899
30280
14372
13671
83107
9870
19363
64225
76424
52289
81354
98240
13248
65947
710
84469
49495
23193
17540
656
73865
41255
57306
22227
90468
80807
65203
8440
73790
22834
93580
34446
25343
84085
6930
65134
5710
87146
23774
74486
24999
28463
38389
28205
76438
22923
79839
52128
19097
68774
80795
23575
77996
72361
52663
72496
495
68743
20568
90982
94109
64828
5825
71583
31387
33643
17849
11765
6234
55317
75173
26270
90537
76864
2231
61406
26247
29910
46576
53951
37071
26238
45971
80619
16843
78768
21813
81653
79877
34713
81715
89508
44458
30888
91775
92220
95854
43408
17675
4469
8883
39942
32984
35113
31268
77519
45354
64288
75522
21910
91577
83092
15867
3447
47783
65215
69539
79485
9219
82834
21796
11405
46287
38245
45152
57532
75978
33023
96395
6563
98365
42740
88976
30441
68189
59897
78349
12422
38934
12401
90060
47393
72448
48593
28226
79261
41739
28446
56231
49159
57092
84823
3280
73571
64462
49758
56279
87254
63613
74318
53019
6593
57321
33037
75976
88749
55079
90257
72317
88869
69967
82821
43697
62135
57047
16073
5902
78150
61175
983
24074
25698
54834
45215
26060
1934
8716
62169
6554
785
82933
19370
65809
62767
3562
4845
10892
82624
37519
55776
90878
58954
5423
21958
10672
12872
24631
46021
12430
47160
63264
96888
43679
58424
9355
19083
511
79792
44421
89449
36029
36126
9301
15854
59696
40098
17193
40085
31036
99987
2233
94817
14841
43723
10314
53081
81249
18121
74727
52401
80705
9006
22874
47424
90641
82666
45659
60779
17933
32092
635
44014
77641
49427
67674
75101
39685
71530
76506
95559
53856
21209
57540
66056
66987
6314
90603
875
83420
23270
75150
93903
24870
58766
73267
84298
24379
39802
79693
59284
60658
29769
26194
47817
789
29136
73887
77025
13045
51577
33162
75232
45154
30101
26507
32325
6725
31275
26108
28014
67656
71705
21632
68042
41206
56845
74353
51730
61599
26339
35958
25620
19850
47657
43787
26788
44721
69310
11920
28439
63124
17304
31669
21936
18443
35262
47076
89951
55671
83200
38528
28594
46805
69699
21027
24759
8645
88069
76013
14227
36974
23484
60350
5933
30880
98278
52281
40544
80458
96212
29377
19060
41348
25915
39787
70874
38419
67877
63813
7703
48591
56211
78045
67701
34736
88421
80360
21368
21485
14773
25941
74962
15761
22847
73681
92888
93631
62032
25023
23355
11205
92262
69208
39878
61012
76743
2262
84
62066
23814
76915
28860
10746
15059
47890
37273
91462
47142
73661
33229
49403
5248
84546
24167
57234
74101
72314
55336
43474
35761
24081
58423
1233
46054
6808
58235
84043
61191
65625
9950
69993
3693
83143
68402
35188
59232
69487
32285
54049
10540
13007
64127
96844
39747
42435
89385
96043
36162
43295
12014
34746
99143
92386
42004
98505
43157
1527
7465
24568
81996
57986
61088
38266
25699
94672
52292
48093
67038
56028
90362
41734
8111
34155
18385
3336
47717
41384
51627
66374
90122
61519
73321
51624
44630
48568
6288
9921
93732
3171
36811
58379
49085
27821
77624
74334
23855
66845
11634
52213
36183
77708
76400
11517
92040
6794
3799
99342
63819
32587
19062
30768
99661
90734
26750
94505
16079
45258
9357
933
90194
7531
35581
71014
73802
26534
2757
72645
17949
1903
23116
10771
68924
27209
95707
70751
10887
44620
86807
46353
9263
84284
93234
96333
17510
76
75925
22973
56729
33603
57130
73837
52186
1775
69576
33742
27969
23127
19865
7279
49212
60905
89044
93190
83900
37978
62016
49332
87241
52212
17620
73383
94868
33271
69324
18749
2948
50937
9103
86496
12714
90535
47687
68243
49944
67293
86174
25553
73072
72640
16028
1811
19610
62698
26893
46635
78198
39035
68390
1445
78565
1631
12399
82810
28789
11932
85085
90977
32269
97568
11374
43358
36616
87186
91021
59828
35052
70786
59593
3168
40767
67412
71123
46328
90530
41122
39533
3154
83447
43700
68331
55546
43734
85586
31778
42685
2356
17132
41131
31701
63034
29604
20877
81142
12622
76737
51394
98826
19866
2895
7357
19493
92224
23670
99440
19287
44622
53695
94423
80863
95163
64851
80200
85382
14389
39534
53077
37440
6131
72133
66103
49067
9212
57370
94030
43339
85454
87517
51744
44354
25084
55788
37732
64423
61369
14552
79843
5699
49108
78253
11579
42278
91533
96728
62295
96638
37935
6698
97357
82991
39091
40566
93939
23166
37415
29913
54428
22824
84051
36959
84580
44265
49151
12571
62864
37284
19355
93535
67491
28767
69984
40628
92662
49198
72198
28134
36894
88780
56272
44428
7029
92372
77364
94659
36272
31092
44279
80421
79794
45457
24350
20915
96443
75062
5692
90861
12884
44020
19947
23936
27832
2539
98038
21121
74885
12375
7354
65563
89007
91642
51785
60601
83566
62210
74469
35047
97463
30940
73548
1015
61080
77234
22747
64143
47004
99168
51303
2749
86991
3196
9467
99906
6677
73870
15296
60766
45512
24234
41293
20571
75225
85608
16518
95304
46161
96558
66871
40714
42649
24514
44887
5083
43293
63495
65768
55523
97459
25427
40818
97413
68501
34194
43805
14767
25994
18220
32338
47635
33656
68909
16127
51350
73415
10292
86267
42080
58314
36246
30469
21462
93918
41191
36498
89312
84532
97302
23790
37230
30106
88018
84494
48026
95724
77584
44934
6038
94338
96103
19959
92594
18521
23079
80636
24164
35082
10515
72553
47108
75195
32522
64558
42888
41844
61951
48071
83842
1615
32608
16312
27674
80393
93299
49362
94277
59643
81066
10115
47792
94701
91998
91028
43643
61018
29499
18130
73339
9169
88219
27009
48847
52420
31867
54869
70657
74629
56130
7004
19576
22744
74678
84315
72657
76913
21179
96312
9446
46788
76722
57224
79667
72080
93983
27843
45344
42879
53780
78834
91899
59721
69651
39702
6028
57634
88673
35906
77020
86339
66077
86984
83509
21957
70630
97083
37038
84885
75257
39836
18566
55697
23544
98490
60989
47241
74643
43102
87060
47129
33218
76985
77128
44769
51095
35404
4605
61243
5681
99840
25554
72673
48312
50875
98369
98235
43541
31143
53907
73759
70495
48009
49042
14943
52201
66941
71704
68511
70914
63592
87183
11787
60497
12868
62011
22857
70151
73274
14200
64893
33064
85221
13645
39756
6182
44518
31906
59833
93221
5396
8300
11642
4192
5018
74716
80086
40760
11103
77756
91133
39383
24592
128
61069
72774
35323
95400
90529
63918
12960
51882
12079
63261
73820
13994
57315
61525
1500
99695
10571
38159
84477
63986
44922
61870
30965
40361
64907
84613
88395
90079
58452
85429
61874
45314
29071
81854
20864
40439
29691
36171
61433
15469
37258
38523
20464
35550
44770
92895
15577
64421
69613
14295
40862
7205
3675
92155
2796
85684
38002
43279
996
12047
78776
12328
10697
17970
31634
40453
27623
81188
4340
80263
22763
43881
85818
76218
41888
25406
26657
6064
12867
31656
88685
36968
84404
74308
13725
31908
18278
46082
49569
97850
10160
77218
93037
81167
17719
22220
59389
15728
86856
26130
89027
50975
86748
42640
85173
24966
11777
1573
72441
28282
81814
22343
22991
34226
51068
92887
48446
79875
78335
10793
86425
90539
70539
62237
63722
33470
52462
71098
22044
87859
94078
24808
46663
89489
62968
13428
15802
609
59370
61691
4128
770
62843
1216
99594
1569
21636
78156
32256
73063
96186
10421
1863
85213
76680
72324
40242
83446
44557
69785
11223
20982
94007
35625
15793
76259
37149
28239
13450
81493
38077
59841
34024
43488
73385
16919
40546
89579
90820
45192
46626
87379
14158
58841
24546
99924
99354
45612
11746
74767
27189
5850
99019
90885
11060
62400
73300
82201
15943
96355
27569
78856
30851
21745
62160
15022
22640
10007
76812
60750
25329
27673
18308
65914
93000
94350
23222
20343
72641
76470
68946
70513
54594
35784
38058
22659
97213
428
71553
66239
89322
71237
71477
3697
16839
75359
71079
41678
42366
51364
64493
94129
36613
81562
71015
56296
45818
85490
28250
44854
86476
38987
89282
87592
93048
42434
69878
14735
22805
61360
66096
75015
61019
23753
26413
31983
91429
97380
60201
39368
700
84611
48874
80260
95407
54858
31465
16528
92105
64250
48434
22885
1101
730
97233
35755
67889
57441
12719
96781
47829
48563
71382
62364
50678
28084
74007
69433
89329
47544
31714
84429
18952
1870
57174
80039
22602
52978
13996
52490
61814
4062
91870
32189
86715
3430
69445
47219
29855
50245
48431
99102
75165
65483
39846
12018
72011
33046
7770
63287
81670
59373
35267
53686
20197
66887
88536
37343
86440
548
86963
31736
96138
5472
18136
80721
58960
9417
64350
72174
38076
40071
97831
89066
93679
4939
11889
89629
53137
36411
88819
35414
12392
84913
40293
73933
97926
11029
79421
90096
9411
42231
55251
91640
67730
97649
88312
28700
64831
77487
87619
23513
80373
14570
42425
40348
34852
86852
34637
33493
62039
97593
87747
49532
43005
73381
96548
43310
29813
65152
12861
49058
98067
97290
46359
25382
4410
56862
89239
22155
45281
44481
3705
4630
30510
6863
16399
53592
75589
10480
88770
36940
46911
54770
25866
24835
47233
61307
21176
56739
77970
37621
26034
11720
37790
43319
81596
83841
92961
88890
50427
788
82783
57118
4347
83786
50143
97462
78599
4497
24046
58985
44005
35194
30782
80627
86177
10216
86301
2535
28194
29576
98648
92057
7056
23059
62644
62190
46623
28313
44363
1001
27833
71117
80546
61577
54765
98698
61845
15131
41574
58498
65665
42059
4449
61229
79116
27997
37593
90151
61300
99465
71527
57633
93017
48787
82034
6116
52153
56594
18851
77778
27790
17963
97259
45446
65227
22247
37896
68621
46029
38242
40148
70001
6186
80883
45230
6581
36808
58680
4619
23288
352
9083
10471
81107
36173
4648
52740
32807
56302
23861
65800
29554
60435
68907
8090
26524
62710
45621
88539
71902
63389
52387
39578
1191
76799
28913
70603
4205
20789
93044
17994
13448
70760
51786
25346
66721
49450
20523
91986
23110
47678
73272
84000
30083
83833
23550
59784
72408
34172
74974
47222
27500
94508
86218
7765
13283
54443
97766
9224
3904
12730
14701
57476
95470
321
56026
84977
62713
51560
36556
65825
50091
83802
4108
80386
57257
55234
20049
99877
16431
58219
28167
96037
7447
28300
66866
79535
45744
4015
15349
1621
47883
43384
63010
27771
51302
70386
92562
86424
50868
6445
12635
38648
59273
21901
4408
89087
18577
74385
37075
53778
28676
40040
58581
54589
62061
94605
6301
36179
82196
60434
78764
43427
77021
46588
46429
79801
52429
31053
29233
78214
88178
40062
33981
46787
83613
47021
96331
30014
47056
14990
70490
71167
83647
81329
71515
30512
52050
90869
5819
74151
41460
52825
96935
37104
51710
37306
82675
77644
22234
20218
74138
96628
93598
14497
36071
68807
89043
53945
83077
70948
21491
34878
80862
79359
26848
79547
66567
89947
31764
93954
30867
11090
66935
22589
61949
11631
29088
42285
22223
49129
42283
82065
58183
6949
68560
46637
72800
51551
90313
39314
27444
62282
75577
65819
89114
50756
70095
21714
31964
57097
76375
85434
59886
97767
10008
38628
1649
10237
48494
94190
36963
49993
27721
21475
51348
92866
78913
71751
35455
90919
51998
4601
7929
81852
27312
12938
82579
42968
90879
40994
35235
20085
84555
45585
66253
43194
56020
68633
49004
61388
24288
17011
98651
45473
61247
31673
8157
45854
65169
54653
20366
72575
37299
88740
19891
85711
83663
33635
31521
53933
90867
67612
42547
8154
80130
3783
34560
4886
96577
76596
69819
13274
20977
41830
48640
89942
66390
99998
41960
80509
49289
16007
66906
51135
43902
47637
67539
44030
99980
87735
18658
3297
12311
13524
83434
4207
35655
66546
41754
34203
57800
19724
91008
90044
50040
9327
67185
73528
20357
54222
52846
53040
57672
1634
57692
88992
43423
44665
98253
85970
99654
16828
15512
79231
66542
95072
86074
7724
57359
73456
17089
50455
33771
33441
91566
92292
52701
62433
84017
3551
87295
38855
53680
99928
77657
72395
29473
79266
41221
56275
32732
64941
62950
53500
18742
86490
33999
50736
42951
32330
85204
13774
10846
95602
67929
60529
28885
51432
6261
92451
97282
28768
46548
26282
24652
68019
87580
73744
97497
8414
36496
87573
25929
6580
70888
37796
90116
33172
72940
33489
98245
88885
77283
63727
32020
74798
52362
66639
10937
91742
80394
63899
27942
58598
99826
8851
82775
99922
64639
35769
27956
3748
13772
93322
64310
80380
12453
57466
26165
10866
27980
90618
84339
35086
72194
97688
59214
80629
94760
99993
29452
23352
85767
46926
65939
66440
76185
72568
73720
80695
65357
92213
3229
19429
11859
4872
34503
10277
6279
96650
34666
26371
17118
4088
92559
25444
78908
73430
89324
67205
42898
2467
70049
42745
25235
29427
63241
25013
80579
46890
50505
61053
33007
77065
35229
60755
70488
45331
78432
5133
8209
63012
79300
13329
97070
96944
16959
2755
71451
61704
36977
67923
21456
65764
8542
48201
60302
64138
93786
3368
52190
61112
56313
72344
53253
7376
48691
68405
35651
51180
90370
70422
55932
37319
77053
40600
60514
29092
48290
25297
78474
94236
59506
88950
80697
55915
95723
94931
20926
71655
35378
67494
39057
14577
67100
49027
75635
96808
7627
77781
19124
98664
11806
44415
78186
35624
55446
46210
49078
47272
37804
81990
41331
48210
88203
21820
50441
5492
92999
59771
85766
46578
90740
63949
23581
98989
21133
66282
46144
90492
28472
18183
92338
77110
6776
93385
14536
21568
552
50905
13877
98569
5541
72917
76849
11487
12858
27807
79413
16964
91982
8557
16909
53476
35523
19919
84936
3112
5225
36658
16554
95560
32657
44281
11521
2434
21287
51057
85297
60814
35526
38252
32033
12438
61894
26655
47800
71976
47078
45706
38024
75456
82677
48030
78588
83710
8371
1171
80226
19831
72008
22561
36499
72925
50452
65205
88183
88865
37456
57403
12338
76340
89654
87368
11554
37087
50004
10167
34798
16783
60440
2329
58665
26942
99607
53296
90575
24762
92772
4102
68207
85091
77777
21905
98161
77139
35220
93603
80101
45125
98740
34021
77893
79816
86358
27255
48768
2455
27757
3567
72435
26573
94370
67277
52815
74903
54872
62898
30025
10073
61733
28182
88823
26692
75919
30297
47516
12944
84609
7160
88974
10269
882
81105
41937
20103
56317
10203
13059
32484
55599
26071
5750
76510
99878
21581
370
27873
68166
3509
53162
42804
20126
29181
66437
12094
23255
77939
91977
30400
24298
63376
80261
25894
71644
90455
44166
35218
68163
85987
56104
16574
97648
88325
16237
98222
47221
73016
15105
6278
68685
8983
75440
13715
91980
80727
3476
18588
37058
73956
13842
64070
49954
42100
91316
65109
85578
11141
62276
59795
31857
85106
861
45278
18970
14753
79401
64000
73476
53417
78497
13523
66765
81068
79838
33130
23119
19986
89212
52764
13412
52955
98926
93758
17604
83665
69002
67513
94926
30608
10041
71428
99606
999
87886
68727
27317
3002
51009
35385
17520
47782
44269
76632
13348
8925
54789
63451
59827
73930
34684
2578
51319
42820
97303
55621
14664
98153
26288
15610
85706
17531
29210
2182
17081
11504
19106
37867
39464
48451
19342
67192
69798
12199
52268
3215
78693
7937
24985
86191
29129
46428
59073
76930
96363
36854
88866
73375
11726
19030
10714
14162
134
13254
91529
56096
49596
56889
42256
410
14706
18205
57940
68582
4728
95033
83998
26447
49018
64068
45160
70743
97597
11925
33910
92470
17075
27640
11116
22291
67479
15227
18201
79224
77815
90346
91258
67220
11623
67262
3661
31977
76192
36431
502
62980
39671
69037
50187
86100
31920
64104
68636
71777
89364
31030
72169
41100
58714
5097
84878
57276
19699
91617
6036
10147
98500
87091
98692
34070
12248
62760
7890
23517
2183
55025
69570
91323
35367
63151
64523
67883
30362
35996
3834
65410
68201
10552
81277
64153
21713
29380
21393
90147
76892
21170
33541
24641
28251
58570
41036
35941
82017
83115
35247
24636
9645
63243
4620
13909
71816
47944
1
74575
20679
49136
55504
41455
19039
68074
8909
65023
84351
16934
2282
20281
78159
64704
41657
51070
82643
6583
96028
20522
84312
65180
68937
83536
3717
33381
90747
12425
77926
70338
92192
76748
16442
67477
48910
13726
2368
72502
40899
62931
67940
62721
21775
52055
53663
35063
85570
78304
66473
35011
71789
49515
56266
69986
93064
72817
7958
43256
74905
64951
17260
85892
14096
65334
37221
32778
32279
90553
24565
13830
27226
65593
40423
35932
72280
44728
27880
27245
42405
42848
28802
20208
82888
41780
18104
98088
44875
9261
3435
81108
87327
88028
55892
92188
19639
11612
96344
21215
8698
25730
86524
61381
32078
91730
40707
24103
59551
64952
15786
36436
66558
8288
65834
67326
67711
70636
40199
27639
15858
7178
39869
12351
5925
12022
97410
36866
85379
97614
11256
73243
56797
51000
51837
84520
14982
98315
13610
49602
55017
19227
51232
27707
64522
5382
31705
15403
92022
1732
51413
14242
16605
89675
90123
41954
92690
70497
15046
61677
36390
48991
32946
60234
47789
768
70399
14007
93688
42573
99169
10566
54359
85250
58631
51518
53101
93211
23489
8153
96659
37480
71222
15597
62444
59874
80826
84014
76682
61688
34797
69109
53539
2740
39487
4960
23503
91228
94912
74117
51712
33787
55921
79226
49443
56451
20718
60705
78796
87356
82061
57959
64049
28172
37028
13757
50717
28879
63556
49866
59197
77978
78324
65376
51657
10478
1371
97860
4837
43057
32475
80346
46922
67242
48476
88304
57355
93287
61652
71797
44910
84106
53858
81818
98034
64473
87372
62025
84401
18971
94183
9222
66840
17755
13056
61264
38604
15981
51531
41884
58390
78291
36199
77776
45950
31508
42479
70618
69928
67247
22056
78398
51659
62294
55857
81713
55542
12528
26589
20229
7608
11379
30011
92993
76389
41693
11657
14948
67086
83134
23932
66259
78713
53759
85845
45490
78944
57456
35509
43055
95203
55081
3255
90625
81880
63917
24727
50482
70997
12407
47881
7241
69325
39537
39651
35768
43205
19557
8528
5700
93051
99484
93124
77239
9483
3322
14436
27762
89546
22598
49191
15916
20478
64033
19849
47846
74268
83711
9194
23521
77907
94
66937
89369
12486
64087
64773
88210
5629
65392
81522
40737
96007
1070
6654
36193
49599
23303
5731
30971
50327
93259
28881
11473
8491
45666
68780
15686
15284
69284
18158
29904
12666
1630
39624
53142
45791
49628
95089
88433
31649
55486
21769
93902
36344
89395
31244
80982
66101
5545
5600
45676
52403
21640
75732
54831
15458
9670
73334
67731
98071
14338
5765
82205
32178
30611
33135
28979
55537
57447
71695
48263
76663
50223
90951
52855
20140
4906
15628
41200
48780
63207
30758
20973
47485
16157
99904
77471
87319
56981
95253
13644
18500
65204
77995
60496
77231
62512
59121
83594
94040
96544
80481
4877
16871
28609
39669
63268
25249
40922
38263
58952
9900
27559
1460
95270
58210
86532
94205
61698
10970
84992
41789
41970
3388
37588
85486
68960
56951
83458
93989
51038
95416
69447
43406
16019
19293
76043
241
61934
10874
69693
74391
97912
23248
6210
94590
91653
92485
77127
64676
47648
9592
74589
25171
65512
5666
50173
68773
6192
69261
5169
89315
95604
2488
2673
87145
21594
59597
68680
20769
9607
61701
52243
95469
6280
7592
45571
61475
9914
43795
15167
27179
79949
78407
95363
21435
55362
7962
6519
74730
1440
89756
16867
46511
17066
42451
64873
47925
81192
66578
72416
7307
64934
37943
56348
48660
8385
79848
19359
62735
52444
33777
45469
53412
94763
29574
71722
24548
12348
78138
21740
39882
55217
45480
88301
80243
26408
35298
73924
28317
20575
89609
68416
80212
25244
96219
59028
98108
47706
3367
54131
31391
25146
5730
9184
93285
92334
30288
19654
81851
41938
63627
72028
16306
82422
58099
19240
8218
50367
78949
16791
20983
13838
60398
98615
74530
35938
72778
63215
90798
91351
72845
63674
40308
12633
13036
9020
60977
18243
71608
87325
52539
82499
48336
23463
16357
86580
65971
8474
95022
46137
90442
39608
57897
92746
82358
68599
66902
20413
10650
26941
7265
87044
84292
95540
29702
73723
39896
16335
75335
38827
81048
27872
47316
42588
63300
56259
88883
24869
15243
59613
86712
80038
53660
23785
75665
65773
28537
52340
67927
72677
63193
9821
31601
52646
93270
58712
31240
39999
40779
38416
50060
86395
88484
72265
29248
92573
25195
88897
47636
42967
42239
73738
41582
27896
16324
72901
60926
81930
55926
94113
81569
68120
66947
83187
64761
7663
85632
3676
27985
93692
98437
84636
1185
81393
98726
92041
99414
69366
49396
50046
24731
55785
65835
1720
8464
21551
51352
7769
44338
24589
34375
7916
96639
86953
64450
38843
5028
9706
71787
98676
29043
64726
16152
8359
66882
33139
91924
6810
22597
46002
93237
47370
59842
24635
5358
74075
464
69691
54420
14665
74538
95927
88262
12192
21727
47575
34486
51498
89766
26228
5494
28877
43466
75077
27406
86695
45798
48987
66005
29730
22557
61026
11120
95675
12715
79944
38463
86376
62448
86624
56579
62971
72161
99025
43271
53048
24796
86075
29754
285
8527
71039
44948
1970
68608
8658
21799
59893
77492
21396
68528
65870
5654
3810
365
6160
62229
9152
90507
34719
61212
36575
38438
83437
77669
90908
20842
72086
51562
24695
53580
20136
38877
30713
38594
66772
91188
30446
86837
54531
89522
11437
23787
47346
70770
39239
88877
5694
48885
94559
95266
89020
96095
64624
98877
92416
5136
4943
50794
60139
53426
70992
47987
38806
14163
19781
21541
56985
30644
99012
45410
76640
12981
73925
30859
38424
32668
56699
25314
44135
13497
37190
66777
68026
69457
49652
63708
130
65286
913
27802
75016
34874
177
65313
17561
99686
85776
85161
14121
32223
87100
3559
73418
61455
85678
66143
67507
88130
17968
30665
86480
77537
49338
96917
32327
18497
42117
5570
88164
15527
34442
12167
61836
74338
67854
97310
83413
91127
2603
72054
19183
8944
35561
59951
53179
11364
95539
27496
93344
63244
48314
34991
47631
80886
6893
38899
14010
90415
87213
71801
47252
13172
84590
6803
78294
67535
92943
4333
93578
16129
68087
77346
46255
84629
51990
52762
28852
51381
43275
88278
232
21694
93474
31727
29615
37627
75631
66780
30404
5808
17800
15218
37740
35454
87722
64605
95722
22004
72289
32060
38422
28600
91687
25552
10254
11140
15720
66216
20762
59640
32981
48156
51041
56547
61641
12091
42614
66201
18998
83501
28549
88309
72550
68053
81202
92325
35664
78477
30633
82633
89244
8343
56061
89527
27456
66577
56374
51321
89361
51485
73993
11977
35575
65390
94076
5780
35415
41052
6075
3600
22474
52558
92294
83901
68076
44312
48357
75820
98637
25203
12255
71723
62033
2123
31872
22522
61132
50449
37463
24955
34828
68123
94378
84273
83839
60357
9911
18092
55673
81155
57820
90182
25407
47851
88449
10444
73554
9106
78466
65706
20054
3756
16273
27440
82804
35495
64839
31392
88679
49617
5479
82156
28034
95154
35658
25216
30117
68571
13951
12238
97630
77035
35539
33657
59412
35452
29888
3804
39661
33731
34558
95664
14289
78629
32365
72876
67338
33651
26766
21607
24726
57375
59124
83863
19869
89861
67065
16965
93098
83768
78559
75086
17870
53342
86318
66694
23657
14835
63289
42680
53139
92973
97126
43930
60668
12443
26058
62897
99677
63780
95329
51806
95311
26628
11164
57550
1452
92741
16373
80947
67164
6139
97864
40531
46329
99160
91267
54060
13278
40072
96072
72320
11198
41143
86788
70167
65431
34901
76338
79901
35948
57546
55014
54530
40433
21841
12342
62809
26027
20109
13718
30680
96381
18096
37800
22046
59016
18536
85761
6914
24244
95434
93690
29280
94578
22642
99482
96948
13571
7100
98367
26943
18731
55923
62524
5656
98037
68591
57222
61039
18702
28961
45324
10784
33571
27249
2081
56700
84015
59708
79748
8325
5994
58881
16872
81087
8505
45458
60504
93926
96521
80298
98324
70927
52706
29374
38439
69717
96529
14704
86806
57037
89892
27962
69557
29064
47767
58275
12303
15432
65575
69676
43258
96202
41664
18073
89877
1206
22173
39413
66653
98194
43132
61911
55733
85740
98078
65615
9644
24453
27324
93999
84473
25493
4022
43200
45623
34000
85602
51791
67510
70112
99632
50903
50241
68197
1271
51447
24229
3828
82763
22271
25815
65104
31224
42864
50285
44327
44218
38522
99660
33145
30810
58001
23928
62823
34146
92347
46039
26861
68464
11381
83558
74917
3499
5024
84668
69001
69102
88526
92306
91740
30141
98335
10248
45861
55909
94960
96377
88609
20419
69784
88561
59136
36633
3222
35558
38904
75100
25043
29999
57057
58541
83184
35085
15350
48828
45158
6585
73152
97540
45371
68320
67387
89343
96318
53006
66986
44410
71540
84693
18161
67891
18953
17973
32458
6120
29793
43051
70703
25227
35956
52880
30079
97509
86408
31107
12397
41301
31947
82223
34333
35580
31946
84046
16526
32887
21934
95149
17128
17695
85669
48650
76619
28120
64824
23321
44251
77526
12620
16847
92412
78766
8769
58209
31018
88244
14867
92798
49761
69866
56543
97782
43981
12691
65533
45607
89979
59164
41210
76957
40920
99127
42823
24953
49986
96424
44760
87391
37980
92047
41857
81644
27784
60277
8023
29508
84691
7414
68275
35641
96062
13099
95215
61902
87042
73393
70358
59767
67555
86077
60200
93483
44817
90573
19541
32720
96256
73298
78636
16117
18928
54423
52747
29801
69874
97513
45023
89885
52638
33812
1592
5315
67483
11204
68211
39609
2111
78536
98786
35626
60099
5598
62589
94049
70443
82765
39086
38238
69898
42312
41966
94229
89434
8263
73772
96304
85806
61072
83478
9724
15293
41770
56447
22398
48504
75816
45529
68399
9390
5531
44321
29598
11166
98007
81116
26168
34896
44311
41060
5664
3912
10766
35466
64738
98601
73271
56262
26146
85092
36982
84862
140
58978
92740
97280
36010
41933
592
82518
27698
35886
56884
17378
48527
25675
15074
49142
88504
68485
74325
68188
98072
88527
92629
49054
4851
88372
67080
22530
60469
51273
1020
43424
87200
11160
40079
29548
29752
73547
97447
57481
7613
53578
17004
44682
66298
44723
97699
74274
95068
74348
94351
56691
94588
88369
70130
97056
16194
13528
78932
10600
24721
58072
33407
25100
10098
20844
91708
35294
92487
69610
1436
80517
51649
96100
61637
48693
61546
20294
71067
20490
92789
94249
17387
87527
45566
33701
49917
10064
8212
29535
43914
17657
59322
80936
10245
65094
87521
71505
22781
81786
39703
7612
52707
37485
77013
89242
23679
90264
9063
51205
1718
52641
65187
54106
63083
62501
61975
88139
57044
3390
3270
60537
37483
45543
71950
852
56872
49521
88231
21932
72244
42569
4042
47033
13458
69434
86981
98320
81645
13382
72423
34668
34649
67516
62794
12559
66610
65913
66226
51190
12475
2142
45050
94669
76146
2971
94499
5299
41959
4502
71089
92847
42076
23714
70113
15599
30057
95126
76181
87773
99481
76357
10653
3330
35204
71769
7985
79888
2810
69567
35087
8207
57106
58365
83325
90244
74489
87381
68190
38010
46055
68708
14352
51544
20268
93430
95902
81756
64457
81406
54361
84402
11820
79616
95678
80992
71263
65724
62284
10646
13418
53406
88296
30890
43786
20462
57048
2346
8673
15202
88052
52756
45794
32485
12118
12873
5956
9302
63742
5469
87137
61287
51109
27830
19718
79844
45204
96481
12891
84751
54824
17152
88044
22058
45312
42897
79075
80442
7971
94957
29507
1675
23829
49669
7782
70004
96726
36912
5948
24579
16699
91608
44476
63239
154
35480
97680
74014
5937
50359
92433
35704
81728
57807
47811
86816
85443
21788
65374
11960
49660
83481
95642
90256
8568
78861
16842
72027
96274
59157
89684
85281
60039
14115
28501
41101
93695
96603
80410
88467
65456
75411
30387
88848
81213
87393
59428
45658
36466
16296
80562
59803
86944
86110
21561
51922
53152
38590
62671
78723
15774
4891
63206
66107
65038
47612
25177
93271
56454
28657
56214
78340
16856
39364
33112
87894
18812
83945
52645
84500
86275
52275
4162
24987
38031
40119
35596
14203
96711
55988
78700
83862
2406
10909
26183
55541
66934
55314
49414
30414
21400
17475
27058
49010
92371
65159
83680
51378
19711
446
28902
4558
94688
29937
48911
69980
49860
2236
84464
10607
51023
84077
1712
17007
50083
16453
39353
59087
19229
28825
67283
65412
4668
94614
79036
89306
1983
90012
17202
89131
32918
15450
39135
42790
12816
12274
43580
1904
60662
2861
84053
81241
87229
34014
87404
96633
47672
41465
9946
449
57980
27321
35164
93329
22506
31079
36905
92508
98864
72095
60455
12501
18879
73411
29361
15655
78468
50800
22078
98029
62505
71573
42327
223
19789
3227
8303
55058
97315
549
21172
8791
31516
29833
84743
61290
15334
94177
78610
7983
92618
77834
99426
20046
7392
53374
71843
16217
74409
18655
50691
51140
17833
41940
16123
71635
38000
43146
23408
43964
27091
31531
96063
26086
56283
31936
83848
38543
52909
95814
83444
46150
34348
63006
23978
80700
62060
89622
23910
57510
50750
35244
72345
58566
19720
76349
79
8181
76926
87320
78556
35172
87860
58035
39657
11791
9155
84521
24429
61718
99969
8149
56541
97030
81244
77792
84923
7506
41128
57576
74490
33298
77873
49178
6231
79018
21941
3127
69268
70253
16523
24908
33032
68632
18455
68134
76291
67544
45355
70337
32915
82366
78213
47073
26842
77142
2436
45448
15351
87242
56522
43703
53787
4422
58007
33074
87171
15010
58068
57123
5689
17618
57369
63648
92948
85538
86236
83976
80555
84985
73283
64164
14042
59642
16224
56432
95636
17292
51784
64119
96152
58396
15885
56321
53166
42923
97234
79022
16644
71225
42225
87914
69918
57493
63878
43156
89484
77032
81431
31495
40474
92365
65806
73750
40236
79872
44426
72752
68020
67058
36317
66743
36460
31187
29319
8677
40473
54195
73678
40683
33783
3663
80463
35483
87839
23782
86905
55963
2916
60752
54542
73475
38797
13409
2217
29887
25983
84140
92468
90994
31378
18006
39629
40930
73599
49122
73698
83612
23693
57639
2131
96605
95342
46473
17605
26117
38233
79709
22516
88620
98800
60706
34251
2069
89464
73010
12894
90311
24495
34403
43254
82879
38032
75610
63309
57695
77630
63967
59809
66302
86894
72259
47790
84749
55645
78502
14907
53718
8639
48188
94000
71727
84289
92266
18212
4832
82485
63013
41891
57557
56474
47600
14728
53255
48430
29191
75204
71332
9538
59260
58899
43939
78240
54954
22579
66127
68309
85504
59618
71905
64837
70239
15808
48149
75017
74536
65186
38331
59993
5812
3363
7830
12770
67120
77057
92073
14028
65223
47814
16243
83642
30029
53330
62241
61193
91990
85890
87495
4897
14620
34550
17303
9531
92442
3269
62440
68602
49831
72532
26536
16389
88471
84767
9983
13846
92584
61101
41617
66122
12376
14185
51802
39705
11492
7460
67309
25077
25365
68223
26334
35937
20337
62447
93119
67458
13470
69760
28289
21530
47185
54154
16801
65858
73208
44324
95252
72018
77875
3866
52951
24713
42998
17492
50252
22418
38112
19348
80800
41666
59712
84869
94700
74954
42993
59591
77670
83261
92797
47373
34988
38111
97757
86593
66841
67583
10308
17345
33577
82305
68102
84241
64497
81802
31198
59010
56301
30774
50475
37355
88614
19471
79759
74560
11030
32850
20494
53074
79058
29440
39522
54601
44146
57972
69949
96334
75679
71980
53791
92739
30125
35735
32646
75994
13209
48039
2031
53821
71509
20627
46458
73617
6660
61773
29774
19110
97563
88357
41935
52594
15012
85164
42854
68627
47433
88159
8637
68315
46585
10537
42102
16056
67957
89299
84899
45981
94971
12551
55735
39645
47803
61632
58501
29536
38739
10082
70466
99337
60997
71031
54599
68092
44658
61118
78983
34201
29669
30682
63066
38584
53553
8423
34285
38061
79671
5649
68618
15013
49726
38470
9469
21749
65139
57881
27754
23643
76433
57184
6687
3342
62126
72585
82130
97297
71988
5174
37118
21451
26900
55823
23959
97600
74861
84309
57420
52968
84705
94029
14266
14508
43510
14758
32258
40822
21236
46583
19501
93191
60258
45990
18745
21730
75252
4734
55795
13914
35621
60078
33342
83342
99698
25949
40619
52487
15483
76035
95404
62414
39927
77101
20050
44386
64474
24007
63
20450
27670
9164
83428
4711
85115
70900
47536
96158
330
57384
29677
66903
24832
2167
3798
81759
4840
19230
86214
72219
38646
52025
1823
74611
1820
72810
56584
443
9754
25799
95526
3163
78085
13282
29070
44316
57684
89105
96459
88399
15327
37070
82761
22052
84969
8687
21095
3107
9124
48721
98043
80201
90783
12384
87608
12284
20485
7260
2426
54908
90156
23432
67570
12034
23191
22921
12406
95925
15593
94057
87836
19519
43862
90273
11582
6545
71699
72824
52726
3546
79536
57307
71116
92652
49995
4311
17087
90343
52563
6291
38192
93499
3247
14697
10904
28602
76148
4511
9519
88242
31570
85601
59072
1496
88428
12775
37192
18247
62214
1105
89276
73052
32426
36302
77552
87497
3621
67654
25515
98610
98466
83243
57336
32765
52442
80033
35372
94246
85910
47610
16794
61432
78306
52280
75387
59395
6941
61954
9076
43924
83957
55707
61994
79208
7920
30184
80381
39107
18873
66198
6197
79007
2310
92080
17704
54777
86537
34315
11126
61723
21956
10913
42666
96534
43890
57191
54708
49478
82551
97343
27150
63156
30261
92229
36131
59266
70607
9136
7559
92128
74660
56805
50599
62681
78896
5164
86826
12611
78375
22157
68938
21437
39788
65864
37188
21638
49926
84142
83937
2027
70111
76112
53706
44439
31404
84233
27075
6954
37844
35871
8675
74613
83026
54237
47451
47214
9661
75023
11994
74013
71600
71983
72328
29350
34327
90855
82973
52411
48463
4839
34151
44790
47998
9536
52499
99636
64441
69304
70727
54720
7568
56903
40627
71172
47781
87026
36870
83062
99838
72059
38521
97476
21911
54545
88511
15158
70566
62552
29074
76752
83890
34040
53324
48318
78575
16460
21825
94897
69378
26835
76718
32751
92533
25755
44499
44788
24465
83943
23845
47467
76983
18623
73022
15359
93328
32596
25454
30975
42593
63500
15913
20651
36990
64808
79573
59080
44064
58136
2374
74721
51214
77797
98280
36220
23337
44775
74243
47466
21425
90968
68941
32793
94796
97768
73843
38062
86323
89672
98204
72208
75130
52056
97642
30241
57861
38337
44559
2654
79494
59276
59286
52578
11112
20056
92566
53995
69782
97516
50055
56050
57294
99540
62561
7042
11498
7335
73857
4763
97252
96215
27043
81789
79790
64564
62659
9827
72181
70162
31635
51332
59454
70669
97092
18771
87804
5235
58506
42551
98197
32028
51805
81501
20315
57513
42815
10854
89812
31948
84079
60301
79047
48925
54027
38239
82041
68177
66372
32744
58831
47291
78187
48461
68616
7894
43808
56875
37924
80976
47263
23639
48902
27725
68033
1338
86781
51186
74599
97875
19243
533
2149
58267
98512
35360
40691
26395
57416
9646
68663
51199
43225
61093
64085
19456
69872
37571
87961
25681
94427
69338
57317
69715
47794
2026
10123
18625
91524
54028
30663
64184
88523
84641
12326
91026
95026
7844
20565
85530
2323
76083
74201
61458
30472
28839
87500
86264
20374
17736
64596
46965
21845
35478
7529
7539
52653
13631
15825
37726
68856
55310
75647
74339
36009
11236
95995
25693
22907
21896
72818
58614
51201
10305
1919
11633
9157
74665
40540
64801
33925
56566
42313
44878
37984
35778
14363
59149
37526
67689
47956
11738
37156
98021
22968
25007
19320
62485
82261
20996
74053
26636
17676
58112
59357
45867
85410
4001
37887
59459
58496
6384
31559
75611
60996
48917
86891
2590
36048
86612
83137
20083
15348
75039
79570
82140
95124
7911
14596
39531
38896
48238
85940
93477
96195
37039
98781
35869
70549
43397
33956
55133
25942
1660
54056
95011
52049
9881
49607
7515
83807
94619
92696
60225
56539
79356
66290
92263
92277
79733
31623
38194
10753
94635
25219
92043
78919
93181
46357
26611
62929
75155
48477
93179
96160
55716
39093
58444
48127
339
26100
34856
86835
99736
9142
92125
69210
46730
36421
12800
80550
47633
73377
19120
39023
315
39823
43738
30377
42586
93112
8653
56882
50461
40054
78840
12064
99351
78786
49806
46821
3958
89081
68965
5863
74534
45633
51618
82942
51264
27661
67147
60121
81149
99691
11959
14678
87182
81912
37568
30750
69661
35695
87789
75786
70738
98228
86347
94620
52162
18473
81519
68635
61666
51276
90285
52501
32328
68999
68513
22777
33075
87648
44838
29610
84534
72001
64482
90620
42378
55712
60869
99283
76040
59421
54151
49028
56827
95656
26986
81985
80084
10872
29312
59479
26722
14027
54992
47889
78564
6219
30304
10996
1548
47943
37298
93170
22363
75550
95139
72807
1734
11722
83381
2518
11315
63830
91272
83455
37448
68311
72318
57284
5060
35157
15976
47080
31990
57293
83215
75687
72584
14692
22843
88841
32401
5777
7246
69728
58245
26331
13588
86621
8979
37055
93828
1100
90761
4006
68738
9675
5210
92391
75463
8844
28229
21574
32787
42036
69137
1852
51436
13479
37638
45858
39095
21523
34365
72378
49634
9435
70850
50068
29048
34191
20361
62623
22039
40034
39270
76057
97615
73538
11221
18768
82430
40817
82039
75696
74179
94534
39593
19350
31754
484
67063
64458
7827
64433
83600
38224
92743
32690
23756
88979
69900
40757
17782
44222
14494
25794
8615
87949
35430
68647
30317
79982
53243
92495
88497
98607
26255
28223
86550
96254
85911
59106
76065
86964
65691
98884
17203
77870
23171
8113
85708
31196
81338
15036
41031
2829
65444
17918
95518
40263
18382
31052
28475
83539
63872
97040
4241
82244
61719
59848
14133
48347
72536
64460
27383
88653
14147
66682
87514
60486
14896
28496
44973
3701
50169
69435
3771
77390
50123
29251
9354
39272
66574
6831
47730
67012
10525
35831
50301
55036
63080
75053
14131
90534
38647
86881
79039
70740
16952
3136
68567
59950
88556
48427
13893
56996
88639
78647
81325
18063
67763
92251
55939
67810
42403
61027
50522
80775
88067
4499
52760
43440
66305
99601
88788
72147
56534
30281
33641
3940
83824
84679
9650
48606
42867
9997
59116
6737
47242
55115
2048
12933
250
16898
50679
9413
20908
28650
83131
80615
62279
62582
68921
54418
80908
58722
39031
49898
42918
66527
94572
35563
99305
36996
84010
65830
72760
77892
63841
84475
53615
98015
85967
71287
62050
5529
83809
55184
89290
73075
60854
29676
26677
84607
41492
52313
1503
43835
74421
28974
42118
94234
74193
30270
87523
816
29956
94071
5374
73792
20808
41328
64297
74272
88667
30879
83823
86727
93007
84701
90436
77779
34324
99657
9851
81318
73014
16675
49605
39162
21991
59248
12742
80089
84219
33294
69369
29096
27274
50002
89104
698
75653
84979
42935
83173
74729
48930
53906
70394
37310
3590
61753
96098
69649
79404
4850
61121
57789
73926
74927
18325
40764
47279
26982
65015
48272
72218
65623
62510
18194
23246
96119
23298
47240
33021
36305
54402
93801
52844
80978
75464
78170
16191
99678
88544
60161
12574
22544
97795
65311
1109
8169
64382
76118
44123
25047
26158
79444
87317
2097
91587
13912
77631
87753
42019
40626
50987
12415
35571
84657
3911
30659
74959
81323
77138
10185
64976
94395
51328
44591
55030
11973
7547
73015
42907
70666
46192
73240
55512
62868
11883
51003
78088
13208
80192
95021
90621
68506
8460
27025
48047
1486
70716
42316
58634
32407
32688
57840
38334
82838
8114
26710
58291
44172
63043
79539
89097
87212
78371
44425
16761
87858
97132
41906
32582
48869
19428
24304
87627
24667
82625
70332
26037
77969
2187
98180
49015
11345
9043
29014
62399
9460
95817
25877
33766
5758
89690
10032
22367
243
48705
91949
76370
37954
98943
90121
63650
99533
80834
767
54801
32745
7570
85459
97605
34928
23727
69823
97503
69507
91537
4033
76635
68729
89001
3613
8145
7487
73671
43803
95265
61311
60585
15900
3711
85590
45721
66884
45555
18712
54696
34199
37736
70150
94136
33402
61682
78079
54299
81327
24410
49845
85495
13165
87399
44907
19304
1933
51289
49377
85127
53339
8195
64603
96498
18606
7588
26988
57876
39719
55192
44724
38536
39615
64642
60568
68603
51469
66325
98934
33213
58163
22861
87482
2269
54452
27852
18240
55489
81907
9753
78480
7513
49662
1804
29778
5566
57984
53444
33624
42121
38651
50627
46001
21166
17319
69034
39723
82990
38721
51357
15185
42919
66781
89502
16474
53908
3968
60783
59766
1161
77474
15365
44744
55570
59846
26212
79333
31716
71906
16329
53959
84485
70983
27206
6041
3652
62375
35880
18471
7575
47469
7786
8650
25284
11815
69801
57227
88083
60712
10346
46953
22021
81055
4591
88935
43411
43530
87301
35276
21771
65157
30978
17072
71685
8059
43507
30375
7681
74216
87585
29915
51935
69821
89828
99232
5163
88838
98442
96038
94094
42732
54382
34780
18709
86868
49657
2302
18538
53235
55465
62443
57311
32615
89744
1165
59964
94034
88900
36007
18700
12041
43732
65977
1231
63610
23923
44556
76396
93708
21031
98375
79241
42869
65948
15136
14076
98238
49040
8710
4811
63655
17615
11668
38497
50699
92404
50217
36222
43508
29788
99611
399
56954
82940
39080
61910
12866
9751
78013
78314
58632
74509
19677
99411
76030
65855
89338
56176
9097
16688
39599
62416
30152
47058
89526
52327
44974
69514
76705
76760
67421
57999
54743
53316
42787
66489
32845
96823
25255
94653
74849
32851
21780
20507
95640
81129
20818
98863
95223
47514
79386
33894
9016
41123
61933
97657
25324
42049
62786
2490
88065
36850
69994
81127
67156
21835
91098
49608
89777
99685
82381
86519
26912
71212
66687
77976
53025
567
63084
68691
93504
54032
2116
93852
90508
70853
57982
49210
56206
45637
10213
34686
8499
6411
9459
97990
99011
87921
98735
62353
81961
76514
25106
18124
36372
49760
34059
25302
82898
11856
19285
27561
11786
97604
70206
7147
34378
190
88192
6819
94061
29804
169
51268
93630
50571
72413
45206
45516
40889
92453
62726
81500
77385
86383
93873
60868
94552
152
23652
71628
40088
36039
42494
34250
74438
42328
46622
18540
57459
65366
12950
23241
28351
59438
48517
76949
58160
90503
73664
5316
81484
49091
21872
49069
51322
46750
74606
89444
18489
46340
25292
56527
45347
64521
93994
13242
63181
44651
65643
57104
17958
84365
88557
48770
76318
87050
43034
93547
72533
80575
32811
58548
83550
95579
93395
30887
53820
54740
21699
75028
57595
41489
64230
66048
46342
68387
81861
4138
35838
43894
51344
37428
57915
61886
19910
82854
7083
98054
80452
1918
56783
84892
29945
2223
18954
92048
4086
34871
29836
23558
91749
47312
86336
61950
88721
35815
61885
67794
10857
46624
26877
19529
18453
81625
85752
82585
92484
7197
45696
85351
14268
57440
60746
98203
28196
8879
5753
62788
29004
77725
32836
80611
9824
92932
94989
63531
99940
78402
49221
10065
11562
78343
10422
74060
21596
78168
67278
58207
53957
5427
64572
36482
24649
14189
31436
63577
72165
15352
24945
3096
58678
9986
77593
93871
17425
75375
37721
55417
63570
24855
97201
68540
16758
37578
97272
33311
61161
59126
97143
59611
50026
77301
19044
94441
12291
71605
11398
67276
72850
88790
72655
13875
95114
91665
19215
73011
52447
71847
60417
63302
56390
14721
84089
89655
74131
74549
21041
11779
15466
70891
19232
10326
82613
31713
58044
57821
49739
60684
58389
19976
37472
30912
85124
86006
28533
55429
83213
34299
10193
15384
15354
45876
182
43617
66952
69850
75578
110
53898
17279
5043
74123
32552
57785
73365
64079
48836
52851
1635
10298
41717
48151
54166
74914
81403
46011
76456
71954
80722
68014
69765
11540
2952
95399
9877
86179
50512
42438
52106
98626
33121
9052
81934
22687
60058
12889
6099
92492
45070
86365
67226
76263
28060
56883
2729
58383
49603
24472
80650
6932
91478
88698
20033
19353
52984
31217
27618
91255
20043
19326
69240
11194
20301
24904
58975
31621
52797
54657
28619
1687
57064
78074
67105
47658
53187
96646
58760
59845
35364
31924
94711
846
68698
14786
29145
13702
36201
31712
33540
88822
82036
84311
25115
57650
85468
6989
89954
75425
93812
77093
34714
5702
41875
82652
96055
59245
51542
45924
91099
10394
10285
86163
66308
84836
42819
75579
85270
3655
29340
20527
51793
75507
88275
47147
6668
55456
37870
24338
84803
99991
68507
99472
90744
40146
98829
50494
26721
27649
9369
53204
81047
7312
91176
41167
39850
54911
57299
60720
10080
2877
68689
798
64847
57985
66178
6000
56756
58827
98258
719
86202
46672
63173
40219
91963
79347
4712
67270
65068
56280
38683
50393
30614
431
23743
33452
2478
23788
51581
11217
99375
60861
7716
32493
29832
50069
69099
48313
49372
18184
60913
24501
61184
12411
76813
19812
11849
73677
50986
16781
37215
77587
73440
20510
52648
66434
16907
25338
50605
51769
41587
27386
94954
10219
22067
8829
7416
90514
18899
56030
75250
51105
51974
54995
91634
1066
25975
90261
68119
88133
25741
32261
73892
68059
88954
27256
51206
10671
25246
54776
30251
2248
53558
38227
53744
97811
79977
48685
83773
2389
78887
70379
51194
30391
81808
65545
38970
75297
58861
63931
73080
99807
3986
43885
68257
63399
85724
35273
76751
64787
31677
13206
56829
59148
94927
94536
8066
72000
55993
79796
49801
82321
63997
99727
4994
76046
60570
96506
59455
67427
21426
44593
32029
93099
91645
67285
40762
34994
11534
47815
72159
46491
32294
44956
65817
24887
57422
96968
78421
81646
11513
71150
27650
36471
78422
89227
36830
72782
37410
18189
38121
79412
53404
1195
69671
3078
75239
80731
98471
98441
55274
50665
38037
74185
953
28667
70485
350
62143
46817
33841
48864
84717
47358
77445
65336
20952
45741
19056
23378
29226
31932
53687
14553
93454
82674
11389
43109
15335
25783
2914
45436
69739
30460
90638
41483
86969
31794
81662
76789
99538
64556
17848
61993
32097
24687
99020
52273
49457
32284
43333
61225
13781
59291
51175
5480
28732
45712
77320
48
95950
38064
49350
96579
22563
55410
14107
77808
53301
817
6104
87223
89692
92216
41171
84503
74129
68897
8228
18043
33178
10303
10583
91019
96700
69195
94316
39652
4452
23795
97591
70650
88208
16249
72359
71703
86879
34429
93694
82547
28773
16432
67115
95558
34300
48353
80917
10787
70939
35314
17705
45803
5754
19770
62469
40610
11075
79646
6877
42369
94541
63790
7779
83687
17465
69251
73874
57151
96044
8164
43250
10683
85853
27816
72144
97120
45606
77356
54637
5127
63831
52452
7204
97229
36342
5837
16752
74659
98641
95620
10978
82445
21756
12517
52735
92176
96167
16285
76101
89880
13637
56212
31476
10761
52157
7296
13330
81292
99474
73960
35065
1733
76473
3766
3188
42415
47616
91327
43710
20653
38546
60154
53544
5532
99517
36133
14666
64387
24450
81822
94583
51816
55761
21263
77161
95798
44551
85307
38864
83416
51886
94290
12807
30018
16953
10312
10861
7950
26708
10288
62463
57638
32487
4658
52141
66728
26149
44416
55746
43854
57524
73601
63088
75861
75838
90649
79480
66294
63267
95790
97469
73945
21715
27403
32204
74782
26175
75259
38701
39543
4023
55556
48322
16022
43032
75219
46396
99200
32431
18933
40128
12556
95271
44828
8635
6970
45590
1647
61426
37744
59025
61985
96814
3047
4218
33132
70712
52134
75966
3725
30481
29928
87269
89584
69712
45484
10411
69604
1152
79205
10563
56445
86414
66172
66757
47831
40363
71229
46903
90254
16265
55436
26495
32986
69603
79417
1745
55772
5767
37393
35250
9280
22619
46121
40280
20749
2800
8247
23244
59109
72864
66082
31339
16337
4827
51185
46445
89314
19331
29899
12310
67060
85392
47513
90988
45731
31974
75888
30061
36345
47314
38050
66755
10932
31992
40045
73085
16978
97021
96589
55088
29398
96203
40911
21363
33970
79952
34383
27205
2989
60729
62388
59175
67541
45082
32087
49418
38205
42650
33255
60287
28770
11104
93420
59294
27143
70678
88993
32323
78551
86343
5516
42324
95153
39172
75806
36738
26747
68846
11547
56793
64537
38529
88093
64695
41742
15016
31090
41553
9574
9497
64086
99739
47579
27409
44062
7752
46299
12205
53603
68558
38096
14273
5990
52478
40921
25667
23915
84190
24393
56316
39421
49671
3653
75020
39771
13550
54120
17051
88288
23080
55176
53681
40431
96859
81682
42339
84896
72113
52943
85313
40329
54158
37974
89211
67139
47489
59259
54600
2394
10400
42762
77962
86081
41943
49185
19672
22887
67499
48525
3658
62361
63983
32378
849
13929
59490
85109
88027
4757
80102
65763
23687
54498
31344
66331
98069
23051
41180
91345
84167
10680
98679
35392
11863
81902
18981
91102
92068
34358
25126
53955
99145
52165
61680
91259
23167
15646
16840
80781
72922
55150
41716
29463
20757
523
95748
23333
58249
44879
39401
33168
10276
33062
98005
45058
69287
68371
29882
40186
62785
6493
68523
64273
73734
46813
30110
59079
96593
24666
6661
93024
38397
27015
41194
72972
4312
36444
1999
47304
40162
59963
1981
30451
42098
59698
61542
85330
74252
52782
38935
14583
80015
85744
20491
55272
91816
6557
30439
55890
75809
2661
38403
52757
29601
80312
88528
93200
44526
56863
51760
64162
19150
98996
26349
93595
50541
81000
53468
59167
84333
44772
33943
49588
96187
94794
35994
55642
85308
29034
46970
1390
78201
74669
49248
7135
38660
84637
39476
5046
43417
11133
85783
75729
74652
20790
63953
62001
60214
14049
80252
86115
68454
84589
78142
37009
48592
40785
69044
52533
60942
661
16800
90040
22848
84175
48741
49442
65461
43040
51575
73004
94497
15897
97821
72916
87069
64529
58473
82461
62005
50672
41556
43285
37165
22038
20847
3743
42398
47309
54568
16356
34907
96324
44530
84498
89990
96523
15723
50538
41307
90184
62376
12802
68503
90396
5471
56131
81630
52084
22870
15561
66196
95936
39830
79489
25821
30388
13573
41597
38178
310
47560
15992
31440
40631
73675
86176
47385
70978
81096
8089
75125
27290
67780
62520
5805
49509
30546
92227
54592
91060
56168
61533
82910
21647
11121
55328
22643
21774
5013
24587
29843
70824
94739
3815
57
54670
18772
41349
4949
91145
52667
57413
58124
353
50458
20334
56305
85512
1579
97612
2176
67289
97387
897
69995
62220
88458
67176
57442
37891
14475
91423
44927
35033
46909
41395
80364
86243
97826
75289
77067
89618
72183
9745
38950
54790
46472
52804
46378
32607
81696
27190
9058
17727
75483
91375
12967
21296
30277
17532
84016
12096
59933
8056
14495
67644
82217
63912
99477
54870
80287
17598
34553
46930
54177
12385
68915
66759
49747
23323
15345
47132
87653
82486
86484
85191
68216
98501
96882
86389
73736
52288
81701
36159
90572
70118
89759
87899
32880
48292
26515
33881
47020
52587
53968
59794
69955
93100
35264
61304
21797
66962
7797
13667
25114
57071
86691
15835
59403
23943
67939
77813
41166
55517
59910
82603
49157
93173
45986
69406
74249
88194
39744
20697
10803
9256
2261
95254
25456
27570
18072
99274
4419
45033
89139
14021
44827
6896
59311
46634
86160
14277
71846
49876
73739
41405
25491
88238
27148
87166
33499
91473
76215
4041
3589
87750
44140
8997
46660
55242
98205
46243
26483
76866
59443
93224
38260
59365
57837
90720
10770
9611
36628
78033
18109
78753
48230
86528
37312
25968
66063
86760
74068
84900
1347
61843
71626
82510
38938
75307
95250
17569
73084
98288
30609
25572
55780
32056
55203
63349
36662
5010
47009
94939
44112
97312
11388
29504
1086
84738
16660
14070
63652
2228
62413
24308
92625
19536
47450
21414
36827
44025
34098
11594
14622
96925
12798
23736
56828
88705
47765
62519
74889
33000
62640
81594
15560
99645
51919
29643
98359
48657
99471
63559
88676
68404
57309
42937
75246
42694
61979
95565
27599
19279
25267
48270
4860
91919
78645
57541
39519
84486
66135
76330
47764
53605
54481
19637
71318
28156
32123
80080
43189
60951
98058
89580
46719
10997
15552
97715
10792
32635
21570
65955
75393
36373
97547
83326
40499
37553
94354
72466
24947
91697
16549
42143
36544
22555
82540
24545
24876
71675
45799
42033
14655
28821
41743
4629
74050
52181
46828
36527
16154
90069
90306
24614
56201
5572
39637
91421
1884
52655
25888
38109
44738
51002
47557
29304
52783
30674
29830
13411
36696
63786
83211
96752
94005
56292
6345
47798
81370
51478
88904
98644
25445
18396
19890
2688
70586
22819
22953
85018
80981
54938
93445
82484
61739
89863
37938
67567
23502
60916
36105
59818
54691
47209
42639
93061
45412
12294
841
17073
77472
8295
25522
31969
99230
27351
61099
41468
37840
38770
92684
52158
83081
88108
64735
47390
92054
44812
30925
11465
76535
20027
63822
18238
29310
72168
31265
96614
90319
30705
12811
12875
10808
77784
60248
32333
57716
16594
24027
38259
44022
3266
5417
48577
82884
9372
13062
32429
19135
29862
89642
68805
11330
90969
17674
26081
5520
73535
37786
33839
54735
62748
85098
54069
52365
88985
80182
4929
69753
59133
58497
5088
32186
38113
48135
68792
44644
8379
75429
20990
31420
72415
22137
54701
89617
67741
16065
90326
86618
14511
16923
99141
79908
41219
70567
75569
66939
69580
87313
79306
18211
84876
80276
79998
85639
58017
52628
65499
40871
21482
39681
38456
530
28345
43671
79598
67839
13981
45388
33696
95758
17431
9757
69180
38860
65131
85693
58554
22473
89869
96763
92666
77558
78346
21244
4111
56692
33161
91869
3607
91738
71778
12662
56052
53598
59379
22096
10132
48815
45109
40941
13847
60110
16032
69094
41785
48207
71463
41835
39978
43104
85344
69562
70059
80554
81467
72765
90280
25759
97258
25595
71433
37702
63106
36539
26559
284
9934
57001
91865
82216
54977
26424
9623
38258
12792
21755
10061
79023
59555
68656
11783
12758
46883
65255
50134
61896
2836
79110
5641
7127
44514
23989
99501
90004
29030
83886
57878
69648
19593
66910
91834
98986
36801
76741
78742
90287
83641
5588
44969
97392
46303
82732
85230
99105
56550
49786
78081
23719
65364
12169
81879
7664
89774
6907
76285
29018
58886
72933
3418
45187
22500
37431
60267
2566
94313
55658
32586
4978
60106
27010
6926
33066
44156
43730
55374
86633
70137
45126
26840
31668
59997
23087
17906
74712
93462
727
47088
95519
8223
37663
10915
11878
42367
59249
55623
86368
80730
55620
99250
91514
15739
86272
51763
73735
16957
34397
28396
34650
48077
2103
80846
41426
70030
64848
41142
78537
55862
61194
37377
68919
55896
70595
82180
17787
52602
4437
39513
96971
14279
95477
94480
44380
55709
71615
86875
15898
51314
1896
66824
56216
72112
46752
87754
92931
89552
37328
77841
93674
87392
13722
9082
74557
53505
35265
87969
93296
39766
57173
31865
74261
47732
77546
67588
88737
14615
42763
13053
64490
98810
25438
99224
94885
12788
19631
53066
83355
53284
18516
33503
56111
10890
94699
37977
23518
12599
16974
258
37567
80899
89478
80041
35876
5606
27119
68372
42696
83774
4948
25342
65983
97253
85099
56536
37505
25768
93825
37983
59199
9078
28206
99666
51799
75964
32287
65008
84021
65296
11740
21390
4723
89093
79335
90418
2281
3508
96307
41509
21983
72347
18053
83944
57743
99821
98542
81265
17629
84961
59526
50548
9282
96714
3071
94495
56478
10518
36793
48912
50778
28998
9616
84267
19058
22571
27181
30717
75623
19242
53258
90880
33313
97058
8854
25500
99663
21372
62752
40742
21733
28529
54092
67959
15587
39122
12594
81139
97377
6761
91647
34834
25364
75505
26249
24900
32303
78290
20585
7832
42700
72776
88930
29874
43152
25928
28766
25848
36546
51911
20858
28869
37534
66102
43587
66136
26429
23748
54782
95098
56876
59268
64251
60641
80617
52907
95960
90705
1288
18884
72619
53161
1638
72122
80595
38342
23147
5227
37397
60394
57723
16169
15142
49965
53407
19707
41172
89067
38385
43371
56182
66349
65683
5375
11899
80626
73317
20186
91009
81355
19556
75618
46435
82253
89133
99402
82016
91978
37467
20799
94320
59523
62236
30436
25125
5820
43224
90171
37364
15563
40404
16622
91307
51460
76828
45402
10011
45934
21324
29621
18482
36297
551
83528
1453
17925
50197
45016
6101
23029
97877
62962
3007
87778
44009
7071
36523
21378
85283
27638
481
23229
94213
33057
79639
38993
305
28422
30730
80787
56067
45368
83148
92463
27343
2813
78334
33765
94384
15643
15938
60425
89599
88072
77755
89696
52534
5387
38257
18665
64008
50012
70220
88469
71885
26312
60399
72340
58272
90461
23992
28792
9711
9203
3504
40773
48234
26875
25059
93791
26957
21695
4465
58930
98372
53442
43833
88047
16552
35854
74306
38115
47019
12418
32515
46696
54976
27960
15966
59937
16483
38742
18990
58080
16136
84918
8571
44144
90352
82079
14455
8990
5623
39171
59253
4154
18919
85713
5876
70392
62893
11162
21993
93658
38997
30776
54389
5709
74330
41892
62259
70845
97225
85383
48758
87895
42846
81234
2689
30905
68928
16792
85029
38055
98248
7239
14084
132
57865
47339
64985
67092
83423
7598
69818
62689
55664
59119
23784
66446
37057
91039
87595
43053
24859
46295
52376
66130
66993
71979
46539
23124
75209
31126
19605
84176
16236
29983
7248
4230
31124
22376
40343
68908
98667
12106
58534
16596
96565
69382
15331
89573
59686
11196
36802
209
63775
50172
4249
79538
86175
79947
73160
41269
27138
19893
88828
80578
15412
79358
87673
30736
45680
88720
9318
19053
61215
24171
83109
30161
57733
18653
20654
79959
69166
70353
61572
87842
38992
42409
89938
70915
32931
16164
13327
10145
74790
87431
8268
47847
73486
82134
67700
78351
58410
38506
82466
28863
10045
57892
41560
32725
99983
32292
85152
78092
10364
88306
86036
22731
36215
28783
46801
89274
91987
63749
82538
34135
12595
37716
77944
56551
90668
13685
52081
43038
98565
58767
99625
18838
44880
57209
64518
48927
11071
31356
66517
29544
56777
499
39746
94418
86560
90176
27616
13820
87421
90700
31219
9393
23664
47156
97624
93215
65288
49415
43798
85079
71276
81316
35689
79242
22660
39614
3610
75489
77441
80265
10103
13442
12302
72048
52492
19045
39311
78964
47197
39022
30452
16648
39517
93487
32966
9140
20331
32025
50900
96929
70709
97170
7650
53027
95545
67797
38670
40060
48386
2756
67811
99751
81319
92235
36128
31138
50148
82151
79491
75632
20093
33621
26352
41550
41388
23312
97914
3700
10599
12582
38893
19786
98206
77114
14181
80843
70908
89631
76441
94818
6483
79463
30561
20772
43872
64658
11006
82342
70890
45342
54084
60479
76647
90191
28098
15400
2900
77288
97802
6164
99935
15267
90289
6608
56339
67228
46820
28832
12107
87385
6813
42240
88629
70565
73573
16765
77724
56069
91838
96129
3024
75432
3189
15333
74282
95683
77900
95567
83811
87953
12439
71349
98945
53124
99161
10270
16469
25094
85998
10031
23675
67909
29184
36422
63062
74349
89305
91004
4055
5816
53547
21656
37562
14627
27576
95885
30369
39554
72994
65016
10068
80656
16103
85517
1034
39217
9539
57521
28302
16790
15444
65430
59782
28241
34398
22013
84712
12710
9630
43039
28330
48651
386
13043
6489
17661
78005
3924
12932
92974
33323
96350
13552
5874
31545
49335
72693
25673
33167
55263
10004
68437
42568
53237
95200
20084
72903
46759
16833
86887
68109
50360
23211
64737
9314
31738
15874
27120
48630
68427
72779
51123
13961
72770
14813
57050
76758
19801
94095
38285
23017
82004
41141
36464
77935
39821
91302
13201
11483
35534
76387
88759
58437
73730
63535
58025
84074
26569
66237
54553
56355
38075
1127
82790
3389
7633
66604
99891
92256
72475
42289
30497
27361
85293
16665
66447
73890
52413
49849
6480
47144
74870
90505
28936
16718
97703
50274
78195
56081
3624
63068
84073
18441
90907
98661
47535
73231
83519
11300
58087
66330
16189
23366
75105
3841
56137
44844
5138
66027
94120
19472
12680
35026
62173
43718
64148
25004
59958
10205
8492
54193
41260
40168
95843
39924
77659
48893
49619
45364
9620
90046
82505
75893
39359
33212
24132
69254
4389
71099
10652
88706
54613
86631
88733
22450
27505
10596
50951
36079
92405
13386
94442
19199
25452
95491
82418
15901
96330
27094
29241
19436
37360
86079
71060
96826
68769
47819
83851
28364
66709
92641
91239
74109
68069
17792
19965
27074
45485
81460
52524
80565
67659
73477
81667
6137
85688
10279
36848
57762
50828
24616
75027
91475
9776
76909
82224
22365
58884
94149
89536
6106
26521
16071
63992
58648
22862
62492
64561
83228
33346
86494
60629
45943
6485
33173
73509
12609
68532
39065
48288
3082
17125
77847
16593
91487
38509
28406
25717
56038
96903
37416
78491
90083
84502
64276
83959
81804
43151
58100
82408
74346
49742
58612
19837
64150
80355
37561
93656
76643
46665
45728
91760
22572
92194
77059
85211
85868
37657
36015
90483
10545
21802
99302
64247
56603
15598
48265
88414
38791
60881
13738
93339
91556
39283
75772
19953
82877
17180
67928
63568
21065
59234
17900
62265
85935
89154
48042
78614
58605
1582
7683
56418
38776
60526
47927
26464
68272
32395
77579
16350
48216
14698
69465
90845
30252
66664
41203
27073
87681
84543
44340
54700
87569
69627
10046
90608
99111
84947
62254
64385
85832
82275
81023
35754
5284
92428
30295
74955
23883
25525
1078
86300
84239
71604
47526
49347
93264
3221
43220
12159
86508
98075
42442
61536
76558
6044
62249
3823
47247
16827
79476
90964
94047
62381
15624
66072
74711
92911
9161
1449
62892
13146
91158
3985
35050
39478
21488
71220
44896
68055
11206
90676
76261
73471
30335
16723
74429
28070
74485
59543
58764
86692
57928
82423
59411
76115
41598
66969
41994
75258
3913
85042
86204
75908
70274
51742
61167
52192
40368
78384
97468
26945
66916
45236
71572
39628
19129
14869
98901
85045
71475
54967
10392
60319
5063
518
9678
32173
62436
108
54206
91664
10220
58096
99313
26518
23827
2420
13732
30155
39061
77454
27692
76079
17447
8049
46191
95231
42232
33722
71937
29194
5550
16223
467
98432
7409
3542
10419
37115
763
10807
3033
83607
58530
44258
24778
32184
80098
31926
88599
34006
52282
37918
27643
37765
47473
63666
20038
11749
36427
26154
97121
82031
26736
88967
43957
14741
65147
20708
18911
89639
68675
41590
910
13608
52300
2693
96727
28435
16881
40665
65627
5121
14358
53082
66945
61644
3445
29068
17987
80531
33270
8545
42669
73031
68187
4512
74725
82616
98393
86181
2288
66228
85279
74568
58117
42413
78106
60941
94903
33086
1758
79566
50622
45260
98600
22061
37352
75243
58367
54107
50203
85619
84831
29977
65196
39454
8469
10028
5082
78348
98907
36650
32610
527
21468
26332
38398
49043
89509
83935
24097
37649
59416
27508
30794
62215
41080
84459
78679
59866
76641
86322
46966
8509
53668
73161
2722
92803
8853
55347
19143
45551
36541
87034
81504
74190
76085
1908
39012
24696
68697
50729
78216
35812
22171
46647
10109
1227
71124
58115
60117
52073
58157
16397
72444
74475
21128
42925
19446
32381
77818
38669
49518
39987
76774
77770
75521
63614
46419
74884
14263
89181
54692
32083
79011
48695
95792
40667
45739
91928
22403
82165
47392
39540
81862
95446
31363
95741
2145
79462
23953
50140
81683
68182
59541
55015
65116
55948
92653
35169
97733
59509
25655
14404
84461
81051
39930
26439
96309
99798
55808
78628
67560
37546
60459
34408
97524
4551
93756
16120
38172
93402
88266
80811
24276
48012
68400
40956
89208
51756
20237
70321
6023
55032
88057
41963
67068
24390
19686
31595
82302
60226
26454
47952
42000
86193
97571
35520
47172
28042
10315
82299
97393
79529
77775
85563
79083
42356
9789
91937
52863
81462
33697
89807
98730
85979
82487
45714
6511
58730
93337
35051
75670
67101
23397
54197
74508
8344
60835
69297
81269
32121
29781
4693
90698
3679
18433
32525
54087
49094
8523
15165
88925
6854
52564
64446
38004
918
1588
80654
11068
13087
11354
69292
18563
74415
88901
78122
13511
85864
61735
97806
89919
89511
37213
32260
37181
70242
42299
7169
97105
58955
67848
84794
86530
42028
84748
45727
18646
56982
89977
92553
43119
6365
79495
37233
2631
42298
16942
77551
61516
73007
40698
91511
69829
91003
26735
30100
95372
5858
79699
99448
18265
30248
7444
76096
20382
32769
73549
63932
41931
43555
32781
90893
62212
32936
65923
55246
57704
52219
21233
64053
93987
37922
42845
49447
60424
98467
8817
56195
47359
802
58738
10355
6969
69417
49823
16662
78863
79316
41520
72129
73938
72284
47126
58191
96716
95127
83357
11683
48081
73474
91959
87314
895
92223
15266
30185
26958
14854
15844
48131
34092
33688
40901
7693
35615
68844
46606
41012
93469
85067
51670
17102
98319
91676
65143
75191
41898
80603
95449
41436
90426
86309
71268
56193
41312
72199
44388
94879
98172
15413
3535
31891
74854
61085
46488
9878
85514
52189
83942
27194
4416
92478
71095
10268
17765
64580
24267
93623
77535
30260
39158
57842
56188
21195
97637
80401
99292
66831
85304
36624
6659
99855
53683
59972
76042
33751
6973
92616
79400
90401
63307
38216
19636
64863
62072
32654
51863
86088
26947
17320
74462
57376
71834
69068
99819
30575
43775
67269
60922
90181
3639
26858
2354
15156
13383
53684
98665
59456
96921
91034
5581
86954
98668
5343
51685
95414
63363
25568
65417
58138
89731
54513
47985
3239
32579
92791
47273
98411
20951
68988
59228
57377
32908
99635
10615
29992
93841
30149
6196
50588
26894
29153
89221
69989
23045
93781
84687
14019
52981
42187
33421
70812
27554
39450
34128
93283
49696
3161
6693
79069
58696
48243
28655
25867
58719
14175
44753
32005
32212
6390
65723
98712
70387
97184
33926
58484
32059
86907
56617
54880
72267
97589
12493
50787
9573
78659
46216
34388
46275
35816
24980
18084
92750
54883
14057
72812
85083
47882
73330
8599
12836
42279
63826
96065
96315
66814
92572
43673
76658
90887
95113
24333
33216
63636
31287
81770
99039
51340
55710
55096
10864
76911
66867
14557
9937
59466
31567
6541
62314
52113
62827
69313
53648
82619
45134
5457
91244
80477
37579
84572
67430
18036
8962
98025
89876
68779
53138
27185
45077
438
62875
47232
85369
75410
68449
42836
49544
1130
86027
92319
64668
99304
59351
96090
167
44955
99000
71129
79540
7901
67880
45897
39516
79832
54610
8447
14944
24919
99046
40152
27856
20544
13872
53893
58812
68994
44177
55261
92308
1770
5568
46995
54190
72356
79076
22501
5454
88589
15961
79468
60000
47692
96260
16551
70431
44572
8429
81308
38188
13315
17420
42748
39186
17546
36382
31273
64343
79789
14875
29
6386
38650
69537
26441
35341
59915
69725
83414
97602
6559
96809
86285
44249
12952
53410
32004
84295
85954
44081
4592
53620
56826
15653
20099
6331
33653
33478
98014
65273
84189
84519
95403
50443
86597
18732
2983
21047
39888
12172
99565
99527
87477
30949
22925
6322
46684
11486
42226
16757
29197
4150
56611
10397
39751
602
71446
14517
38591
82283
56423
26350
55158
88727
57873
15195
64988
52244
83568
14150
95515
32702
32498
51956
30645
18697
44407
63751
96268
48542
34517
99178
56398
40595
85331
28051
96207
78283
26503
46756
86291
87904
26617
112
65790
53754
19123
2373
4269
41401
42104
51792
75452
12231
36858
47714
48360
24394
60656
49713
1773
95563
57649
56166
33975
38306
85731
2070
61956
40212
4703
45951
26678
20354
40130
58616
10347
83087
77276
38983
46982
24725
65722
53459
44217
7655
76173
13771
76459
66439
49252
88512
10390
60929
84092
33515
95221
71380
91526
96722
33941
26499
76533
86158
41313
240
91106
97396
74676
22568
64281
80790
13863
67330
11167
73482
81935
52927
60283
84755
32175
19402
12822
44947
60223
23568
17377
78469
55490
79810
16563
23179
40026
22982
77887
81414
2253
27306
30548
91625
72829
87276
48896
24567
7449
7619
75584
75796
29784
56251
15078
89963
28691
62921
26762
21194
98586
72173
28054
50425
85117
9154
28909
15208
90214
3061
59579
97394
20825
94643
59451
79980
36951
70959
30190
43935
30819
30278
7472
18795
97935
42443
40958
4579
64231
37195
26971
23984
8018
88010
75876
44471
29326
2398
90859
87418
27741
78
460
4741
26597
2011
86831
42331
10372
95867
16695
92290
97829
81968
15851
36400
92510
77209
24779
76621
33035
64959
7349
34692
54280
25672
50746
39338
63929
28255
3690
56780
76735
82552
92656
45541
24145
95498
29044
68282
47478
93206
52703
7599
24072
53664
84060
50833
14041
60439
8250
83364
88597
74106
4474
95093
51778
24407
49740
34894
79795
67486
84591
43173
10349
7308
85120
42889
23902
46436
90384
21205
17033
80907
37823
90942
80600
22349
42402
46733
45735
25786
88080
24060
60789
17862
24474
79029
77829
1405
20272
14220
99850
21162
31448
27455
41504
71952
60361
5525
36043
636
88436
3386
41719
14614
79620
37661
73534
95785
7044
95454
69394
54795
19090
56943
8282
91381
77275
22726
2583
83722
75628
46892
90801
28430
27427
70347
97859
77412
65047
43076
49240
35756
93135
58806
39498
48199
46072
16876
45657
48043
42385
4932
34749
68876
31840
39187
73807
78445
85041
99008
8286
6824
22411
9453
38821
28025
98795
77259
13025
8213
96817
58462
84903
83668
56794
87600
91672
59120
99990
25273
24109
54580
39684
79302
26936
26383
90283
77227
41973
25425
61805
1958
33209
4201
15502
92920
25961
13566
22511
9017
77361
57674
4387
65556
35924
78322
98074
13142
99804
14522
82167
51708
57385
39897
32695
76698
5683
79197
79612
7678
80528
95729
92169
8324
68593
32989
65546
88331
73805
52942
85699
68345
73432
14017
95958
25910
25986
4831
99381
75142
6956
7486
47842
84799
50749
88827
11836
46234
39083
98736
8141
40759
48129
10287
17190
51827
9221
17842
55835
45534
79129
51351
41174
18881
97301
74911
60564
41245
55888
95387
8885
54961
44215
93409
74507
77386
5713
71534
18004
76490
37371
67557
49785
74017
62775
37992
47618
40312
90295
96478
43239
42300
95421
61829
8431
36819
70300
16018
51312
364
13630
49889
98484
40964
58639
50496
79355
31661
18021
32697
87782
81791
80247
50061
40518
27687
87111
58599
99551
3444
74381
78388
89391
59987
50114
6143
42107
43525
24944
22582
88011
64712
79757
59204
82089
83766
1504
32707
13441
79741
41658
38635
42236
67768
90795
17907
57930
32144
4804
71230
58875
22193
3805
67791
47081
5856
39039
34206
60324
15765
81919
8718
56697
7573
95109
89865
21937
22709
41528
41945
86464
13006
6695
80564
47569
93416
21312
55086
57477
71001
66764
87661
59394
4555
45250
8175
49324
64993
13604
82303
19752
71940
54817
8281
89103
49640
44619
72304
1964
72214
34153
61663
79724
31425
72869
25904
7063
59968
94493
70238
90045
18426
71811
95094
7938
90643
25526
3019
65382
46812
23257
76538
63093
61013
94847
31827
83135
3295
41403
38147
92813
17512
41470
38567
92606
31288
94180
46954
15758
33205
54706
84287
66763
98420
68171
75285
41866
87716
42780
65185
34925
40
98331
83210
68024
79815
50167
43380
46728
9061
31914
26940
40416
59680
45307
74097
42395
60654
75944
91336
39759
72630
49179
86707
36913
70647
70066
98903
84149
79775
24901
80703
77565
87422
57277
19839
43683
83499
14473
72910
83057
32949
86367
30028
89345
72646
89204
88037
43794
40753
46654
80544
97515
21539
50212
35356
8613
80311
33131
84877
86392
11008
46843
60197
48424
44200
37859
82639
18789
51767
72650
31004
41867
3634
331
27487
63361
82271
42831
60747
80272
7157
15132
86403
38232
60855
35814
36081
95506
30374
68739
87281
49635
14380
63848
68579
5296
59605
67713
10037
2655
76283
49492
45498
39484
56046
69179
69847
92136
93357
76041
73073
58929
6918
96660
2537
44294
21948
68312
90165
78553
68073
78395
8074
13936
731
38735
55852
58020
41272
44928
55146
51523
17105
13646
65710
21003
57295
2252
91384
7461
20893
93512
66491
66274
56417
36682
92579
87170
32259
72827
82971
58238
59754
3300
83576
48811
65322
19545
48294
28490
81937
52071
49219
26029
69026
68169
38914
48217
48232
25533
33913
13949
22920
27693
8953
76974
37419
23673
38574
20137
40697
7121
48296
4604
7313
99415
58454
42575
55883
46028
54732
75803
11670
43950
63914
26890
19486
56164
61622
71196
8050
16910
30299
36772
4480
93070
17137
39155
5371
82093
81891
2114
73592
47468
9649
69552
89241
61815
91932
61527
37385
38063
65459
18066
7701
8054
93887
88860
14118
14271
29273
40136
73627
66240
40326
73232
89729
24535
13161
93782
45261
3111
17518
97453
84677
55471
42544
18957
29112
35968
9756
27107
28829
41686
74344
45459
23589
34733
6680
87922
4246
74934
7159
20378
53561
92017
10274
15684
38619
34858
59374
29525
81031
69359
38187
43274
50420
91297
43278
1456
62371
73178
39131
96750
45369
30505
45852
88075
4361
605
12852
60481
90160
86882
80037
3402
41967
38275
51846
21521
56314
65182
51543
25608
57929
18543
17481
71609
40946
79862
16339
43610
81190
87153
41274
43777
40019
41993
10090
79763
83380
54349
5502
5293
75783
60965
26491
85023
93851
34997
66218
12827
82225
97731
77757
99153
87509
66760
67962
45987
38343
42678
70757
77395
18997
40687
9244
90856
27680
24017
55239
387
80316
88195
21281
30364
29277
95858
96482
26384
36552
5960
92477
79996
8850
31942
57414
85229
12741
14176
97038
34351
31981
37990
90502
74630
55647
43049
62091
36155
20669
20389
92577
53517
33504
9206
28633
63426
78714
19277
82740
29295
8435
81164
21751
34035
22409
36634
77945
59532
15123
8825
11099
88020
74495
97215
6781
58925
26267
52724
13302
18034
73092
51361
44776
49606
80965
20407
37956
15609
88068
68013
56716
50372
40341
38478
79117
62987
43246
19406
26399
23462
41044
12322
79439
55235
13239
32055
41017
57405
38678
42623
86992
98230
69628
2482
33487
15928
24607
8473
23612
11475
29006
70742
89512
72978
30313
73185
70341
9984
40094
18323
70088
20247
74756
97692
82494
64878
83523
77196
97947
9382
69773
16411
77111
85389
36610
59359
18484
77625
65021
99997
94004
10058
43759
55363
79520
71914
68613
60500
83589
9080
31069
92483
31087
37698
22635
74293
23715
48495
66203
87762
4745
73752
65053
77702
27622
45538
17422
6308
10506
19290
66070
80148
72182
87121
30384
71364
65440
95038
94774
86957
31078
77622
42843
2717
30979
45693
40551
54695
19381
22502
2723
6778
93015
33892
30656
93502
38596
65022
78264
67781
79151
90714
52367
64982
99640
5996
74622
62006
69303
54086
15140
49180
21277
20451
47521
85415
26822
42774
67938
35801
80692
35770
42152
96615
9535
48301
12901
32286
52399
88302
75143
39251
88029
69375
82073
72576
28287
83202
4455
98890
84258
77709
65222
25136
72590
14797
3735
1441
66863
93330
97089
71771
45131
96900
1703
66017
1830
4548
81846
71707
44353
72549
91427
21533
27197
6108
94373
722
97331
2238
15043
48037
14214
94980
498
67173
84084
81236
19505
36583
57891
46288
46609
83627
68094
36997
68981
60059
79435
7475
29338
90617
45020
6400
57351
74883
8198
3832
49267
51045
57157
90769
87349
99884
7458
45315
77334
48506
83877
82186
85136
12181
16691
88746
75646
49320
37349
31379
4298
58826
63608
7068
56190
77908
6923
29733
3670
75333
11024
57445
36673
54648
94053
73426
2150
75314
16030
56852
4611
39087
90139
57411
75518
39779
36587
52168
72242
44787
65765
39138
94346
44240
71804
59723
79962
37697
43045
27067
4529
99717
10489
74871
79376
72731
63538
1583
20092
84248
21866
35890
52843
51236
96448
94523
98461
82731
99836
19647
41027
71735
96034
5155
47428
46371
97088
17061
93171
5982
95386
15219
15517
11255
57056
5768
74868
32686
32796
99323
26824
7880
4344
49399
72273
91449
15447
16540
15311
35653
87099
38928
3006
48522
41250
51508
64679
71194
25573
78293
32281
62780
42482
60353
31520
14626
83054
27083
76242
79322
11460
16361
80610
69827
12374
28807
94812
44623
67399
75462
2736
67733
26362
97972
83461
88290
92457
70799
23686
57850
57726
48439
46217
25130
77936
73875
60329
59445
93471
75650
8602
57142
93151
18256
20065
22022
85737
77754
35136
46085
97969
44857
61816
52720
96519
26129
93020
13186
24863
90227
26127
68165
19640
22178
57418
78584
342
31843
73983
19981
38392
19256
66157
85964
40278
99945
44187
9570
20994
49956
34787
41723
44509
53373
59092
16756
17508
79902
18676
80598
77437
85171
40456
10025
17372
31744
75373
16326
9978
53918
48625
64165
56205
30580
22674
65951
33985
57219
84098
90844
32505
36073
15129
25490
51295
84715
12085
32396
74364
51702
76865
64211
68317
62792
90034
15273
39535
77019
11713
92552
56010
42921
70969
94199
75967
79320
58277
85295
7133
2193
79257
92913
30822
90267
93919
14632
50882
90180
65148
5068
66265
7274
46138
14744
93461
118
38047
19185
89088
73188
64588
70116
97320
80792
7375
23405
76038
56434
21743
19552
52307
97425
46688
85777
47163
72668
65780
31583
70606
53071
96513
42001
65201
12481
2074
58933
46148
17630
64306
70614
22994
90881
6753
56563
27419
174
91033
66798
37917
57508
61449
64717
10433
94504
91979
67443
23815
32997
86579
77911
71436
60458
95303
43401
45614
37383
46095
4890
89930
96492
99040
63027
51032
12698
37321
83527
75478
96297
79414
26887
21161
41107
58224
54275
60573
78609
44683
76924
29921
80485
18007
26798
82297
64800
30265
17818
53992
24130
78464
75799
39686
92530
26035
8348
61032
80292
504
63090
47771
40560
79586
4616
4320
90732
33456
38960
12049
1142
24439
70778
17026
22623
40736
30310
84978
67714
27686
40668
23004
55311
91748
48629
75200
53849
46993
87930
94353
77994
1482
99172
34186
11596
72705
78961
77695
69006
94775
2350
48277
50803
41474
2491
68392
92072
10029
6974
54080
11941
56631
44169
10961
87668
60188
5747
4234
90277
17223
7947
44238
486
69242
43714
12862
79064
36461
19679
49315
6791
23384
12540
40073
71793
7089
4561
69625
96958
79364
16054
57086
57041
19069
24639
90206
5468
70855
38858
25832
72308
56721
75073
29528
2505
47003
99213
28875
18131
87275
78737
75241
34187
14670
27763
12164
72419
55053
4147
96184
92097
4748
15054
34214
27990
14516
55013
44751
14618
18604
13176
68700
25750
84313
97099
60338
52216
79025
57347
59500
300
75511
18603
21776
43493
33183
76418
78692
49537
94527
39925
16045
61668
88023
68519
52021
60553
19906
36887
55529
32920
99003
23383
540
58624
42155
33233
42904
23653
10822
54484
34980
43365
32222
41745
43071
117
37204
32424
42735
67329
33960
20079
23292
19923
86990
66272
78953
18675
26123
53054
46053
52083
43851
82106
26236
7767
9693
13228
63165
54551
55938
30597
48018
42959
68720
65464
61236
15836
29831
16896
96771
42084
37079
13178
41870
9633
10752
29113
7928
1746
33681
61232
18662
4366
91212
55565
70260
10663
39904
52326
88792
95956
53938
49910
50031
34459
5329
11619
90422
43468
33357
63607
22074
62042
57926
22401
8736
74375
67837
95633
38421
87543
66878
43183
75938
34628
52936
97353
44576
4520
64867
74033
62919
18306
88492
29240
15884
50741
10651
32974
27224
80005
99052
33559
58815
45301
34847
5608
23672
65479
87678
52525
25142
62390
70683
49287
43661
74312
5328
8733
35302
65520
14527
35709
9047
89966
80560
28426
15827
98001
63767
70181
51267
40143
7174
67655
25058
49729
43743
45904
21569
28853
20725
36615
34495
84042
73252
57462
72431
71377
89367
77637
26782
88146
39630
14540
98718
61195
45572
50188
37591
64929
4466
81305
66770
72542
15995
3279
20369
85238
7400
73259
29481
64776
76874
87877
84697
81971
64248
9434
43098
17935
77984
83205
78524
87714
55853
13496
12649
52032
64315
35054
43080
80952
90858
10505
14384
65660
85176
28567
38370
43512
39481
1843
56293
6997
54384
84115
43481
15408
61040
21274
27803
3829
43548
22141
16715
20165
12009
45476
13190
57857
26106
85215
28831
88575
81315
86459
77730
87679
38176
73760
65519
55034
76583
74127
83096
35196
74996
57974
6490
27353
13222
68314
29558
10005
8005
22806
73775
35963
47858
5653
8317
93446
39399
89031
98459
23238
86240
96173
63324
20080
77803
97505
84487
36725
51879
40856
36691
10223
4670
10417
70917
71607
60506
43931
12902
56761
1333
28311
86055
11415
33907
31093
76385
39027
78206
40727
22174
76230
62796
31866
6432
12089
63212
90
42365
56705
44890
45725
95661
46779
59415
75916
69244
49070
90794
54031
72020
36086
83829
42753
81916
56368
5903
60342
64054
74143
30676
43290
94489
16982
42020
30351
49491
56062
66429
23947
87109
60914
66206
23349
44995
18153
98827
80712
10655
11452
28192
40225
54493
81161
79109
57770
15736
47419
96608
42311
3178
41163
12505
28638
84552
55422
20807
33724
73170
90925
54749
61997
93627
61361
17904
73227
91856
6377
89382
16899
32071
68060
10038
63770
45424
11458
33495
84145
52251
87256
66317
15436
47224
50383
22374
8449
41379
42816
30456
50193
89229
15124
16388
28999
22736
65718
74563
80400
54007
49743
25437
24991
11148
50152
87131
98416
76935
26629
60667
97911
91685
32421
8493
84006
29236
51164
4328
35254
32622
38088
66132
92744
62403
71300
4112
1657
15586
58770
86504
88125
46204
95813
74180
45692
42050
92247
20643
88948
72620
69437
9351
78272
27976
83427
92039
29412
20479
29444
39501
74426
52794
64353
46117
14209
78146
86994
70198
35076
14387
75390
31097
31264
3709
14558
13039
84513
67497
51084
8727
38743
3876
76961
60811
11323
17693
58159
21705
61298
29684
36653
5804
73806
51558
41944
96391
38627
66109
10825
10821
24470
67986
57474
74731
44382
89972
43237
7692
92753
49850
39777
6669
10925
80932
17541
20607
62398
53041
62179
56835
48352
52253
79165
80254
16851
66090
66391
53473
8406
9658
74400
39106
87972
33016
96339
5137
12740
83898
29115
73192
87744
55357
56458
91999
13972
78373
71859
356
82656
95378
60652
39828
27839
87189
36512
52323
45528
35423
75779
57354
29192
9441
43818
79674
27516
1968
59349
18626
60611
16819
17820
42597
63311
28776
17572
68872
36207
17989
91536
45513
11700
47149
54852
86713
44850
43608
38550
19619
11294
85077
82823
37322
38415
36403
51731
41296
3344
71632
40919
55766
63730
14977
84598
1632
89840
41958
88645
62979
96623
27727
61289
36120
73631
62015
53501
55344
18069
20332
98435
48633
34467
26482
49264
41536
53582
28762
90828
57567
58659
36014
58194
68798
38065
53146
82060
58942
54282
5215
17816
72235
34869
88156
41240
3973
76155
46369
62081
33481
31784
31692
55044
39692
201
96686
11885
23425
6750
16313
40765
1565
70343
39785
37756
74535
26377
12183
62951
62299
84034
44055
70212
35713
39944
72647
45453
23919
76903
73606
35340
29114
99316
35585
67034
34493
75279
65127
59321
838
55949
57141
65557
11599
70315
57356
34861
16386
81388
80643
48631
14325
95947
27082
97191
81224
82588
23309
36339
86254
85470
49918
55582
90650
36491
51917
75909
30660
70550
94870
86379
86925
19269
86947
43938
79604
66888
15546
54109
29549
1220
69154
30454
79629
54501
41515
59802
66409
79308
51137
21509
81843
69632
30778
23552
553
24959
29922
60782
99958
68028
83457
72703
74938
62609
69489
44779
91431
51277
33886
47939
19054
33873
52509
97903
23024
43108
92473
18915
15451
77940
20793
80145
43284
66981
2421
40224
65448
104
15782
91411
96243
38371
63480
75342
84850
55026
46405
81125
68245
86159
65125
80805
56256
86734
14065
47907
42081
26115
71337
42794
32681
78729
38515
37212
37197
59482
92766
73526
69793
3036
64853
18807
23186
73658
27024
43628
10157
93041
70591
50837
91456
41615
65102
17236
36350
3482
82543
2004
68867
44194
48932
72580
2461
41042
46286
30232
19950
66767
6578
30501
10989
68049
41110
18507
34038
22866
73713
4341
83755
86434
7341
72546
98376
85009
87051
12643
99247
97953
46613
94157
70284
52769
12382
65278
42191
59635
75532
33567
33610
11013
16412
99897
27327
59534
6711
16302
93606
39737
59375
52117
98247
42548
75386
96645
35412
18018
16497
74620
42408
11184
44211
60066
45907
61729
44988
23018
78541
80220
44736
50980
40178
77667
11435
8609
78235
13148
97686
33627
47926
79601
44119
36278
66146
19894
43993
17454
8533
39760
39717
26119
73225
81085
67044
51150
13813
63809
90809
23224
29580
87751
63835
61788
9313
84008
47719
80690
58133
89800
92117
65525
10547
86901
45594
20538
60116
26415
58003
88292
91593
43110
95478
88789
47750
21895
50990
51043
16569
28225
54285
73503
66912
31803
3186
62165
96887
77007
50591
32514
29012
60899
57782
17902
34084
69906
98120
50085
59488
22821
41104
12926
65070
97508
62145
40151
19942
27085
25869
86906
57025
88119
12896
33964
71657
92724
94882
50395
62553
26013
73322
23886
8355
9101
74902
96533
90784
16858
63984
40590
26972
18755
54119
49692
6034
14787
36174
14985
99951
27167
69274
48095
87454
68291
40598
18435
88381
23739
68573
27307
31614
26412
52312
95494
71878
92835
37511
38468
85151
24131
85544
99676
64190
49098
3125
47322
87740
99988
56056
15769
49453
63454
63933
8670
83733
55492
14940
26450
94358
19066
54110
5074
23878
93488
63572
27845
60405
95445
29201
42230
90404
13340
44971
21135
71159
23892
93016
88397
4273
20705
64943
45701
60791
83040
29918
70546
42784
83440
35732
6452
14364
34673
51647
22330
94712
9803
43253
5949
15629
30933
11365
34603
13218
76677
98052
57938
6356
80671
38300
78449
45862
21016
77317
73628
60790
95058
90387
58022
42971
28966
73731
41918
77538
34900
77149
37131
47954
1818
10559
18852
89298
54896
71299
33899
32722
67215
70777
71702
94646
34434
71924
98948
10233
18200
29880
85515
64508
27198
2791
53462
83323
47816
93480
70034
85953
4355
83625
60632
78721
87570
81974
15915
98563
28175
8079
33099
40347
67433
22421
94364
13185
7442
28971
31132
77122
19800
19583
65413
83925
96237
20968
62918
66338
26954
99327
52556
94435
23107
55129
44444
59376
8682
57378
98189
19985
97583
75022
47046
88378
46451
1602
22477
96946
48765
88998
79311
47741
640
65610
94389
6363
72154
74135
43987
21904
73516
72160
4099
78772
22222
60904
67089
8930
31042
46233
95915
23261
1883
97374
98427
86904
49677
4887
9312
71963
72153
77409
85844
52886
57361
11178
9350
27533
67698
90043
39482
12736
74223
62590
68126
72298
39990
56386
38225
16998
77699
29289
62642
27911
78095
85032
94016
56366
85585
36580
63703
42336
78941
97952
67779
25984
9761
59740
72914
59003
96587
67384
82491
81416
67537
3208
11081
56597
19303
27279
78690
60907
97287
16099
93975
66417
24371
25316
25555
23413
22979
57206
21750
15967
43546
47671
83629
49071
32282
79496
84655
20322
58474
67462
44938
19806
43092
16052
2092
64218
83179
38539
5338
57266
86649
45304
11525
12345
35471
32074
67978
7671
18830
40123
14094
12150
75638
6916
53832
73201
62595
20309
16913
53201
74359
95588
71242
95299
32536
33633
5824
39555
12120
80250
1081
30702
30958
55618
87628
68715
10924
97370
64742
27055
17977
84959
5585
21492
57515
13019
70225
96179
77237
44038
6850
96701
41564
5976
24899
6828
75451
83831
10896
45900
14197
6184
38458
52104
50199
19649
37269
76646
55753
16080
54754
87518
29573
54616
70483
51921
69740
2562
36058
17878
43502
45393
60707
99768
73537
51443
20163
70811
17375
78076
28046
88986
28306
33520
36273
74573
77137
49088
48428
22770
39547
12190
98632
86606
66065
40763
86547
40286
3146
93829
3477
9228
53800
84441
41324
613
88085
53662
96130
84480
66915
10883
63170
80519
6232
22484
85186
74258
87614
49168
95795
67793
11928
29116
86812
78166
60365
73410
54246
54227
27203
34373
41746
78886
77402
55815
27438
14898
98277
73118
87457
93888
82279
59859
67017
25371
38841
18126
9764
58202
8950
2594
89096
33867
46354
46090
19805
89651
95856
17455
61953
91085
11169
4262
80054
91991
12149
79837
74819
75961
72690
85992
12421
47695
89933
77599
69504
66467
71587
49861
93353
96549
90175
81871
10823
4445
31168
90581
87330
80325
59238
19562
65540
94996
98659
302
53732
63919
57848
51867
27388
58048
18008
93759
34108
1762
45584
77143
91867
87526
45322
39889
62274
17783
21203
30488
93159
33262
12127
60559
64431
72756
79043
62617
56287
91584
28294
7536
77888
81601
50914
59047
32878
24204
80051
15192
23950
38329
84364
87729
74466
24102
644
326
91900
57666
23438
55649
61230
72292
94470
9485
50721
1003
30576
14742
62341
19768
71653
24203
313
37936
87934
23804
54758
75074
84305
95738
42377
5756
25754
10959
44538
93831
78891
99576
69399
19252
35297
2468
68280
80021
65468
60057
84203
14449
24637
93043
7266
57254
7743
29724
58246
75503
47297
8954
43193
60042
62736
19298
82343
69863
70496
99682
81016
76254
27666
68900
94649
15211
56685
8367
26675
16775
64687
9865
74025
40264
15707
53626
97962
79797
51059
59545
99871
95155
27125
23264
41908
13058
69144
44115
43047
51249
5862
29437
86415
55271
23109
21038
87498
96934
19033
4590
54178
3976
73350
16362
94066
99516
89374
76161
74651
20851
40786
78238
59472
62073
87568
15812
4942
44079
62967
6732
30634
36937
98379
50080
77980
53492
22949
70520
91750
90999
6901
25475
12652
75863
88014
4065
92520
92633
48823
49194
41783
36876
85534
41923
83990
62095
24685
29134
46297
79383
40647
16179
71038
41150
89308
61130
99781
49099
81444
12638
76976
10140
47665
24442
34147
96231
2582
20775
43796
29585
96542
27544
23694
24369
94124
26224
87697
8582
36217
19912
2449
17381
75787
35705
31897
71570
34104
59327
86103
42571
54000
12814
3606
4614
66365
21511
65953
18448
80910
83340
75897
27323
75140
12640
97235
8612
49022
38732
69419
85338
23214
15571
71717
55895
40415
10727
14396
50023
16991
80416
56159
17982
54541
80138
74088
59918
67562
71083
20504
2808
74882
32911
32652
70822
63635
17741
42512
31428
28574
52678
28116
37466
87604
61752
32985
61944
74587
95840
72309
70889
62054
51757
56924
79216
94079
95305
61760
70834
15071
10658
14712
36853
58011
99180
614
32251
47026
96932
62924
21877
15555
30144
25170
1141
71080
96745
68918
4937
42440
10690
54215
91317
17325
43752
43306
58064
20498
64532
12555
64453
83878
70693
23039
48727
38923
69307
48589
49984
44129
42206
13489
23254
53607
86847
44609
41672
68669
59343
26985
84730
11197
41566
74239
15051
79765
44905
8298
67742
25647
9201
17174
93624
75722
66020
16160
75469
85222
90984
35743
81954
51585
68645
97839
58113
83753
38995
97171
75555
63379
47772
86988
35727
45494
61684
32601
89532
26556
92411
43096
87985
51704
147
76179
95463
46016
26299
32057
94130
10238
24373
41592
27305
87997
20888
17302
20727
27394
14853
79575
76918
69225
25113
70297
74301
36004
49900
69125
22853
48644
95032
628
95239
57238
6720
35464
72246
3582
4569
4794
86578
37923
78281
80224
33947
72897
97954
77700
58457
17456
73142
98518
28917
12567
69766
82011
61855
25429
96694
16620
33204
36525
60967
94002
50082
9072
74949
99812
77788
91710
22051
99336
97292
33833
21921
11581
64730
55041
32435
86924
13484
9146
6990
91310
54093
87597
26791
36134
89770
16439
76841
74863
68018
62709
62890
49258
14361
47006
10357
55484
36064
72963
49361
50658
84851
81459
10289
10360
94600
57890
67273
37446
3029
71708
73285
51493
73978
17140
19823
98621
21663
38765
71713
53512
77141
82686
50078
59093
43951
83076
53384
44864
72688
18738
64757
13174
68048
31162
31699
44493
96545
28754
47584
2753
41551
90006
91500
16521
5786
55283
60245
55607
70756
88348
6436
37209
2034
67111
39510
93382
82276
80518
46048
36141
96912
24169
49001
18316
89287
84382
58850
9036
59279
88531
84551
36579
43568
30789
39466
12619
75356
91682
30924
59027
22182
85662
45425
13551
26615
38512
44847
89417
84322
18185
32345
53149
81775
57408
13482
30327
53581
8811
68795
65670
38186
29861
77716
73086
80441
69012
82215
10504
27595
59458
14466
80960
42003
28318
21664
56219
68290
60890
98908
28698
61291
84193
85975
41494
6730
14823
28273
14566
77998
39274
8830
48806
63354
66278
37128
55350
44811
29479
47654
49281
23594
48945
83085
81733
28115
49125
8275
83837
10119
96800
39292
3654
69710
43179
95775
83317
70149
57479
64546
29167
7778
31541
84200
81528
78732
12664
26712
10019
70750
10410
83703
27172
6809
75465
46599
97585
88338
99681
72958
37277
56072
76301
94754
10628
37821
53711
46864
37967
82497
71279
73382
65333
34269
91501
15842
75847
79850
9258
60901
50077
6379
74234
13077
50820
40556
61745
24951
73388
46686
32392
53912
83818
22408
2360
95753
5513
73746
74119
92111
16430
93401
20720
50111
62234
60693
51625
88170
30431
54994
89318
11999
93533
43538
31846
66592
55790
72407
86776
72651
93951
30571
14276
47438
48350
87411
2242
75689
7450
59631
835
49021
92905
12847
208
51283
12016
3018
53725
86858
42616
51782
84261
51587
87686
78280
62974
6701
82114
5342
47531
77060
86071
20778
32248
44898
58491
72380
12237
74388
13167
47352
22031
71301
90953
66819
75041
47833
36711
50490
42749
72270
78354
35960
48402
57719
10688
32433
21114
16364
33878
36333
78515
27796
66386
80798
75829
23894
24137
6185
43832
98814
5320
61030
4043
80460
94498
85971
45378
58703
94204
39098
55226
91271
79113
96783
82997
10956
21391
48279
6795
83977
75185
92801
7773
11505
7171
13773
76693
62304
63980
49505
50467
19530
95541
31106
17208
42167
88850
89582
19267
97919
74636
80935
68583
50259
5579
89998
46793
38761
85784
55232
8860
46701
32215
3745
13662
16671
52226
85952
72806
94318
90334
15621
58030
70346
84088
76746
35897
54288
91151
93555
15445
86331
68017
3528
40340
66137
59957
22998
28076
9233
49115
1051
40565
71903
78446
40693
56128
18744
72523
99629
55967
84859
71738
95175
26266
63461
85143
31000
78590
75862
79393
89921
56775
76388
78448
66375
38341
65243
47679
6382
87816
72732
85341
26245
4402
85491
52510
46639
43962
79166
14802
51893
69269
36121
13709
50051
11558
8880
34964
31774
55624
54524
15887
83557
78785
99259
33237
17433
83983
30359
61171
7468
56740
44097
95857
3173
70156
92983
43625
16259
44220
27699
98349
1535
41971
55285
67795
39911
62770
96269
45455
18377
23914
63327
77891
52937
25387
57963
63377
85836
35844
2025
95106
93569
8713
74040
86308
27345
80914
50814
46747
68671
59878
39935
24733
58481
94765
80806
99895
57772
20127
58299
37566
77636
13576
16040
73998
73182
93034
55534
85849
49005
84199
23009
28809
92430
94455
93501
9180
2135
63604
47117
99182
80219
25281
24583
21467
39972
5507
67162
57795
12335
84670
59494
69991
49487
38906
82111
86393
62247
39840
1416
25451
34651
82713
35931
41378
2645
48722
12092
64019
92617
84723
75312
60515
2372
25932
52669
50698
22129
58149
64549
73305
33948
50329
78184
12108
9546
89603
7024
86655
82968
7003
16937
37177
34957
32531
77463
60794
75365
84151
39089
88409
14148
83281
67845
35540
37202
36567
3134
84282
20618
15636
89636
40850
30648
80838
80352
33814
82707
76895
82920
34850
8123
95935
76196
61834
91580
922
92130
32141
41197
50124
88071
59624
21964
86296
29386
6355
52543
85040
14284
16659
99609
2839
56040
64578
14377
19859
88584
24716
59969
97984
59051
93605
45813
51474
84318
32551
5105
22453
59112
2515
70143
57218
86598
12298
94826
13767
31560
18462
22600
46238
60146
39600
18190
42990
19202
46300
83869
56737
25978
32992
50184
10818
43330
87973
61075
70806
33339
26214
72253
25309
22007
45668
56801
19784
5618
18934
28143
41498
92621
33663
34279
37490
92236
1799
18413
54201
12023
53070
77330
64911
24188
70210
76074
43593
9555
48415
87177
19418
68305
64494
7611
75144
19934
66510
16809
38158
29458
21949
62085
42126
85858
40508
75673
94153
97788
88708
20966
10485
98534
1913
14282
28029
36936
86828
27452
81221
60532
81729
85916
13334
87741
49395
17324
43632
88078
82195
30809
80020
58426
27376
46385
53570
91372
79576
39858
37003
83779
78531
15488
91713
55407
65766
77710
16012
66041
77308
2770
15637
825
48713
114
63491
16915
6689
30948
64696
62723
76228
18442
12683
35064
64709
10199
66746
85899
47630
96715
6719
38829
33791
21588
41517
7053
69405
55874
94092
45688
97333
86230
77329
12077
31657
43176
71344
66708
31993
4199
41684
98371
7857
42221
33826
65490
76018
27490
53682
80024
67324
17855
55364
50856
25835
18116
7630
74848
25734
68376
40393
45177
62484
73304
95046
44161
28203
26286
50517
33498
11628
73611
23981
45602
74398
65564
10217
80444
5255
20670
16215
26002
19775
98618
41305
84517
18244
16748
9210
70479
63484
20871
80537
16561
39288
5269
78982
80704
18950
1241
68010
55178
74719
71966
25626
50560
43196
38548
34016
29282
93403
72472
82864
99932
59382
19993
48639
38517
10190
56066
60115
70964
9038
27930
18312
30613
57866
64755
89026
14089
55881
91450
71304
735
39181
2551
48947
25912
64992
17164
42488
39419
67933
57810
62329
2843
38711
29837
87494
56997
40876
90651
56405
80475
13734
4533
8184
65814
68740
20791
51881
21404
59822
15255
90516
40289
22567
79595
99791
39475
79134
24572
32976
49735
52389
13197
71278
80773
77424
93982
96656
14782
95529
3683
56094
66459
30380
7871
584
1607
71934
25071
15294
36984
20453
33976
46987
6488
77022
62811
88341
84792
92624
76542
92069
58743
58660
60676
56320
57332
50712
86011
1840
14603
29228
3814
95096
92848
75445
99359
24728
24420
88548
90802
79144
63015
2361
97337
92817
63647
4464
42682
14132
43553
70608
96012
33488
92541
86495
36238
93875
7350
34693
35394
24791
17413
69238
36520
62658
28516
35118
79120
3721
78227
39640
26195
45970
89645
42489
19017
90340
70499
8700
12996
43174
41014
19335
29654
67241
72224
21248
16414
49400
91048
52991
5017
67894
4376
47204
62972
7040
8939
4247
1114
54617
44190
32785
39781
36828
52379
41555
68722
37751
20078
77304
38169
13188
36574
24026
40873
60834
18410
7879
70378
23482
79137
2184
46407
23692
94935
65915
67244
48762
39130
5042
64852
26314
11425
84214
95590
44915
89152
57395
84045
54718
81517
83298
78128
56463
3900
38307
76834
35851
62511
78364
40947
63657
77433
29298
70328
9220
42089
65945
54294
44681
72111
77168
27110
2075
75498
66258
86287
76797
98544
28538
11954
82333
87829
62187
6447
46005
60064
46155
74461
5668
70872
62406
36259
51320
9762
51875
77623
5779
28148
35568
35578
8972
27062
68653
3523
42893
44154
2762
56742
33324
55783
60291
1929
74941
99285
12618
96042
77468
16778
29257
15950
82398
64045
61972
40301
48099
89784
70360
30254
10923
9438
28727
80293
96168
28798
92129
75666
26239
80674
72666
58371
44504
69473
83750
75974
8333
44093
85006
7672
71824
18358
61267
23632
68600
60616
71544
80547
18390
44367
87542
18819
7227
16078
35028
45892
16139
17931
95455
63888
41041
73
30716
70910
95655
40949
29606
49497
76765
92700
24529
5901
49035
69285
45460
45652
37106
66479
95964
72961
89872
1642
17773
54744
63139
29093
56400
45770
4806
25296
31952
98682
56003
83580
4215
43783
76127
33146
7945
7497
61125
40239
87366
17178
30195
4258
87007
6826
4924
14349
29706
50885
25806
1648
23123
44317
11195
73855
34192
76026
77262
23062
58041
81799
23701
46868
94656
33919
22695
80896
71921
85835
35734
17490
8036
71271
70691
78415
87873
27436
77959
81860
38455
72077
29566
76411
74961
76088
50620
71660
20972
56681
63078
60473
79012
56701
33512
41532
36399
67023
7183
26104
5575
23523
59078
54352
75128
2713
63256
85355
47564
35106
27986
63653
33838
68068
64554
46240
60597
91030
52877
92889
53758
27475
79583
77938
51022
4149
50715
46513
27582
38488
38560
60543
336
40478
65815
60636
93398
8452
73484
15697
83158
70342
4589
17312
36657
44595
22467
68450
16091
53635
93269
51080
87154
62204
40092
36992
64005
20810
21358
77339
39472
81289
20061
34321
5204
9793
44209
58584
94102
31805
6917
53055
44814
65877
66312
95756
30907
65711
53772
5406
32046
47302
91299
31152
50553
24296
4349
91503
84031
67525
68130
75770
89721
51477
58386
31061
1779
10396
13042
59168
63564
25656
69458
37575
97726
63999
15732
89795
69349
26386
95789
75106
8421
33608
61969
6221
34802
84956
71114
37503
34827
3347
90294
12147
40700
11748
45335
50215
44184
39644
7172
29942
5510
69300
18759
99754
80238
72996
33823
52511
42491
22100
35487
90339
25661
52700
15459
29871
43070
98387
27603
37432
84845
31054
27945
21131
61914
12131
82880
84883
45802
80358
72574
2499
97898
71874
55901
44695
89499
36338
46412
94507
91768
59440
55616
64038
73478
91390
34261
51144
58257
99403
92297
85235
18696
59697
71422
8133
44039
28008
16590
63092
58953
53422
79128
30077
53287
25752
50611
55668
26385
38870
25800
6001
34777
49616
16006
49126
80930
10553
77384
55468
14099
16283
20071
7606
49839
64538
64946
52232
35034
63355
57728
56375
36917
51823
10339
91914
83895
95501
60785
21105
47838
68714
1685
53929
94601
7397
9608
33560
63532
83596
11258
55281
43823
60474
31849
11864
78244
44989
95777
13268
96974
35979
69778
14859
42259
22985
34606
4121
84039
76312
43547
41802
39801
73187
51457
67461
4653
16307
56899
65808
35772
32022
12853
59870
69746
69720
70551
60756
96954
95973
54588
21118
84372
30551
83221
53914
55854
36454
12441
48682
64023
47208
10246
19016
3409
43331
6254
83949
50472
98956
39569
54755
98710
32687
38248
61838
80766
94438
43974
7361
63567
95267
72913
89267
84122
92423
83432
31450
32109
46156
48956
59251
30704
10960
28301
40766
48400
1197
80124
27228
50270
61593
63308
88932
93923
83289
42972
91541
67181
4418
38873
38750
33065
61090
97334
32925
97220
46757
22551
72997
38553
84047
85962
69015
34977
38652
62292
12216
5218
6506
6537
45011
57404
87981
45431
2080
59400
76931
76967
80859
31616
30466
24184
63571
41421
24016
42332
18882
39148
88928
26458
39378
51191
58171
5691
43953
43282
87565
83791
23570
13171
53977
57863
88534
49614
18630
9655
13333
33202
37770
34851
58611
51203
52549
20788
72060
21149
82390
10962
70442
34848
6002
46933
96658
24792
82457
51263
42620
12065
27989
44175
45367
54075
16295
85349
1139
65867
59607
98681
74222
99779
88389
15199
62633
86231
57774
17959
38949
3308
40002
35753
27153
34259
33467
40585
5693
80490
75844
87192
32938
72895
53733
56074
38817
15000
21990
36356
73757
99874
25046
8314
11174
26193
99214
93570
85197
54745
24455
85557
76415
7399
56055
91522
95286
72953
90938
70465
66673
98125
10010
44488
89782
91829
33215
74574
78262
10179
10043
29170
86314
8261
40015
90327
50702
32943
2555
75001
89071
3481
18860
14612
4414
55626
7469
53270
7697
84259
13485
1057
47446
4574
66564
31245
96155
403
4430
32135
44071
10464
91837
45105
83659
42642
28705
28155
92816
96883
94539
69061
94631
70697
88693
83820
19014
13677
17399
51949
16541
53988
14695
43634
73071
15994
48419
42218
27635
59900
34705
13335
25779
50015
70367
66624
9288
10177
30833
50387
5419
34060
22851
90652
44345
78902
11210
88965
35275
12503
63346
85540
24249
16124
61176
57943
55147
82827
38321
22287
1421
77350
71163
37552
15700
26291
57090
72704
79096
76769
25648
46312
74789
76713
51962
92091
48202
16222
78555
92933
46323
73262
76604
10747
85214
89713
4905
32952
51928
14538
38019
89699
53693
92160
43399
70349
34064
36243
17721
50895
12855
5283
49698
46113
89334
31458
57673
99164
25863
9541
24617
28503
35205
10291
32644
28371
83169
1186
64627
80521
60156
97125
12151
23115
43949
7273
42119
36787
12989
34559
34905
53455
83649
90564
53104
93542
24907
3091
51672
78012
13656
23311
29247
46092
37082
92880
31389
20427
92246
27688
78332
89694
46304
67816
20252
12185
43620
23232
47898
16696
80559
60046
13687
10927
68662
62826
38519
65732
70021
41914
32556
14402
64491
53336
89749
83442
17920
1140
30422
30563
70722
43773
71457
17264
92384
65550
9297
51807
35693
3276
22203
9486
25225
42238
74320
11328
66309
86997
13153
91027
26625
91357
67265
39552
60773
31922
68953
95313
77890
8502
15363
84252
19415
27265
7728
65970
84205
97014
488
78430
13534
41818
49693
94201
92556
55209
50227
28240
51015
99919
28068
59672
68693
18082
57465
30095
64606
2376
68463
30070
30823
25703
35679
72341
52834
76239
39161
6249
53095
24648
14886
22580
30504
48812
7191
49630
29878
7467
451
94131
71128
56931
41310
64715
56181
5723
3218
35030
59678
4292
41032
12893
38372
15785
62358
72430
63265
51906
83991
19307
7492
5578
83724
63611
44677
89396
45318
81533
79100
91369
28733
52498
28183
87566
9837
33549
4767
77155
2417
84933
7829
76929
98824
26535
4324
77148
98582
9255
76671
87015
68997
70774
82769
32873
6235
81115
49327
79753
79531
58400
59796
25582
43892
83860
41674
354
86279
53096
61049
98363
58051
93668
89868
2430
53704
57358
29221
3660
77328
99009
39090
23011
73530
88353
29749
19566
62417
77162
60545
62990
13797
11995
88563
26178
5482
43781
36239
50294
90347
96594
73679
16461
37497
7604
48528
66059
2978
89186
72606
5404
9092
33946
51212
70554
32682
55376
23103
67073
39055
63522
87455
84445
16892
56586
36569
46408
63087
9015
78039
84452
81027
89428
89465
37438
38117
76764
41204
40908
25112
56253
92114
6247
70885
27604
18322
85094
55369
15964
74981
1406
60
40434
72920
84064
21010
66050
11823
95196
28532
78793
30700
86614
19728
84050
14145
73816
19134
86056
17050
55532
59083
945
90905
53899
34241
37486
80572
68835
65183
84395
65032
46042
49190
5562
77378
53362
60874
89746
42177
40031
44786
94328
46319
84793
92878
33974
9498
2079
62632
10725
7999
28420
25277
66369
89138
49650
6168
20841
38526
57775
50534
77095
18227
4172
11028
39883
13392
61780
97974
23710
57221
3326
92349
68174
28931
18380
22338
63746
28431
32795
75754
42725
54944
10948
44690
84349
17167
34707
43223
27363
31398
66153
82598
84660
35942
54298
50230
15660
92890
93574
28847
71850
22658
78413
70318
10657
77965
58122
90498
91770
24621
24672
35562
29198
78573
37966
5463
73329
47917
59050
52369
28926
7128
10284
21125
80944
29309
16676
69600
86037
62901
17181
31706
72067
38344
14947
33593
22564
45165
39431
78648
46643
72669
66288
66286
23511
35789
16046
46914
22742
16003
52540
99435
66842
27933
4208
36918
9981
34488
81285
43262
45078
17961
42271
82172
17667
73422
65266
60013
34951
11545
13851
41741
29628
8816
40525
20263
60825
28479
69333
92471
14899
84029
98654
78199
39573
91289
70609
50994
81246
61537
55558
43326
2928
49766
75326
40194
3580
7661
6690
47721
9371
70276
49667
28361
7045
7551
56452
73977
85978
65633
73814
53735
70440
89463
39854
25087
51345
76167
33249
34658
46475
74457
38213
6374
66881
34126
32881
64557
25294
85928
4353
45979
17183
3692
61965
98140
41831
10424
54329
12688
63172
15832
21554
64602
53533
53348
8052
71991
14829
93103
32708
78510
55441
70192
45481
45587
38883
51705
38335
7881
61563
48376
15357
19139
26419
92491
61456
56999
57504
67040
69059
39807
28958
33737
74851
98498
99486
63646
54393
73625
77225
81450
84394
80413
3894
52545
59852
5938
87209
18304
77063
12442
13705
64286
46996
53964
44263
38905
44558
38322
2538
65214
80193
88158
41113
14938
11851
94917
15521
44118
53068
46497
44742
4801
65783
8655
67320
3536
4244
90804
93855
98841
34174
68277
17791
1514
96620
22486
61868
99130
65661
61226
53837
89616
64785
54234
68820
21449
14987
38071
62963
90157
23681
33858
64098
71734
11192
61366
78635
18425
89259
31214
11019
5390
53199
3526
59486
19520
77568
13590
91382
26667
3443
58300
17255
89397
28037
37504
51118
39358
51877
61204
26542
73485
51004
43027
7455
57214
14478
40159
38973
69605
19419
76488
8966
96180
30255
71127
69448
37493
89822
56865
71990
71598
53118
10377
29690
89041
97645
65402
28634
77652
75706
47169
11964
72522
74432
86359
48668
50939
66049
66477
29592
67930
73985
75146
1785
87038
42688
88176
67439
55676
78487
37392
90365
88314
35134
6077
97900
76587
48112
5029
76733
31633
78683
93809
23531
30893
22048
28005
96842
59638
50595
34712
88764
92774
47114
77956
95393
71813
26079
43724
1682
42476
94771
67744
55969
24665
13950
44846
13744
14080
51511
38812
34609
94349
44178
86747
9147
23163
55678
94816
21464
41711
19867
28794
18162
890
46501
55074
2769
88168
81614
73831
75853
56572
96050
98548
22631
26184
38564
84728
69047
50011
27437
16568
76933
57169
49051
58577
13506
85843
9550
92796
12054
26084
55078
21370
47230
74266
27481
10660
62453
30188
69219
38898
92318
58459
11848
74667
7885
65986
33263
37997
9819
95227
42254
96374
80113
84542
16891
83633
93943
13555
41623
14737
29876
23304
46742
31461
59629
21141
14762
60516
50257
49974
71425
59507
69381
47602
90380
17147
10723
6396
16083
92324
27566
33729
26876
32671
36397
85188
25684
10994
8058
70588
11097
78625
71218
18386
80815
51392
49202
64844
88386
25083
3750
19863
16021
34085
77453
34301
58677
70196
78794
37250
35528
37686
46899
26455
2366
59989
64354
86589
85219
51604
44046
96232
98968
68638
57745
16948
89317
86639
18530
7429
93680
28570
69370
37564
36885
13357
82313
37033
80273
59209
19393
35974
93562
72291
4915
61812
88223
23140
63695
49936
52037
21985
82242
83948
36206
26670
30800
6258
41300
86675
1362
84669
90903
96008
98723
74460
34122
27756
94704
79966
61404
19794
99653
26564
22675
70747
50400
10050
74583
58254
42220
7393
2277
91571
88854
53467
51573
31950
11663
76149
77333
54535
59031
57747
49304
87708
19013
40568
26776
41872
44999
61094
29816
90967
50751
90853
27531
76786
44469
97548
56557
16458
48073
95331
92863
61612
90800
21770
81895
38875
5871
48496
50873
10831
55756
78746
96445
93321
11762
92
77899
2780
1232
91884
68614
68686
28295
91235
38583
1509
67642
73532
90210
99240
31415
68246
27861
89514
84217
69223
15435
14509
40623
72114
30873
46110
34205
26522
8136
79367
62480
37646
74654
15612
98511
99068
44892
2956
47310
42960
53333
26366
75539
22312
3466
74679
9517
17519
78123
24110
93289
2206
40172
46062
61518
2229
95972
82825
83259
75700
97981
52241
48710
66885
75842
2850
72134
83661
88571
22621
50135
43445
35088
64101
86974
26821
31729
48381
37659
11901
26768
11718
62528
75973
80770
80693
7567
38605
93497
96009
3905
86679
27621
66538
85444
46522
91383
30346
24700
54561
17321
35420
69391
93166
90239
79510
47427
69108
72921
41038
6618
74297
29424
50421
10130
40247
1145
90538
27567
59700
34897
46652
61427
80784
1691
83239
36363
53576
22725
28669
41178
95356
65884
94342
11768
65330
15457
66668
84229
7478
33115
51901
16368
3720
2044
61424
32625
87613
11770
45072
47248
24643
83506
40460
62701
12673
67319
97183
19074
10481
24794
18310
35093
45682
25605
84626
66832
2018
38223
98743
61163
22606
52445
65050
13463
39479
75098
51353
6243
76435
91232
17839
68753
15890
18514
85513
71147
970
57103
97922
80897
3228
48514
29561
73719
61461
42671
1995
3097
95988
24358
63331
7286
36763
57002
41063
54574
49706
26163
76154
93053
77874
21577
46470
67954
71306
23909
18305
68810
47655
47366
82153
26952
45544
87134
88995
6442
54081
19409
82350
93203
87767
5868
4898
34501
44105
38373
94773
64078
9660
25050
73333
54861
59240
44713
70775
56820
52585
32711
13628
99552
45429
32099
68967
27096
19167
21340
90736
3561
74656
45279
22829
42204
92394
63218
45041
90598
87647
45624
88872
20957
17477
25311
92979
348
58233
28053
52746
5141
88723
92678
11674
47112
13368
68420
45777
37247
74855
27875
42812
54725
95055
18363
90125
58182
19157
99466
67695
90133
28673
18055
76656
84685
12454
52206
26049
89853
37600
29229
93506
43799
9760
79696
16085
59704
55016
92187
14256
88864
79628
19844
28906
63952
15086
79429
31648
20368
16550
88940
6125
90259
67626
57799
87823
73389
54422
21520
7254
135
53688
84722
82886
49146
9479
7046
37520
22768
66306
82207
18154
92786
24765
78008
1021
89137
87625
52414
99789
3147
49548
41533
26862
94599
74183
54518
61957
56582
54891
27913
43021
13495
50549
4997
31870
29500
51574
7067
22525
4188
17440
38763
15235
37016
30151
12210
90216
37240
27499
93890
25065
44933
72992
79452
48827
50267
32091
64896
57483
30271
41075
89862
10088
56643
75149
97084
9386
97553
93854
25966
84381
39668
27101
42269
95941
66505
29128
20274
81054
35776
46630
94877
88582
35616
40250
44766
45758
18087
60837
49971
3211
50559
51836
17040
357
32140
21591
14965
17836
65058
43031
81772
15993
72632
96128
79643
10014
42186
46822
63788
56521
61469
48041
41228
15416
85019
92829
46201
70736
62184
63938
43521
83288
63457
44091
49892
42980
54192
69106
76203
20873
82213
63312
95904
21083
277
8556
98333
78827
54251
62124
57701
9965
37122
80569
58205
83631
84279
39428
59315
12152
12473
44782
31480
87458
92418
11263
32449
51521
541
81745
30357
96279
64520
24143
9033
149
16586
39336
41435
13809
33101
72374
60236
90528
6715
14357
53515
89303
56530
755
96526
31447
52686
40171
93717
45483
796
36865
46052
59734
73306
17892
47215
54078
49292
71571
30953
34138
35387
86377
6260
57472
55943
45430
11589
36465
73764
75426
96794
5676
19358
43012
59835
88805
73479
85089
65736
31850
58854
54453
78617
28185
75528
57677
76881
52808
78640
41452
33140
72564
89903
93095
57233
83859
1729
23509
54399
28786
28914
65989
85312
26919
38570
54068
74169
33196
45173
24256
8608
35245
3752
31643
26225
69124
51550
29053
98957
67128
70932
3464
21972
71588
6299
58373
74653
86265
97674
15998
33736
88604
48951
94991
51165
19744
75831
55316
87710
79234
85507
51157
73610
15392
99430
24498
26335
79115
38531
70922
23895
47689
27097
41685
19669
27076
43121
2815
28683
65880
66750
26368
49038
11218
3758
81815
75656
55162
3027
71904
69723
26769
78745
67155
37576
32289
66989
914
30533
40108
10862
8451
98305
67409
1502
72929
28028
70841
1035
61575
56113
14093
91659
32528
13345
38152
99628
63689
83293
22395
53952
89575
7464
33933
50319
14073
54988
47795
55984
85556
71027
43946
80136
63682
22891
82401
36675
70241
66028
80239
89825
34700
36462
89453
3587
29453
78423
21061
35682
9999
26844
37193
54509
7892
98675
87163
81386
91528
53036
76310
14739
59435
29596
10221
69415
22528
2581
27657
21448
40110
89173
23806
14272
99697
23750
27884
67895
96096
86758
74076
69621
22753
26726
39058
3563
88439
93721
95092
92992
24208
50291
46565
77606
28296
30589
82136
69258
57780
46818
87564
16173
54305
23873
70304
30371
22699
82711
77749
7986
90284
40677
44435
95391
90767
19776
61052
61224
55216
12404
52786
75956
93442
39842
84665
20906
55817
19330
74514
66801
8722
23593
27509
46099
65424
5233
39985
77179
36065
58774
73836
99344
98128
95511
47027
72740
86643
7758
8280
47350
55461
79886
10726
39715
47202
81865
1508
40238
52319
59177
84867
27676
75042
98479
63508
13081
69589
99289
40005
61050
1599
67148
39074
29938
82463
25737
27706
5047
47749
76425
27063
84196
81890
98209
87466
43163
41680
84783
17379
14474
7328
78252
50602
33084
40302
56363
52415
58623
7603
54800
59247
55798
85411
20729
25705
53534
91512
62027
91296
36715
44104
11709
19581
18338
85764
49255
34995
14355
40828
31735
12224
91208
57109
7626
72392
96869
7225
49912
94344
72326
64298
36779
10060
45118
55390
48889
18973
3795
38537
37501
1888
38095
45074
9436
80915
24433
80868
47362
83141
36687
14211
6843
62611
31851
42022
9326
38909
5308
21361
60917
8644
50444
72447
76260
60806
28102
53484
27337
83757
39392
83360
55007
87709
69499
14374
53756
64256
99946
68878
71929
91679
17547
27712
20991
38235
3392
47824
6589
95544
71273
38291
64515
49260
94070
13870
94483
66799
90364
9321
8920
97026
469
43170
96540
34498
81208
45507
85873
24341
58655
33908
68099
39230
19772
78303
21376
98700
99244
18147
29185
6936
67817
769
51634
68676
33179
6217
62461
34355
4899
37902
67422
54981
27818
61585
45552
7302
59221
84826
71415
82556
75102
15806
92881
61643
52537
62379
70946
87311
27947
41828
76198
6615
14262
11893
91264
37090
43874
46189
96569
71291
10880
38744
18151
14092
19568
36921
60885
9709
92221
62876
7833
38230
73294
30669
61895
74029
25486
49561
69657
92390
73256
70673
45345
12191
76352
4852
54276
19547
44970
8567
39265
19509
12722
47321
7428
40262
70301
54546
3630
83963
57451
77972
23459
66252
84334
18640
13741
96807
86039
6579
47497
88298
13246
61604
3194
87120
33449
49052
30661
48587
9490
14199
85616
15784
88289
71072
85090
21325
68475
63449
75726
89932
14805
5009
74369
54170
83790
79227
75525
79514
60685
64688
37648
95651
85252
40035
59830
13468
36987
75788
22689
44998
40954
81987
59318
43255
833
92149
23204
49622
14858
91380
47963
75680
52047
96225
39934
23283
97090
76683
70866
11488
72327
17827
83908
23533
62891
38836
54608
11331
93440
17659
38446
39303
97964
53924
99188
29449
80683
35056
3225
41149
56144
33805
53443
35601
3609
89601
5885
17030
29903
44618
80457
18273
21177
63838
58608
35214
47426
64543
46164
92132
35907
2351
70867
11571
73035
73542
89710
31989
56177
80500
15760
37688
95020
67603
51787
30347
80975
64949
63884
96999
28784
17096
83846
72425
35035
73514
6744
33092
31968
99447
58346
85573
47725
33058
47556
79580
25588
49841
19616
87726
26156
19201
47928
60026
27726
42514
20212
81874
34382
84135
41720
49768
82049
25663
23720
70469
47186
74028
14929
19602
43688
90706
89540
18515
81788
24265
19180
7708
27677
49257
80905
39621
24270
66543
14725
98630
63965
17788
3343
65777
20004
41683
6501
12988
6530
8073
9942
90672
22845
13974
13098
26189
30607
75412
31685
35351
90574
88637
57526
10136
10407
58334
76551
93866
32753
92542
41190
44762
97722
17723
44027
45967
25220
1332
58591
59851
19380
89452
43758
36478
65500
55071
57953
43630
97364
75828
35167
19625
99386
61501
4388
2849
58193
89668
99166
61314
92431
15332
62205
16345
78245
46693
58967
54319
36831
97169
75730
31335
43190
89165
45200
62077
92177
33505
77850
16255
73823
96698
1016
88782
75750
41776
70470
11058
24283
66544
89837
93117
2224
41186
32532
12125
55501
18628
80590
95484
85626
29728
48878
42750
12808
4810
37292
1277
40167
25368
81081
78410
53911
70182
77109
15533
69245
34814
93762
69924
77381
47960
61676
72562
82760
22627
39462
95597
26381
8648
61984
50574
95954
26471
71919
84104
67274
49950
74741
61821
79955
5441
20763
76964
423
7973
71923
58801
32453
40126
31098
53446
62991
81169
82703
80604
60380
11936
15248
99843
94192
92204
45212
64714
96599
62527
7990
57888
93886
64095
26256
16384
99496
93588
44699
99266
27328
35451
28513
40594
88603
99118
27665
36807
37850
8945
87284
57439
70780
30116
20938
37013
16886
84263
98985
66182
85535
99982
34445
89038
67808
4709
79397
64397
16200
3520
99345
97011
97573
39945
77016
5946
31618
17802
80202
29933
38981
48212
17980
82704
77357
4710
72104
45570
89450
6305
99618
13031
94033
13359
54472
23711
5203
69516
18375
81561
2552
20042
39536
68466
81602
82669
1094
85285
86315
28091
39954
18412
60240
21137
68407
37088
73894
14572
6847
87470
89830
56819
26391
50445
85276
25955
28188
81896
14534
17480
13451
77549
94924
18081
55801
20923
34571
16751
42877
91945
10760
72856
9960
85973
48380
40676
94371
62158
4971
34317
21300
16159
45634
91751
58024
57527
56249
94024
68410
93725
32794
64081
3101
22392
30918
73162
14120
19782
57021
16866
26992
7723
23453
26082
19034
82210
62536
64857
8623
33513
84376
68198
72665
50768
86108
35438
62877
70008
95195
68388
81366
18272
30685
77150
49197
88140
19680
97277
93767
80320
92610
97749
82943
96013
57054
43633
78920
12306
28404
60952
24914
72863
94164
64526
78792
47276
46166
43895
82881
97244
1400
21560
73645
75223
53090
6207
96597
81707
23297
63558
15005
60182
3273
85101
41667
16084
61020
79490
85421
11556
15968
95740
11734
13147
90035
3970
66826
27127
13272
42659
20480
50182
66470
58823
58318
61707
34998
54258
83854
85400
85687
62764
52986
62129
72188
57134
4225
65637
81490
75090
36739
38808
48876
54578
1361
56706
72429
71184
57162
42777
38475
62746
50290
56380
54888
48087
88410
81570
61755
9420
38805
47261
65549
95102
67664
75037
45198
80368
41557
8393
32444
95085
6653
80103
71737
21857
38588
50546
27511
21394
25714
73320
54406
60726
57178
64795
57778
70025
87552
23614
70671
45773
45630
96892
55496
50099
2163
47581
87801
69028
27697
54252
95115
61636
82850
79756
46950
24718
70658
71071
66522
50019
72906
64535
82801
786
1439
16755
55745
25579
12537
43095
84197
77822
25148
92843
16782
3558
12727
77119
15484
28424
46290
88926
5861
55355
30105
3015
15667
43111
25785
81979
60109
56771
92549
48482
97507
34461
32321
83485
17944
88855
86783
21181
78538
89719
42758
7372
40573
14857
7162
23343
22424
17887
46438
42699
14040
21605
97217
83464
94988
62307
97102
38826
792
58337
55610
88616
87168
49690
49490
2854
33303
5198
46765
23799
81983
32463
65316
44990
97963
7
1611
8257
27139
16114
33419
68082
73559
12510
22789
28791
99577
29919
82121
15479
66919
13181
24751
4956
39539
60367
54956
47299
84610
94082
10159
12166
8965
88694
24292
49290
26612
94976
51996
60036
82519
8108
83975
57735
66219
26220
69546
72075
58204
68762
88468
37154
45662
42713
76234
64313
79407
77174
77147
1861
15042
73920
58500
30994
37899
35493
92037
10163
97819
76980
19440
79718
92768
32363
33370
87849
90551
91911
46440
57110
22091
46100
78004
55736
86134
61891
28774
611
73860
87226
29193
36296
98509
76672
64846
25401
50690
15498
30291
33589
56051
45176
49904
29250
40728
69683
91868
48241
26330
71749
52521
41503
71641
7795
4487
25017
31630
16786
2102
68061
20688
2293
13761
46948
50673
87078
54261
91573
13256
70141
70906
45466
28675
20032
92945
10271
26133
44614
92952
39153
49979
64245
50782
95322
99139
57236
86898
30884
24774
3812
63064
15566
83165
64399
82647
67097
85762
24939
73342
20161
88079
81295
52557
8361
59884
15787
9840
95245
7329
90803
63761
71671
19507
17517
80384
48573
92623
84994
39963
25240
10907
13728
74783
81449
51874
49311
59053
17850
30230
1133
34898
12446
19094
61048
34647
64307
31020
87637
41022
50780
79191
46105
34933
20304
89025
48134
15607
35775
39206
33490
40105
38932
53000
75987
90178
63273
25167
48690
69172
16320
49907
58704
7298
50542
76110
88145
92923
11476
49641
30496
29265
368
98217
1597
16930
77416
3793
51167
91771
4764
49749
78042
50349
69120
47333
65503
8134
3953
85205
36612
90431
75731
35508
90889
63814
82803
96335
54440
72061
10327
54654
9465
70928
3349
14946
96417
98447
4090
67898
92327
82575
81690
99051
58154
18421
9338
39354
2022
75473
93196
26755
79694
19842
66314
25430
47441
61736
44181
7325
68467
95896
99197
38704
3527
30625
82419
64832
58361
86636
31639
66287
32602
89248
66642
54421
95339
61865
23174
7812
81103
82473
74423
85145
21239
61275
78739
94540
59904
83640
18423
84213
1731
44639
74919
2697
45577
659
52078
1294
75422
65742
78960
96192
95847
30012
76209
27493
78500
13682
2759
63777
98477
39656
11816
57599
39344
21899
79507
10673
18314
27685
58524
62334
58754
69826
29315
62779
57198
85799
47217
23588
89113
38876
11474
39971
76225
41285
46515
87766
8193
18643
97194
43711
50356
53234
59065
32406
93950
34789
28562
88407
18657
19846
77889
62854
14417
75123
23725
12697
85636
6475
33893
93927
67166
86794
46697
27637
96955
43086
57731
90961
40222
63394
24115
25030
98823
53228
5701
45788
40066
49355
66247
71745
65895
16301
28841
44575
27128
99394
50719
36268
24664
50037
97284
33714
16450
35860
17182
12604
11826
96736
83624
32216
56509
93213
81781
94304
95158
76247
16931
70787
59086
40338
56338
18520
16254
36927
2321
51208
32768
44978
68397
93738
10393
24434
28303
8265
66359
69963
74895
44946
83805
11981
61015
62569
24321
99365
81525
14139
43994
43171
90552
35715
31894
78906
69097
6123
35151
75044
87991
66466
69959
72311
52295
63541
26169
69846
43741
66296
78940
54033
16400
55205
96625
48767
7293
74970
31823
71153
25232
46018
67997
69956
28293
94487
94348
69655
21210
95246
28555
14936
35645
85819
44351
29099
47173
96475
98975
80379
24065
62272
26170
97714
45556
8620
48388
87329
80962
27276
54839
7123
68875
64781
85565
94764
27204
5490
2763
63947
92704
20433
6517
72352
79768
56533
87635
20570
61017
48252
87793
11385
68848
11416
23913
95260
40686
77656
99376
67169
53249
64030
40104
45991
40013
17781
45742
63807
36276
36898
64031
95486
6253
27801
74086
9689
47399
59487
96760
89179
39011
70619
78678
32530
69007
95420
33319
53489
59888
5596
28150
1324
20961
97149
48642
9582
71664
96453
11115
42523
93286
52202
28864
50094
16027
15585
56518
75134
27401
82857
6864
65717
41764
62675
19611
92060
17055
70017
83264
12787
10693
52736
4568
39049
28920
37347
7196
637
32932
2660
67534
58618
8815
32003
25976
30002
89817
15649
50162
36415
2788
17860
72955
70598
39503
1543
96316
95406
68065
56129
34074
83411
84165
15600
43207
43918
43995
78069
94682
32502
73732
11821
96235
69769
66800
93468
17339
24668
50657
55109
34870
8766
858
48447
7116
36289
30259
70452
15690
88766
15841
24690
60664
21073
57709
52196
33259
42147
89535
85800
3089
16767
30785
17041
625
99610
92098
7365
59269
69306
96539
36718
59467
62909
66652
78874
13332
73261
8749
34504
62471
54809
73025
21995
15014
52274
67786
97114
9406
79811
58052
50876
38849
59517
95172
82874
20524
18982
9612
8974
62096
19745
95700
32866
36013
76141
75891
95497
85957
59208
86007
79477
79967
50232
3319
30725
75830
13123
67620
13390
53274
59892
45207
60015
62651
473
52867
84407
43328
13565
95745
96962
90301
95731
50115
46931
74648
53879
3470
4369
14287
56112
77867
34055
55123
851
25514
89610
52748
58472
38339
20023
93507
22969
43089
55139
15160
56391
8630
51596
46141
43706
1825
99955
44951
58845
68224
84181
37709
99615
60686
36413
68153
20147
21422
59924
86943
58280
18617
36904
26470
62317
72124
85017
31354
94555
64452
34615
31160
7771
7761
9634
32603
42635
84798
52099
20335
69914
43639
78174
11098
52040
53438
729
69711
87443
87326
48094
98707
3531
7768
47763
40547
55469
90408
59538
81193
60373
13829
81227
85610
6978
49389
72767
51044
11373
70203
40198
89586
98226
54998
63436
69694
90383
58039
25189
77297
15850
9437
46267
25168
99024
70679
46245
68343
13313
21919
116
28130
80232
39438
22784
66713
25873
73386
49105
90188
22537
97530
47752
97017
17078
29745
40654
41242
17563
65690
24770
8426
72853
85132
43050
31278
58713
28991
25376
69977
18627
3887
39038
85198
24281
8531
4564
77751
48852
90358
69912
4103
19769
4076
39979
80120
6600
63306
49625
13754
63107
74693
32367
65522
64384
2466
12512
54822
62975
77830
72547
39710
93773
93878
90008
85996
94742
67213
97134
3456
20517
6881
86870
32156
79035
63979
48990
47294
37293
6346
99909
56203
34304
55526
36140
90478
87464
18914
25651
31734
5142
10794
4054
56989
48033
22967
61292
64479
97830
1787
44798
11046
94287
39677
47045
11371
53546
35295
67977
15411
46855
51978
92029
62147
42348
45917
3801
21662
22115
9005
74213
55134
35481
44182
94176
28703
79032
97237
40806
52924
28122
49144
3220
34967
65619
81754
4240
85750
5589
29824
36309
53042
90381
97841
51965
37169
40966
92332
72823
32166
16261
77731
43757
97093
38768
95556
55245
37605
5611
75484
14590
98436
22566
81274
30122
11327
54709
7737
53387
28458
27072
56288
73473
36983
41505
53160
48068
29828
83234
95012
2357
49776
45044
8009
26720
43413
80057
67629
73369
38328
33959
77473
91114
33574
60763
68447
10592
46368
35419
82479
69727
83828
62859
56772
65133
60444
53167
39572
45768
8517
90512
79683
53427
52109
43014
98051
65140
79449
96259
89053
46605
71345
63358
26959
77253
56560
80405
98173
36022
8245
32944
97879
82887
84070
12221
29857
5425
25079
42747
715
68756
15100
7271
59387
52577
13091
58503
90851
75184
13827
91444
72023
21729
99371
77812
46678
63849
30914
50612
55270
50732
38562
67515
43537
55567
94639
58535
74842
1814
94369
11038
95307
24388
38542
56940
99572
42496
56660
95075
89823
81664
98578
93254
24847
73990
20944
39310
44628
40973
59720
18059
32869
79715
68533
79802
75556
61543
34044
41655
33049
14826
63159
82965
68777
48948
37507
13969
40821
12111
73623
83203
61506
20336
54254
49087
24519
16963
79111
41978
56403
52169
8254
38848
19883
78522
75166
17235
88462
27991
17273
4399
6958
4119
74912
879
48986
90978
65598
38751
3593
63534
55102
80561
43429
57061
2748
99851
390
65072
37647
83245
57691
53562
49135
39622
28136
1169
80825
22143
54933
43936
84788
56178
54041
65381
7781
20658
49716
67638
87596
61640
39480
88893
73407
29278
85437
43574
36040
26664
71946
55269
89051
51980
70232
22519
88349
18030
54321
16457
73179
70621
76332
82605
58576
74389
17115
97395
4256
35327
9132
66355
674
32162
85310
8941
56649
51362
97655
54415
95982
91324
82032
3619
56491
61421
82926
72696
30285
63230
18525
39297
13426
6921
32468
60314
56443
93920
8921
3728
30055
41176
80426
54868
65073
68859
70228
60957
80424
29679
91136
74448
43069
87336
59544
28761
57697
93860
95697
24554
44441
98605
85147
86041
18698
96860
75667
54660
34421
1784
10078
87694
98056
28901
76732
81442
76938
49211
53874
85789
3999
87081
4576
59038
63750
81992
68989
91105
61883
55388
95984
6551
91430
28771
27434
80465
11694
56318
86242
69594
17962
69617
76888
84596
96041
73603
74052
73895
8676
96911
12670
95873
48661
43592
66335
83216
56482
61522
28861
72598
33367
44309
42942
67677
70407
21360
63709
75113
56080
6515
84118
37700
10782
15729
30803
62411
82376
10423
4435
65505
82614
96802
34418
62094
16168
81039
48918
33798
11312
39188
72319
42012
43318
31396
37549
77800
69807
71799
61466
7106
77207
94608
79920
57514
65826
41361
47660
92733
64388
80633
63791
69848
15295
17048
37381
96382
62772
77580
66064
10244
5597
54002
90854
28187
23969
90054
57519
89246
3166
10742
4889
59323
65979
87289
83269
43996
5673
40706
24673
43081
33393
91960
51714
79942
16011
21241
86350
18672
85463
73366
381
92154
82436
48518
39739
75970
30606
71026
99753
43713
78951
55930
84414
32148
11508
53609
90213
41679
46861
26240
53871
97823
4823
12218
111
69541
2415
96143
81182
60961
48374
77449
71115
76902
26262
16571
97139
2
76995
96591
88758
91649
4940
11574
67632
80398
95444
65019
49653
9086
67561
32343
88613
4744
48253
33083
44322
50580
59021
26779
45211
6834
63721
94385
73058
80017
3678
75558
77604
22425
19362
79890
49873
56639
29792
70560
64299
56807
84549
60643
25816
44805
22309
29108
98169
33079
26545
92580
57055
14700
21598
72377
7022
90467
24669
93392
87259
50248
97464
18792
30315
32713
95547
27018
97580
50394
87502
55118
86268
30305
82001
22107
782
61693
78717
84640
85492
51455
16401
94781
47755
20395
60103
67036
30225
98063
50891
9728
93323
18016
51062
10497
37693
38290
36285
65559
76840
48190
69745
40251
70393
43932
47465
35858
13281
2925
41600
93106
91413
5552
96741
70573
93821
99630
5405
60054
70055
85113
39268
24271
29742
80668
7453
23377
43099
92250
32503
37991
84397
89838
15456
4727
63774
69302
13226
30555
82029
82133
84280
18747
24993
26872
45645
1585
38854
90561
70069
78401
44
30875
54186
23606
19743
37460
11751
83479
76785
52771
7641
49313
55159
84954
98314
17911
41904
64977
19190
10780
4623
47301
60647
48833
51061
69377
57617
63960
76823
58403
6878
56891
65823
13694
69982
94873
73533
69948
30973
19291
28850
71596
64703
4881
18736
82559
40682
12142
17640
40076
21417
57467
34803
93423
90196
67432
60174
1714
27451
90158
67830
43776
77008
95112
13245
22289
55858
26933
42601
33485
81445
14926
34731
52845
54666
73812
60386
13403
81313
15
58904
71879
12132
699
42133
71494
57342
55819
25878
76971
62374
21947
68713
1849
51309
43356
52474
5061
8417
19962
70290
82458
35649
1930
2845
76374
4109
18857
40086
84820
24530
18717
67042
62818
31748
56093
9122
34635
13481
92551
3715
6645
36679
80348
38887
77106
79253
4048
11627
46360
32188
8836
13223
72791
89100
1969
82389
99603
10588
91805
87048
6201
13066
40403
8427
81214
52193
34453
24398
12913
68199
89583
39442
95419
80760
25157
64766
10039
91955
5604
89028
43564
2824
29777
14317
80828
98157
21333
14688
80450
60761
86671
96091
67467
15011
95343
59774
25530
25310
32305
8500
73682
91210
40836
36860
29433
42945
63476
56082
22313
1920
15830
12193
99499
88917
71887
64151
25534
41417
95236
80486
4444
85550
50857
95784
36477
64169
5448
77263
55638
24168
12440
32575
51984
57373
13614
88475
91358
546
69074
97719
95673
42911
61907
84209
38757
24802
61256
32894
3872
96000
99778
66645
39734
7474
52930
64257
2355
59275
51155
2495
4883
90317
91227
69553
33246
61631
39602
92269
40486
98254
57856
14963
90614
92902
18208
4812
99528
31477
14883
13800
96161
78377
34778
7669
16321
69073
64736
15727
72301
49999
72710
20634
21200
39105
72772
38545
20328
30904
86280
48834
28544
67592
12084
86060
6767
93699
32533
570
85614
2612
36626
21497
96562
7979
71348
28449
17868
81898
99395
63383
56587
57987
44650
96973
36077
73950
6359
78498
34583
20018
77614
24133
83579
66545
48928
95968
15705
5838
31343
91956
47267
66105
46474
43717
45291
43893
65177
8410
3167
54714
35589
53269
76726
34018
29095
12923
23818
11469
89203
92917
93993
33269
3847
21930
85719
73908
73337
75559
16348
64182
26637
435
73081
47377
17189
31178
57146
71376
74800
29084
17466
81078
18824
52819
36813
49563
88635
80217
90183
18422
1437
38621
26380
64764
5430
57955
28658
66589
65480
92323
45779
84435
69511
72959
85758
5373
90632
90110
69781
94151
89347
54341
48998
2291
20903
40345
56932
82693
68255
582
47109
92892
29461
78653
12612
34119
63973
91276
89302
20548
46331
30999
81575
82617
9815
77618
25492
95129
82739
38278
16536
87305
57698
74118
15442
24397
3202
48976
65663
215
43575
97997
92110
67739
38865
66771
35463
99989
17036
44191
67746
23048
66597
88859
70990
24571
9663
58092
91720
47592
65796
71041
7084
56294
86481
36443
23302
12145
98572
97844
33239
40300
89294
71008
59201
94012
96815
33368
87671
78175
11392
41418
57406
1898
89590
98602
85178
25593
17462
6560
2032
11421
31119
92228
28888
11337
85821
35390
26819
70503
73704
13975
18927
44843
40269
20181
18816
65441
22587
85545
14471
53993
9988
84412
42163
79617
75918
65873
93929
34701
41449
33288
70967
86935
7402
91490
99965
20034
95064
99227
72559
32267
68302
22517
13195
9480
7878
1182
78366
57186
19990
33290
3891
65451
22774
8291
82424
8807
36387
87545
25822
37625
8430
44201
35598
69548
97142
47786
88508
15108
10748
24906
89004
2164
18102
2375
31776
59146
9977
8191
221
20869
32821
2498
89112
85888
64056
80328
2413
39931
1349
36603
98935
91013
38338
12583
25733
67367
41816
46743
36197
99833
90877
78709
78369
83477
47661
97113
67208
58825
21011
71016
92660
30160
12701
89
83008
72494
52227
40032
32834
48709
33044
3265
5420
67545
21063
38845
80556
91350
65262
51496
87286
9148
60919
43017
23847
19886
36868
90785
70677
79380
13695
54746
67260
39988
77465
31876
85013
37608
79506
95002
70464
16924
56153
9580
23161
28045
65031
94553
21028
31588
56554
79296
21619
63925
99701
84398
16916
17701
90814
78842
40387
36486
38303
84904
91728
34819
24927
13527
86751
91840
42125
93372
46437
30649
84686
96379
18398
83522
6321
78268
39084
12130
20910
35475
43044
81153
33825
24815
24290
31091
70792
34013
48612
2328
86093
73446
20892
7138
34345
93629
82464
19864
73712
62895
60883
23726
689
13413
27104
71486
37522
2001
93558
31025
14353
25549
35654
78616
50547
40082
79369
1111
60571
36468
63022
393
99117
46393
37244
42314
86122
33830
42610
18647
99017
38272
29162
91680
23917
84796
49154
88217
3889
63555
73356
98290
3594
75701
99308
58062
63414
17029
2527
97555
52097
92682
95167
24400
4189
27636
98062
31316
39795
65686
91124
47107
51808
49636
42736
55312
81217
7699
29368
8647
72252
49554
16197
37108
13963
14515
18602
1815
9004
95812
95735
45114
5313
11403
12702
5498
34840
20255
19709
80085
27840
45814
37146
61873
52124
4443
59007
32903
8373
19607
79634
90135
54489
38500
61806
20909
84882
87885
87820
54979
64121
24361
6629
6734
75640
17207
35836
47334
13289
3412
7518
12625
59335
54840
38105
58508
76592
17287
53646
6
26263
61425
36805
41383
21944
94135
77047
53159
59347
11404
687
17998
86923
1544
76076
49270
86704
17880
56703
84286
44821
5246
62656
64347
67669
81266
81903
11788
10833
55814
8237
13554
59442
91074
48475
33412
87586
79107
95937
60912
80491
50786
138
52766
71956
19951
12667
34354
47401
91662
43046
97931
42540
71869
26433
72097
25895
59296
32863
20204
96805
12223
27269
49890
2961
71201
44667
6340
41588
92927
96578
25843
17869
10470
81753
33266
85811
60040
14427
53526
35630
6067
98653
63922
49393
44920
36547
89009
55811
9012
18262
49305
15037
18924
1325
93072
97188
98321
99784
39901
16336
54223
49844
991
30651
73270
81060
80404
60238
91002
72635
53984
40169
28412
66025
25824
42861
49757
68901
20856
55977
28063
36381
43349
3791
91314
21669
45730
38838
69705
27329
13391
7257
51159
31070
21099
98249
46390
15080
27301
37590
21853
45643
17346
709
71758
7968
10510
25373
21665
55879
63479
56894
99605
10881
34728
66734
46736
83285
88169
97840
97206
90917
2988
55467
69484
12264
28286
29159
91141
28408
97946
33022
62841
15987
46493
64931
83921
27164
94985
14512
37186
41097
70428
95479
48059
11085
10143
3304
83586
93962
40848
65635
99541
16773
29848
16372
46940
9475
80696
26298
85555
34624
85643
64842
32128
95803
9945
77635
26547
26856
50709
88465
58927
30732
73392
29468
33746
30657
28895
11662
34738
73830
3434
16713
18674
58538
24303
90956
74488
99126
74608
61679
72621
12057
93666
26632
93617
77741
12039
98322
84290
26577
83775
13899
16609
18031
25653
9713
64793
35618
13828
62331
12573
49527
23834
66978
28833
46146
12972
53583
2766
39673
3573
71642
88898
16785
16943
75614
62387
56230
69695
25344
24979
1454
65484
51754
6211
29714
85224
26393
4034
47387
86467
85361
65592
15641
62692
58103
5177
91789
47330
89005
49337
18660
53949
96400
63685
86410
99673
49101
90824
25303
4542
83912
49621
87979
29760
43018
36557
63318
97939
59705
9599
98211
81126
31676
98900
4682
56397
11543
2241
85460
57956
30751
35846
94951
87442
28710
69919
76555
23205
62472
2463
68097
99755
54710
79278
98310
55594
92074
66342
90106
39818
48545
81911
1341
29222
7593
60069
83572
61414
24531
44647
78509
39420
13801
32653
35500
943
34026
50694
69597
45119
18622
1319
70963
94898
40689
19431
9089
57008
99
29512
96926
51835
56419
45358
48378
52155
78463
65974
97097
68728
18268
45574
58915
60363
69337
49746
24280
10606
10127
71766
54878
18436
98110
60243
46197
84356
40970
80648
95300
25658
94080
8680
22274
76320
88520
58910
64236
22267
40272
36502
83728
98164
7502
23906
9621
58079
94268
16517
23908
72234
25952
58200
34816
20362
42321
99845
17296
53105
64888
16314
65325
88247
32038
65173
76326
95197
7583
50866
48814
49637
91961
19887
63771
45895
40812
26030
87287
23428
23135
38080
49665
5111
13611
32013
25838
82754
23821
80836
89762
28057
3240
32486
5159
65491
56973
889
70763
60565
96087
42362
52908
16673
73913
29054
70950
91246
98390
58477
86217
81079
60906
49398
94045
80939
47744
43214
90741
44820
55773
85141
26661
63481
93067
53014
35482
66701
98697
23008
32016
26973
56303
56265
32623
35259
55273
43905
55577
37906
39136
16848
8832
48055
58946
72928
13995
56834
48075
60900
96385
11074
73074
84971
62840
92844
79351
8786
73428
78218
14340
91859
49141
77824
56121
15572
68930
45935
34804
83396
11340
70086
85943
94596
4815
99938
24941
68564
39160
78136
23097
37830
93282
51281
2768
62082
25916
93778
19142
44987
66963
17099
69246
46963
58619
76868
14559
51833
46989
79448
54960
44972
91689
67684
47972
857
62602
15076
76395
73968
35910
88697
4447
64200
55809
48114
64718
97052
28367
89600
35883
76052
2778
97176
61716
25890
75136
59739
86047
96154
12904
50924
32010
85909
87483
10138
52751
61417
7345
33185
37454
21317
59539
18492
73115
256
86573
31667
55521
72698
7803
6849
52266
70123
99504
31775
84030
52220
54694
32962
56189
52777
74071
39646
56215
50568
61935
46679
7571
10192
4517
35246
35018
37015
69505
37494
95347
23332
26232
94533
40708
65848
3616
18404
52402
45220
70826
65405
19787
21579
84909
1285
89454
24630
1575
96124
27367
61192
12692
33383
79112
35380
71032
13103
26793
55451
65168
23645
67229
3635
11412
63370
49116
15891
17556
27814
30026
21352
79353
74314
41630
30734
49107
1052
33349
87033
75083
55796
16529
28561
25024
57119
88420
37224
82561
75093
70072
89597
39998
19623
27520
25200
20472
34335
57630
78726
51049
8357
67784
60589
21834
1108
34525
37666
23642
67297
55066
61785
88887
71190
27783
62691
87605
42936
25504
13138
38929
29230
23221
19840
86765
36993
72623
24295
28797
54837
25664
78810
7790
57629
30004
34941
57078
83308
68244
28227
92648
50497
97477
8861
80580
4926
99150
49301
88362
48000
98717
9886
44405
43332
50424
69565
51900
6538
3090
28170
2613
7304
13085
52194
86635
88114
97856
95945
35511
78994
12712
42817
29032
71818
50151
27765
80913
41634
11600
53215
75415
19174
90723
35697
21158
17284
37424
60094
71084
72951
85986
62838
56842
23660
89410
13518
71568
83808
17187
60101
93744
77744
9888
51693
86576
70648
62725
48800
84018
71384
96346
34769
22541
71333
57838
45955
66619
95333
8372
48734
67019
17545
72360
31702
80035
56460
69171
64694
37606
35629
96871
7815
58997
54892
26580
42532
85431
31457
41573
58937
36203
91040
27390
53026
91854
87696
25960
72103
65821
28129
46608
36663
44747
34940
67860
37710
86693
92459
48330
43573
26188
72445
11948
32068
37162
12045
82574
24597
93715
42038
78127
94987
35201
62359
25903
93663
11625
47916
27261
68836
9166
83961
39291
20282
9979
66648
75121
60958
75382
19338
83814
24475
32970
44021
48341
71997
80840
14519
66559
95459
82087
94465
74230
76048
40390
69713
6657
54405
70207
54636
79807
8706
74924
84630
69937
65975
48716
33802
70880
95787
60660
43145
26409
27878
9176
44746
40391
866
39114
32035
31731
17866
12176
35891
87410
1369
2720
61472
7793
46905
70190
67850
29393
14001
3934
84949
28740
26379
51516
3372
89709
94055
67434
39226
68385
41069
57255
6903
41961
21148
55292
69301
10488
94104
55513
8176
13990
58635
18699
81657
50725
52791
66788
35485
67107
67812
66428
52426
16720
46484
67133
2816
5300
82782
10385
10139
5528
51955
69086
61310
93753
31306
26151
92597
55586
32224
75586
40075
60813
82115
369
66940
33085
33993
81779
77258
78065
27380
36147
27417
15147
12035
92438
68517
49611
10337
2831
16607
1484
78924
34917
57105
63510
8775
59381
89033
74779
59295
63051
62923
29465
77540
49464
66999
53932
79653
93229
44268
86130
44960
56086
52629
99485
57382
65824
7153
15925
95533
78762
84775
27895
62920
20300
65854
53109
1354
90576
99667
63183
2862
18292
78248
7908
55499
94110
85452
22657
78239
91226
3726
58297
47701
45501
92811
16527
14903
3057
28550
62879
51939
46621
3671
34130
11958
34156
50516
75124
83986
96278
97228
2553
38535
72638
98856
55931
11471
79450
1352
70430
65326
1922
80139
87942
13166
71224
32897
9425
30612
77123
2002
1059
11361
36841
8818
55457
74279
93635
33158
35725
68984
53087
96082
55464
34833
78120
96420
90057
73332
11758
69488
97740
39142
90906
45653
20817
91796
120
94787
70115
41454
20469
52721
61778
58928
9656
81857
15879
92516
88268
51910
79847
57585
88871
98818
64064
521
25938
37959
34614
97849
62421
41335
61447
74310
60210
63382
96303
29353
12244
27227
61524
49411
52823
95381
51240
64137
24964
61067
76383
47844
25557
99544
60999
88966
58891
2750
71935
4460
96538
42162
95618
25793
76405
15476
71507
26836
97720
63693
99202
36550
3312
30584
22715
52619
34522
96867
47745
74603
59312
87234
57831
66080
63333
71870
72125
53347
93456
6812
4982
516
29351
28033
4774
79149
88230
30944
67187
13737
53028
34376
54651
87996
39592
40099
6540
13889
89357
48732
52829
91440
99559
54126
42219
66159
43638
55092
15297
37592
8855
54446
81106
99193
11666
25078
42633
78977
26774
70468
47758
25670
89445
46152
43264
3547
64097
63821
61238
83861
99503
41647
29354
91542
48450
30850
28815
43499
73799
24699
38538
94161
60980
50711
54775
98614
4830
99456
36761
47123
53487
11225
68196
27389
36958
22190
32716
30219
25517
69057
5304
59115
95048
56912
78696
71860
82178
11961
20876
57706
27225
56179
46876
37074
88605
1262
75331
19551
91337
39432
25918
85075
83448
71324
57917
52297
5904
41649
26289
17408
96797
58521
9387
55979
23335
14356
14264
93981
11772
11520
17371
6033
2362
4612
79691
35069
27546
56471
20925
86372
75253
21265
99462
38312
43065
9225
81310
77955
17897
33273
31523
74064
99758
54606
29276
49675
41899
93419
71232
59663
14953
82085
65678
21657
56556
18464
83571
51053
81020
16406
69133
64489
54017
2953
45675
44381
81347
33807
558
74468
9707
41095
81350
64147
52105
66086
78814
63234
77279
85026
51795
36513
23003
81337
7988
34460
42663
51397
64920
87541
50021
98883
14294
85903
58029
42549
77524
38912
83472
30204
67353
85518
43206
9963
13882
2642
47711
94064
83297
57612
60131
70988
10519
59179
37252
7456
51368
31537
4513
37394
46978
82681
60147
19651
2089
83020
54842
85070
1506
35939
46414
12940
3411
81705
64504
61901
166
93031
29041
92585
60150
60113
95615
38379
71748
94537
25351
80772
64254
45871
14668
85180
17956
65123
25205
39047
10476
25197
62822
46352
88606
6251
80945
78928
52905
37945
34291
45486
19958
63939
65208
65060
55101
6987
79773
10601
51674
91278
45993
41257
22894
65509
48559
36823
1166
51696
12032
6147
61253
55912
38707
97737
4439
71832
4635
75724
84416
7140
31022
37135
58630
89496
4878
90593
28891
5663
63474
80885
98552
25300
37704
23557
35243
46797
10530
11681
53423
8159
50483
67071
35187
72545
83393
10863
37207
97308
23266
78727
85716
40605
77121
28685
82081
61342
87693
71622
61580
41610
65095
74982
85291
98811
23210
82627
74187
85133
77581
62269
49496
43689
56897
42069
62535
50335
34862
9028
32298
56065
27229
63833
35825
34711
75317
58336
67992
86329
93028
13581
55730
4226
53917
88772
69383
5714
13586
28219
70132
74990
39001
91575
80591
97904
38921
2775
48851
61303
75548
92087
91723
72156
10496
50557
68194
57098
25481
54048
22243
42739
12171
22087
70340
46942
9395
96717
99196
55099
39489
48965
3844
72555
3021
77244
22412
54591
73376
80923
58545
12390
58282
56695
58471
82119
17136
41156
1298
97276
82917
2739
99580
57662
48715
12497
76951
49559
17065
52191
53430
8419
94997
11248
4535
49145
7369
99119
51178
2922
17228
46430
6088
29908
59128
92524
21078
42954
51036
12146
65680
46670
13057
80235
93917
4583
1571
98233
81650
63143
87247
21963
85852
85600
63773
89035
50963
50399
91821
19628
2496
71363
48100
58818
70219
97491
82214
89765
95382
81948
39396
92706
79665
33655
15438
72843
15422
41286
7443
17809
76595
88196
48358
26796
65395
53743
55485
15931
92279
37272
22114
10789
27446
8876
88408
80880
22836
57858
54517
11480
21940
49531
56640
29033
59752
26465
31986
54937
45786
65852
48379
84400
32774
4829
31469
7445
45157
14658
75677
83915
88277
22353
39903
59869
37874
11360
75000
79330
73463
15424
98065
12179
80849
38741
2864
37724
30202
63118
5095
18303
85733
79459
51088
92144
58977
24126
19156
14837
10484
46560
54494
64891
18996
95258
90324
36555
92008
38490
5117
69264
60403
3306
28787
20403
55600
71973
95733
4142
30583
76070
46669
30169
80651
78576
6601
95594
27151
17927
55851
41391
4472
84912
73363
65560
35191
43354
36169
48977
15371
34077
56346
22068
93045
34399
39075
18388
13452
25845
4674
84995
1912
92659
12834
73458
83110
18107
92446
60136
3983
54877
40835
3738
25052
18986
93647
81910
6156
88358
74479
14346
84538
4981
20907
51173
38070
74104
64179
54244
39312
32007
20755
89120
19449
3595
14968
69342
12905
58515
54751
76503
96987
93194
7259
13431
14114
27114
8917
59076
79181
37123
98580
30300
76972
94231
24125
95772
36521
81546
39907
73982
55585
92638
40245
95876
29376
19270
1006
97336
16721
18395
49529
92141
12136
50436
59491
34371
68749
86698
81659
8905
90928
11704
96798
12426
56647
16075
41554
83902
7989
85924
97546
35077
11093
18756
90103
90775
11812
12043
84804
96683
27239
12353
75662
10581
8558
16789
53819
43518
93146
63341
67029
58868
8234
53522
73602
43793
26773
83305
85416
17316
41030
63851
54051
87175
41840
33351
58701
33214
22
62031
75075
6552
43006
11123
76852
62778
44299
18263
86740
34588
33556
57212
13415
63102
4598
81794
18280
23572
77703
69203
97316
87680
16479
31915
84276
7066
95762
93748
72039
41702
27200
63283
49522
2741
97314
3892
89871
58963
31928
23820
85484
46559
91858
76773
41109
29520
73902
7705
91767
71565
64599
19323
35109
74148
63937
96101
62629
42803
64685
91866
49045
10679
26234
25252
46073
96438
30273
58355
29953
82243
34406
19516
43910
23240
66069
17368
94886
63072
1701
17382
84206
40721
34466
60303
2888
59023
8384
39895
6294
20986
66376
5077
36332
46093
87407
15072
33904
8278
45414
27527
75920
88124
60074
20514
21855
33198
28973
745
58479
5462
87868
72851
88382
23233
51197
213
68259
96648
39716
81674
75176
58931
7294
85510
66899
62825
90134
34469
77688
17645
9377
46003
96402
67995
6876
803
52265
8730
19741
69277
48474
39525
8189
50503
87917
41936
93298
59182
11494
83847
59930
77859
14009
28232
86114
65672
83978
92593
13803
53793
54671
30035
50784
74073
82623
21245
6222
10769
74322
80251
22957
20441
92613
37354
52416
18663
58317
9463
68865
79565
29633
53623
81955
38048
94105
81395
43023
39532
53338
35531
85696
78307
85471
2509
40715
83312
97483
2838
35786
78130
69884
83969
53882
4892
76553
18776
85220
39576
17414
33296
17929
60762
47457
34950
32203
27805
54558
22226
69545
91871
94107
63509
604
59035
4040
47773
73233
48900
92926
57018
83343
90900
46167
6405
62856
39014
78633
74598
63763
6665
66638
3946
92342
8144
71965
18370
72440
48547
46896
54205
67478
31956
46766
59729
25152
99849
87112
93333
34475
69486
21230
60934
5416
9996
66145
54368
64009
50371
7617
41980
9079
73853
6455
36362
66144
89524
52205
85815
49703
93074
51555
22513
96634
1221
26026
31564
51064
82341
69985
90615
84069
1337
62490
9123
17913
29989
48508
54772
44889
39950
92637
60212
48656
46389
88248
63290
47625
39718
13770
98105
92718
41019
50550
77426
64615
13672
56075
36254
75536
53479
51018
35156
8908
37763
47615
40200
24467
28696
93127
40215
10020
15465
85422
98353
75396
78115
72185
36410
33937
4104
66710
56227
75934
46935
13769
12795
38406
98837
64747
74548
6375
76391
75795
54715
22290
55721
97042
47429
54006
52486
163
52621
81706
51788
97267
65419
26727
82199
19282
27729
77504
60602
47187
7398
14972
62239
85949
82137
98636
44250
82928
69019
87030
14880
69389
14415
78779
34233
89813
49489
964
81364
90302
36614
94663
63724
11760
66640
514
87896
18172
59632
54169
27170
65748
95065
97325
69521
84624
17808
45824
51010
67594
94162
64109
49483
68423
48886
2418
13916
79270
67602
33387
38167
76586
60735
3492
48972
42497
44872
61547
6682
11310
19500
58859
71957
7030
20592
33532
40106
66756
1753
92547
90371
85419
97578
49158
68637
81609
21832
27270
30844
53452
14465
91881
99896
33462
93101
45649
88843
8683
65984
75127
26448
98597
56070
87282
15859
97141
31041
25745
16128
54808
20846
93235
25773
56457
36456
27746
74251
48051
17112
74881
94485
32122
25036
73944
28957
5539
31711
90489
55799
13469
63477
1531
58990
77674
35116
78646
68629
61198
61478
96651
52565
53325
26924
13956
92809
95003
55625
18834
31777
7886
13917
10395
70117
45112
48323
7075
13930
66111
65434
64290
40475
13319
54584
26293
83248
49341
26813
56242
5422
73148
17330
49987
21506
44482
84825
68687
10113
81397
46321
28706
34943
69056
22047
12450
39253
12986
15172
9928
79690
83452
19644
66504
83752
4405
99785
90591
76191
31136
32968
35542
70245
50810
83086
64274
13681
7255
27645
41751
10630
95860
81367
40461
76858
96074
51673
83058
41024
15057
75021
16385
83060
64649
84283
94990
23524
62956
9923
73957
26313
54515
25271
58573
36025
50677
88151
68310
47966
66284
56689
42526
72049
89906
64875
61703
76707
59991
66573
18809
17391
18039
60441
99398
93856
82663
19873
43409
95194
69155
16233
67028
32346
20238
46737
70768
4002
73684
72150
51548
33039
81889
32318
95503
12980
75825
55323
63754
70593
78818
33055
95396
21893
37558
5388
83821
92537
25348
96601
68085
22201
52166
24502
43755
98446
55738
36809
10943
27774
68735
57015
23360
6830
80055
13000
21302
57864
57337
43249
46103
32884
54798
61041
36511
87191
16246
63560
66475
24965
22786
70385
70285
42752
52705
12301
99810
44959
43646
62715
37062
78023
29446
40049
86196
97165
59181
11250
77747
48268
59020
88956
47519
77246
33530
51715
21522
82646
22057
35474
15030
41544
31216
38831
26420
5942
58981
33109
18868
62598
15530
38540
61650
13886
86042
52969
78119
89518
26435
84774
10587
8678
63660
27238
11678
35594
2254
52454
41420
89437
25129
68592
99693
8578
14399
81306
68548
89702
67033
97461
21654
94516
8503
91238
9967
24613
63566
79105
90743
88671
25466
73472
5196
40925
53724
84044
81426
33732
6731
1238
88006
4074
56221
20594
45063
19700
23837
33772
4819
6495
74357
65611
79486
66114
97103
25390
43959
51110
21446
35823
56328
21285
18897
24497
74465
21240
29608
58895
31364
80538
61016
4848
23538
42922
5398
98739
3529
21405
6556
88201
8484
56668
65893
83746
40410
67211
22808
90821
59524
54347
79499
62670
56824
60414
46023
29130
72321
4990
13193
58945
41469
38781
62221
26891
96819
47840
66534
70817
19132
90141
32651
83699
61326
48488
26586
75590
83375
72893
58613
94833
72870
23289
48735
56846
51771
37255
99405
65506
24490
46246
13385
88648
79433
35662
12554
32994
22303
87711
14095
62567
22184
54816
93530
91461
79822
54108
52775
85875
83351
59498
71819
60089
99442
22348
64212
64325
91251
26372
58262
47274
5020
22890
91202
65652
84360
62303
52480
89117
17826
29031
80688
37841
73880
22902
65130
98389
58260
81521
97211
63219
12626
93858
98660
80797
75088
43676
69834
25624
60173
60976
45294
2127
49160
18534
60716
91657
90474
81330
21773
30998
10695
94909
94972
7208
52012
13984
59162
43314
2190
9246
97770
89149
42354
89965
19622
87094
98415
70445
29515
61635
93180
68324
81254
71336
7213
33143
26009
50941
53769
53888
33043
65006
75541
14504
39163
40831
61534
64833
61306
50118
5168
90109
227
62458
12305
61484
18077
67844
70103
3377
93481
51826
93368
32115
7358
86391
98267
37287
94503
97746
51407
31691
8490
20814
60774
76434
78109
72339
28039
52063
15962
87638
13635
71320
88377
24608
81365
95509
30459
28218
2955
51091
57887
10930
21123
18912
46775
74499
63506
86670
43497
98163
2576
23207
10072
71579
2990
67993
3687
5591
80646
41709
51451
38796
22992
41309
21259
59960
9527
73443
16322
73694
16595
26976
12941
53425
97489
16515
80271
1398
57619
30156
99744
32557
82021
92101
90447
23445
91170
57509
49357
56915
81915
48551
70492
29316
23663
65265
90417
29415
40063
17009
9025
1755
38833
23396
963
81293
19952
22868
68104
36075
38599
54786
27410
45881
24929
85861
33238
87123
69233
36023
74456
27071
28365
46592
67085
4951
44459
99288
59940
68696
63738
70575
35416
72686
76410
80264
35322
66909
41351
95119
5282
17458
58670
89939
11921
30139
44704
41726
2381
23330
63718
15440
43527
45519
38020
16033
47662
96743
79119
74072
39635
19684
6259
51160
62751
8077
4571
78826
59113
28450
55059
30301
43739
60316
3436
77773
41656
90355
86627
60780
70221
64136
92731
16107
33690
32314
86640
52649
27728
89507
13795
32499
22714
5907
93150
36862
60567
30187
27932
38378
82960
57291
49655
69638
62613
80322
92380
48167
5395
82428
91312
51716
55397
84960
1172
94568
51841
95608
76899
4966
34338
62883
52541
59441
34930
85016
81825
40988
64439
7408
7537
71491
95913
43721
16087
76372
66671
4602
82459
5266
24154
88688
69451
84771
44733
66406
44189
27098
40080
62850
4707
19364
71892
7956
54919
51664
20401
7491
74542
13711
16247
61451
98584
17740
29227
19047
63548
30784
25257
67054
66647
69971
4274
35577
67609
72699
4541
20467
26977
87941
32296
29158
562
12908
19862
42529
864
80755
77413
39204
85210
21461
23063
82472
96897
30804
37367
46084
54077
39409
31747
21881
65530
33576
4722
14493
45349
33243
59974
12658
83693
57834
95554
77871
47523
81353
6985
98475
23209
6807
5617
5508
81030
93343
93544
90781
63464
37176
2648
67122
17386
56938
2110
56964
24041
99445
56798
71210
98325
15222
61766
74896
89129
75529
3925
23369
16808
50416
48604
10694
6368
81373
95549
57065
89717
64822
92497
32664
36109
30206
51720
30072
79555
81841
90777
15024
63515
97264
44151
46206
25787
2341
91807
55048
95780
74518
81785
66174
72053
59569
32143
42257
66036
72490
72450
63779
22065
25781
65442
50543
91921
36447
2085
28221
51391
13453
45076
37856
35586
18692
24528
34121
75366
61744
70913
95807
85942
37851
99651
51644
72493
36986
1170
88909
34826
85690
88259
53586
39956
37481
81739
56516
19184
71331
46550
72787
36027
75915
73008
94138
88366
73869
15301
2531
10741
13105
81850
56048
46925
6181
12523
54940
59461
13244
37078
20095
7052
41643
62036
54722
71697
67712
80125
34267
50239
65912
80539
99927
54867
46518
70764
7659
84090
46033
78126
50174
37046
23813
27876
99917
54906
1278
87936
36337
37089
52231
98774
86207
63662
96756
92586
6740
2510
95061
67223
24680
24820
8761
29260
11853
57591
78097
94871
48966
73773
53729
5291
81223
64739
43128
23582
37061
54572
28862
27414
15693
45772
91446
94936
17764
678
17567
49423
54396
15574
90653
96156
62953
18730
77043
70046
70434
67834
71728
65348
20615
33909
69214
72541
1625
92265
98556
54864
6439
32955
81800
77448
32118
93947
94762
9874
92907
64107
22092
67529
16835
52931
15389
75228
42005
58762
97958
32512
14195
75145
19994
64608
40692
72400
78269
3379
21399
82557
61741
9875
75957
64149
4933
37390
98219
10608
81199
98699
21767
12544
42754
35123
51483
26621
64202
57470
48689
79614
76660
53542
65028
74192
58654
14877
78619
68783
12590
22905
1244
47605
79103
40078
97511
95461
93707
89384
11181
77355
54819
15691
21540
87073
27627
25778
94128
66754
20438
64705
62744
73654
78442
66705
14067
76613
25540
84858
48233
15783
45740
76920
18929
35991
29027
44657
63867
44666
35397
40183
37852
43458
82298
24833
12279
61769
82096
72516
58443
29886
54008
3340
66974
75747
89348
96527
68539
14207
4787
60887
73279
21886
82375
57063
3672
61228
15323
48164
1302
67351
68906
93526
88550
10154
73898
29590
52626
84975
36522
28819
87451
75725
60014
76016
37256
4667
57787
3494
30027
25742
41252
26389
86311
39406
3809
64466
45603
59299
5595
38832
1268
73561
89900
68025
19871
58134
34357
96317
38667
54267
90681
60918
11984
90162
83091
17651
63820
52001
49763
79521
48515
83412
60447
10226
61372
7394
17021
54621
36938
99016
61609
66435
44167
36647
53736
79172
65195
74650
93109
66913
77243
80253
65293
29214
4339
8739
98257
26327
63176
91214
37085
46941
77952
23023
19634
23600
21103
52625
34272
96357
21752
89564
78618
73103
51067
45164
5974
65328
78926
60299
87738
36359
7903
7649
37730
53937
39932
8949
79840
50476
16613
58789
88717
47069
22206
14881
20515
47439
16156
84941
2730
33492
39108
53939
48887
58940
7718
44708
62899
50935
51653
99825
68021
38702
64141
41814
39590
97069
11423
3401
94366
2544
25198
10459
55732
90524
15949
9798
9936
31437
99765
7048
25107
95035
72002
2979
99278
56784
73454
93320
32721
56956
67582
12346
89809
98266
27842
87925
23380
54609
85591
68775
73136
15821
87932
86483
51859
83277
34956
96804
45491
43212
91702
99748
38879
60657
42083
69131
94216
1557
15596
43016
55437
85436
48772
93689
20275
92635
87784
28202
87423
53182
4996
32037
83451
1058
68927
92170
51139
74705
78178
65219
38728
82027
90472
62943
18763
86553
21054
58418
25718
67890
7622
25592
5166
67396
90104
36767
88489
39890
34374
38784
52086
3334
66670
61065
52690
80063
58857
88682
77852
29486
95179
88510
19391
96682
33256
53762
20927
87062
33015
66768
3200
60623
42161
6391
42608
22889
94964
39323
61508
52826
83712
36528
94838
96005
57828
53958
15340
69796
83574
8529
14866
31459
96505
26088
69350
91786
42024
63900
30882
59363
79153
72941
51762
74597
86053
13556
9845
37366
40422
42483
50892
20081
9908
87496
53015
32452
97818
80581
11144
98694
26623
79174
9629
27188
4946
61146
83797
28297
92908
14052
96172
49360
52999
53260
81489
66611
52658
57581
90911
32412
44228
94946
79391
84281
55244
20624
4214
57402
39549
60381
93727
88016
85301
89235
24997
2557
52828
44839
22588
27625
67752
5751
37878
53822
16166
24210
15771
55505
67266
18097
70835
75989
54038
76539
94949
53441
11906
54386
28442
22815
93774
73310
59751
4238
21789
49353
62426
38503
72391
91181
5822
55337
31796
98776
63431
48327
57927
95499
94311
60167
5888
68748
5205
84479
76781
8988
99597
31978
46708
41295
42428
58109
40780
75096
65279
87052
57992
88387
20543
70821
74361
27392
41778
31050
74444
87352
73974
88713
54330
18427
30929
96085
87293
89660
97033
11617
24457
95268
73046
16546
10977
37760
43637
91507
55033
86256
81400
40579
73236
67631
58407
38507
52684
1287
97248
10283
30799
59919
21637
59280
57759
38631
23392
93444
15675
96610
37331
47623
69088
20664
32864
93835
28949
39675
14077
98476
81568
85168
97352
5890
16480
83065
19612
29946
94343
25996
99680
87916
54974
18991
90031
81050
3307
65110
56455
73379
47525
97238
48421
40894
20452
58668
39560
41620
13689
55855
87999
9484
21935
12393
91910
89321
74522
45518
85453
48404
20015
78934
34683
62445
67464
4664
36606
46969
71526
40109
51450
1211
82822
14047
88416
69113
1420
87395
98166
78382
88417
77189
37167
77507
72881
37199
36733
42624
71762
11304
37531
7431
29751
68554
92205
82190
29225
8566
78955
92244
12732
82399
2665
49882
37478
26892
37274
62144
59699
39113
26714
18791
87119
17991
42111
26114
89061
40314
84179
46336
38513
58499
84495
46683
99045
87824
41380
6256
65712
33118
78567
36651
60945
3963
82344
99156
6013
24598
4553
66599
16239
41076
15205
25697
23471
75723
83407
13134
56957
58892
29883
28376
38354
59377
35894
4122
5317
9236
95234
7346
98134
74769
37423
88651
3232
25418
32114
83946
60209
92181
67333
38727
29948
35930
66299
86411
41799
36629
21510
19022
3251
82651
82200
70320
83971
60176
65646
46078
92006
1517
7562
56628
61395
86705
58298
48162
46753
96907
76011
21314
84795
15209
79218
47271
97988
81795
59045
26118
16278
74632
67908
67965
1777
71035
66366
30521
1547
68112
21280
3822
38801
91772
88668
27095
30523
37880
23305
58450
36589
40890
76662
24227
63336
59667
23916
41127
22483
40750
70512
23968
4428
48785
35060
44226
23797
4129
34889
88473
30170
74840
71917
55834
14156
65465
42834
28506
15909
88735
89745
15047
12053
10414
37685
76772
71481
5093
64371
55087
29603
31381
24119
27275
95572
15820
8702
21882
33378
24747
4183
11450
31441
2644
77677
19138
82671
56298
95715
61180
89596
71880
28500
88583
68330
80290
10033
77517
63020
79745
84347
11200
950
56868
75267
94758
21228
35328
5226
95091
60120
33758
96933
10931
94714
16961
42095
41903
62572
29204
49127
31456
93984
84540
78853
18920
79579
26807
70374
50766
71895
1510
69779
38740
17129
12358
94892
10321
9943
21418
82300
60475
40743
57965
8651
10613
41654
44500
73572
59576
86150
39884
45891
6691
69882
66250
94981
76625
81856
20138
18802
62848
73662
70427
5897
63334
37665
7112
1404
61117
45162
10367
76205
26469
44109
46568
89570
85262
81792
53365
39388
5569
1715
13532
43456
70023
43405
62718
82368
19046
23613
99823
47266
45681
34483
20602
25085
10351
2344
54826
87879
35369
72600
17914
86492
53334
68375
70077
46215
46208
82028
54434
15031
95143
12541
61408
31579
70091
78310
55520
69758
78620
20398
2620
49249
251
49397
27021
77734
33952
20013
51825
38449
98656
93161
76978
49215
58368
53062
21772
60987
70707
53368
73914
94850
31828
52953
32577
49590
22863
78110
80459
11626
98809
51961
7910
85661
54326
24522
93585
87252
3974
93823
21079
90562
87409
55797
6919
14677
10345
48140
23526
64357
91757
29160
17644
60204
56642
17969
97664
98263
91508
25194
72938
58094
36840
87549
17552
58514
59688
46469
98932
32413
10184
848
56382
39804
45998
6302
34520
46194
69772
57566
45834
55160
13440
14423
78658
66616
66896
51584
16646
43692
70840
45404
40853
1698
12878
60820
65872
56994
77403
67547
18907
18198
56319
1037
16134
8495
7451
76273
58189
4633
23634
79934
58413
54497
1555
42926
1824
28492
69271
72594
94198
88299
49181
73971
17432
58901
22604
86253
77254
75236
98148
58779
35444
46840
84129
62040
57569
85000
24104
83676
41599
28465
70661
86656
81597
41543
20134
28608
85073
22814
85526
66676
63161
39174
47779
18901
69794
58757
87583
88445
55845
32718
2825
7877
17854
52601
38672
95063
94525
80745
97156
64512
67508
5616
34908
78164
36136
33620
80993
7632
3939
99078
28801
22098
17875
93844
2632
38034
25414
23104
28146
47177
22352
64417
91741
10137
20355
45052
26139
91425
28171
98107
4227
65907
23212
68168
92679
60370
53297
10788
93189
19748
2230
98282
63744
58607
34273
1043
37806
78885
71216
55141
8725
76036
14083
37171
88505
44113
38136
8888
62494
68301
71293
4645
94433
82187
84809
13749
61170
54664
57340
5217
12721
37263
95392
37701
61031
48755
42870
94741
33460
15872
2984
16573
31169
41715
33104
2549
93397
79578
48056
27453
13158
73491
77467
88375
1055
45857
741
3034
98342
27827
47892
33160
36341
19354
70987
78078
3155
95698
68816
2761
79418
6040
86067
73780
43601
15965
63978
75058
94169
16390
85348
73302
1782
8765
69372
2060
75629
23982
42462
55348
53774
17697
77715
90566
4761
95176
96874
56592
62083
22329
5201
75545
29472
38988
93380
17000
31177
62258
89786
82037
92894
64061
6928
39063
11834
52248
90873
19424
39004
59709
29965
7825
71638
32293
67967
61145
73206
75466
96761
2071
90731
88710
30208
56911
64039
12135
3159
30180
90413
49445
60070
50853
14258
94948
74046
68845
77026
21253
81464
54733
63403
40440
38606
28247
80986
62392
7900
79037
39955
45707
92417
22980
78443
50240
37677
73705
92686
94707
56388
15748
83777
38790
54712
35038
66943
9933
85768
34385
67191
79791
74682
28048
90298
59198
6870
26630
65415
74427
19762
23803
12600
80892
44832
93168
98323
31721
62797
42329
23573
56718
25726
75006
89218
60175
99902
10759
86733
93054
61355
31637
45384
32112
83117
45085
1593
70412
41645
54540
3432
94740
51243
16606
84125
31184
15111
14336
253
70975
5351
68240
74621
27053
94386
21938
16143
46421
18080
91777
6154
27052
17992
91903
44941
80403
74103
81345
63321
56564
72639
7925
16689
33774
42302
30224
99263
28530
76670
53863
52446
54144
91445
31407
67749
24550
90890
42007
25716
35150
92639
75513
34176
85532
65681
55031
48802
3836
17170
25121
40313
81984
48544
90374
20502
92414
19241
75596
65401
98778
13629
57429
62188
35004
76139
56759
68461
52976
25724
47111
14098
87540
66133
83418
86934
13151
79852
37767
61320
82147
79424
68580
1497
54879
80530
81548
64024
94388
19387
62759
95471
83194
70185
75720
46125
70421
71174
38029
31189
67016
89467
46114
98871
18432
43970
32358
49852
65447
69060
90224
20937
52714
8201
80390
38569
2240
80043
11086
74114
64965
67493
15153
50910
87631
27259
73247
15743
59902
80059
68716
20189
23807
44332
38982
67350
95337
82284
54778
74363
58433
68648
26087
24619
46895
99679
58123
8202
46614
74228
71258
79780
48003
84819
88962
22452
7033
93367
83049
12646
17277
69678
21862
78854
9733
93839
37781
80640
7065
44496
62213
98225
97853
38268
67686
82238
3213
18549
69110
21562
60327
42481
31141
53850
14244
65937
83443
82843
60795
87345
16951
90796
78434
87987
2270
71759
73139
47376
69940
48158
11944
84095
76322
73897
51840
83691
10982
65740
81457
48746
67243
69228
98283
79487
62240
93033
3438
27278
19608
13234
44830
4503
66106
21295
74070
72511
24291
49560
72401
4788
11149
6633
19754
94147
63380
87968
84744
98628
56225
33511
43116
50092
21824
95485
49367
55438
83989
14072
31659
71652
25291
9466
28390
9822
40863
92090
12831
8199
5638
18114
32934
9606
34996
25600
69875
80744
80371
4232
18801
25686
86800
32206
13328
95318
50785
96902
75580
51292
49937
61143
5782
59673
42840
85985
94484
3123
8790
16113
91736
98808
48045
82667
70146
2724
63517
8563
64914
69923
74082
10991
50697
91715
93794
83114
76497
32594
97480
10144
6295
41565
60178
17094
45705
90915
9715
69641
9247
88237
76486
44676
10619
52279
19283
39157
1087
83970
85863
66495
52599
17023
75881
95415
43068
82747
20236
5197
81243
46415
59731
6467
31293
41057
83121
8690
86497
26686
95864
41226
38483
23938
46959
97705
8030
93246
84925
78912
17812
80771
10258
92191
83608
46514
27385
26816
94096
65921
18178
95561
9622
44902
32300
12613
8508
6476
36210
46406
56750
18196
97275
63794
8838
1308
58294
7872
68086
45102
11904
41130
85052
53824
83793
50411
7514
12922
20542
54096
67259
71226
5323
61197
46844
23005
68827
34183
6296
14275
79689
92518
5719
58848
5413
31619
45420
59220
19092
92112
30324
25066
48497
68949
11295
53053
58488
81339
39372
58077
33675
63889
60462
13331
39059
28157
51027
93976
39319
63178
2408
8598
10988
690
33811
98358
10307
20836
45669
5610
65517
44877
41340
98579
43221
8032
18389
89550
73444
23920
54804
72107
85780
98613
43289
2771
72142
338
39175
64987
74341
19133
83344
94584
35804
82899
74271
383
93779
22037
34377
76917
21271
61457
72529
87519
92360
95979
26618
72908
65906
35640
88692
85268
27019
37787
21051
33372
19011
55703
90578
43305
24279
39329
74264
20931
27955
12500
14569
36565
80801
48198
60429
38118
18127
96868
71855
52526
95295
25751
8915
11846
12436
74929
51052
69616
38616
56245
76740
17053
95441
3128
64032
46149
43388
7972
8913
98919
9373
47397
316
28357
79196
91520
30007
61607
39951
18123
90390
17196
35114
5378
48766
77136
7907
15103
600
66242
12898
86127
28244
33638
99692
81821
18546
10665
89099
92408
10142
93238
4157
87530
56607
49572
29864
47690
6514
45838
43261
73325
51426
19089
91180
76238
57512
71564
30502
8724
19088
42655
85072
76721
62871
95953
14468
24223
99018
23798
93014
67484
50506
87676
31582
5488
57345
7285
42791
3540
65514
89344
7864
96047
64829
96524
87159
18010
41819
41209
39812
41146
79846
81801
72323
25435
3236
46483
71985
65713
22073
72540
61685
30257
59695
97164
29073
89658
75615
90241
98922
34198
88048
55543
14526
25133
56307
36880
77169
53639
52824
79230
12267
85612
8964
38143
36114
18414
78456
76661
76655
18203
69921
66361
72439
95397
93383
39876
91629
21808
92761
27755
48130
98608
25388
66397
60140
32883
89255
44549
88501
60436
45427
38155
61589
6342
90558
5245
5440
47064
10425
5571
72534
66609
33979
62568
39768
54074
4
95355
19969
68342
97738
49279
96785
68252
67045
3802
55720
57333
19337
19213
40259
96193
25118
86650
2130
97817
77360
83683
80997
61915
10737
13932
20770
31084
6304
96661
49239
88031
10626
40951
63063
31193
33077
19778
10462
16759
74257
94518
76543
48752
94799
1358
46499
68206
11355
27598
49308
90331
38714
96681
67132
51623
53564
23060
58866
89074
29300
82066
74818
34757
83217
47886
33141
7384
51218
9409
75856
43394
23571
60983
18253
54343
70105
44778
77359
88699
99106
97652
91558
9458
39109
18439
67580
85322
92123
16645
60482
22109
98962
15464
40353
65210
57989
840
22762
24067
12726
48282
55891
69062
29740
88128
70236
30626
29454
48132
45790
77001
91758
80170
85086
87802
73029
14804
44859
76334
37968
3338
48436
42461
80557
84734
92025
29232
15324
877
27916
24994
37815
85825
61952
53802
79175
21184
48613
33958
86958
79198
20556
92855
12395
180
40722
98117
20733
1587
79460
50594
21398
67428
75759
6428
92044
49420
53625
13958
55346
62665
21764
6558
11410
42711
5544
10366
28539
8341
32818
43865
53051
13221
90826
25253
21803
5415
46223
99622
64683
19073
29722
19574
60802
43675
86059
68760
55040
52595
5886
40125
7850
27262
99868
47958
47668
47888
59899
46091
89845
6609
85261
88177
9558
99190
24412
42612
34004
45056
3574
61109
63707
24879
51459
53411
7319
55293
52675
86900
52384
72676
68354
67299
3158
63879
6672
36710
86082
51086
24745
63071
81356
80495
7322
70797
50710
92891
71185
54851
52562
19517
56662
47137
44276
67619
60186
75928
80030
73442
54614
60749
59292
71339
94613
41098
42849
79986
29462
10678
45902
33743
97681
69588
14331
63033
12000
9626
89183
96884
63910
3250
306
16994
85190
14090
84673
53565
52471
86581
8549
16762
9214
16161
66793
63739
13342
17457
94245
47192
86105
65087
49699
51913
70528
82441
37908
81242
98383
55143
97279
65792
78685
68737
65781
29404
63415
86718
95690
80918
90898
51242
56779
36721
66453
23230
74590
89050
67123
18680
83258
31593
92869
24824
76107
8946
27135
65599
30655
87983
6944
5151
23749
22938
29763
58352
18614
51072
79500
30783
5054
69039
97172
9552
62123
15934
20090
48107
2225
34944
23964
3328
95261
66421
89539
39337
80022
84087
44422
91116
18757
76728
70005
50669
10442
46910
42470
76928
45884
22084
60850
40449
3000
66264
99222
79437
2696
19059
81004
36640
37278
96020
31305
47096
30677
53538
23049
76710
41
33206
84112
75922
54289
45599
55011
72274
17017
66322
694
45488
88779
76808
53305
93010
26319
64779
49730
11955
49851
99101
75774
28510
52941
44085
86447
56032
27465
26676
211
5680
78327
3842
8731
22649
25012
11351
40297
99480
41538
12379
29962
29344
68284
74999
56068
34056
21466
67003
66816
76994
34973
96410
42364
33728
51995
18406
11953
48472
63148
41579
22626
14086
49356
98066
3351
94839
27413
91334
1168
21950
95037
86680
85398
37489
85314
62554
8763
34790
10330
37139
21362
80464
42717
41090
68914
32234
60292
93545
67235
11313
82091
7324
91833
54300
87014
66662
31463
57390
8914
99048
37755
55020
15975
71139
92280
71969
34369
64125
94324
3648
82799
74307
50644
85615
28329
11012
75675
53700
20625
85134
76014
16826
32230
3979
93714
86203
76504
72512
50929
94221
26684
20005
5848
52718
84721
87520
95894
34674
2148
9470
99135
32727
44982
46994
5036
6006
66414
43852
25283
66691
65911
19747
73891
19875
92102
33792
9117
99030
28565
11894
30087
58716
33226
36849
31221
77745
2425
89852
50235
6276
19274
97606
13078
96582
13799
20676
91737
87501
856
66971
9775
22574
3861
44745
85905
47052
66232
41612
12327
48208
70424
7145
84952
99960
34537
69690
79488
93840
82672
17369
46699
30581
53169
27382
81549
64213
5614
99590
2746
9133
78773
47878
15618
16509
87344
76609
63416
73846
81433
78134
91822
50567
33466
24500
28374
37227
13691
35173
7883
94171
65239
72216
24314
74311
6454
58798
22670
46172
11102
10702
8585
19613
32098
70047
20489
68
49386
25001
91812
47520
25860
39056
87489
80791
87584
42391
29494
23771
55713
79754
47832
78367
5460
39706
25262
59385
97495
99967
52242
9259
25518
37798
64412
77941
3357
3975
43868
43392
12247
42074
68274
1242
59787
63485
1243
41218
38435
5187
86978
19219
28097
87204
13271
55082
15018
27030
18533
99084
71908
60045
6165
86663
19477
58601
14440
75765
56803
86664
57423
13947
64935
82374
24722
23700
44626
13626
84411
40618
71562
73183
36181
60203
28613
76940
80661
59354
39618
19495
46790
4221
17607
38274
88454
72735
14747
73693
54052
84718
43863
25614
32740
73487
46946
93509
58237
55167
50886
1181
36394
89978
33056
21955
34597
19604
48440
94398
68295
41279
64771
80050
43983
33264
28581
52427
3761
94567
5860
31809
30509
23654
54129
23424
91097
19152
28598
95171
98113
78730
44124
5924
1932
67611
5555
17735
52175
43325
10906
52668
50324
34735
73200
9684
23881
48707
80729
19544
86479
44060
47853
1002
95872
44911
84156
27831
21017
47340
90359
25892
5223
53861
82759
25391
70009
21231
31365
92596
25701
35022
83324
61925
53399
24588
23539
1931
8194
21686
96674
89034
39374
5461
20022
9296
19804
73553
239
41162
64155
90557
64646
78344
65121
8448
59293
94629
79666
72296
74947
5260
27013
96528
31105
5002
20692
34505
92138
85265
46870
64010
657
87260
77046
40122
4123
74943
91243
97298
39761
8011
23025
75794
42821
38350
97754
56092
48024
83503
5211
80313
1876
19351
8441
24809
53110
1907
74370
32534
60395
85755
63031
28126
89955
75296
12162
79139
82558
9640
14514
4164
3283
42292
2858
84704
85728
57444
98655
36008
51423
81197
41691
31451
4012
2391
51812
1627
33988
48108
33846
49963
35219
44764
18941
86674
55333
80414
28663
13516
51433
61800
8299
6214
50315
32167
12846
18849
86685
9110
54355
1012
42766
75738
70028
33564
27356
48614
35751
55765
42510
43277
4584
86469
10975
94214
18003
12806
16473
52043
7932
94170
57907
23226
48337
97665
22327
67893
51427
49083
45720
62791
1339
66784
29854
46533
29132
81530
77302
77706
27344
432
34432
58563
34441
91043
64338
75199
46088
22426
77195
11076
26520
96640
99511
55265
81989
7091
68328
24787
78102
55581
50086
36600
44569
68269
37119
65074
1304
23148
84932
72912
70339
54466
28283
52183
77650
60285
10124
62402
19941
44335
70695
90577
42509
10622
55185
73518
50638
95118
38443
17811
11717
25015
9982
42733
67371
55321
15696
52125
40887
26279
30005
83882
93029
37029
70526
8968
96233
49376
44237
42141
60964
42852
82388
13854
30482
40613
31321
42558
76936
73065
20346
29725
84256
80498
11991
22535
57998
1143
80613
70448
78601
82953
45493
311
80708
17608
80207
36298
34750
40938
27909
55443
35232
88793
72223
84148
14119
40588
70543
44521
25124
83764
96979
36724
34817
42545
10955
50648
93118
84724
95383
1258
28124
40500
13372
97777
2040
86132
73565
62873
77096
12757
78458
72163
92099
91695
29320
59792
16232
10079
96986
64838
54854
71896
21512
35507
86482
67212
93785
77240
55472
76194
27049
30168
16530
53303
81084
32933
71736
95912
59161
29660
94955
86180
50064
23479
30600
1604
30178
12038
95694
20118
8858
64435
87118
84035
60884
20988
32368
70147
839
88867
51747
31327
37866
93152
33420
8115
94709
25298
23388
29363
74920
67485
86417
25104
82405
95375
11665
76666
25214
46644
56378
83562
9737
23768
18411
19615
44136
938
60569
31115
93836
17449
55097
28830
4407
70119
12056
18258
27420
80283
47664
28568
49152
95783
84575
85588
49059
46646
62202
66929
33678
55449
69812
22737
62761
98492
13786
96852
11512
70961
41119
97843
50597
41254
17700
21692
31390
28298
49712
27178
87268
74255
57786
56900
92261
6573
58441
81904
29103
20291
60249
65735
39285
30848
92061
51117
8809
48830
45461
73248
17019
73673
52835
97892
36188
73981
79508
56634
87704
10715
9195
31822
96880
84931
48240
80785
42109
39341
91057
94188
36501
15818
31200
83614
53983
29617
15020
3486
26230
89190
87684
33669
87971
40237
31109
92419
20521
95036
68789
60697
2353
21988
70807
52247
47093
87607
31817
66014
9165
95057
58111
64240
46555
38283
57542
2837
24311
79556
82970
26742
229
7542
37327
85258
96748
32072
76122
35555
33400
98813
22288
44360
41955
33727
41411
64075
24854
37450
59448
89555
33980
24574
34968
74253
6319
4699
87211
44364
17317
69814
27045
87643
30320
70039
9597
16503
60682
35405
86714
23844
79252
10085
58527
248
91876
15959
19537
45092
72477
67945
8158
22256
24853
16514
43343
84418
5781
76717
19854
26980
21816
50608
34607
91496
66456
38514
11041
58885
29764
25323
87718
93977
40476
75235
72821
64359
62261
71945
11136
35989
58327
2550
18165
9526
17246
16396
19549
92275
51895
55491
63490
24827
87978
27220
82435
7933
74111
72295
33963
60379
61382
84957
95793
23875
21100
87505
7070
67383
68265
60351
67413
16643
11023
56625
20074
41164
85695
3467
77024
87024
23779
52849
76798
95411
91644
2548
56099
96115
69038
14746
29409
17985
7454
8424
59034
69136
68765
18354
96489
72663
57313
49856
63712
18796
39393
44101
96789
29674
9562
23418
20476
4694
86818
38578
42010
44780
81361
14847
95338
25864
48280
56648
94509
99828
62482
39330
388
85326
91824
22215
34722
7032
93265
15665
6616
17018
42079
90168
89632
93960
16893
70884
55227
75636
58439
53764
77753
29188
68213
54810
45999
32598
79939
80998
21423
51390
11795
39070
34948
88824
73632
52989
43942
49416
59044
4628
95443
69220
40571
59566
11933
75455
29650
85024
35395
23990
72595
82584
44366
6269
4554
75549
57652
38177
97949
35736
30047
7660
80337
43118
29709
86730
58642
65609
93199
77849
24846
61541
29577
12919
9635
31253
9866
93870
12542
64519
18725
25973
21580
73513
15110
85974
45370
18486
36142
99549
2489
51046
51741
9011
11945
58046
99704
30097
43662
23534
32069
22698
42103
96494
71868
99627
24658
51967
49697
80853
89827
46671
31416
19971
52717
79456
97419
78639
73852
60306
15495
55414
54571
38021
40861
71835
43477
37853
32675
1616
70159
90504
34283
1148
19725
1636
44472
28524
59493
17742
40261
96829
59352
44304
40003
38846
71070
79014
45542
31144
73061
512
81432
11637
42742
62738
5828
87562
26865
52026
6646
70643
64305
2686
72140
3117
76089
54290
78204
43956
68418
3749
3685
79588
50822
37713
24818
82378
12877
62928
24405
62690
276
2146
23852
29256
71378
63723
89414
27154
8420
61399
37764
5650
52116
48176
6727
77791
50674
26562
53948
39603
26806
60250
72739
47940
99272
81148
21075
59945
94947
41871
89040
57084
26880
34876
71254
99262
76700
73481
53555
16538
93991
23781
66622
84266
52448
10647
93803
12081
47145
37729
25578
68911
75704
6702
12377
37508
98453
28372
3289
29765
4859
75975
6282
7702
77934
17159
71627
30207
55384
69058
68759
3682
86354
71252
69364
58274
75554
75791
55903
68932
30182
62356
72241
8938
54802
52296
80925
5557
66492
47122
23475
70333
76171
16104
1859
55633
91309
90924
51360
39667
60694
77348
45545
63955
98967
80676
66476
80682
36195
87734
87840
93670
97363
99132
35896
17635
12937
97756
37172
26061
2371
62278
28087
5613
33786
92941
32147
12460
84584
79471
17398
53640
28377
3350
49905
19004
7389
2872
27584
61702
26567
29651
49017
60345
54566
27288
12189
97295
12828
84726
68804
83278
22229
7002
75494
50341
31632
31695
34234
3495
77678
21792
55986
18508
28002
207
19469
69837
34927
26341
34252
72307
10687
78507
74048
81980
37869
56843
1717
50604
66241
71636
49163
27087
95921
73597
51177
33182
99114
2124
2045
64130
71782
41774
37881
74413
22446
88131
25682
44390
57819
63545
61371
94123
96856
59633
39045
7439
77371
4383
28626
93636
65295
39139
61387
23529
44343
48903
75007
55807
21006
64962
42939
85757
93945
73106
362
52630
76731
86382
46259
70944
67851
25580
53999
49805
57035
2793
74215
30403
63246
37819
1004
75990
72035
51358
40825
80123
50692
51688
23973
60348
6111
63132
67970
99963
15441
49966
68604
43167
40510
41527
65750
82025
76960
70208
35817
26978
61492
11629
91437
5895
74160
94803
46284
90839
36139
18913
96672
47060
15343
9510
94930
42958
99655
45432
28837
91605
58013
13264
59742
6533
45346
29485
51087
94547
64243
88709
78435
61683
17165
64405
73373
2827
79827
89412
26023
1945
94220
20387
95980
50855
55077
65743
80002
98690
60095
22451
21443
76561
22150
4863
11967
56991
46220
76264
48728
46
72066
85645
29623
69733
35608
87884
16393
77903
99759
78789
44993
34659
40382
15957
19404
11233
92972
92197
7494
90833
58428
2512
75932
43438
83265
18381
90679
54117
94098
23440
15388
49392
29177
17543
66046
93163
12951
76617
44869
73636
6584
9482
32719
58517
35514
63697
51934
28628
45464
8501
52130
31759
503
73453
14177
23370
89851
92399
79813
47487
36560
78064
89275
58939
24925
39315
64340
32474
42938
56778
68412
28505
19915
71981
19483
903
30322
41049
27156
74295
32496
50417
48019
11298
46460
50364
66931
85831
2848
67258
50864
91721
58724
86897
50049
19830
68351
9389
21453
33124
76419
2774
4836
44110
83742
90366
2395
44462
46135
9974
38930
26594
13378
36704
5414
31529
81669
58242
64099
76869
9738
61742
8679
5688
94478
19809
37073
39233
9782
83732
18231
17847
68037
69455
40839
43347
18978
59912
21682
82433
4532
81518
18720
13821
20954
24845
66748
88200
65995
88586
65150
31074
6465
34895
70649
7051
13397
20418
30331
17405
748
35687
82183
45350
63272
54229
23012
43369
60960
31222
57983
13016
2919
5721
46807
82929
6765
52898
8574
3707
34653
3820
95986
79776
24850
33224
53103
30462
93529
79256
72201
50185
83660
48324
96194
10437
65179
46587
55999
22191
13542
53470
80943
81943
60962
9339
62606
19109
27303
77469
77316
36954
41136
56690
96246
42878
19716
29622
39577
71058
57113
66603
18267
94037
32813
40669
734
70689
84839
20650
94768
65445
62007
26209
37155
95627
45864
24346
48751
82289
97556
78669
71066
42986
68672
69471
36115
9308
27464
72485
47127
7430
32844
97193
7025
10009
54104
69083
94622
90441
83628
21321
37143
34779
63313
92089
82154
25423
47645
11314
21311
24581
13494
37399
7226
81778
34595
91292
64285
70682
59849
7427
69867
86702
9811
22780
60499
90286
39465
80735
80431
33281
81928
96834
8422
82738
74
30408
48445
28127
87924
37396
81876
50618
55358
69633
20347
806
96848
37361
88567
34393
5964
73697
44581
28678
6971
96919
69376
58842
7715
25145
80761
74045
86099
82431
62342
85177
75560
526
96759
35291
77079
18368
59212
49111
19302
81211
68336
17299
79297
73112
41360
72312
79585
62814
70451
43002
28960
2049
69581
27335
61297
92396
1781
85370
76005
31892
96183
90032
13130
52685
39699
9404
78870
52343
47863
51692
70776
17016
60530
79619
51060
7440
82533
76151
8684
39604
56337
10623
75807
88916
85583
85373
70640
91166
3571
57919
19895
91230
77801
88263
12706
49967
4692
47941
74317
54544
83887
18642
49836
31202
83235
99417
95047
4411
37307
30423
92320
55739
35675
20796
51147
17729
81967
3426
45343
85395
93832
83864
14690
17022
30247
58415
48340
92795
48857
95778
50823
83287
41370
49863
73584
5615
43784
5357
14647
72412
6861
91191
94334
19694
64818
5089
179
55218
62534
54920
12102
70854
81335
8105
5101
6772
22276
49351
27850
6721
83044
57715
65899
3706
80810
54741
24332
87795
38402
63123
32342
95768
82076
59703
91261
6450
46379
44003
21207
63617
62570
26702
40334
56532
38615
53935
49648
70037
16426
25807
74831
57804
6684
477
2958
973
994
93347
5383
88502
24821
91544
65081
22922
66879
21495
86334
69931
83186
66821
28178
97803
13641
81660
65393
73318
54373
46244
13621
38009
44656
10503
98006
31142
68039
64043
10146
63469
36241
28370
77436
65664
9503
39026
681
13619
61149
56983
27412
41701
10885
50155
24928
17329
71020
22651
43030
38664
90078
60107
74002
4880
97210
22512
83263
3451
67404
41613
19484
6107
26440
85824
36961
3522
71410
77529
63242
50978
51888
696
99613
90033
98195
79161
35417
12139
8864
51338
61574
18094
97281
91433
1334
3162
2947
16441
6204
50701
53994
11267
12213
73966
96793
70943
35145
53432
56713
94627
67727
94664
40872
61561
397
88672
63816
69999
25740
25073
93301
9121
81723
39236
3729
7247
65513
42737
52390
49874
34372
60548
33804
21290
90580
50964
61924
38662
86319
58523
68912
13454
72484
22131
17950
6170
60251
56180
42531
2674
64908
1196
52019
60704
61662
92953
73822
88870
56790
61981
47028
56763
81988
36530
13595
21029
85527
99163
69318
43094
43281
48390
76373
63417
34332
36101
92158
89820
6310
53331
66875
67117
38643
48509
66108
49536
80396
35104
35912
11661
43378
18859
4963
52005
56873
74024
7353
96984
94278
97266
8413
73358
35763
75875
94412
57360
6177
11805
29735
10365
82245
94404
7620
32393
41393
12588
73555
85343
35103
48183
7170
77685
33818
84597
34942
24302
24948
15254
94959
24155
37895
76109
86241
63101
26007
95534
72684
43323
21945
87140
15683
3391
97411
24760
77153
85792
13703
22015
30883
43391
52741
72634
9448
3684
56853
88875
83438
14745
77686
59879
64774
24923
94150
43925
96347
24038
48922
3506
99901
73647
48326
53798
15701
10370
96799
68160
30372
9976
59189
89111
95903
79336
71214
16282
80285
87844
92583
55120
13356
65011
89178
34899
53781
98483
88987
55294
72138
358
15374
80717
51430
85983
52713
9589
34809
6948
36791
49437
77701
29244
34080
95821
27914
99494
79291
57312
22605
78016
61380
62813
10416
96877
84409
79830
38384
20087
96405
73212
32683
42511
11477
34796
43904
39203
51342
41068
19940
69895
11632
86016
87988
23176
3475
33059
25021
2977
56870
82010
41268
49044
56383
65114
19070
10104
90979
44102
6129
26463
93
22049
19127
51152
99817
68406
14888
94052
125
2065
99110
73674
23918
77054
48739
23481
18721
66411
9598
64722
26512
35865
82972
26101
90943
97682
31329
82099
55296
42151
95079
55800
59762
46763
25165
28369
67308
72052
2410
43252
6801
26641
99500
87277
33446
64769
68658
46045
85365
15642
83737
67843
12040
41591
98727
73850
7805
46945
88745
75535
15902
25569
24075
41661
82460
37126
48607
58130
76466
74121
64483
6509
68023
7675
56504
81137
58322
3803
55004
48502
11338
84805
65868
47669
22810
75790
64989
50527
15496
42291
19524
16746
75713
99747
52182
41618
64990
23409
61569
38996
45106
81252
66179
51675
60255
9771
94360
22676
95987
72373
72276
14316
48510
30712
48079
13655
91378
35861
81184
22612
64881
86348
27600
35222
79469
38487
40201
18359
49123
33008
77298
37254
64472
9652
89062
65280
98931
15747
26192
74968
84573
44706
64748
85321
38549
66166
15942
3337
82493
14051
10024
68374
63609
82648
6602
35202
6404
38706
93145
91153
2752
99328
39964
1376
32265
38333
96709
35386
49691
90848
98341
47101
80487
45240
14232
28947
85549
71701
46253
69643
94087
63729
27421
84656
69899
73101
85480
58863
42987
79044
48046
94679
69528
50508
60199
80762
2798
47239
9134
84120
16637
88839
97446
79553
59096
6115
17665
51393
85049
15377
77323
26814
19956
24478
44689
30582
18985
71200
45849
68763
50428
21299
70248
66761
40986
27354
57941
64221
39092
739
67514
21270
53519
52250
19475
11814
79975
3944
32597
96583
3674
45213
32350
42376
15970
87059
35961
55640
78416
2483
71187
93240
55611
76703
45580
5147
28079
59976
98064
79760
50943
12507
16504
7076
62198
16037
69945
85035
17169
56254
146
41450
11128
634
95192
64267
1314
57183
85438
70615
7158
48512
14031
53717
67690
51026
49830
85826
97008
68972
10579
53075
47303
97778
96497
60751
69592
26539
95568
24112
25372
52177
52913
74336
49988
26200
360
47591
53872
85184
22358
75081
27564
42492
82691
97283
71303
93932
58303
37805
9992
36781
48774
72567
86195
9329
47113
99834
67935
89225
38234
28181
23835
20637
13925
17831
12184
92507
29653
53210
41155
8387
69704
76904
64593
2086
69429
94848
3719
17554
21610
6376
52817
75238
84028
33250
66724
8694
83402
74933
91880
32879
73051
72315
80345
3871
68395
44935
56352
90812
66460
15510
33989
1370
68114
14048
69469
37160
76462
80062
1399
88316
33876
63351
70389
31134
26540
48526
37358
30181
77242
81309
62113
22569
50858
1089
23618
71466
455
24758
25483
620
22860
5162
97650
26931
73916
63475
74562
22233
47296
64444
5619
8211
63870
39727
70170
30913
51042
7362
20806
57603
14528
11588
42094
25276
84223
95367
90755
60358
98745
61378
85665
9731
19064
8110
97006
66895
62798
20251
1286
7897
28511
27995
31627
92157
90230
76303
35554
58093
75435
4671
37022
10954
34640
4468
51020
36476
96428
55406
2457
12881
29382
50834
84807
63055
38991
86539
84425
82957
71809
65839
86607
95806
24973
71865
97888
62808
35850
37107
55396
52749
40057
19379
57545
14472
72781
28572
66719
21056
94382
55221
85336
27054
1716
79006
20311
21275
67675
3632
61732
38685
3846
212
61743
12060
35843
79000
13487
43756
75218
32103
82839
21019
29630
40968
39748
68957
45826
9909
97200
11411
40586
80156
59719
61328
99256
48531
66151
94726
11175
75485
37101
76626
11239
55568
36303
56453
45825
93655
7789
48921
36631
64724
44282
30694
68896
32061
52087
50909
97837
73110
43280
29776
24671
8515
27448
33461
92222
48572
96159
95121
87843
23322
56243
28368
69
16177
13934
96069
50730
43654
12668
57765
20305
6097
38566
40358
32374
30755
97598
36944
9337
72618
92833
23506
95442
33738
28016
88185
19401
10685
809
17671
22822
50888
19445
40629
71442
86270
24123
61151
20681
94918
2292
51465
29285
3098
9722
69647
66535
48209
72436
17485
14836
57232
63434
77750
14636
61010
