100000
21832
87886
45804
90394
27098
18319
62620
75811
68712
3201
96078
88129
78860
23449
66488
33273
42137
92561
58484
60404
32769
12487
78705
43911
18110
66154
74020
4937
31092
57254
90432
50842
31184
95855
48507
35980
92668
47160
24472
58561
89020
15750
71739
10438
69953
19062
3736
82367
49199
29627
33323
43559
15420
17373
95347
64513
71420
69614
75185
916
49941
96457
68788
61317
48759
77096
95083
24345
63149
2572
60825
21055
17682
49041
24498
66230
57747
48959
93612
40628
13117
98347
9083
15004
71669
55063
5374
80035
50945
30833
72640
78890
57325
93276
91511
45107
7688
88120
58415
80527
61035
27236
90946
44048
97618
41182
72029
91545
86232
86032
61696
57788
82918
75406
10981
69944
1645
54929
97848
60598
57869
87003
35913
96761
70468
60591
94515
13374
64662
61309
31089
18372
23289
88867
67175
42705
92015
22141
22097
88916
53187
86674
97766
99085
1519
49882
89643
1389
74165
7725
77576
24796
19843
85424
81408
4518
65524
34078
15635
2615
62121
67719
18646
82908
43931
52588
49615
24538
46516
44992
50669
3847
80897
65122
89165
49364
16285
37846
43981
62375
24385
53843
7293
28056
54686
18628
99037
65419
59120
83306
1448
12211
66922
66817
68929
76143
95631
81445
90662
37619
18948
15628
45173
80258
87455
36952
76069
74798
58409
47849
35708
9773
49574
33758
34759
44000
25745
64219
20897
22682
6955
4456
61097
58943
53173
89091
72
30874
688
99140
38068
10552
5434
69276
24392
87758
7925
9713
57529
28459
62649
49110
13894
71666
46903
80043
24471
65154
26264
6452
78447
94892
97320
6537
10374
57509
97833
91119
80179
22671
9612
64648
18300
93870
75768
81148
4004
33828
7524
31620
61288
60692
53502
87804
24837
35801
55868
87600
85583
66772
47259
61365
83332
6375
76491
33502
45630
67042
77776
95851
27115
42992
10095
21950
67925
31122
8658
13031
19156
5927
79403
43906
5847
82500
65173
88806
24348
88644
64290
88627
43558
99132
62920
94744
11978
86125
10833
15289
88386
59501
13216
2672
77945
60968
42492
11892
58397
56940
61863
43615
20609
85391
29816
74645
6699
4992
86818
78578
33613
44764
69152
25834
24973
79909
735
12650
79371
79344
60217
67338
68861
64896
1433
93270
28730
45959
7954
98959
75417
14578
69296
90093
71761
12706
45773
25033
53526
65773
29298
16012
26826
75674
18784
70241
72081
97712
23131
91846
74565
53762
94442
62006
24823
98619
87017
45124
11720
36004
91656
10327
74496
5511
45061
20029
86500
61760
47261
94505
17549
80743
16813
67411
96159
37435
66648
58498
50869
94600
15447
86
2905
23929
96916
87491
67469
72186
86567
48389
27543
89908
79479
38966
81209
84829
24953
71039
8076
75836
48617
41439
43154
92006
89882
18976
59171
27697
10710
60563
27854
17390
9175
56583
48923
16466
50331
76173
1933
84884
81814
80471
62047
39593
97807
11186
95257
25233
24832
96985
36618
99501
35441
29041
67997
15621
59269
58966
47745
96659
70976
84351
31632
24139
34781
68962
62116
90587
36
91899
26927
85833
19051
93465
57154
69413
33728
51962
32468
90900
24970
15246
27431
55952
20002
73277
24493
99341
25978
99535
40221
24641
24709
3458
52413
69415
26464
98474
59880
34124
14482
96866
91375
26134
38587
74792
94258
67491
83503
53089
78520
58227
44582
97933
40696
75126
66986
85269
63291
5784
28228
41527
26943
40577
68312
39870
77054
25443
7937
1074
88219
75832
88776
42769
71617
16636
35943
30871
2997
47282
13520
34379
42953
14885
34929
41139
70112
64921
96125
85977
88646
20297
53825
12832
20514
55265
81221
32847
94852
24897
74268
58918
29652
51705
7449
81630
54315
74789
78105
37944
12395
51154
56596
54337
60493
95667
62554
57649
90693
41565
98584
5788
76320
85527
65291
86094
62065
91192
59913
25109
91724
53268
37288
91002
97718
89300
83198
36340
89918
43890
58493
44183
51728
85075
60339
67694
94305
32497
69141
91224
59006
13298
59545
24218
99233
39076
4100
49349
40452
74842
26882
68956
52105
83661
53206
50802
68392
17914
88862
74708
90412
57173
16737
61627
61879
48231
33280
29895
15401
75968
46982
38120
11933
95970
63731
77998
7092
44976
61840
49071
5988
8722
80308
20486
69826
31698
92190
19727
32037
24476
90161
44661
42612
26490
4594
51228
92063
5358
32836
34065
47238
86677
61894
73656
55763
99800
82230
90638
45276
804
60527
2605
22659
65889
71530
32479
10825
62485
29979
50677
27256
4288
35052
29619
19981
38388
36567
35430
89698
81398
46285
45542
95486
73011
20998
80850
85638
97217
87901
79073
35997
79328
40867
32297
7509
42537
79840
67275
75114
11999
71244
45451
14932
22910
70442
57421
40359
68233
6254
55683
53606
4669
67956
77812
72712
70527
47244
11249
24494
83796
82453
2924
43849
14018
4202
15863
37745
21841
43025
29367
34148
87105
53820
86268
88980
61572
95056
41371
34327
73939
91733
5380
19658
5912
11157
50678
87518
53617
55643
80995
20242
74937
26708
72702
48071
55872
96172
68753
96271
68126
89423
81822
35111
10979
49484
32091
18252
71630
33998
24780
61227
58039
38087
33827
90959
1384
94326
96500
62441
84142
76787
14972
55826
34983
76797
95828
10170
52326
23782
55368
21772
69101
30534
58447
24148
42557
66561
42070
92278
89524
68573
61405
85207
49123
28941
3634
54457
97784
58180
65898
13163
2589
4678
71527
41031
10596
23641
75495
45567
36102
17560
12507
93548
15022
23226
76326
43847
61281
51586
54281
20619
45015
59233
71575
4552
18671
42473
48892
85869
38956
18334
29372
50855
17819
86377
60846
34622
89646
76025
64509
56731
6493
84430
76030
10178
32558
49689
40255
47997
62096
43940
31004
71133
14827
13483
17165
77173
87766
85559
52216
46015
26958
15124
86057
65200
87045
58645
40526
85657
38998
43067
38105
57794
42875
8399
52454
46732
89382
95563
8738
41068
85090
75671
28877
58575
73592
58497
95884
43552
30066
76619
69588
36635
98599
36242
95688
15595
71694
90217
42785
60457
79135
5854
76655
50463
45165
55839
62755
53812
1391
59259
56022
73083
99496
6865
39522
46715
6819
92681
90247
31690
52309
24161
7322
53258
76099
26710
14590
20714
2214
88448
83789
65141
18042
88337
55428
51952
60638
66813
41086
83521
41221
75376
68508
34000
68499
99150
27211
72153
78044
41459
25752
22311
80181
11093
24678
91690
14410
61614
37239
60922
51861
5710
8266
83912
74466
80073
25314
12997
77237
2520
43829
47928
84978
47893
80350
32006
43465
91678
30322
51084
11520
27757
47662
35423
93597
73302
87260
7589
32203
97451
47227
55320
23941
36296
15170
24515
96277
320
10754
97211
74608
60506
37221
30508
77689
30989
34155
5409
34514
97645
40790
89754
72680
51771
88991
12657
41496
90545
64771
62798
68234
20024
24487
18277
3960
31356
4030
94714
30969
66935
12995
84647
7902
81682
19208
57387
28863
74434
83319
86552
79521
1401
69580
6568
40
10894
45593
18869
13493
8636
59184
87404
66578
88973
40675
95549
54611
93377
93814
87452
22895
9639
89967
29179
53208
17117
74936
33250
85485
81220
76941
21771
79421
29479
8883
60015
93903
20119
29653
51576
97323
61320
96371
72280
87937
76371
4537
72959
53146
34382
58170
96919
79260
45986
42588
25827
71851
7138
81181
89464
91843
55661
44364
76361
97873
83851
28782
13860
33649
42498
16271
9346
81201
14401
14376
8444
2992
91625
87029
3738
13942
22481
21153
4596
40450
84982
38097
21973
61468
29065
11216
11843
43624
73294
92959
97123
12112
7592
45132
89619
95251
64328
45638
48603
92777
91169
34306
12841
18299
82947
91943
37646
90126
40076
63724
94500
31708
89447
45053
45245
41823
31301
20663
49691
66868
43456
1092
10186
1654
50572
19426
82019
72786
67052
78095
1616
47344
76906
97044
63591
98294
21541
36980
51475
57998
5602
81629
64767
80
53984
96158
78392
77913
88632
68402
62387
48529
4164
77292
54992
95497
25971
81374
77878
53161
16318
52298
94762
82778
33923
63923
46760
32196
84859
68203
61756
697
67676
5251
83221
64937
38279
81490
20977
28396
81654
23905
92473
90153
56481
68617
46569
27132
4180
27064
22101
71950
77142
77694
90862
34100
93015
13672
69448
46243
58607
35089
98685
85636
33246
39168
41730
45627
55049
21613
90986
27175
92907
82685
70237
20689
9918
24152
81750
11166
67691
70279
5383
53605
8966
7928
80487
93267
60373
39768
99193
49864
93611
29991
67078
83080
10837
73448
48099
27803
85445
32323
12985
91748
11560
10950
11072
82772
44975
97735
89872
72103
61017
13732
59656
96608
92388
83620
68685
10309
18295
30117
86228
2020
45590
2029
91975
6168
3608
45024
38698
25082
60333
31765
75530
25620
61408
96847
11968
79430
92560
92264
3371
42684
16326
36284
40158
32654
53956
69392
69357
76375
23164
42058
38940
43480
87169
42365
35276
51683
96598
64181
49171
74207
78
12177
51
36774
72409
38778
66103
56024
4364
43463
18376
36493
51081
85119
76335
79218
83513
2868
70561
4629
4155
48284
70220
59942
39987
93797
93263
74894
23071
48361
88036
17831
66367
55460
56366
8334
1545
9334
23089
88947
32205
2902
29497
52088
44322
34112
35693
96095
56829
80806
29207
36767
59078
47671
1868
12927
94314
75467
19635
84642
48933
50060
45375
55665
97798
78897
29909
45205
45153
45431
55045
62675
96909
83203
36238
32775
52007
54884
66589
20005
58492
54978
73005
15964
20444
62615
52714
29171
21126
49321
61616
31419
58063
77254
23479
19786
62133
39126
99344
26355
61272
21029
60703
84047
93663
62731
55048
90741
39283
44756
56982
37868
94726
53467
64531
46168
16479
69227
52252
71148
54773
82613
15453
9789
26982
27624
65742
51957
13015
14530
17768
38719
26141
53410
35074
69607
32845
82565
98143
13711
60383
9617
13940
49126
37182
14565
2242
11136
73867
92913
47513
65982
52236
954
53501
99293
21886
51761
44085
50373
52992
44094
8667
26978
15539
95110
47773
78950
36121
80330
23517
97358
21391
81065
46904
72162
29110
47502
85547
33940
49077
92356
64528
52116
99664
71300
38300
84816
93395
91355
58622
57961
3903
7724
60435
86763
43018
26252
76673
64816
37401
6355
97199
46767
33910
9533
59358
96184
319
15446
84727
19654
37148
8177
2411
8333
20691
1318
71364
62125
34645
53175
5480
14969
35294
84256
24790
91747
55413
5815
19848
9063
23423
58504
69743
19447
30001
63370
11626
23110
79252
98033
82018
55456
6834
20344
44517
2966
57778
54923
77367
1216
56023
87280
43893
7802
28919
93068
70275
33848
50064
35941
729
43014
83151
63053
4729
86745
42395
63880
90341
13631
41885
15288
55821
36586
29820
32412
31331
18445
91136
31264
779
81414
91066
73523
51422
48074
57425
79418
16536
27200
67962
52666
32320
11822
78026
61174
22376
64652
74256
426
39679
22237
87271
44878
64117
85793
89712
81731
6820
70440
87872
63022
8593
87551
30545
25593
34295
89312
76957
53272
27817
22149
68360
4897
21396
30106
45903
81868
66906
51551
33569
13178
32963
39854
88024
33333
35470
36697
18620
40295
42489
86921
42380
99724
76742
28275
19175
47529
18020
45042
30960
60430
40085
86756
61092
56253
8927
46575
82146
44291
40627
73926
90411
27045
47129
1584
44420
8611
55859
72612
63529
20694
69674
61422
26149
87147
50767
6884
52682
7311
93439
33509
39536
14780
38625
54570
23893
78022
90004
75462
86658
14413
65234
73877
26776
21831
19978
25979
47867
68300
22926
6236
56708
58122
16589
82063
49549
48723
44594
41899
94830
39291
36949
34723
9607
86465
95997
29480
63732
19096
88009
17837
28817
54330
15807
17076
61557
66915
4120
74746
53876
42876
10013
32582
46894
26960
82368
74000
96682
23490
40531
39583
95885
55671
19457
91135
34183
76810
27958
39618
58374
20942
88962
85641
10189
77830
9840
86184
95529
61352
21312
67655
92554
38456
99249
35109
23914
63343
62905
95916
11152
35582
74109
38768
92616
38016
98846
28529
50796
59775
10644
53855
43538
49791
34651
98255
43919
20738
58036
13490
8968
50046
6743
82518
40272
73516
10506
9483
67797
3656
21968
1752
91132
83399
83944
44946
72933
4821
48067
44254
80549
91737
76588
26460
73664
14442
23638
89358
95596
37093
31630
36078
17145
60622
47541
85989
73818
54461
74271
14102
68792
24876
80138
19076
1282
46816
22922
32274
71828
97412
56068
24231
80159
78573
64687
24113
33363
22377
95371
15487
5138
33012
61703
84491
95804
24306
29539
94123
90667
72626
3334
95906
4327
18947
11836
28591
11201
94800
48678
31180
86787
48798
85140
67948
14029
77026
59240
55142
77523
1171
53877
46776
97758
14658
99124
82221
7944
17021
26523
15118
29904
14975
54647
90136
55131
71919
37644
37579
64714
59079
47619
75985
75
75279
53276
83381
20681
23989
20843
58750
85317
91248
97268
27908
15116
5349
214
1256
37088
46265
63334
44212
18998
62014
38285
48793
52073
25866
15599
16478
14919
54043
36424
25921
43915
74411
17477
18914
69567
65265
99916
12315
21976
70127
96496
76729
98492
92455
63547
16071
54953
79051
43506
28701
17063
27130
52577
98163
43628
79380
38436
13673
27470
60184
22699
46821
55980
84573
99994
85692
69128
32703
57703
15127
74646
14574
43242
77660
18287
2846
56825
91474
45067
96575
71171
32952
57202
20458
93891
27423
70644
73098
49594
11489
30377
15421
75335
49998
20359
70451
85161
42968
62124
5990
20720
37894
66707
28405
37186
72588
96860
62662
74189
21928
67615
64096
51032
35545
44416
81212
19079
3221
55097
90995
32543
26477
73270
90527
57711
50900
84146
28079
80122
57676
99682
77990
37769
27315
2376
74683
27238
23099
55379
76748
20652
45018
83200
36749
26852
27205
52246
5568
59322
6005
36926
58228
28927
41019
33435
9719
2762
8255
30273
41804
13515
29721
7164
41868
44987
25743
68359
59573
37086
29604
56776
78524
9951
6726
90206
6935
21704
92160
56966
7284
13218
67515
8279
85474
83323
11228
22225
79520
18038
23731
63946
88218
17084
47729
7296
64489
75998
13728
16388
52622
21953
85277
89809
82713
84994
91527
42757
10208
96096
16562
59689
40161
83819
71194
22136
35070
67628
30678
54336
36476
65391
2254
92191
27469
19021
7016
58681
52683
64664
67267
96213
69099
66879
68644
8146
44388
25918
55589
75842
45463
19406
55793
54983
1258
93341
95682
73962
80317
4728
910
17057
6255
48078
74099
23284
53703
291
78888
11736
95190
36699
74638
82991
22321
62021
39280
12444
81859
62674
53521
70076
32415
82842
13823
21969
62184
70110
6241
7487
83623
83855
94987
89625
51401
61666
21539
82008
35533
89431
21952
97458
46785
17830
53669
96263
47519
22126
17167
39218
930
41802
41489
67028
76872
29312
37976
91173
56195
65482
24151
30689
66407
49420
18202
5351
31496
73346
67386
91029
76338
94861
1441
93920
4933
17803
92045
88775
31933
76262
94722
83810
74412
32219
56197
92933
21487
80252
57742
7139
40014
36525
54345
72852
48434
33348
14456
5902
50524
7355
55317
38771
1392
79865
97314
13918
96709
32931
84560
90174
56606
56238
27141
67264
41215
89534
88658
28679
3516
6016
13990
54290
97028
45330
68620
9664
91194
19905
95385
52412
70256
39997
39473
6137
71596
55001
62542
79460
63392
49400
39569
64604
68063
55470
90652
87441
2282
69029
49865
10518
90898
56439
73572
60446
13052
99615
1293
59467
7013
32373
8575
29283
4113
13868
31111
49681
80942
29464
98051
6989
1461
25931
52370
23061
93235
96361
50100
24372
90070
26915
39564
88199
17274
40052
46939
80059
44468
23008
69115
44248
38288
39525
69774
45934
86103
77771
86432
94603
81489
70789
60014
36380
94439
51118
45371
89536
68556
75896
51191
44581
59909
85297
62024
96869
15488
53666
33266
95872
6422
37937
34698
3211
53887
37924
31251
59651
54914
6897
95663
13842
97437
11869
12569
76764
73972
52952
46627
89007
45709
37325
96957
85557
75147
64565
820
16969
42386
89495
823
69993
74808
64241
60885
12266
53905
45239
98876
88272
79676
44384
80477
73878
96364
41039
29384
22406
34110
59579
52345
49471
42384
30165
34035
71672
72504
25068
39468
92349
50164
93696
67096
2059
73089
68911
89161
42360
74433
56877
60095
85735
4812
98525
44938
9147
66965
4500
1153
49170
47390
93879
63124
33248
87847
28480
83888
50042
88176
84797
64297
98365
30426
89728
45921
71856
37998
68596
95567
46552
89929
37724
50790
91204
68121
51253
46254
94253
53706
70591
19038
5226
85318
65335
58419
34934
72999
50852
67562
1007
65377
42445
41668
66929
2689
61499
57282
14025
93321
43905
88790
47868
35998
45347
88144
33680
37516
67788
72839
34527
8894
9957
2711
11255
19316
50257
67252
86990
30154
59777
9692
64260
91430
48075
57774
8253
45849
56703
46401
52786
47993
76316
62671
63434
95441
97957
88708
54797
71172
16317
4776
6242
40078
50487
94767
8698
51732
92048
62494
19034
99392
86129
27964
75194
86816
32754
23519
74662
24206
30865
5153
28195
21550
81244
46499
71421
57917
84337
59535
75202
84836
42099
40224
98895
12481
63737
81662
63837
50620
65491
99353
16190
7869
89732
56977
92765
57851
73462
72284
53867
45102
11798
91648
86139
79574
4876
94083
71324
81288
7695
94573
98969
49654
95442
38964
42742
8813
71255
9911
45856
41973
22874
90711
30561
52000
36544
54083
69146
32677
18895
97711
62685
19027
93196
11349
67108
50483
34938
7318
83303
92320
83766
5257
15610
93593
62765
63260
77362
4210
97284
985
94142
53763
77110
51209
62119
29930
27212
79387
37665
89822
80931
95695
26775
86458
34821
17700
7820
46572
46369
76127
76610
74370
3743
74651
63344
70011
77015
36902
42190
91809
76919
18991
94982
51631
140
66762
80114
81596
83473
72445
20612
64176
32023
83471
78087
49273
21557
78513
62795
22116
60003
23875
9933
64518
83891
72724
60497
44317
35064
21043
3395
77090
73996
59929
35367
56633
59388
62871
93996
14633
28826
18963
84915
90248
80116
6600
84941
38740
82265
63486
61299
6427
78175
98205
23344
66572
77730
41115
47135
47734
46037
23333
18889
77861
71481
74568
66136
67147
65487
18337
61809
84568
76552
98055
64100
86279
58980
86994
80505
27581
1196
14492
64506
14443
90495
28574
47198
76008
61662
54143
75122
25720
71516
22761
60677
70455
39219
62887
57414
69220
36473
52612
55385
37081
88592
70057
73876
76516
71768
19779
80687
35567
41650
52029
691
13566
87777
67376
26632
89600
11410
69876
71614
78693
77708
67398
3226
77343
88728
3916
19740
89704
57251
36217
47955
28177
93758
84867
94490
53041
18678
35910
71185
79871
18244
24871
45870
92939
51383
12303
87253
76457
87845
78436
10750
98047
11458
28656
15639
42962
7830
77095
30152
24411
5173
35614
31887
66563
10426
81141
62445
48886
1615
60173
68388
62640
73259
15559
46676
2210
76667
8053
65362
75101
59211
64959
40825
16582
63263
35816
92213
86002
7501
50873
79573
98832
68895
62645
61449
24297
77061
4237
29455
10224
6285
58288
78620
23807
80361
10497
78707
54489
19792
53902
44108
21719
72059
94521
20200
26645
17544
29523
6826
71112
99978
24752
49969
30554
54185
23492
34057
65966
95119
76241
59193
96006
61736
38829
13295
81061
94457
30842
72503
57412
3661
22706
63422
51231
83439
85685
45417
82736
14779
2651
48867
24133
67082
84538
29319
65613
22873
97902
23847
18541
67642
27444
28213
24724
9746
51506
51380
7478
32758
53691
86087
5657
74199
25218
24237
14252
76966
94476
2969
94270
10219
38735
57175
2203
67151
48906
77444
24388
33274
98491
87826
52702
40298
13804
91645
98224
86243
71021
60247
1794
63643
29040
65571
75079
65760
77250
7988
67954
31728
17199
83068
69322
57442
6404
40232
97891
37233
18815
23882
83604
41628
29957
43567
79466
45780
95837
21913
44483
19512
46830
90771
20368
36339
79097
38752
56455
36357
22505
31128
45693
97377
46842
6141
9445
5950
99373
69341
50917
57781
38977
36837
64402
55956
46965
57740
78546
22475
42340
21227
25585
6518
55513
48170
15573
311
15261
20925
78777
40711
60034
1208
7998
20047
22731
47807
84725
36802
74216
42696
95684
32064
67000
66758
79
65926
16428
41977
37147
76290
38975
49723
304
75585
91117
5313
33838
23846
12603
62003
7213
4589
27008
27308
48926
87113
18830
50357
8227
67770
65841
8801
37713
41634
13400
90033
30145
57920
53406
57157
75940
28944
28134
85849
22945
85420
97765
13897
7508
37308
31467
3653
53199
97357
31914
94575
63418
17153
44648
27888
2847
22507
84962
82522
24127
29521
95052
84461
11624
1690
62320
36676
22194
30231
78737
33008
67038
8562
1443
58356
71845
16450
73758
73642
63926
94733
7810
3912
8660
13627
2576
63595
6970
39175
16876
61026
5109
88172
30679
13138
40219
62138
41675
64266
99376
51873
50394
82131
79321
22273
86234
68476
33383
97162
21565
2515
62700
27783
20634
44944
33963
75822
62872
17031
11019
57455
63151
98839
11880
97797
85082
58015
43137
81459
50854
54755
80206
66727
44383
17211
34656
16088
41253
55244
38167
95984
3023
76827
38629
63456
97111
564
74967
43891
607
87557
16221
48467
38260
92291
67427
20617
37027
11242
55114
5488
73251
21528
7369
72365
53359
27866
77460
71803
33905
70582
37436
1198
51425
52173
23617
75215
48222
51622
80484
15971
33005
89692
17051
36834
56103
9139
78695
51709
2285
50071
37382
27368
798
74879
23957
66753
19329
2401
20781
3202
89994
46723
46954
90321
77764
99972
69779
95286
86325
57046
36517
58990
57055
42937
78813
50472
80797
2466
68124
2332
51479
9417
93880
17929
99687
47695
2469
50949
41701
1309
10299
92241
96910
64141
19965
43321
27627
63125
12361
74918
85489
81105
47313
43772
37905
10258
45636
14695
3175
78076
72842
17655
87621
61697
48869
1655
98063
42246
63331
24900
83275
90880
27982
7086
75952
25495
43796
3704
81174
93633
75066
67957
562
54561
1574
93997
20110
67454
44511
73453
18599
97496
2838
3716
32674
68953
96958
25682
88564
97071
33338
7777
70755
47494
39666
31243
49237
31798
70761
22798
95460
95164
87129
73978
7888
63893
139
50118
419
32702
87132
43526
7774
28584
57131
4298
69164
15960
62103
83628
54354
44219
11516
96259
96403
76166
67304
37226
21116
85397
65468
67969
51852
30872
54207
50761
19615
81060
44434
26650
57660
53231
59463
69286
27033
45724
52357
81365
77307
43629
84438
81702
36879
43844
74956
11577
30598
2311
60912
81183
12720
67638
26648
84724
91751
46561
52349
944
49254
79600
46795
5816
67697
49837
99458
14782
80989
94204
24208
55360
82101
96777
94818
92963
38003
85886
15561
44998
75814
7271
85335
99981
97782
7913
69342
49854
69390
78123
64522
73896
75732
25731
84040
30238
44567
55400
71781
70218
34162
9428
36841
88110
43751
21827
74983
6211
60584
52457
2602
48219
23154
63745
11859
52841
4988
56962
84012
14833
81029
95605
53930
60009
73767
27760
63181
17766
25690
28186
94281
25340
19621
25554
66115
21979
79724
24544
28428
18456
4395
14082
1835
24089
40616
61418
85993
3789
35349
78556
1995
33237
35459
51652
61175
91784
46895
73378
6967
46648
15759
25042
36566
75935
65488
66894
74691
92751
27088
53302
36352
99247
46104
35050
8772
27836
67923
59664
82346
56953
43927
1881
52064
27986
34767
57593
12308
70166
71606
38150
30241
79336
91893
73902
29303
86313
26288
39907
59173
93800
95284
263
87972
87356
62330
27695
65470
46061
35000
51655
50240
83293
89509
29896
33474
5437
56380
10720
13393
24750
52559
96391
14502
89730
75942
46120
92474
91183
38864
3869
31201
3072
36039
14897
44952
15320
68608
54240
58076
66340
83974
99399
14417
64279
16336
75048
88403
61567
80792
31168
23400
49503
26670
16926
89460
24495
84929
26987
98357
84731
87287
35673
88309
18237
11942
68513
26718
17205
77097
37736
58235
71780
75364
3422
84643
60269
71642
74343
67300
79493
93719
83792
52467
43257
24791
444
44659
71668
64512
11264
78159
95237
52037
43738
82581
77827
70695
76218
93970
81971
48887
43768
56774
67168
94164
9666
80634
25515
45605
21112
64679
8554
8671
44933
68629
6087
68628
73520
53401
97609
13186
39479
85717
50289
86950
76628
63846
9001
48195
21328
76829
4509
52658
67623
99450
30488
47562
80093
52231
5019
11650
51640
87866
17296
58354
43771
17714
23670
8767
16248
64618
93760
1190
58975
1020
26993
34591
69870
88615
63798
45531
92046
69259
19544
57706
21075
43575
79088
61747
6251
67248
67608
91099
49341
58636
68537
48568
48014
30951
72500
18526
1628
33048
74541
52662
39159
93875
59882
52316
16794
16048
85678
4261
99848
92682
81198
18648
55475
52262
47600
19803
44776
42423
73472
7769
75002
95499
90725
40290
51008
32062
27003
87032
99943
10479
20416
16448
79902
2766
23994
79234
48728
44762
85881
92925
6274
33092
2637
56638
60037
25925
28113
8969
36800
31345
51505
18698
14374
33633
4856
41576
99527
63087
56722
37281
89137
7562
78757
17457
90057
17954
14707
98248
48805
63739
29191
78008
27606
67922
80193
97345
68325
43634
19864
34136
30929
18819
25280
75955
97018
963
2381
29196
31878
76605
52548
67657
93625
95518
1177
28788
88779
12461
71537
54247
67702
43483
88348
1974
47827
94479
38786
73199
48404
35933
23509
56539
38049
692
4907
49648
10328
23181
38406
95315
27664
32354
56815
77857
93397
6869
84050
63250
23720
84999
82724
76390
43597
75719
42607
1394
81167
19791
59728
95933
90008
1802
97621
78535
43662
77665
12776
57990
28277
70711
35131
23200
51698
49343
12504
13457
19945
78424
33450
30297
83849
345
57701
75886
88486
76370
75292
61688
60881
52654
44111
97356
44340
32478
57348
19989
53983
78790
63801
68643
53946
56339
15048
30180
36608
52908
10612
92687
75247
19827
19979
96045
3197
81321
74139
88490
28660
82585
76769
61640
34231
47858
88217
88641
5087
72844
35813
99142
29143
41190
31509
99455
1782
67328
34660
58859
41658
47877
48639
33423
35780
87939
67055
85910
46667
10810
25173
79606
31162
35794
17020
62858
70620
90924
42857
18135
72249
82969
47371
61447
10023
16337
54472
53381
37112
75390
92355
39054
12482
27751
44344
24500
98344
74137
4656
67278
122
16778
33847
34348
29963
51867
9265
9935
92635
72492
1736
50476
63090
18509
45700
51826
49347
55211
50045
98776
64698
43801
850
15103
96204
58878
77069
80622
9597
34221
29335
2178
35204
26885
87728
85767
62234
36392
74514
90421
73262
19299
54050
39376
89183
8501
12562
77112
10070
1840
30995
59365
15975
51340
94885
40633
12048
62855
33069
81053
14705
82430
14055
20045
23206
87833
30856
89855
15463
12156
31288
61274
10762
49389
14439
34325
69752
61064
33750
52078
28342
79401
18965
11949
18677
9290
17372
20886
58649
70419
72773
9641
3851
22979
9132
82125
28366
52198
22779
94581
84595
76953
59622
64699
58599
67002
63766
55213
74002
604
72102
47606
65685
93546
32627
81019
87679
1481
80907
59108
21777
17721
59483
13195
75575
60733
54514
53053
95938
78527
82027
64213
28386
81
9012
53702
33881
36293
80529
78485
99320
8291
74713
58253
36253
31706
34263
72961
95309
53957
4344
96410
33786
5928
87843
82257
28135
46074
19835
62213
70460
42882
86909
42024
55429
72469
83836
74996
48693
45562
15259
97099
65921
76264
73783
30271
36283
11394
59858
15923
91842
80094
48574
35426
31945
40404
92540
93767
39346
72669
62247
84342
59164
80041
45025
7924
94075
86963
268
30562
3944
9505
78851
53781
67690
27714
22514
32299
8972
16511
82507
93479
2275
16188
76908
63961
94659
65101
4316
57520
11637
70285
28675
74535
21375
21390
42903
27482
2156
8062
76271
44020
50978
10909
67171
64760
19137
22003
62767
99637
92447
93573
22787
22561
68313
20358
2888
33578
33867
35
33713
13686
76053
83947
25035
39856
72006
88240
46855
305
38666
39127
61834
33292
94956
51888
5357
83171
50717
53067
39750
79689
78834
47056
6187
49299
86327
84190
32810
67537
70392
68564
19746
54835
28641
2858
67708
99302
20570
46838
65016
89342
78939
49804
97985
87768
4647
19042
5432
86810
3091
12581
21136
81924
83748
90264
38228
26128
86003
53927
25973
50508
71239
48352
61425
2030
62703
70973
80668
17169
6985
24266
19958
16153
34423
3613
98299
44268
97895
55164
21295
6692
45225
22749
29458
21053
20037
92483
73571
74069
96065
99288
11774
18150
74647
34336
65553
23674
45043
65820
18720
96788
84979
94803
46436
15522
38973
83097
12026
47276
88950
86522
13531
59990
99770
33727
53271
63836
1723
57506
13011
51342
45171
72444
88238
80921
7368
18969
95256
48497
69638
19443
4714
87752
24715
19189
76158
43118
55201
24065
55394
58749
67906
30383
12858
19853
7679
16486
71161
32680
72228
12390
24633
80587
70313
93806
14747
62521
3657
18839
93399
85192
89551
53323
84049
98503
87073
92990
8349
16857
44898
95259
24841
19772
57641
38166
83155
18713
54865
56377
20626
73261
21636
12747
65993
15023
8245
53733
48991
84292
23087
88681
21184
81699
35063
77489
71049
38154
48052
44457
28163
57841
58269
19903
687
58589
40015
14217
99114
88180
40418
70687
24723
34145
75146
28778
88607
51051
79050
51385
21762
37103
88553
17336
4505
67805
70892
18003
10493
12150
18975
11233
91115
49142
75854
46832
54729
37241
56093
60719
89813
25779
16646
45143
42985
29405
8474
81728
86685
10743
45186
29988
64048
33823
35920
90083
67158
86342
70165
97260
63511
17283
15354
73652
81992
50729
90102
39993
50503
48657
31534
96345
67714
88242
96691
34962
90314
27075
80365
24222
63007
65855
85594
76232
63886
10119
49692
23655
37668
3652
17241
31884
66891
38273
395
36363
47916
20752
88597
865
23626
95337
28695
13959
36737
38948
32518
62839
40870
82283
75109
29201
60917
27869
4209
99009
6929
73602
62771
37650
60572
67740
43164
49939
73653
10805
51975
96128
42066
99401
4055
45502
7044
3961
53726
17166
97745
93114
55079
91378
13402
50946
23741
43251
36199
16440
36523
78046
24432
3189
61250
9460
25990
57141
99546
77533
72042
75395
63967
68641
88407
24827
55917
88387
29305
81816
86116
38693
49988
8737
21109
36856
7171
43606
14299
54620
3380
973
61552
35177
71452
79941
13815
9485
64789
40018
49139
12044
26092
68803
30772
13326
19332
25676
91904
88324
85605
85842
42306
34993
31836
79859
3297
33216
60854
67854
26263
78640
44543
1632
58651
60301
22153
97738
73213
13855
94383
84156
76803
90965
78811
72868
30120
30197
9426
5213
25142
50860
84500
62578
30335
62077
66270
59354
89230
9679
93357
81923
67817
74493
53858
17212
93053
26097
7012
50644
85047
10366
31792
48751
93087
58752
72226
13189
49463
34318
50549
62806
99202
38518
84416
83376
6756
84712
43195
38372
6945
34672
77238
34528
50518
80565
86126
77968
31663
46051
34051
12241
14165
28516
244
94834
21096
9434
6558
7438
6983
58414
93294
56374
194
46637
90516
69139
61440
99598
62246
83791
38876
18512
56166
53096
87243
64667
7413
79709
811
3927
49972
47166
6637
46124
34365
39706
70930
83954
28086
62075
6036
13888
83876
44302
70674
90396
82551
74494
59670
71747
35359
93765
77843
28015
73814
14716
9431
9971
65856
79813
46868
32770
64335
49007
30942
41803
65171
78354
10766
38431
22059
77146
16507
69369
44103
11645
78553
50663
47438
98985
98227
72642
37609
54047
39008
23104
75794
57902
81279
68164
28464
75821
87215
47803
30686
78217
22232
5078
68954
48686
15257
50165
37247
30073
5482
4331
8221
12455
17686
37491
94786
96557
81031
34819
41814
35162
18441
68244
3908
66829
24830
52670
84385
75484
49213
36194
54189
73428
47044
75583
90283
85015
61224
2024
15616
54193
50947
61910
56350
79203
45792
64294
34809
34
32027
65296
93585
4088
22964
25098
27377
19886
24047
74205
16643
24674
6710
32225
16084
54809
43810
26902
22208
71135
37041
54086
36430
94251
521
56884
9169
16555
91390
32624
58207
18369
42307
21154
79386
4428
81719
25504
68274
43446
99513
51921
24994
14679
82623
50995
49124
94395
52069
55297
9887
89388
33227
86643
38297
8
87956
82635
22035
2397
7860
81567
68543
44924
79802
9160
22102
78223
60455
59574
19198
3423
95063
34165
4634
78238
81353
56881
83066
83973
36808
18029
6197
64909
41246
37367
43549
18530
88881
43566
38541
87761
82642
66834
81646
17250
48609
77892
45445
36568
66164
80964
32248
65849
64912
94035
98869
30619
54568
87656
69709
79697
11544
68254
97623
81375
74190
80445
36991
39371
90795
69952
84602
89779
7616
59311
44209
71576
51557
86710
69261
75078
57801
80326
71025
317
71083
7745
85670
37295
84575
96662
24310
61233
20406
62768
64746
32965
78638
19598
54886
42025
54217
82238
63968
63419
29689
96835
98521
99824
80830
96258
13684
63227
42009
99346
67556
39511
90834
49710
3727
52972
10847
32796
44895
95709
1323
19192
33352
61450
7309
55430
27874
65297
35921
24329
54746
53535
58
96464
30609
21990
68117
10368
77712
15082
95370
20132
34464
36018
60394
6070
81625
22444
68985
13118
17981
21129
93146
90888
32076
97762
49596
85845
10347
74440
63624
90510
696
65260
22633
68253
86973
74164
81549
46708
15339
46070
982
23566
12190
1816
14802
30194
74347
80908
51623
70537
13578
12835
34835
41150
45094
80339
10564
18146
9927
25556
167
66993
91701
18064
78531
19879
77804
25054
21585
67013
39474
71731
74747
23848
31873
66205
35605
11267
4522
81429
42594
13792
52756
93592
36519
40246
1910
53307
30002
90827
72533
73963
33169
8089
32753
71212
3855
76785
29270
13501
75720
366
7223
37456
91114
72127
1523
1432
3062
42075
66872
78703
88875
44557
87976
21458
32043
21480
75134
98966
72047
40180
44925
57022
39762
66105
66442
20021
3824
20578
79656
70429
92801
90289
19101
43901
113
93301
96743
80018
52259
63413
99632
97308
71743
92233
93027
14268
883
85493
34447
78280
41333
6074
33307
37066
93493
50059
64646
42299
69055
8108
13850
52383
77864
15217
68933
57132
22827
6308
30789
40626
96801
9314
71179
86375
12726
90193
36302
26024
12485
76720
18765
20429
57636
84744
46433
655
55055
53286
26756
64557
60967
15714
62406
84261
19880
72302
51069
6577
17702
23158
9667
84566
22525
5426
31010
45050
28323
21151
13492
74572
58151
18339
8321
10529
60642
42100
63919
36093
61714
92737
53114
73352
15428
10823
49862
90665
49473
79640
55971
42634
84817
12421
46671
76139
14956
42864
14484
96087
97818
4573
84336
30175
25194
15018
69981
67720
91195
64542
10836
17592
2111
61902
16504
39531
91368
88264
14519
28499
18276
17656
56433
32547
30205
77466
25465
4380
73407
27336
16441
61271
66564
92919
13430
56285
87713
50376
1679
79623
3894
56324
58022
88764
12547
19414
60757
50560
63035
87943
22794
21500
97677
43735
32409
21448
22727
82807
41807
53975
17358
52515
6052
46191
6474
53001
83006
82197
95307
81202
19592
11930
31958
16815
30600
55782
93051
60789
1517
76620
14118
72764
14076
98481
94643
76227
81557
26411
93421
97003
70651
28506
72036
97960
27266
80790
42570
48578
867
65412
92782
25105
97027
23281
26029
41610
89391
82844
56066
56556
76718
44814
92527
23981
58758
90996
84129
33930
5202
84786
45294
50938
44168
78201
80566
22050
94370
97087
6843
59639
50210
32229
95437
29782
85423
7768
77528
64833
15755
36458
75096
35288
60365
51733
48010
2759
38787
85462
10633
46520
97283
25251
33306
81615
56392
384
18639
79737
82664
28870
30944
43077
90580
28512
68612
47805
70323
45448
71932
65903
80182
15171
8424
54138
43207
38405
44269
11423
90388
37484
95536
69576
51795
77425
27816
99538
75945
48955
17599
34741
34501
60030
36338
6557
82023
11305
24993
64502
65456
71587
57889
16427
2691
66888
28054
52394
6034
80720
76295
67460
95073
4994
85072
85601
46937
85220
58872
30712
60316
60841
96020
18384
12567
54771
88788
10901
34252
14216
78151
880
9277
46737
36890
96104
69467
41785
31449
87813
54782
54862
51347
6567
99073
3879
7963
77532
96658
66533
39670
12115
42991
13572
25488
89280
71014
23243
46464
57736
63514
42973
27154
9396
37378
15470
72013
57002
7652
9963
79609
8764
3739
37384
17865
72043
39338
51966
41033
6972
42285
12045
46778
47437
36104
83905
95817
2078
99186
84803
1167
67494
10281
86940
96999
21595
31510
30954
83938
45827
61145
36678
15712
5188
80483
30184
42323
31350
5674
31000
74889
65278
86733
25975
4317
9811
40264
91349
11768
80348
86199
54057
41022
67040
27594
56303
49558
99698
16398
37431
6902
17662
70449
34332
11124
69267
734
55192
85446
96845
18823
7557
56656
54777
49647
1951
85496
35269
93185
85257
52006
76644
5020
52210
71048
37264
97153
93922
23004
3667
65555
611
77347
34283
23761
11630
25023
70210
7765
47116
71890
41093
43581
92589
83942
64306
56858
19904
68457
81188
12285
64893
44331
30262
16780
13922
43553
13201
42933
66650
38362
98579
78593
7185
3034
90062
38275
53772
50333
55476
51641
6752
63113
87733
60947
20353
72534
86107
83712
26150
25813
28585
62281
4813
2678
64770
61615
57259
38364
70570
64548
94707
9125
41516
29778
37155
28067
31940
33742
75230
60169
59052
52980
96634
55996
49283
98463
45887
59703
96064
55167
89308
42160
88711
74279
72384
3118
87871
46424
26683
81759
11042
75084
23647
22551
87548
84550
85294
50859
57536
16948
46114
57362
66332
3501
26869
47124
62254
15934
47464
30051
5197
4705
95012
21489
5302
54889
1626
62946
78565
36825
47391
48485
91492
31263
32379
30440
91658
88235
28457
91027
55530
60581
29404
9376
98280
41689
62403
49537
54304
77976
66093
41203
28697
72994
94523
11775
63885
15184
5889
37266
43998
59795
62864
40345
64309
85700
12610
38376
85201
31286
33331
84485
8716
9525
81838
46205
17399
74222
89117
12712
56924
60621
28649
27278
13604
48225
76107
97831
10430
93117
525
83651
84496
61036
96350
83193
34378
16774
90047
52757
16387
7274
42402
23048
43843
52844
99590
65504
71136
42930
83882
97846
95045
18768
40143
76203
46359
34772
55086
9532
98490
19567
73380
69360
86731
11013
85862
85805
63160
7905
54706
27007
24726
84668
79327
3966
99641
35374
52195
34935
71058
40022
61076
6821
22365
27325
63504
62007
40109
43222
13565
80072
55842
80568
98331
70062
74904
32586
77417
95485
11012
74805
74926
23107
77688
905
44552
84771
34403
65595
95311
85383
16475
89051
81113
64943
45351
10899
41216
96926
86776
84660
99765
42996
24445
16258
93526
15133
59628
16100
95274
76533
16771
78756
78464
61757
66680
49961
7632
1814
13343
28225
52595
32071
49423
49709
6630
24747
17448
61210
2213
84620
45932
29186
95507
63751
7838
95665
84463
22161
8652
73655
3251
68177
8749
76851
65159
53534
46571
49724
6223
59329
50990
42606
79183
64923
82780
27659
57738
48937
83081
44542
48962
17426
83800
85863
44328
35361
64367
89930
21839
97803
18076
20817
50334
11808
51494
1372
79758
68606
93657
26313
78701
50570
42554
4526
57532
85025
2747
85439
91698
87780
55352
37824
56499
98867
31175
4257
43210
86648
53577
12854
64651
83402
83204
44324
17160
38111
40388
69032
76111
75433
17989
97457
64622
17648
91439
1031
333
51350
21089
59258
16863
92247
11989
82305
42002
10567
85150
19172
76529
50055
78843
77717
70465
20375
18195
94994
28651
62890
17068
42638
46791
3560
17557
10626
33679
21135
51862
26592
33166
79713
2912
86520
9394
32032
40581
91412
49660
78858
34930
97150
12325
8573
44613
79743
94572
38237
58601
1243
74737
43642
89904
6384
35878
51884
38238
4334
75947
77823
46986
141
29359
99347
92978
794
30764
12348
89663
78600
30314
49857
14227
61388
26432
45085
52267
13282
57655
73405
24991
810
52401
70246
66002
92114
8901
43287
55977
56333
53171
38218
98774
46007
36370
25409
80849
43212
12588
90375
23471
91057
94759
6253
85228
74853
58291
42441
96487
64448
29623
33196
46257
32941
63064
77276
77259
17010
3601
97259
9100
83288
19807
81641
1227
80128
10161
8809
76351
64505
25875
63032
62348
70397
21923
64127
39721
49082
3794
95887
92559
5922
1110
20495
5026
34506
80343
39230
76549
78694
48329
22948
3339
82519
70251
770
72568
18379
61183
88717
8318
7743
5822
36106
81891
40855
869
59287
21400
69359
57280
55486
22175
89891
90316
93808
90386
40366
50364
22587
49281
57503
37581
59609
79861
72198
66667
13395
1498
79626
56083
16563
32070
42893
20628
64791
2476
71475
32045
88096
84228
86409
92866
90408
89780
28532
74275
96017
10892
79953
35730
18655
79123
53965
58440
50749
98298
28855
65478
27109
97257
42964
6535
70301
94405
1728
55565
62410
34018
28579
40732
33703
32100
40618
54761
25462
6376
23844
13293
54510
45282
23096
80842
78211
29086
98616
12383
21977
58580
20322
53652
72353
48621
85313
14033
66748
71934
22946
36615
7957
73669
58852
71709
35259
81154
71040
80266
58904
76937
14339
55686
87456
46823
19788
77027
37143
74971
99706
826
84662
41236
17530
88336
35046
4931
98826
83100
60948
9323
6744
79913
80841
51062
74180
13929
48913
56491
74170
78497
39032
68323
69991
56203
96242
52999
80081
58455
40138
87720
15537
62844
78609
73292
10828
68778
10958
7067
87735
91157
63200
66034
24443
34094
35634
20649
25865
40003
13382
41806
70982
49645
76420
19452
27661
40353
63457
68638
78450
43246
13787
36439
88185
79166
6179
43108
73888
87680
89119
2907
80738
32261
54119
6653
36805
31823
64090
83970
94009
80612
68076
1829
90105
50317
2351
86877
95027
83087
4784
80657
63807
79026
52760
70630
98006
17753
40802
53246
30990
7714
83360
84191
74587
84985
36351
95614
17587
83908
27466
69394
95948
22016
3451
14008
78730
39715
95173
77879
74446
97093
70133
24949
474
78403
32820
26365
26861
42432
78523
64384
27526
62302
34469
59424
85497
61350
63268
54793
86172
21411
3706
79139
73342
73211
30121
53907
92594
88896
26772
29090
59682
59432
94976
31524
51095
34270
71019
2706
98403
196
59834
66889
24327
51358
41308
29198
25215
63744
75479
79330
80279
81985
32804
34129
23876
88712
53450
20145
32839
12265
40343
2168
47633
89792
26118
23587
49198
59870
17236
69918
63632
34984
95235
15579
8455
5964
65853
37712
53943
57315
89014
54635
65867
87228
48398
23554
82556
72096
1137
87989
82812
57277
79184
38333
56401
73800
47582
36934
76650
12491
3748
21335
39865
76590
40278
12807
91191
73092
69664
2958
33107
22644
48938
17872
49937
18728
99007
38411
69176
26074
31148
32978
24225
6526
45166
35662
70719
62169
91444
30465
49016
54602
27535
10053
10873
83112
54040
88861
11391
69642
93436
86853
19930
8347
96509
34725
84481
17267
93963
84812
1762
3075
23806
44733
51445
84976
84060
75244
36536
53109
53933
36415
11690
10059
19196
94022
85564
64057
12164
99748
99120
8462
77910
3945
56442
90453
10329
66645
9036
78041
83457
73147
94746
68210
6595
75670
90270
98844
85958
53470
59291
64085
12982
27223
15291
48870
95820
52873
25052
45653
19819
50893
72487
63002
90721
38887
6316
61163
45982
32595
55970
32253
30945
12589
62627
91179
73425
1276
67715
31384
5583
23907
86464
17388
38195
30535
74385
97698
24457
42214
66749
70153
30398
88957
59053
24420
95571
91051
19639
66949
38343
35606
60366
72429
18226
15031
18749
63060
14810
6773
71225
29042
40546
57063
80935
6937
89303
79244
65005
42150
8219
16467
91668
15851
26090
20974
32997
52483
12130
15210
37375
36910
9558
36398
54455
57250
23406
57824
13335
81852
96454
70797
68148
25711
7295
41441
33794
18506
49368
62909
4381
22235
68310
58362
24069
29226
44318
20498
72512
74077
70745
69950
81517
86449
52544
30653
86298
53816
20026
52506
44639
13134
88325
18220
50956
47649
45980
70422
74521
74094
95628
43038
39723
94122
94986
63089
23527
68825
65515
45161
46181
69772
63094
60434
39990
62794
32510
71726
62963
10291
41080
56249
46226
23067
83683
81737
46263
97054
69112
97198
25891
72551
18623
80070
80780
19673
82681
47555
4044
33297
61506
41589
71775
78383
66898
18832
19952
43180
95010
4174
56087
10566
47516
32422
99622
56802
41337
39263
40978
9258
94621
82539
28572
20131
11917
40837
64795
21010
31038
92999
43053
3228
52261
69079
52589
11922
34205
66673
36743
66116
45363
93135
69109
82649
16672
32716
96138
58212
36696
31707
26537
22688
90570
77420
16252
77402
43126
96499
96347
94485
16213
78141
40260
28117
99239
13625
72334
92144
37110
90239
94881
25535
70950
77956
1414
48490
23942
27011
9101
32751
66720
583
30082
10301
90403
80858
10034
55515
81255
72419
17633
95143
99515
13734
97839
89935
58211
20735
94114
2340
33199
52463
30572
11983
41294
65837
5733
47071
24764
60702
25086
68196
16576
57511
90915
54617
66740
1900
99447
83750
89062
22775
8408
16556
37801
21006
99349
15656
28130
65974
34472
88232
14133
27136
40351
93722
39062
71655
99531
24925
43317
41320
28540
98348
85965
78615
77924
2478
285
34246
26544
42621
94693
83392
93544
98488
77108
24265
75170
62553
44271
65624
90258
70056
69420
72571
70626
9657
11068
78188
83292
59567
76995
95487
52056
5461
35881
63985
13920
22410
30058
40783
68039
11546
97201
70186
98089
41539
69281
29609
38608
49230
48423
44454
70463
31747
90786
48564
80490
15564
99156
57758
4462
66808
15140
3020
13694
87582
68589
22043
97407
84499
20181
55751
89690
55660
26514
51616
73762
9011
7255
93888
57590
97864
49764
64252
56267
48502
64333
79857
22960
25531
11095
70464
69797
73146
75601
45488
71753
75300
29622
60262
87213
2729
81703
26590
32613
17887
18356
58366
63156
4355
9593
96812
47611
68671
33560
30647
26989
11278
3609
9055
64336
17891
12981
59750
23796
72641
19991
82172
5839
39506
91354
48158
50244
18457
6580
5905
36993
79142
94217
24489
46238
94454
18868
87237
71583
91369
88089
86723
96090
38246
36317
64386
72602
68245
89846
16366
11793
50950
99571
5160
38866
25525
26871
52960
79151
46385
39261
43701
75252
66611
94781
62702
75283
9024
22385
92916
75503
63986
42270
83412
57015
4878
37916
67188
18651
83618
3119
51545
73817
71223
2999
59972
44828
84061
62164
97963
84277
94082
91749
74960
73670
63701
28413
71612
43616
98855
87553
74866
79242
68024
63903
86598
20226
96644
31750
34185
66311
2650
31454
11023
45460
51596
14324
38100
73576
40299
34042
862
53295
76726
97570
52025
53423
6043
3121
22789
99727
68104
31424
75428
36558
75742
69663
24643
54430
95720
98677
32115
18358
78576
1257
48775
41843
70048
98837
93412
28879
9663
85324
43855
92464
79833
3795
61933
10202
92696
6753
60956
33629
22610
12203
72557
84145
10870
2551
49403
36152
98801
47737
92655
3338
53340
61608
21717
88119
91041
69724
33477
62371
63135
91635
68892
38983
25854
84358
59540
63153
13843
60564
4736
6625
81784
89946
40980
17243
5079
76538
7052
29665
38452
89682
34641
21132
78659
43589
18709
43547
62526
64970
40669
37582
4929
59814
4756
81782
77646
7832
92833
46225
60310
33281
66656
19387
36220
67827
4189
52481
55627
47055
11392
80891
9339
8211
24805
17459
84633
69495
69429
80119
66130
68051
28439
19218
28869
71663
46869
248
3299
86903
13270
65269
3266
52573
11212
30802
71141
87773
88689
62120
80327
21298
91873
53949
33988
89011
44449
1083
84699
97344
82289
98450
35566
81159
58166
42293
28326
84716
38804
92335
24631
41854
59788
1140
66873
91824
94126
53349
67557
77123
68955
64212
59744
9867
30406
86452
29588
57596
64042
3046
87798
7020
80256
45860
59433
98102
9239
54533
60932
35357
63909
21119
20864
28377
73948
48057
78937
25524
24087
27338
65542
40438
34470
90249
39688
35778
51815
12741
7461
82364
32401
57014
30582
9815
40767
35338
69938
8886
24770
62028
39016
41261
32291
1386
92331
7706
46579
56131
10872
34894
925
45122
13344
51939
51509
59301
65304
54068
74413
46059
26187
42412
33907
77183
71150
51523
39830
520
11875
83054
12906
93595
57572
8874
68094
81898
91228
27457
24182
16028
53405
6682
92317
29507
55655
77888
22283
42534
71676
89128
73743
73450
25183
2369
66211
62962
99563
68609
75864
49500
43123
20198
93704
92201
40152
62972
91304
16011
94783
15503
53544
79003
7583
42620
13800
46088
15743
88773
31542
66402
84403
17339
10959
70296
94381
79639
88535
86175
46581
82353
77127
41951
56620
86941
68444
79527
49406
16087
1509
80176
77552
44049
23038
11551
42956
1367
97930
82809
8383
53542
83448
37285
50298
73172
80980
89172
56622
77378
33215
46803
57110
69744
62367
19937
84371
7972
29440
99595
44643
30983
46291
56568
75472
16014
72965
88330
23923
36528
56245
31027
99567
81753
44679
16063
1202
58669
26916
95455
64237
5843
58476
69672
12434
40890
77768
24746
96772
50937
47629
45016
42219
13077
30971
54102
41540
47996
69236
92305
34389
74038
9187
46509
38385
48486
21361
42596
454
66394
17928
59327
28726
30097
42922
41025
71917
1691
99833
432
22719
24360
70038
94635
62651
51238
15371
6634
6175
56768
50528
78913
14652
18183
30055
75629
79058
67884
63277
27225
56968
94741
67943
50197
11850
87625
91256
843
47479
63668
91406
69121
32467
77405
51218
1482
69097
97506
41052
2667
18389
27494
20883
96954
37538
86672
31580
1241
26612
31090
80984
53685
49846
76376
15253
20870
50249
19881
20756
66723
51599
27889
36304
11802
72352
44228
21426
92558
566
33783
99541
5207
38015
29353
97769
67367
43851
63874
11758
11106
96463
10371
41466
81407
19756
92115
67419
21814
5055
53487
30587
78881
3233
10989
76828
63795
75102
91450
19284
5918
4790
35217
11098
15534
79782
96641
68111
54447
37511
90141
44105
85267
12219
78542
84627
28710
15596
52993
2624
58564
7859
14434
5397
43167
17769
57498
84443
16457
22320
66621
67999
57032
1749
2278
45342
26
27331
48653
93154
61691
79145
66534
29535
55208
90312
2136
30129
87174
91365
14319
84173
65609
84199
30316
25896
52318
97519
49195
73198
38661
48436
25484
22383
46089
95964
26536
78951
71317
38351
17677
84541
54225
31557
35579
52646
28886
76459
12057
74502
83427
47601
89064
68163
22503
96924
84425
96357
80696
71725
11909
62727
56283
72843
90269
19012
36810
82266
23572
55432
4082
92004
38083
87887
20040
17963
93455
92009
37134
34430
72030
34289
28266
29113
40995
82314
68278
84063
18789
10957
37335
48882
89432
74897
68783
6951
28674
69691
54931
40133
75936
93024
11275
25309
49748
27713
45048
5095
857
98026
99658
47320
4406
86457
80403
52638
78444
9690
42170
63676
69733
13708
25590
34460
73316
28803
65610
27358
46678
71310
26423
88453
56050
45687
81332
87358
82469
16414
73750
61588
85526
92804
36269
76838
25197
9086
16921
33799
58358
89027
40227
28910
21837
86850
19795
12003
32546
82541
48488
17815
58233
12419
36836
59751
95007
56033
89049
9987
76315
94946
54823
70627
9348
30164
49414
95716
38417
89147
50143
92840
85026
31398
80002
25785
84100
15352
62618
39318
52233
96966
70817
90661
33228
92588
45517
83636
78689
69243
18837
58344
73355
43888
23157
5796
89739
24745
54671
89966
41775
95217
8151
93759
34410
89452
99133
8396
54490
8647
53810
31854
21936
19867
62202
46441
43266
87590
45620
18691
2613
36365
28247
47469
64470
15506
93534
32879
13470
2018
36807
59637
57106
43505
41636
45356
83461
48548
88820
10636
7729
94286
4514
94090
644
33285
19216
85008
49505
73363
56128
33646
50091
95953
72513
47855
11325
83404
77039
57896
14709
61797
86995
82345
87411
49828
19837
91061
61318
48939
74480
29467
73186
22316
71808
24366
87082
75773
43190
64908
47197
93974
10297
11406
28217
23412
59912
58441
61769
34484
56466
82218
1878
65840
38638
98027
97894
83140
97832
38072
27887
36617
15070
68034
38817
59279
35114
25859
77476
99764
1479
60742
60128
1378
10595
38967
44284
4005
82426
58557
33492
33608
49360
67432
89661
90934
74062
51845
21498
25912
47394
5032
96654
10724
15585
87701
14609
80314
62185
40915
9227
41323
62818
23689
18548
18059
37648
13945
62773
43297
11652
22114
65422
16962
13537
25461
68995
7685
79055
43533
76082
11673
56840
72527
67323
4980
73394
96722
89669
79810
45113
85492
39085
47273
23342
254
61469
57476
92032
98989
2696
36911
25677
78248
92854
5987
90912
45566
88060
98247
61079
28729
86528
36858
60250
40821
58095
36604
78433
75702
81651
36506
9064
10712
24275
18864
28558
97937
15337
49136
828
66977
14666
66826
6110
52659
95595
28605
49870
56348
13567
92311
8543
42029
93094
23045
25963
80069
21679
17120
92418
45943
32833
99208
12645
57205
9647
50038
58052
8511
41048
15744
94299
25689
17675
54504
58168
92853
8092
74580
69989
37448
55560
14765
37559
71256
5136
72453
69335
8953
16886
24488
54654
61799
86088
62401
64170
18821
1659
59554
71613
42003
4166
63497
47149
89078
57037
44608
82884
28044
66979
77400
47534
62632
92988
88035
46058
67324
42
70309
27976
52502
73443
60494
10742
76072
6125
44499
17562
93209
48278
7458
49319
56389
29200
96031
72094
95374
44550
11625
12120
24526
87808
44544
70324
23894
88166
63117
11318
36667
69973
45964
72414
94750
52626
59131
66606
8615
26403
63989
64989
76328
55919
97466
60137
79835
51973
30625
12063
70001
7228
28920
43727
86830
40206
80712
96105
42267
17006
84925
64228
79175
9228
2630
96228
53081
11769
60416
27491
50786
65361
5365
40810
20959
14542
14204
14020
67630
88090
84708
26481
53445
29499
42957
68945
25390
84391
23629
43925
50271
51547
99510
84251
36575
5485
27710
48919
32786
55563
30064
42824
72367
47130
43467
22242
21572
67802
96636
2843
85816
87933
11548
41134
3970
57666
27118
32130
87378
46301
65589
82268
23999
52815
30166
46361
80862
84596
15396
83271
96959
69436
85787
42704
13634
68584
11996
32266
59067
76708
16849
77415
17262
47706
63625
3120
21042
59283
85509
87275
76252
93747
4883
16353
33493
63848
23810
85314
33132
98727
18460
89817
77155
57129
1228
41171
81499
10638
95135
83438
43209
83833
7757
1609
70685
68720
95861
99947
1595
31771
52513
11566
30905
37347
27010
32128
81848
80333
90150
98237
26181
45790
39316
30391
1529
85148
91871
22322
71465
52801
69590
50201
95516
39915
42982
44222
59732
34818
78134
50070
42795
27635
33644
97503
41104
98712
39429
23739
79678
28437
13874
65408
55550
37229
72176
91334
25864
69056
38572
38911
5611
73328
56652
85079
9627
99237
81676
33655
26413
37654
93564
21283
60765
66521
86010
50157
21395
73144
1807
27970
31355
97098
97247
21728
51846
57011
73017
79462
16953
47637
21315
7068
75026
45194
57524
55873
75195
17799
61125
88251
52455
3922
8407
37700
23331
71283
85632
46805
81837
96012
18191
32392
53247
63059
65663
41252
72008
63023
65212
68357
28964
68190
8526
23030
96341
85061
25920
30328
62912
35841
34209
93177
12326
47265
94214
20108
64113
67629
89535
13358
67339
14908
71291
31502
87523
99532
92969
2313
66923
12768
49316
22112
67050
56150
26173
20161
71386
35532
36596
18138
86028
97097
48008
76884
34189
65518
68470
28624
38892
3840
80375
74120
49191
94611
63870
57137
36549
50779
91386
84644
97501
13996
10561
21370
34347
2938
13896
42910
5046
16984
84257
90932
90980
85388
66550
25248
69195
62917
52542
6025
53092
14013
75236
64319
65733
71740
46559
55355
17736
62361
70689
22416
93818
98012
22295
72273
26761
9488
89532
10103
84653
65435
73201
83043
59841
30730
51230
58542
20876
10967
55478
33935
95770
61702
89130
28576
79355
44293
82215
50336
55606
81423
2940
30266
4278
28216
57840
60081
10046
24825
58466
25961
35042
97728
92778
82412
14353
13656
70887
8169
87910
79591
64786
67754
75295
98471
14205
2707
73451
35955
87496
32028
89394
25707
77820
85920
30855
65546
47643
81003
16825
87839
39782
76961
14062
74902
51269
35225
12671
3005
65905
39877
7302
90360
69730
15697
87007
62492
89961
98984
91479
88879
50719
24253
97277
31756
46021
79898
1472
36623
79490
51063
24512
66269
6649
84788
70219
94909
86926
79343
50801
61682
67329
74500
73724
2581
64158
16499
76932
27439
50343
50156
28020
31157
32697
40281
51387
30827
24268
19356
77950
29706
82003
33137
97659
8065
90871
45744
5194
91236
74534
15793
76094
51583
74846
26376
76992
40989
22144
4482
79121
98346
57582
13793
25460
59353
82213
68823
53980
53321
16344
6227
51617
41348
36512
27437
43976
41137
78195
59383
24602
69374
13262
63330
33878
724
57030
42164
36857
49234
82354
49565
99291
55591
61360
21678
55957
9296
55447
27993
89954
22740
51227
77484
85122
97292
27507
26968
40566
3777
23884
4865
28227
86583
29098
76012
77790
18780
73073
33834
44677
40425
89380
32117
6785
62951
2359
44903
4496
93208
77641
92855
36854
90877
96698
61883
66547
81484
37149
62269
4917
53075
37527
13345
84891
87376
1186
25602
38414
72196
35932
51194
5446
47310
47467
40136
61262
68804
26875
91717
5121
94419
98261
27886
31585
92389
55879
45341
3290
91504
3925
76632
2276
59648
24792
83936
18833
8294
40725
50209
81568
64391
97281
29948
82061
6757
65703
91710
17948
86371
77505
95008
52363
51247
72988
9993
98635
64596
64740
76518
71843
63213
48633
22164
38020
11572
96373
5181
38550
89631
51882
18661
85103
12471
17756
7289
96407
30544
76323
25328
87000
24554
47156
83276
26778
81663
58163
45967
72738
94341
79647
44106
93594
42352
27919
43080
21293
93316
14830
59461
39341
82618
88884
12072
7622
2446
22299
5191
98138
72086
2915
37790
68535
89491
3184
27553
55786
75343
52521
32267
93545
6403
73621
57049
13768
69676
59439
43537
60725
56410
74787
62321
40318
70417
2387
20633
27157
69571
33339
68052
76792
97433
89876
28654
35825
80948
60682
16663
33961
99088
64074
97932
85028
75994
33263
75121
97173
88195
46237
98698
49019
71216
30845
81348
69396
38073
90530
13096
5228
20098
21040
100000
20399
30472
6121
61395
9470
91255
17892
15161
83617
22308
69333
52055
89311
61186
31262
84389
15998
14903
77681
62704
14622
33217
24884
61565
58286
13088
66914
58976
28476
33395
80807
38623
65257
38308
86334
36563
58236
63259
2281
65693
20558
93232
95560
33114
47468
31203
82934
15804
19460
88305
59049
9201
8762
59854
49097
25579
35839
3354
43028
81075
82341
72182
64320
195
52249
56843
47493
81579
35976
23658
43352
40561
70063
26884
67332
11796
83300
10191
40021
7666
16196
98069
44180
13025
34954
8046
20334
57565
86637
66562
83342
54075
80351
49738
90454
15147
64657
2539
8303
77783
93935
64372
31308
95263
67894
98990
96057
715
17589
84298
15423
19031
90688
16309
92303
21592
86453
58300
49687
68465
37735
15682
91021
37404
14983
845
77944
20951
12687
82295
4617
46450
6212
15265
25397
89088
53896
60442
29682
76332
16608
88958
54705
27897
41097
39901
47720
18365
65831
8034
97142
94912
1107
79042
48676
86117
58361
46186
80909
84289
50633
84000
46606
9389
63394
57939
86555
50775
15763
34776
23262
2550
37328
1611
87203
66344
1191
45036
51555
46188
15608
47742
67354
17230
87205
41551
15797
17552
24013
32005
31910
65934
65197
69147
25940
55650
39848
32163
47235
23350
94592
89298
92572
84514
11154
73547
81705
42303
18480
52758
13108
46718
71329
35818
53966
909
18198
79648
70173
40751
85443
45519
95079
84355
44786
17858
42713
28774
36726
79389
92292
16853
52028
11025
61269
90223
38210
65334
10891
69873
65195
65485
12043
86669
6305
52672
34889
98676
36432
81669
82446
79243
67569
44438
70509
57564
46178
60043
81683
32771
45920
54180
51443
7380
74539
14335
52982
55351
25905
91020
26859
24048
73766
15413
63983
98219
90025
79212
57728
46577
49620
66439
98407
49904
17664
347
68419
68653
57638
85315
38996
90184
40832
57828
24276
27037
59584
35026
19157
84082
79607
76010
36184
21403
37513
18605
69487
24146
32241
10711
7634
6492
258
45865
84089
26283
22454
63771
47666
58789
84981
69019
35058
41026
75695
65214
29230
94789
58463
22182
5804
83927
83012
43326
6554
83820
6570
29567
24630
92822
3319
98242
15667
73471
93165
45010
29248
40027
89487
29434
53958
7414
23390
47912
6585
58760
75542
78259
86198
71011
71683
63410
63228
75240
18028
47454
48625
373
82070
44330
64345
15513
28767
32069
94282
87406
34317
69760
82819
96553
35099
77246
363
80437
75167
91862
43240
56775
22203
90794
68906
40871
10598
57578
69884
76186
68065
33098
97861
3761
23505
61411
29233
17685
57144
92894
16474
48268
5081
12647
15247
14081
22823
96287
36754
50962
45084
10278
85903
80416
32876
13085
53556
70959
37733
61055
77880
28566
39839
41209
9642
50906
72418
34093
34580
98518
78432
87115
23343
82764
56101
38844
90909
29266
19708
62843
64396
48236
12869
76400
51714
52393
73683
66385
73840
2850
89429
97796
77541
78361
43777
59785
78855
70632
95030
9675
56554
26672
41412
68427
1788
78835
34748
89812
26183
17175
31179
40335
30394
70922
73438
29496
98972
89392
26988
45819
32535
71677
21855
78332
51672
18180
36255
23880
17575
57800
64198
26297
26795
31458
86944
13499
80671
70484
97066
73720
95639
98788
94085
17782
21857
98946
7367
23975
97875
7488
14562
90515
56919
31015
62862
28544
67014
20396
8131
28073
84939
39662
7406
95517
84963
35358
8088
40163
78641
29176
45287
45523
69893
23961
2360
51984
25161
76447
10795
99069
70898
62087
16106
89295
58512
73015
40779
7489
6507
59124
97820
9412
82414
67965
55112
43282
90541
56931
75022
15334
35018
19288
19521
62682
76819
6828
80695
71665
56421
58418
63307
67282
37490
15969
72707
11028
4845
84706
21638
41508
47086
28138
60915
6139
30706
29808
81975
66630
29775
86537
93090
50870
95364
50799
99926
60518
61653
95178
34174
63162
52884
31880
33136
57762
97159
98983
70830
33095
81152
83598
82208
8701
24400
896
48246
76412
8137
65315
74308
98899
81432
19655
18335
36309
74857
48549
5663
9438
87311
65808
14698
7884
85848
208
94943
96004
79798
2063
56717
98604
21316
753
30020
86219
95214
74546
70521
78751
33552
35337
67020
55621
62257
6905
11700
26715
10134
24811
78348
22903
20407
91822
84368
69883
24118
40820
37522
81292
98317
5382
54381
28631
55656
2250
57709
79570
27562
65793
94006
93664
736
25217
81138
84838
63012
76339
18159
60246
60896
59873
54725
34351
5812
7588
76197
77186
63586
34088
77987
936
73668
54968
7334
70776
87389
68871
64826
87084
84677
88070
16545
25407
95808
34967
49515
76775
81861
19667
94335
35993
87500
41808
88478
6674
53970
78194
71554
38527
29534
24449
14148
3781
58264
17947
92908
67006
91037
7979
79951
26242
33903
71625
30496
98097
63585
8341
50254
41304
9731
11470
63492
55864
69935
37985
33072
89767
62919
57963
63977
17871
94228
32222
16210
5509
24217
9504
55125
57056
14900
82189
74420
13870
9441
49930
22526
25914
66201
9090
49348
83542
48092
99332
22701
52911
13148
26534
32301
38812
11385
86467
86092
32134
11837
37251
66668
64872
34797
41644
81920
26294
58113
52699
73695
82633
32864
74738
28965
31055
45794
86828
16138
64258
54176
83919
91176
87931
12801
3155
97733
80730
8735
69444
84742
50953
43003
36560
6617
57933
30351
32738
7761
13647
54223
4413
42140
96616
10628
40364
94667
46879
30182
59178
37323
4074
45905
33919
22228
27248
67162
51696
64741
54397
91679
42883
4247
73250
87233
70985
23437
25953
84454
4335
56329
12878
4163
68855
51036
56105
8254
57973
80019
56177
65679
39314
97907
59488
67614
43289
50705
5683
47263
29127
65383
47319
17713
91652
65037
76247
96305
8238
29035
45080
96595
99397
1470
94169
91495
58329
24399
22542
58707
57470
54155
52907
53086
2760
82097
98419
18250
41430
24407
7260
36651
14223
3827
82386
9978
62327
39128
18535
75746
62289
91768
84987
58448
31173
38745
93121
71653
38867
2987
66460
91085
13947
40868
11434
6107
61040
41243
39976
35863
90642
2819
24353
66860
84262
66552
13889
66081
39472
1581
60079
34299
68481
12497
68857
97804
156
67507
42088
3591
99138
39886
43091
75098
66276
51736
82299
63549
13176
15877
54571
76614
50822
18009
6954
97157
73169
51354
35500
63786
27674
15220
96409
86089
9568
21732
96558
23001
20991
75372
31801
24210
63825
51121
65894
54649
51880
78849
32513
28129
79470
72979
43401
85936
16730
35824
73006
19984
45039
29600
4491
12012
55025
52378
76824
8919
51646
46343
2971
60224
6156
53347
11440
9511
66443
27314
22028
34290
61248
1368
55745
39274
18238
81858
28525
830
61960
8646
94440
46660
20032
19206
33712
18565
82282
49044
77124
75552
26019
62095
92775
21288
94441
6734
54838
38659
26049
26102
68939
11194
44780
43130
87019
22976
5416
51211
43677
170
34604
79783
74946
47813
95963
81933
84278
92383
99050
32601
74694
19462
32265
45779
93272
98772
81086
88588
30947
24558
57780
98260
36189
52492
11842
99137
74777
4934
36509
4817
40898
55041
63756
3700
10487
67128
98905
24145
86387
23393
75916
43156
75023
25298
41058
79063
99275
81151
89811
64654
590
55830
28070
80301
89177
25381
32302
69684
57789
24858
17754
43724
20577
15791
20871
37014
7561
16452
53693
54964
98843
59481
21115
65534
8433
79773
45668
77239
30659
10606
52929
34808
13357
2400
96238
34917
75430
40456
56254
15159
31457
86225
60528
53960
33761
56789
6371
17651
19794
92196
14510
55688
2056
95743
12644
70567
88652
61323
14741
44478
40876
18045
48681
44774
38679
67239
10436
56110
65145
75843
53976
10708
92983
7813
58573
84860
11533
4830
84378
908
32141
3006
44357
64250
7388
31451
71222
90581
56955
21147
15035
21095
18483
85537
40571
28107
61054
52134
20660
58933
52587
45064
46777
18666
65382
81608
74614
60930
39311
42054
11063
37723
31842
26634
91003
93840
95095
69177
75303
20641
55725
66984
64534
15574
17650
36721
65597
77410
94274
69922
16770
48668
91951
39268
47006
45705
28859
60260
13688
64822
78619
82484
34361
31738
59376
82424
22453
28815
18701
34829
8835
50023
84281
27573
90998
55938
65386
50548
75924
9429
57951
20673
31642
86224
62688
96310
65066
71590
53136
19749
12652
7033
5921
58730
57875
57059
15696
22527
26725
58148
86040
40216
13552
53790
93916
16814
85624
71966
22082
38643
68108
7282
73696
19990
97351
2415
94132
75712
85330
64447
97883
21815
13682
98838
57482
78075
12659
26281
88214
52070
61033
50660
20499
64716
13798
16361
14713
86984
62168
99711
95313
60351
81533
59518
69895
83346
70778
48070
92891
89796
59459
22576
40196
93647
20433
53695
4376
87602
49310
88134
6800
2611
76347
90026
7981
36555
33528
54724
66594
68035
7174
66609
50087
67663
86809
97920
59890
43583
58216
14052
60364
92309
50236
36539
9526
41390
63981
315
76087
67245
32378
98041
74006
51860
25982
50675
30541
98101
1907
37940
63809
55000
33324
72618
41165
77442
81347
2506
55801
43757
2826
18935
61647
8328
36348
7826
77611
18499
26110
73404
86663
5917
55246
59129
66387
47985
83875
34691
21961
23813
13744
43022
49028
36827
15440
48144
62056
57064
57923
80930
49774
94333
83255
82644
58621
64153
99147
31486
69003
28629
86128
99754
65492
53511
23348
91337
90397
49839
83218
40139
17045
88465
47183
73934
33362
99297
15828
94011
51232
20821
41163
44458
97639
76773
35722
8212
17505
39609
88505
72166
86395
81044
84966
38816
15890
49852
67747
44971
41892
98166
43821
18810
87596
1777
79300
28763
26716
22501
10272
83141
67313
62724
25111
81981
28095
76172
48527
33690
53990
45115
68415
39012
53424
16325
94268
79590
23302
18588
51911
43595
17749
56248
9578
38884
82985
31480
18464
34156
53784
91411
42874
68875
81438
93755
9624
84502
5852
51517
73903
1210
15529
25278
20474
23463
99697
1476
26593
81906
36688
41651
80044
93481
37205
42550
4902
53603
67232
74617
16060
94727
7933
96427
27421
9380
13292
68271
41334
41201
27382
70247
8179
3045
77859
26358
53509
28601
82144
37895
12195
57804
59234
7240
97012
11188
87787
17496
25351
69964
72604
9802
91393
78572
586
79657
47700
7556
59257
94610
53402
7951
29889
40140
49391
92623
57654
10620
30831
71773
89856
38670
46992
46092
34454
81443
31638
4606
24710
66237
75486
62005
64482
30615
8369
58675
11882
8521
76849
95329
8746
32515
86882
53233
9120
46858
49202
10741
35514
89216
15720
16715
74360
64226
78551
18980
70371
61931
95857
70731
34751
64524
15254
20813
44208
88860
51978
21746
3831
5893
66330
74933
95774
8052
76677
75920
66180
85455
40487
31704
73375
63738
12642
3729
13355
49949
8910
96708
79163
68661
55444
56876
83158
36311
46393
63084
16687
96705
39743
72837
2322
37663
22959
1955
86164
29442
36681
65673
99518
42201
86429
14211
20910
58824
82791
15699
31804
37123
40975
95511
87468
24195
96191
10026
90705
70774
35334
62975
12193
99548
46875
95327
9671
64380
25069
18312
98822
86064
80008
49465
63288
34037
30528
52721
54234
81504
51686
65327
55534
45134
41298
7663
80837
61526
81613
5006
70305
82652
13236
10671
10677
37639
20070
97921
22567
55205
79057
76854
19507
54029
43737
36755
84016
92206
96040
12233
51741
85890
20084
19862
90320
85413
39922
19161
13895
22783
99569
75887
66841
74162
34440
37336
42659
95630
81974
57942
12568
70993
80321
25498
37946
57147
32803
70302
5973
57937
96911
89228
53480
16263
85552
25204
74504
19100
65970
85448
74968
59226
58203
34083
82849
3882
80115
59794
81631
38032
35970
83611
98349
90222
4429
64840
33277
2625
31477
92747
67778
30715
40082
44866
37788
63169
39057
76965
39025
17940
25185
82978
61225
8873
50473
87678
61482
72143
6382
98081
13123
44964
9433
62804
84221
27925
88649
99253
72348
45660
67775
96492
10549
71017
58094
76600
76857
25607
36404
28966
57053
64571
71443
81544
12445
86348
24978
13511
81424
45753
87384
91475
52551
40555
23712
54588
18750
23147
16761
82205
40283
23132
8614
1410
50224
16903
66196
56212
19286
92016
41224
23115
23339
67799
81809
80528
4675
29252
63241
16571
95726
29632
31600
41008
17433
31400
75154
53609
30251
35744
80453
67882
55288
13418
21698
99084
32590
8384
5483
50578
44031
42295
25044
30466
85301
26701
60343
43253
30223
80590
21280
19685
50496
89853
6458
84317
27309
39749
36714
4633
31668
67960
41554
19486
94604
61157
7856
96122
93373
55404
56684
21593
79712
59063
68688
99200
94432
76468
75160
21044
26723
55358
23955
58882
11814
88043
43990
99270
32133
81964
68195
14873
77893
16212
6008
34576
7619
41513
67503
55974
47784
94289
62400
65445
11726
53759
21374
60143
64420
31574
24866
61912
14237
33416
70051
10853
5761
73875
81120
22497
929
7638
83059
56528
47982
38692
78838
84664
10101
84873
71313
66290
8704
64305
68566
56925
81229
97161
47292
15186
26315
77323
63821
98079
35120
73329
46229
95693
49257
26664
55371
45101
18860
69832
43023
12276
35786
48582
88480
38204
17596
64619
36889
81764
70547
30366
99153
76554
50540
18124
70958
48610
61771
34758
90038
50396
44157
83136
14476
42648
36433
35544
6219
2929
84852
79196
16039
48291
47605
68281
55348
22193
52382
33497
53648
62501
97154
35386
32976
68178
96875
71145
6791
94211
90735
26833
45546
19454
24298
86210
99902
23676
69562
40352
49504
31082
50954
91585
95800
52583
72242
75911
3429
32077
65809
37784
82154
47360
99194
83867
41372
80133
44361
39423
24956
38284
12458
1549
3441
51715
59204
73808
20727
42226
18352
47714
2301
85046
4638
79083
45265
79704
5303
53054
84433
25255
25291
77103
92880
78021
38092
20123
9413
79044
86067
89976
54733
64540
92555
82420
9685
57631
18574
22646
80946
59331
14808
54601
43784
5635
90229
22697
54125
54212
43681
22777
49475
57870
17534
41857
18619
62309
49797
15723
81620
74858
33597
80184
98991
59608
58021
81751
62359
95057
56361
6378
37016
68677
95785
32214
34913
78007
34886
90720
1683
85630
68883
7225
42787
21741
83602
19799
28682
5340
26618
58834
35960
92188
93601
40591
1598
46418
64922
84840
92372
50441
79799
52674
7465
72996
21347
79440
64960
87430
45532
90214
43464
5396
52890
90418
70172
80705
35275
2464
59767
25853
8172
56850
48480
70287
15373
361
99951
92499
93297
49211
35914
61913
45692
93674
6750
28947
30012
29074
16444
5009
87125
25654
4958
40436
6584
98380
2120
79769
60212
95711
93687
22117
81314
53947
63289
25604
71615
34787
26591
25072
47073
15824
74639
60210
32004
38059
89197
66750
44882
55593
35085
60322
61566
9095
68590
71382
10227
94985
87145
37162
61837
24361
64898
33819
9018
50865
12396
13090
28294
27099
88467
5609
60484
96445
37045
70706
76863
32243
12225
22007
84194
71092
26386
72481
84112
23235
35745
96544
50161
25702
36049
81059
89330
41881
52086
10794
64892
10129
73060
99970
28894
52430
9195
7980
32450
57830
98476
2853
76896
74314
82076
76467
46712
35427
58572
43330
69174
42803
11985
95698
4260
33231
26940
44851
35663
20500
60969
90238
22118
84901
57490
15216
46839
69319
26926
76024
11821
45577
56393
48768
16301
89377
58570
94806
17943
13036
41697
18049
7853
36945
65367
25088
78769
61810
22394
98019
42298
75261
89390
71422
49362
82612
51440
81215
90967
51456
49104
57473
80914
2719
67940
63010
27126
38810
25877
79926
55468
54606
91762
39577
61327
71071
1668
98812
6500
8672
49252
11770
1544
61752
52265
1290
27393
62057
76771
92392
95811
67840
44520
19233
39390
78153
72421
65091
3782
63118
16408
74037
8551
53747
62606
79530
33579
76293
74052
85532
25231
29386
75458
20834
92003
53337
90558
20686
30412
23628
96689
55331
57866
60718
44665
65394
65437
60812
89285
45632
94534
14425
75020
19834
16494
6419
18838
42106
45408
51857
66697
40573
38546
11636
54358
98945
52711
4006
23778
93692
36096
11649
67008
5125
22030
9649
66998
96574
28843
56170
5455
80417
79478
9752
14527
77567
83454
68902
94433
32584
83408
81014
49072
3353
54441
69660
70479
16115
49334
60180
45841
86351
33554
50861
24846
59797
76816
7445
71437
26055
73334
80986
25021
76569
72982
6148
75738
8750
91709
82560
44156
13513
16632
80502
14722
52408
65585
38633
10779
76765
62779
27214
67285
61847
52059
20475
93965
87119
35897
4064
24193
66241
11871
97980
22766
42974
4904
83132
68054
24264
53585
15972
29785
92498
45260
8637
36746
16610
22274
48994
5066
17414
20492
63447
46282
15355
83926
8491
89702
99213
15734
20481
30459
48844
90704
74538
62551
2048
29217
60997
16577
91151
487
66961
80068
51450
22113
21569
69900
48526
36066
99939
66579
67877
39791
79452
49416
16952
21004
66173
2825
81626
28755
81696
98203
28290
6663
53144
71010
13440
91538
19728
95697
17512
8732
82505
18478
52449
51071
35019
35407
17934
52090
71322
78024
35363
70846
56349
61200
9450
92260
6133
11083
87947
90390
74823
26977
16740
12794
90770
71359
60728
60815
82375
2596
97983
85370
47336
35347
83222
10395
47011
240
294
60308
16915
55068
84347
63566
26322
26184
2676
89980
39129
2327
33812
15307
778
96282
47870
93132
39458
53636
73059
54194
31298
97170
72693
83529
6313
44816
18799
94113
21905
55931
75780
32285
10761
28573
60625
65619
92010
42159
75359
32102
58461
59417
28120
13851
2336
75231
67257
48750
66368
41821
22864
85628
48330
94143
82959
76756
46582
81957
34855
69255
12866
29310
4535
17456
54976
99944
52948
91424
19895
85142
54484
54279
12226
24898
27342
96782
49525
4741
75083
7176
24339
60397
28237
50639
42901
18307
6102
33112
97713
6512
38519
58489
82582
93161
3057
86493
6719
7005
4295
77753
12457
47440
15927
16487
5651
49146
89212
33871
30235
50525
48989
58523
95721
65055
47753
427
80312
41822
40866
68943
50130
42481
10417
76645
93836
61868
58744
365
47906
94091
73682
23860
16429
68277
73066
18010
31963
82060
43774
25756
180
65819
93005
57468
79156
50711
42309
76743
7698
63618
87942
50759
52970
12158
69782
93524
68169
46465
7351
40267
90790
38213
9925
38018
31325
58108
86397
61538
49008
42507
73418
37228
5135
89931
88261
97498
58147
64902
32411
66041
95390
35428
41235
28750
35880
67898
26755
83880
5771
35894
36445
72402
57898
21640
81571
88936
73604
87342
43476
16868
7221
84507
76100
94742
97355
96369
95467
73517
20048
86558
70183
78193
76322
25509
77919
55732
99089
66459
68813
70529
39237
76500
72003
88115
75257
38624
68045
83704
1720
89323
78589
14681
55423
34360
87705
47463
9481
68923
46417
35974
32609
60271
75192
90173
52895
91309
99982
56987
87860
71466
5005
49658
73008
98561
39494
85471
15538
19379
25594
83354
72247
27921
60982
91060
46005
53052
98538
37959
30967
10488
72041
73913
82361
65862
96686
60944
18353
272
81005
77364
68921
99815
8317
95500
87447
920
8307
4059
30313
54633
81344
98514
76624
92516
3468
78709
74619
70934
38922
62010
41013
53488
59791
41132
52802
34658
10982
68777
69089
3846
20907
50739
29875
44488
91188
24229
26754
24739
13817
23372
37818
14480
19209
84017
14039
44276
10680
45602
49793
38276
773
15377
2370
73121
66127
37423
1978
84909
55301
69163
72430
7113
41526
90147
66314
17932
71995
49462
57227
10896
13092
33780
64120
63856
41119
64559
63112
59366
79159
11696
61585
71602
41464
2680
18847
49470
45782
30605
75262
53371
61389
92678
1477
89802
65224
86386
34998
44002
16068
10112
44402
65064
18096
47087
87268
52892
39199
15626
39000
66056
14130
1455
67739
93419
52450
30137
18635
56740
93126
8877
36176
93869
49189
75071
3261
24609
63931
1887
54536
84272
64497
97899
83105
65493
91469
54413
42260
88307
24541
11537
98082
61363
44493
19614
10855
21413
83545
5646
57026
64543
24556
55985
26456
51913
75420
61984
65151
98254
87226
82960
73819
48391
49149
35032
5428
67422
37488
41742
22619
85151
43071
74391
68085
45752
64369
30162
82838
94595
36833
57481
93042
36511
28812
75624
88795
46998
29879
99173
65901
9297
92096
13210
85613
75294
76161
25245
5288
43704
63266
3974
11339
39857
10489
79683
49128
83280
80005
61763
62029
15839
30236
54420
4275
85713
9324
88745
65205
73365
65876
89437
78128
34038
82767
57213
85563
82048
52406
76507
89403
40836
59109
78983
26044
189
32152
634
32504
72797
71229
14064
78747
50153
92608
5606
72454
55485
13931
85743
80418
80934
70315
86499
91849
54757
20532
37690
93789
75400
31368
64184
86879
28685
91418
66206
44553
11338
59671
40540
4234
22456
17151
67319
60176
80943
15104
85738
4761
76532
89126
61586
15528
6875
34127
72767
92607
89869
25901
50994
29067
34307
20129
44166
41864
53773
68843
47330
43979
59821
20061
66558
3250
51776
95218
51849
62324
92851
28261
49840
89647
73880
86791
27506
47793
76987
63612
91734
78287
37807
56803
88487
69747
23441
49434
81674
79277
24323
27762
61161
75883
27845
37353
15309
38033
44662
61278
52040
75358
24946
94417
96633
17679
61460
45172
12983
31679
20796
86133
76465
78199
27052
77199
75378
59687
80248
71788
83052
3756
70160
18518
48169
96109
61505
37292
55812
62694
11576
81968
59100
16603
67231
81245
3811
60548
96734
48270
1106
18731
98105
78651
62579
47563
29707
42731
754
23816
64028
17293
79312
86190
20506
35468
56903
65684
33434
70393
32524
60529
37395
52625
49448
64650
8305
99157
36572
27411
32577
7922
53935
64945
58408
11360
40240
33295
44999
63111
57691
81831
24130
80469
30260
41487
16399
93345
43967
53750
65003
73269
65336
80871
35631
44018
78592
39872
4417
35669
81384
89434
20878
34219
78017
31868
29043
9524
8718
4225
35940
47711
75426
632
47626
64984
84618
19474
83769
84159
31743
82184
82617
15622
71337
75751
86093
39469
54300
27603
37777
46446
66612
54004
29374
35160
56707
15710
13679
37312
91448
82419
69310
19897
7290
7277
50113
17285
40764
28104
91683
90712
40250
63878
15084
10706
5811
32878
64841
94067
5556
6249
55877
6872
16752
51127
73469
23059
83228
98435
82330
44534
79620
23271
30645
81298
49320
39615
39858
99389
72581
80900
58710
44940
75138
57516
29656
4551
48167
22582
72646
77515
79595
47748
56699
62402
66027
37742
70736
3195
76702
37405
77817
26864
25735
27486
98637
8222
25858
27076
86894
95707
32631
81565
39046
64910
65060
14839
14599
86242
47747
92110
49353
36768
39229
12635
76559
30361
64854
15647
17423
89941
87687
31387
92947
64062
1033
91977
43138
21047
40214
26930
83291
10240
84605
40872
3917
96994
97862
14352
72412
87223
39751
88872
81762
87176
5716
41481
5942
19941
38791
11899
94393
50659
68557
11666
40441
96542
35705
39820
79811
60118
59739
79456
13429
90805
72446
89897
47576
39240
67542
73076
95856
7252
47335
77948
75157
98536
73575
35785
95401
82588
13762
26522
61858
55146
58240
30595
6106
68611
39087
47931
62467
93739
70843
41000
25798
12400
82385
94201
86319
62647
6126
62630
95620
43852
77483
27990
93708
78819
25565
56580
40249
2951
42673
3066
35474
29452
75416
58043
45988
34193
79436
40460
63145
37914
36783
71963
44540
10232
73672
62863
90455
52384
12828
39659
27513
71907
52219
83299
35906
8499
56184
9727
75110
92084
12538
87425
38675
8843
93859
387
96555
23072
20184
41961
63384
60579
12071
90180
49015
5418
36043
92898
69901
98106
57433
46230
38448
69490
30908
83584
16392
61930
71508
70432
58602
56343
31734
45379
77249
29300
89657
13548
10577
40485
47545
14168
3077
69447
36044
95362
45571
61900
13569
37523
40349
108
67757
83528
96997
49452
66410
27218
89156
70441
14005
19648
15295
60092
17434
58604
74543
88587
46824
21045
34467
4818
1620
16653
98466
61197
25724
22241
71792
42853
16755
22317
94050
18404
39066
31153
32656
83274
53844
52214
92327
41510
36948
98623
10732
46247
48353
97665
97474
63835
12480
56386
20403
26115
11345
78772
54790
8319
5463
44697
37840
41292
49440
92029
18444
54201
48725
71121
26247
42018
7427
49722
94997
86922
29681
29934
82511
57341
76546
99162
44426
54691
39804
72181
33433
44264
89281
31796
22493
87377
72388
28509
79618
49697
9459
68696
54163
45658
79790
80082
5381
97427
66603
12748
23498
45525
26429
31439
70751
38620
75235
72510
4306
54896
97463
20413
19693
853
16920
92642
40192
23791
57379
77302
38905
60619
26229
98593
5566
25588
7580
49314
71243
81227
10256
55250
81521
59042
7191
46586
79290
45680
14203
96091
70288
61265
94423
1767
493
21486
73749
79082
65532
58365
649
63121
60959
65118
7520
84427
97487
32221
26036
17310
50713
26125
79653
54258
83434
28246
79305
53040
81895
6973
19705
50745
69696
33806
39861
60091
68817
60063
75286
88685
57221
77370
952
83064
19072
47232
81271
10466
43599
30211
12763
12693
75068
73675
60357
39356
14195
68119
61180
69219
54573
6228
72399
14135
52244
73468
99846
68328
35155
83671
15512
55844
74269
98571
70264
93571
70106
6956
72754
23191
77722
26099
81236
68187
50335
87944
77816
69585
56744
74426
97324
74586
14962
2053
45993
45292
56641
45019
26214
75995
78554
38157
77561
19545
56624
57174
78563
82039
12860
10106
22759
52933
30527
20854
62444
75546
52549
87966
38569
41180
25606
64041
34852
26166
76199
74895
1569
96844
13930
66487
54966
13570
35247
70317
94761
58631
24595
16149
36893
8045
54642
22639
7753
7239
93648
87061
2023
58213
14422
78230
82727
80857
84808
49066
47305
51906
44090
22195
18988
28627
53186
72092
71325
26484
20501
68698
61540
76602
70971
76212
46289
84980
13599
35703
6830
44936
87139
15430
69042
47880
32818
2310
16981
65745
13154
11684
55514
28268
97376
51180
21463
8314
29147
65285
21491
21996
17671
36185
67216
53504
44997
78844
27019
10460
91607
32156
96291
70579
98707
35388
93683
17306
60785
77535
93753
26891
97588
27832
2757
24720
65687
18001
71836
47031
72119
13319
95137
27094
35300
88684
81591
40370
52331
99930
17558
74781
17416
41373
63857
40245
70189
40923
5906
37467
49431
95194
74255
22198
35632
27857
96008
29181
99005
50811
2057
59796
30520
65581
80963
31961
62162
16224
52247
4309
70766
88063
21972
73799
43650
93714
57685
37661
7241
74134
85175
43983
17565
28074
41875
64360
20350
70913
28384
59313
43083
78313
84530
79120
52466
88996
89338
94170
59951
79558
80443
91081
96586
48218
59041
5731
64778
19622
36718
58373
63953
84220
73857
77220
47164
51908
36025
46887
17066
7731
66944
71518
48973
47216
88495
53148
91987
83946
2197
40051
31633
52742
28069
4348
59557
13540
86355
46598
5848
33858
48458
28992
63209
99517
73626
85019
61576
42083
87725
2315
37977
70179
97220
74540
92800
45404
70306
84370
18803
45944
31544
34585
38499
15913
102
75899
77695
6941
39860
78929
72984
46854
65078
96052
60603
39282
29780
35220
21829
20364
7929
68082
21548
70576
9602
69283
57818
34626
66390
8589
91483
77176
29012
92487
50838
8700
97293
6247
98596
45613
65311
26762
87655
7048
39070
24688
53496
74354
14356
36610
96977
34687
55561
73950
65909
33345
28975
22666
49508
46501
27811
84572
90262
2808
97515
46496
20379
20234
32830
95985
38648
88270
18940
99528
20969
2748
71233
76098
70548
73242
52586
70042
20723
80404
5069
15378
67431
45524
81584
50191
73936
63940
4330
61659
52998
42462
59737
19645
4747
38407
34863
52337
35820
28021
20908
569
78797
86666
36117
22544
12067
31213
41883
82418
30733
13736
37925
83369
18189
92212
75095
41942
61618
49743
90154
80369
98424
71766
64932
6494
98605
5499
15731
90443
53168
86367
1100
78631
91162
31729
61861
27006
97216
20020
95750
24201
59786
99917
8756
24052
13916
60897
69282
84968
96332
55212
42195
10703
40446
20837
36639
47935
26444
76749
68670
51601
40106
19999
35356
28167
641
98663
53176
74624
74452
97086
4686
87543
82888
31993
24966
22689
80926
84395
91644
38689
85999
39154
43831
85231
85287
13758
57445
69012
99894
74045
58735
8370
5792
72068
34060
49964
49045
98603
14441
23652
44674
66893
39497
68602
9793
62801
15450
47035
3933
38393
11853
24552
48208
68418
33244
29429
16759
78496
86336
59891
55783
23032
15069
71044
35380
93065
36708
61052
34491
73786
73689
73993
70338
81645
81806
33219
17005
85634
86273
18231
19842
87979
15073
37223
37756
86431
70131
53425
33051
97543
23174
37366
43541
21230
93536
38891
39477
95323
35840
81494
32227
72254
15194
99762
39594
58699
23774
7613
22915
99468
79227
98673
8274
24238
47290
1344
1413
74136
55175
29673
20266
59964
69592
48982
78633
26714
5692
23057
3611
92128
92671
87099
65671
92497
26966
84853
28903
93827
11282
59959
13697
33549
67243
80799
15080
64807
59580
23579
7097
43530
50302
35174
97877
31376
4144
36780
13414
30232
59510
27345
4925
60951
6772
30868
15043
20303
75135
20384
10846
58261
31314
31508
75900
54269
13308
78805
80803
3340
68235
56603
71965
3991
35537
56787
98813
16236
36537
99684
60141
24684
53878
56199
38187
73956
72596
81450
93940
44549
64637
54307
81046
22344
41560
14171
24589
15150
58531
94355
30820
19083
57860
16696
29584
8709
87817
24913
39605
28338
62933
91231
30300
11050
75581
98256
78597
48638
73077
71992
91825
62412
81839
50940
63559
66504
37518
94263
33482
28665
99923
27043
30168
99352
92061
52574
95267
35487
21394
81357
86427
75021
1563
36027
18175
299
23014
44849
42679
38758
89867
54563
84848
11558
63788
71100
4463
86642
5886
10000
57372
42776
55126
52860
45637
3262
3148
92259
33959
69215
92546
41429
74310
25178
12632
97785
93850
27105
85013
19606
52355
41702
1865
98374
4158
31321
39108
25806
11184
16166
85018
75148
37407
91351
21519
48409
11612
4011
1385
76469
86559
85483
14191
81833
97961
58892
91010
55492
65274
73501
77662
41545
23194
2903
51603
88602
69529
88107
68282
66747
17880
52278
53919
84180
52915
81656
77600
87815
35103
8490
71679
80643
80819
22751
54859
94350
70335
14649
93944
79254
79890
18600
74321
83493
61266
21991
31178
5883
49963
98002
13865
11193
54416
12646
65681
87214
10760
70238
67073
12381
74661
25541
79887
43947
32262
93669
38888
80020
26886
45788
51420
163
66479
97947
46020
39286
14896
354
1880
44700
77960
97081
10955
97763
73190
89718
40805
94016
52582
64099
52287
17311
55893
56356
7216
7272
78214
82626
94688
51278
56861
81080
92818
64044
46153
91273
9917
77927
50220
87128
20679
82862
96455
14244
8440
78871
24548
67359
78594
38014
56231
7257
96790
47496
36498
93075
7624
10361
25102
38920
47999
78416
3350
30086
38808
29871
69231
12800
1602
66798
41825
49261
79698
4196
7604
35506
7681
32462
58800
89503
28041
67558
89899
78315
98943
53463
15177
99573
65219
36953
61670
12151
96018
42902
35528
33460
33148
21453
44095
76104
15126
23546
52026
50973
19289
18853
67988
44091
12593
96791
15887
1249
70034
85895
23865
63673
92295
96516
78530
62965
51363
3411
85466
30080
50628
85947
22921
79499
12727
2406
38533
75550
78866
54906
59850
40875
99906
87740
3556
69170
81043
83990
17216
84931
986
3500
59453
18867
61337
53754
43271
72305
22210
15270
97291
48748
10533
49336
97143
20074
22811
66926
34147
63406
36894
62377
41112
51779
17308
75679
84084
517
84951
23362
51391
45400
72451
34790
21104
21372
62559
65628
35116
98931
94484
5970
75654
4149
90710
389
44178
81381
65963
26680
49919
9208
66297
58625
49557
40008
42181
31046
9025
41601
833
88425
39838
96384
41846
6852
8605
41456
22739
96600
29693
31532
98001
52687
81401
97852
67435
50429
97471
33182
34927
46655
83659
8426
32562
95974
44951
41014
83213
30661
24246
85505
55638
24467
62177
75681
24183
6201
11225
42773
48194
95796
64643
77914
88461
39169
89114
70693
41514
92693
4018
91793
33380
8239
9633
86878
80390
41485
64901
3753
23635
11139
88500
52024
19968
54196
41749
65599
39728
62712
36224
29089
58525
99020
25852
57567
16677
7718
15404
48537
20825
70266
21322
88497
67448
3549
21939
420
61629
60278
27944
83530
67447
27724
72174
38175
69366
76766
82031
83698
91604
85125
35333
63220
19552
16077
73635
25642
28892
68191
43290
16367
29357
41491
23024
25275
20221
84655
49018
16032
51620
92125
14026
45277
94279
63081
267
83196
5459
53363
80433
20307
60524
860
93654
21108
70132
41906
42577
88077
40757
24221
40908
79179
1222
42250
74910
70298
2563
65959
39432
23924
17652
92656
81052
71535
28204
85380
1142
3111
7543
77257
28168
16614
27025
64413
11895
60957
68658
36030
16896
45262
37056
84165
18896
76038
7942
56970
33374
85515
60380
42440
385
22167
69005
4726
68771
98789
83558
24982
6610
55117
6233
75437
81935
36654
35971
24990
92289
27630
82315
72635
82594
38951
37180
37604
8441
72205
11185
33336
4254
53472
52635
63992
73969
14981
55225
37037
89576
26045
68081
35843
48951
79706
64327
9257
56095
40970
19400
71857
71340
96015
72434
1445
43211
66011
63100
91489
71899
8702
46521
80103
80150
18636
36658
45369
69399
48053
83223
79438
52390
78502
53155
76652
58704
5218
92139
58615
88281
25304
67343
22314
6552
34812
77806
47401
37698
9915
85875
60013
50084
1465
56447
79029
93621
24863
38880
52912
61237
1633
68614
41879
67225
38123
76894
42404
31991
9866
36478
18168
53407
98162
18880
95528
76334
97635
96834
82729
61537
84035
85658
36682
28126
37620
67834
63582
12080
53372
36140
23649
54605
92359
25395
2731
72697
41486
75234
76001
14558
24848
10117
95996
30008
93061
96195
70786
33149
17639
5813
66039
33941
68251
98353
67627
86247
6238
7236
90209
2516
51690
90957
30196
18142
94845
83118
48116
70897
68023
3127
43439
52436
71445
50266
15132
50864
85504
62882
9904
89968
41437
74307
75870
19087
20279
48646
66412
37040
30988
73554
27580
73581
38881
18578
37583
94382
43035
55300
66287
31352
91801
84529
95950
39074
72099
45931
81448
56060
28786
29784
78347
15234
78561
56326
15462
32286
14147
96142
72286
59601
57987
30210
88111
32356
78610
49679
86762
38994
86947
50234
43085
76739
11794
89265
57185
15552
38043
93762
24115
36416
97768
87408
51077
32898
63402
3109
96643
63523
98949
60983
21803
12811
63321
161
25424
90143
4183
98011
57713
616
47487
79970
76245
56427
74217
71073
57863
28628
53152
36791
69290
89922
74250
84603
6765
21367
44066
31556
78872
15736
54652
99045
63808
9367
71176
46974
49659
38267
83351
8898
57559
80496
74286
84091
25751
50806
9111
10423
92255
68412
67598
68983
52852
22278
64150
80276
88836
51604
21428
13274
57434
66025
28063
64613
14520
64776
21152
7451
12168
97661
72647
89089
88044
26391
21836
77800
7444
97673
8684
89694
59720
24799
51188
91753
87171
21918
51971
38199
58992
84001
78281
8248
64077
21076
73420
5630
45338
23789
34346
19349
46679
90074
15802
44690
94347
13786
87906
40054
57793
97425
89210
14011
44301
66587
63349
67478
52783
92376
6763
121
97929
7602
61776
39207
77793
85041
86839
26439
94601
2456
64220
74106
64999
80123
43302
97652
21925
18211
94266
18686
76738
66306
9931
60375
74345
3758
30255
4029
64434
76747
882
88327
11303
65653
57237
73460
70964
98936
35224
41847
30416
49580
40071
13156
5324
76319
56474
97550
77437
29187
37443
48605
44315
62476
27678
37479
96116
61039
38170
63802
98524
13287
96380
35869
70917
50449
57795
36226
98316
38598
89786
95569
43730
38761
83842
51594
17866
50619
87365
82463
17750
4832
29107
12751
9435
95633
52920
15687
79692
17958
27743
42860
96983
42608
5208
95691
11219
56651
11142
92042
92280
5193
86406
29406
12928
26136
16717
61386
79442
82590
20030
72495
74519
79660
91102
22259
39409
41595
57178
62357
80844
36369
34746
92133
80189
96280
482
3271
79053
52774
23034
41568
64276
1374
17217
54186
755
18700
10383
36374
31511
63637
15348
13867
95254
20552
12606
50186
27984
54727
73068
72154
35393
53830
34343
135
78569
61310
67333
1780
41007
84856
3872
3147
82803
18609
62101
33133
28968
67505
18627
11060
17853
1423
16169
97288
33534
9143
1505
236
50309
97482
45572
17705
42355
16202
73260
20144
93120
10196
77169
30511
43442
35782
92221
14386
32883
25725
84950
38109
9762
15362
33707
99127
26800
11969
96232
47548
19931
21949
62230
84352
25243
37168
61473
66570
43886
97538
18715
66225
58774
74525
93450
80408
74201
16885
57076
32312
15988
63773
36846
42524
28749
8331
35398
24252
3745
40656
83452
90816
17210
41278
87875
9153
74767
67578
76180
71685
86007
5466
87911
34662
26673
20966
70691
23354
46661
64575
93484
60283
13718
86629
67220
47254
41102
1969
47965
14836
80795
36983
26509
93406
31191
64850
17498
54007
90983
15795
54749
62572
47315
99827
90003
2463
25635
41878
67230
23389
66701
9027
47485
77850
37396
61966
83409
31417
10447
92240
51048
53264
35478
34071
13259
78510
16933
68561
98257
41787
73374
97970
70676
85832
54088
33833
43255
68102
94154
81228
62885
15676
31348
49506
8136
84322
53179
83575
99380
80661
41711
59874
18363
19889
95911
16496
21843
7511
51817
27151
67308
88299
69008
18640
34928
89912
98736
77105
62648
36139
99514
99011
95113
2195
22370
68387
42272
66911
5420
24450
13551
36151
27264
31138
65347
60129
51703
6455
77691
9117
19808
70175
73444
42734
77930
28310
51919
54740
65192
66186
82100
29710
4512
18406
89925
55241
45936
35735
21243
71101
12470
8736
3105
19135
37009
13099
50565
66828
36245
92250
75388
59793
18094
56923
80006
22589
33262
27086
97055
40582
61759
15719
54342
95032
46333
85986
68367
12962
38540
40830
58757
98927
23920
61965
55473
39873
21744
19162
8352
83585
23648
92742
92950
92570
24812
99686
82535
8781
10263
20750
24398
7332
81710
37540
9698
30054
70772
374
46165
89717
21452
95444
80659
51941
74280
12167
56229
91802
62222
45098
22690
55666
71281
94311
31717
94151
30722
45388
75089
25696
61038
65213
56944
87402
41415
51076
19625
88882
6510
94029
18844
99642
78476
57016
75880
35692
97560
97781
92624
86512
39368
46870
95525
25838
4036
22432
48431
82251
21628
47936
77315
16460
61242
44800
59813
43471
61080
39895
66223
67700
57436
35797
38244
7941
98092
86214
87941
2017
46938
11883
14362
38607
52343
95108
57546
43804
65292
13498
93998
99117
50408
26342
40981
41042
21725
40653
42672
53761
15840
16007
73982
72851
16918
58781
26983
62664
66602
73919
93748
71700
79957
83557
91361
22641
18351
5722
61852
12885
43689
71864
4264
9066
24508
44785
83894
95840
83570
97554
61390
97729
30563
35316
38373
52514
38545
79632
93497
32967
94983
7931
5660
14968
63695
82843
51618
10353
95029
70328
66359
73594
73353
13018
58437
848
93656
12622
67624
83583
84830
85076
27187
14507
66021
44290
1548
71165
62411
99629
43718
84582
80813
1173
49005
86571
68710
70337
22079
96618
53839
51107
48572
71262
62986
9691
43248
89896
35488
37248
4450
87920
13258
79889
50448
7288
6639
83863
70357
24603
47899
21794
23198
17779
49163
30029
87375
57402
58796
72545
4343
14998
7476
5258
43894
64993
54555
63152
51195
55294
98341
56345
93167
10615
32224
18551
57312
57936
30444
10068
23962
19124
95321
20450
37253
85578
65843
75507
28479
41421
92811
7545
87575
57693
4101
96848
5430
53163
4300
93396
25061
39788
19330
38295
90752
67383
9118
29724
48336
98628
14328
1682
49617
22115
98769
95767
43709
26356
6664
46419
17425
90676
25521
83258
12703
58610
34733
59496
25321
86503
81102
23304
51950
50083
1179
86504
69741
26389
17523
64188
25734
23871
72562
62509
75451
84942
12757
88441
84678
95700
73113
50258
95
38413
99987
8776
24470
30471
82477
76080
56032
72720
62240
23385
98204
27326
4503
81002
31695
10444
28082
41413
10689
8421
87946
3074
96267
17894
1287
5275
14288
68560
35712
42818
10311
53530
49599
77863
62935
65302
97060
72431
48477
10834
1336
58073
84615
59071
35853
62296
56984
25447
1965
70551
25126
85086
14967
65229
61379
8930
74883
81776
55577
88850
10198
28896
90037
57540
77129
4361
53010
8235
76876
96140
5031
11190
24344
52044
99281
99095
34971
11767
10378
83940
16938
52842
12537
32273
29869
12339
69367
77984
38635
83216
54477
76923
70662
19861
25638
82628
93480
55851
1454
7855
8008
68891
27629
83182
55398
54817
75922
43699
6135
65395
57621
73731
29553
64849
39977
50285
16278
91459
64515
8081
25259
55370
56417
36592
42754
18303
27383
79228
62910
82929
13243
72053
49067
484
98171
9133
99683
76959
16347
32765
17316
90987
72726
55578
28316
25749
85347
22040
60288
34419
39556
99044
29580
23958
38753
13187
79925
87374
75981
90034
4942
21599
14993
28819
16074
68540
61444
73226
82523
14088
64811
82763
80965
61172
87915
95531
76490
66242
8365
14593
86874
82885
70818
55269
12786
2294
98823
73702
83119
2801
81460
96820
79474
89635
40494
1373
20701
81781
69181
79581
6631
50785
65355
92002
95930
5544
49759
71770
43971
6031
22439
99660
19959
53188
5872
34173
42263
27234
91058
73909
29185
37913
65582
94384
60500
69537
30731
22428
7145
45730
64110
63702
41286
98766
20705
96591
50680
34605
26588
13251
49960
76168
8284
78611
73361
55837
77286
59620
90942
70406
50782
55705
58399
96565
55748
40444
69994
20978
58547
42614
7249
10976
58057
81468
35483
52425
92584
58611
32815
41219
67584
52074
29942
56165
11950
22457
53274
2919
64015
36843
13949
4815
92794
54885
49075
23427
80435
37515
70474
8302
69289
80131
45238
27595
37311
46770
62063
75228
15153
24393
27401
56659
71723
44230
64363
20151
23694
37964
49292
71295
82428
21573
9725
81013
70155
610
30758
69616
4852
82722
44323
2143
15853
74417
4913
21070
34101
36154
81588
78829
79229
82619
4333
77654
669
89349
1239
88617
59330
67154
1310
49181
11662
46207
94155
17470
11474
22621
84130
78582
67518
64763
59758
82766
97971
65312
74872
21629
16050
31289
84126
30574
26745
81399
93770
41915
79352
59597
31636
28692
28335
48521
84657
1839
76547
36869
10045
85250
12218
85386
93857
71549
30099
48575
19608
41728
73441
54036
69493
84947
20945
66444
84583
24679
80429
61211
72137
73899
44615
43461
12408
18285
83932
94379
11132
67749
47427
66483
81342
10484
12176
35575
11295
92776
61287
43273
40637
29574
9079
71078
54421
59299
72517
87932
98853
73560
95147
94150
11586
84910
37647
3003
62322
3179
68866
20250
85205
21637
30794
9454
6550
86911
40498
74958
31776
2623
24880
96265
18826
94218
21940
11502
18091
35043
78944
10428
36936
20179
2665
22540
9859
19261
12204
74791
90653
68914
44683
33807
50370
4329
32490
89116
87605
89768
13223
15120
49740
38008
34239
78292
52043
61354
37603
77070
98269
68870
8271
49351
76609
25860
50252
47848
29814
86322
69039
91673
22772
84960
26717
81211
3485
2681
23397
78667
91377
5022
48654
83794
48642
61539
11074
83176
37870
71863
10387
14860
44701
76381
23443
2939
7261
56795
37629
41056
4078
42929
84561
46746
39162
17402
65570
13818
87093
93955
38716
8083
59928
74835
90160
23552
55022
47769
11191
329
90496
16251
13040
99708
51059
81797
2936
86844
11514
87229
2067
28426
10474
56705
92251
5470
26261
20869
14682
65320
31834
68597
53177
68926
40667
1483
95125
94198
4635
99958
46843
46019
42414
33128
4840
31020
52879
5417
31981
81937
63159
5060
93457
9693
23438
14573
69175
90170
13980
70448
74923
39215
67261
96059
16290
68761
87414
95617
2896
51270
13788
4208
84581
5403
35232
54422
21643
20051
82782
47193
68327
6627
17280
54739
44484
2725
93846
31536
62593
19590
55255
62277
41497
32642
87868
72721
83573
83844
5576
77873
12257
42946
8163
77762
75360
45158
95776
80242
51554
51546
67670
66941
41176
43090
96899
71461
77200
9044
73900
98551
7079
36704
21371
3018
29180
1957
8509
77763
30819
14142
38869
6571
96273
72019
87782
3625
23564
35911
9534
98825
26801
96906
74196
7734
97559
36207
62911
30085
63233
22226
64338
30851
94717
45471
88721
31800
65110
90556
45828
21766
36079
32531
1411
66167
18090
54089
22397
59402
825
48559
39397
91565
8058
35766
9436
75604
22940
19691
96136
89837
83948
22392
22698
89421
54126
27215
46822
78258
83694
88507
51985
69021
93137
17966
33439
21540
6540
31587
46872
93290
56743
81352
39021
50545
11005
87098
33722
40556
44313
2782
51376
2200
26234
43822
43655
75675
97169
27392
15236
60460
52199
90500
42010
25032
30707
90896
18632
3698
44358
82171
72157
74191
32167
55803
90290
2601
43811
1419
96394
12450
42675
72190
73844
82683
86483
19716
95223
65280
91268
20861
7292
16097
16133
8950
13151
86285
16928
85058
30968
9862
37258
70091
58606
51037
11359
44200
4308
98167
68377
30658
77321
90567
86119
89013
21052
88334
25211
81440
90507
44602
64584
14977
73933
57446
57103
87010
327
28438
79789
5662
59085
10876
32743
16530
17810
56207
5192
76432
7840
38044
12868
76877
31637
75425
70787
70137
1757
40860
81882
36484
75171
34627
11618
5140
22423
86919
6968
55243
39383
59347
61773
8015
76967
11885
43527
26812
26695
53938
61195
47764
22271
39803
56645
81712
74202
72934
13466
36155
72499
278
8841
36524
78185
1379
59697
51763
2316
61939
96120
82816
9998
81605
30193
59381
20696
77684
63080
41062
60774
23590
57199
22357
33757
54760
85551
73577
9819
82203
13580
4909
32127
3486
36624
18505
97341
56360
49979
16179
37005
78994
4313
91719
27451
93349
43382
6229
9191
59808
2451
69575
77283
91363
41869
90775
75522
71975
10499
90134
10066
46955
75529
46006
44612
73730
36330
36391
44867
31627
54822
22770
6332
22950
56040
54742
39826
8694
60693
68769
46603
48089
87528
14637
75756
21737
22004
32169
79661
47100
99102
45490
662
48701
92755
13144
71248
4662
88026
46327
16442
40784
67937
72244
55696
11480
87309
10079
53182
5582
65199
70156
95652
32063
40950
21415
21427
28348
85813
40816
52628
85513
69736
52133
90929
7244
11760
96351
7485
10465
48863
12984
75356
7035
60062
52707
6130
18315
97079
22901
85622
84683
82805
62339
78299
12109
91830
7484
34020
88853
30769
81541
9332
3576
62929
90303
27772
65196
16584
26042
56510
98176
40497
75452
27404
14733
43082
8837
20164
91847
75509
65001
21106
10814
29095
33041
54640
73413
91089
35069
70512
92714
51369
55214
62353
88343
6648
69637
28334
12810
51580
83289
49258
77145
75877
64871
98827
97787
39859
59104
3398
94216
35189
64645
30479
39152
52529
83494
67497
42328
10411
28369
4124
74963
57396
86534
53227
34273
67369
26783
30886
57957
92161
50178
80861
34116
49457
45263
89793
4734
61935
54779
80749
88047
49143
90649
86891
52374
26853
48064
76220
8616
35763
71284
54142
784
19320
34225
47972
50846
2258
60162
42169
77967
99119
56043
87696
91546
35672
45481
65457
39912
74548
57786
42261
59960
99330
35473
23102
83622
86507
38909
96858
99554
78536
20271
913
1469
57123
96450
88241
99205
79631
57219
27207
86706
54539
94971
40638
45528
32969
51697
66653
99915
39111
69753
61833
54730
18192
71742
54984
46111
69889
88273
69785
59585
15888
63907
64830
81396
57941
44022
71818
45640
11977
29926
7186
91931
43367
85299
19075
13650
69196
19407
96494
71106
24185
93098
27844
22657
32105
62244
14015
35477
63270
23042
84297
90343
69559
8155
7974
90165
47678
24935
85853
8122
5746
56078
4104
51822
41629
48324
48393
44510
4875
6779
64801
42830
88434
79160
25481
15831
60747
52535
61551
2864
65996
62813
49294
44024
90531
61877
3128
38289
98794
10137
72253
96706
57035
49765
93606
38573
82126
47652
99811
27232
4672
30759
97250
28085
44857
75828
62659
87878
37685
99828
15383
39289
22790
99439
41218
6497
87897
60931
8675
98715
84874
79780
84977
9616
5675
29149
50564
19023
84641
54293
9340
13601
59999
97791
53411
467
47973
86151
81634
57587
58513
92897
22380
95320
59403
37649
74111
94715
31758
58862
62391
25122
26917
17616
20265
32201
10714
73833
197
7471
33872
44708
63016
50643
2455
44572
26494
47347
42125
98784
62880
58521
96137
24097
37473
90604
1292
41708
1797
44459
38334
93089
28028
78222
14451
65227
59645
38504
6840
40979
97679
35144
44339
93429
74378
78296
74563
26238
88809
31983
64853
97529
52516
15358
72385
88122
64200
49091
79801
19134
63253
60259
6224
50736
61100
1704
89264
49545
14798
24563
53414
814
4989
90821
32360
74676
45834
61074
22617
37774
4112
89684
4884
334
39223
68133
74142
53972
29654
77029
78718
14360
98550
89993
99633
1091
26554
52030
37250
10081
30480
17861
15547
81709
45688
2066
94027
74508
92621
86550
14995
88785
4116
28006
8115
68917
73385
27930
57069
6960
4820
20319
87646
28190
19037
56831
27992
26189
32768
19822
92773
80880
10204
14673
59756
23788
87663
30189
12641
99922
22954
40510
23522
59701
37421
26293
11708
44886
86845
81661
35754
12808
69626
49435
95940
8202
85473
53428
46923
1235
6486
47338
18542
86605
69171
51892
26307
19671
36251
92920
35231
57822
45853
73326
65290
31615
14584
28658
91942
86309
61002
72593
36161
76955
13027
834
82264
32018
25792
8592
23901
9253
42663
85637
70663
11515
73107
49242
74915
90956
46378
84896
10144
89277
59167
1416
32735
93843
74763
95520
23494
24693
46367
81266
4867
32887
66904
85064
42674
32416
47307
28552
44834
81280
12108
81870
60136
43903
24857
64147
67362
40987
39079
51249
78548
16449
32509
88455
19210
96773
7719
80729
37553
3664
42484
61132
46850
43158
85621
84516
15067
66681
2324
66691
27427
21723
17347
99030
43161
14569
8906
66839
13260
31136
54410
74876
31862
4975
94348
31193
32140
17475
82427
50299
95532
24639
46528
8116
69445
29020
94961
86353
38865
41198
93893
53232
49778
27722
46062
28981
77805
85002
59598
32368
48482
38358
58086
90014
96253
79974
32390
79220
13072
28940
83469
2570
79838
10289
55654
68338
42573
1307
15122
70411
49131
29296
33218
40677
37653
68143
18355
31739
40730
62285
75141
49845
71059
82564
25674
78692
98369
32628
59907
47002
1716
7923
95550
71604
7625
13590
76314
76806
34867
42726
25974
83173
99183
22404
70376
27684
78033
99026
26043
3603
72780
34623
80414
36062
51744
44590
45397
61244
35303
8049
65606
12453
45074
48785
62335
4296
42243
84694
5714
41270
24967
41475
15925
6809
55210
54556
65458
7401
54312
99795
53711
12515
90233
69053
31164
44954
62611
51863
77633
21532
90308
82583
18818
44993
14080
73697
6556
2616
47876
34425
47131
78986
60816
79261
79830
43143
14498
88605
79136
4375
94
85939
68089
44138
17065
648
7949
56256
10446
46267
49490
31828
51833
28732
20666
283
13020
31435
685
25655
99365
89703
66821
34920
5562
67023
84805
88452
57333
84935
34933
53883
83181
82659
5531
39636
30043
47815
2982
92472
91659
22511
66492
41607
79885
63647
32295
96592
22601
95149
13784
12202
60788
27433
26661
98851
18313
98046
46686
72869
33189
43545
88699
99799
95456
37131
52541
75573
61706
84466
41117
92315
84025
95977
71293
16986
53985
68007
86517
68934
97405
58393
51480
32317
37876
51066
98125
85693
54991
96395
96737
92611
69802
96881
3525
84092
34844
47267
78286
82143
65784
53628
27065
38790
64310
57119
13964
60084
3253
71398
33457
96080
97276
98377
64483
15357
32932
97002
23326
60654
53777
22752
92162
26076
35804
96376
91612
37585
93391
57968
45609
25619
88140
46217
69565
5590
89166
39253
17391
57603
91214
85806
97680
3217
66254
4378
2629
65000
64364
77839
66529
36054
41792
10637
58630
77375
64844
73447
97024
47874
30556
58653
97741
69756
33282
15465
9858
69106
18603
26308
53569
80954
62770
37544
86100
66470
63506
79433
4641
64329
14150
74443
64224
55846
94940
79878
41152
24596
4119
93715
78207
51050
80278
57974
96293
43546
68319
30257
16385
89492
68043
83252
51258
2430
13365
33275
76152
17298
1304
3885
72583
91063
80058
43568
3765
44801
17041
26327
94626
70647
71226
45381
6521
22870
98185
19767
6451
26495
26008
2685
69081
22899
1687
38252
77295
66221
41773
56573
57878
25312
75253
8827
55326
26903
1902
5971
80384
10274
76208
16184
71060
72057
76595
23954
79059
87345
25257
33356
39428
73921
50409
45580
90990
30918
72930
13158
45352
99576
24177
83253
45533
25490
2256
86700
39077
43883
87396
34047
762
66478
27067
21056
83576
70431
95619
12253
44830
48522
63286
84764
87381
46064
80936
30153
73288
85883
73515
78437
28313
77711
78673
90514
9594
2641
54183
52340
95566
99696
12206
18280
846
59457
24753
9836
68831
20112
5649
34524
64304
53499
29675
58672
96883
48627
87334
4077
68766
53039
57717
55778
37430
12592
24782
46372
40583
60407
65070
75788
73590
35056
97541
99354
63995
92720
41790
28286
14475
40135
85280
10686
10322
43807
97668
22319
48779
95265
97489
19657
35531
79903
55424
404
26746
8945
27954
48355
10517
21352
72282
72748
27147
36864
46405
16101
26198
17806
42563
98982
87062
72117
71911
26069
43523
52692
80538
28023
52641
15666
64233
62950
37125
85797
47908
99512
39734
57989
90891
27084
48821
64063
19766
92137
75791
89546
83290
28983
37415
54579
30332
56897
44870
46692
79825
83526
89776
80987
79303
68980
32954
2812
63065
52709
30614
1311
99079
47535
78537
11490
87155
74234
55769
25051
2737
58875
56013
61649
51799
2450
43557
62262
94259
65160
19816
73232
16720
9422
59137
36205
92325
77679
66484
38303
44791
20731
46346
1060
10699
91654
21513
53590
58746
57243
67664
82835
8768
68819
94028
97443
26929
86716
9008
44495
39336
27808
99712
3993
90256
12944
47732
15250
60421
50028
66419
11795
53325
33301
42477
16111
35723
28834
11643
4297
54458
75971
82005
49731
51991
19825
47607
59472
54426
97208
82464
38035
87136
73908
73722
98386
74796
75496
82597
11865
17935
4403
11715
48538
17364
30828
11181
29823
91233
68851
61674
17553
55729
44433
53926
53234
75926
20627
2534
51064
22130
43470
16022
29468
1508
54565
29669
59318
38616
82501
66169
44671
15469
40839
24134
42533
92596
17717
61686
84693
49204
35700
50447
89871
57931
8044
18002
84113
27386
65887
62713
71664
13363
12837
97976
86416
73376
3432
66951
53364
15282
70827
25562
62953
23464
60236
79920
37660
89850
34726
82719
73865
3335
32762
14786
46212
43943
93502
78168
68220
30062
6461
47415
19318
60035
16579
63407
13249
64848
74825
90796
57246
46017
44349
40885
90175
37240
44056
70086
94749
88880
93327
96543
73538
26216
37301
77671
40527
77866
70113
79431
30573
19232
32315
9034
71104
22374
76710
69618
54388
30352
36009
50730
44960
32278
61153
20457
85745
5933
6391
90762
37039
86525
23631
77745
53563
10292
62959
39140
81583
99342
11764
77677
67192
69769
25337
57126
96130
54253
84250
37498
96755
56155
93142
71097
59619
60251
96538
42899
27082
4098
91012
27349
39913
87770
68099
57115
50001
39501
74322
31034
85114
76760
37115
72071
35899
65286
82056
62274
39466
71629
98498
71503
3547
43319
4890
30007
26077
52269
9211
74055
84044
96764
8630
17637
97053
24585
4561
68433
53774
56182
9041
75980
76079
59607
14680
14499
54056
84487
91523
87672
58221
16654
23750
22693
82309
87515
85519
85663
1972
13876
25989
94367
39194
51881
36166
77094
87307
63404
12818
84169
1947
70350
18808
86965
52285
42518
90918
88061
41260
95987
36274
63429
27017
68021
36620
12803
14817
29091
14610
44539
1244
54357
23591
53082
42457
31681
99062
74125
36470
76768
10717
45274
60750
73040
99603
25003
79669
61926
32764
90578
67830
83657
55309
32508
12990
23376
35734
86084
73151
77335
19463
54501
71930
20117
30104
20090
23178
96340
73244
37450
6947
20476
90571
44551
50793
18130
79705
43986
98974
56990
94051
89472
40365
45091
63787
23651
3192
95288
45704
91509
11908
85342
78567
8166
55898
62824
26615
79372
68365
75933
87851
70813
32257
24941
63859
63905
65378
21547
6511
20815
21773
4057
78824
81790
83816
18852
66118
39656
37966
72345
8547
83092
67457
66545
20615
28761
36178
32195
64630
14611
47625
40678
97986
32552
27975
96437
85094
33089
50862
12460
46382
50205
84137
44672
40861
70860
69505
90730
41696
70906
35547
21759
75517
19164
1322
75921
62764
91383
31360
27591
42192
30274
7003
58788
47211
12822
56129
89072
12536
99343
61490
14132
65918
26316
526
88481
71463
86916
64439
60415
6114
80440
49096
37299
11404
25155
25986
27293
49661
38709
32143
7983
92609
11501
72997
61228
93356
72977
29291
26120
98409
55418
41143
72026
46531
72628
85683
90780
40442
57303
81874
18836
67851
21252
8186
69961
60839
95644
18778
21090
62523
29277
31472
21194
63852
47937
88347
47084
36227
93590
86131
44233
88906
16706
63347
26914
14003
10176
86390
92574
96378
77652
37090
93201
3548
32835
11701
709
22243
67044
61839
84350
2844
49244
98577
29049
3540
29833
29615
81914
21683
18103
8583
45273
52627
48597
24962
53214
34566
62071
66899
13366
20431
99010
12765
15434
46047
56694
46422
93109
48961
41178
31042
72610
5515
3376
99772
33564
27989
97642
58277
98199
34932
91154
5237
52896
8361
38807
29960
65776
70466
60538
71813
96047
1266
46345
39284
86920
12216
79605
28555
37434
37465
60355
77741
24686
31465
26000
49430
47749
69817
25170
86085
89969
38751
60197
21107
62175
53140
34445
6471
70018
9718
51213
92887
20096
86063
19689
69486
55871
41740
69361
7991
24650
25438
73424
91398
93861
34359
93550
46210
86956
29478
17462
2179
13119
51152
70262
16753
43303
31434
1343
34794
32870
87436
44958
51016
16483
93906
25797
19464
37159
64225
74707
45902
41295
8004
63954
30524
51734
4668
34128
3138
83572
90333
59484
65007
4272
29506
22598
29137
40704
24748
34099
27717
31649
82841
24459
39817
84601
30227
79671
11388
18078
88509
50095
32104
96062
61247
44527
31788
96915
4936
48783
22061
28093
82301
85766
39090
41745
45157
59004
79576
2222
5057
62545
90475
14156
98429
43705
99822
88800
32449
45927
29155
40928
52276
88618
50650
4248
5897
18148
20543
45714
39255
34963
73793
26628
19576
91178
58959
98018
77101
84908
99385
19442
78846
31144
99195
29165
32193
99106
27107
66969
71201
14184
57465
90053
97212
4710
68915
42354
93414
84280
35670
50920
8857
12583
30867
91305
2264
60104
19024
76826
6658
6194
75275
6831
3884
16456
71915
61128
31811
65090
97091
98050
87018
31204
82738
88529
78177
55264
15843
90405
16547
19757
40686
10765
14127
98187
89953
73790
98436
15726
99977
65623
24755
36459
11112
81569
75196
82730
33618
34298
14414
69728
96545
64800
13278
65962
81713
72818
9088
45149
63063
75626
58780
59552
88889
72883
4165
45118
51446
94570
77487
62037
5757
66597
19013
24084
90945
48694
9628
38597
11199
79275
35590
35979
8775
51874
75827
58934
4387
97245
46102
19271
2800
75353
27280
48031
5128
72955
9395
33829
69234
65256
38101
15810
59493
86476
47722
50932
58515
94605
8655
5936
13749
29339
42840
92903
11475
86795
84973
10434
74545
88821
31423
35996
19814
81406
81454
98988
73778
63439
27914
45297
85876
92556
17157
62902
18178
56758
89026
70061
58406
30206
43997
65
74429
36672
5857
9270
57544
16989
68468
3047
12595
7496
68075
26059
71164
23878
98648
57480
55918
69746
73063
77798
34696
61737
76484
90009
71088
55469
99636
12887
24228
39959
81604
173
99053
42039
87286
37184
81067
37883
22502
92480
90744
47811
97346
82307
2325
30611
54298
85354
68058
91356
36584
52564
56312
58973
28677
73907
65813
57741
31490
10251
88314
81503
44835
53278
44122
15400
66887
86443
10104
38412
83815
2728
36235
31161
23656
38193
54214
37781
17921
82587
29379
4849
95635
18194
55944
77318
40851
59550
74386
52663
27167
29460
13384
37280
33694
8714
38125
62565
96511
19838
17999
84305
4744
89085
86739
55604
82214
40538
9529
52673
62394
33153
96498
60981
58404
54495
39193
75570
35574
63484
80234
10273
59480
55934
30204
76429
59504
62922
86388
65686
95894
31629
5000
21179
61155
90318
67472
54213
20422
3615
67873
1066
92694
52235
44365
29045
67364
58257
44563
29112
47799
49111
71513
84067
18779
68689
89350
11935
88236
54014
96117
24582
54989
73593
24435
9151
70171
89749
17979
23892
48803
80820
83058
80368
30832
21896
29640
2366
40017
89658
31358
72885
98470
1105
95006
88216
5968
5399
79816
88517
37672
88151
62405
96507
38054
73406
346
33298
41116
88101
50284
99671
37867
2833
76685
81862
3191
33582
48213
70900
37738
48221
28019
76996
86992
50259
38424
48944
55357
58969
12068
73097
10790
36460
59013
80162
44722
81765
3420
3162
54735
37101
53253
49962
74729
10812
73870
96108
83809
55926
33824
37173
3081
14804
19588
65271
53017
97139
85889
6966
85925
99258
53529
43081
62272
43477
1722
25095
12102
81621
92008
59391
77227
71363
82756
90493
64430
7569
58912
36239
53900
13449
54990
6982
84918
39144
57226
61334
18629
40674
8603
72910
28394
2562
73416
41544
42398
41114
15803
23746
42291
72643
61541
47407
69422
74444
19964
41075
71448
15419
45229
20538
40912
37196
25967
27059
62592
3998
51460
34353
33688
25992
44959
90091
18751
72295
55233
28390
7612
31905
57832
79381
82381
72104
17949
81943
93485
80993
35389
81417
85703
85230
2735
97385
90476
76160
91107
19653
31297
44213
15142
46698
38137
37177
65657
8256
18932
24647
65131
60052
33971
20135
17570
65348
88905
86848
67649
86183
16698
61103
35179
53986
64410
40676
64059
76097
85252
77885
13112
23561
47797
61196
15511
99645
20762
43417
24804
31461
25776
77075
3484
93949
84904
23470
24912
29742
2308
96296
61801
71784
11939
28361
58641
94493
60904
48441
10946
98151
22532
86303
60878
59679
71881
41765
50576
94657
44988
17791
8790
53020
50764
93508
83710
19357
462
70782
18901
35464
3744
29827
39166
55724
56767
34371
29106
90906
62220
9798
31598
25230
19136
12343
4013
90076
6421
16840
71470
2319
5083
75652
59724
65300
78699
55776
66446
13469
7238
58320
90178
68272
82775
17101
51136
64594
14152
17106
26392
50300
16156
2877
3052
21544
31104
24274
2610
95881
27524
50468
89369
80455
53639
69224
6469
83015
35695
22187
57983
85770
57153
3677
73930
94865
72238
16883
43859
13731
19962
53613
80405
51318
37636
72611
95425
80434
85171
92785
39503
72312
77573
59525
50649
67792
74665
30847
93763
79395
84478
69250
39188
18095
36083
53571
76279
19077
73325
73245
86689
36195
21861
11782
49834
6601
3649
89053
75445
66539
29872
21094
9640
4411
79492
60292
88022
88555
92123
72136
12199
31135
38410
95366
14254
60138
47715
58655
52883
8125
16286
4365
67886
68222
70084
64401
28007
71267
25404
92097
35870
20089
33015
45357
6650
86368
28029
51781
73851
86364
94555
72470
58736
89688
25890
59823
45329
10667
54516
60216
47863
7792
15076
4141
97625
68808
1561
54578
48845
88443
83588
48838
11336
66059
76353
59221
85788
17951
62726
48584
28929
45610
43974
6428
87807
44164
92857
51936
58197
74400
34358
9407
79675
14579
6467
12684
18748
4045
44225
14045
39570
10356
61870
55228
43838
74297
47825
67751
23516
78317
53697
49591
35802
15671
996
69301
34590
88475
57533
78968
81675
1608
80355
83550
27732
15123
92439
80802
99566
60443
17143
92679
30811
95501
48126
61603
86448
15232
45710
82866
54785
87964
88919
98802
47859
46917
9242
7134
17901
7512
72823
89108
2032
76318
31851
4315
84559
99459
79547
85422
59210
31840
26496
75914
37837
91920
87482
37963
65919
8619
78941
79094
6703
3740
69721
17019
27467
53734
24241
78142
40086
22042
34387
74101
69166
19761
58487
69635
23268
20430
6266
6415
87521
29714
95892
76998
32480
50171
43828
94780
4563
92971
15875
3462
59709
9722
91425
2263
36129
27768
83732
64941
14207
94466
22878
40462
98737
6129
4682
54114
4871
59271
25917
62316
17680
17547
11752
62117
47552
70199
11934
39170
3263
28356
98706
6116
18633
27861
31075
93729
10570
32010
23173
43754
56647
51437
25159
54334
60523
60994
32110
62217
92120
17995
8385
58470
25491
96694
85576
38067
95383
66282
94529
3655
61437
68805
22460
57496
76133
22791
76850
53738
33418
11528
399
82605
30778
10390
23103
75551
13452
21631
39739
1077
47346
70354
51682
35383
85453
3095
69845
30357
30331
66089
37566
52660
74237
95600
74898
24460
72962
36407
2212
13170
65747
85617
98098
37592
12094
97746
88112
83757
56185
64586
39227
74503
46018
29273
22021
919
43696
6205
3605
37871
31515
4780
45334
27078
77612
31410
89195
3905
38229
10572
3773
4864
56073
65573
48632
95182
69496
77872
72914
52079
25011
59370
39717
98697
18055
50027
62385
11026
97721
31391
70883
7011
89246
13495
85288
25626
53587
7764
26309
74105
34216
45949
48149
67686
65384
43652
72574
21248
25529
61918
7342
82997
98390
57204
98924
96561
61983
34686
42189
6059
98062
3255
45131
32989
82747
51628
44003
94797
49219
39113
44576
21884
58245
5145
2154
89332
50816
76978
47561
23202
43104
47085
10448
98798
62987
33238
68189
21475
87490
80192
51487
64666
44559
27414
98038
14636
70502
87227
12859
50058
27848
40475
67527
72063
71906
45999
318
91881
49068
58306
95766
40984
38803
85773
7123
22133
11403
44570
62191
12344
61543
24599
24988
74140
70188
42599
73284
95648
98117
181
42819
60974
53740
78417
13383
97014
94033
43866
35014
89218
57904
35555
83021
44589
30765
7660
85777
28311
94486
30761
3243
16703
52620
39563
82038
12815
23136
28937
57378
81455
67318
636
94633
13836
35420
52268
47918
39490
37935
36213
15321
37028
32106
5307
6108
19568
50101
81470
47218
3421
99002
69719
79210
14867
35549
37986
76663
92060
7180
16790
79514
23940
7207
9958
38944
11751
39426
33188
89096
5684
54228
93790
42963
72355
55825
79245
68963
48964
29167
95763
35679
86169
64942
73798
3833
60890
61204
64958
17337
38491
15572
83822
1042
1054
62104
15738
33635
17977
37547
42821
6470
12263
71821
78294
11197
95601
43021
12806
54872
16520
68424
86686
34103
14746
22262
17991
15708
77222
75013
54033
93757
35571
33476
88031
79488
58247
91699
65880
76042
30512
55744
87862
78603
4258
36736
48916
88439
66546
85817
74085
31221
55177
35984
86744
69789
55845
47308
92276
26220
57044
25419
99900
20918
9920
30889
1661
80381
43278
205
53409
95655
17739
6271
14361
4717
95508
6446
87552
37470
16201
92852
58183
38755
88048
29809
44210
15772
4310
53862
59449
92261
76855
32600
93973
61108
37464
85666
77219
44587
31564
18649
46077
58915
11555
100
62233
34592
93018
77305
88531
16364
49162
70314
40604
45317
3301
22129
543
84413
99780
57927
26807
23680
35503
34115
94929
64115
74174
66810
88666
19282
2140
79077
49415
1577
91462
25589
2269
77166
68483
92615
75097
93048
59817
46410
54645
46028
26186
43845
4945
93009
17142
63910
3906
59963
16756
4255
52471
52302
70608
24004
41003
6994
59355
75762
5189
94224
6111
86887
45221
74515
12756
52445
95389
21618
99613
21424
58295
73337
11491
8243
33327
74023
68674
630
19805
6051
54474
47786
38108
96838
42221
66999
46911
88781
5528
15459
60335
56786
3390
49214
35737
30804
92583
5879
83250
45981
74110
2889
60051
12864
30294
39631
88901
76842
67486
61643
95724
93640
14461
81791
13695
53853
21024
11280
24456
31883
32903
29466
28097
78628
26390
17509
86155
10713
43584
88903
86582
6342
78663
93393
88340
67167
34734
27626
97232
62355
16045
85472
71052
7784
82406
33658
46148
31415
41477
86091
88754
33123
76140
14973
6793
23577
85000
85701
17727
89219
49621
86123
80046
12205
9085
73985
7659
47682
75812
78240
74398
35535
33765
41202
18177
90426
73436
79978
82396
4337
20316
16817
75741
80739
30734
20392
64931
28836
98861
99634
33570
24854
60461
11574
36215
9512
16150
3158
82922
9622
57232
31877
6042
73932
13821
52196
94161
40200
31548
89266
20965
69348
37996
97598
17630
83873
72394
7722
6860
18193
3532
34987
90647
97811
13115
35484
34217
97064
95638
73709
86618
49165
75846
68352
98296
79087
88349
22917
35751
56327
81801
47875
44909
89733
21635
78262
63831
2522
20526
50339
78242
38136
49826
66912
68859
33452
85136
59801
18399
67057
17184
78955
12879
59710
16543
46779
1844
74549
44092
79423
30680
71113
16978
80218
24955
292
51627
6666
2708
14384
60261
72675
9496
9615
50019
17138
2237
19191
17502
51315
42308
60611
14572
26463
41562
87661
56865
95403
99152
76034
82895
83803
84546
29038
88591
30613
62625
16639
46368
41680
70121
19769
1209
18074
69254
48054
16658
62589
77529
43393
79091
99738
99721
80393
51412
94747
17668
89083
76956
53846
46738
52398
59396
42424
30254
87319
41092
37885
32246
69072
66463
56546
56261
53043
73522
18766
20529
46800
67547
1143
2718
46236
25093
72799
48854
53221
53715
52432
1006
98749
8206
44646
22209
21334
80829
37218
66687
30724
29054
6857
9871
92098
22998
77546
38277
43954
57570
45667
75902
41282
47731
81472
97722
28444
63759
532
86923
13680
73307
18120
26473
78063
84484
66716
85378
12510
14337
72395
15891
82322
19604
69067
11009
57183
56683
27951
6060
35216
21554
30017
93907
16739
36842
15625
45035
10924
67492
25847
53618
1300
37051
44369
36531
30449
16303
69472
73310
88215
42912
32527
33090
94636
21294
94103
20827
70824
49622
20851
68627
9947
11229
2556
58823
4319
6644
10072
16172
19845
83638
72723
40039
53689
27305
78745
54188
60630
15868
75574
2064
37368
59849
277
12132
9936
71682
5654
62993
60209
12244
84570
66604
34218
56614
84542
50605
41956
90061
62436
92140
81510
61701
70008
30674
33643
37875
48841
51345
57809
72540
79529
55440
46578
79947
7873
92885
88983
87289
21685
26091
40666
73514
41984
38968
44737
97475
1237
73396
34610
71289
37422
15187
85080
68984
12047
36223
41989
90167
46996
40312
41263
43951
9742
38280
76936
92433
13725
34455
41921
35674
97117
21642
6596
33364
20639
58002
31882
98841
77844
63672
95160
63045
79649
82393
30200
38030
3444
6460
26656
84598
99105
19009
10367
39394
29341
23466
12609
11655
1751
98720
53727
64438
74704
21437
72659
37499
41351
51532
17676
66638
1956
39325
65616
87270
98542
86683
7111
66966
78448
52167
16322
53765
20219
35331
48650
53995
74618
54792
55945
78456
49086
54274
90843
72811
1939
94697
96578
32311
53899
78794
2503
49600
62263
68188
27776
25583
25683
83466
75564
5414
9185
96250
30192
48931
4420
46298
78534
13419
59924
55629
68684
27667
48554
35626
6780
40781
41529
91454
53021
82678
14192
76026
58552
28321
26445
47398
12683
21414
52125
56544
99203
23337
76808
55709
14644
67255
97828
58737
66775
37686
20067
63644
93219
60187
59036
55038
94060
20659
92208
49422
67143
81689
27729
17064
27798
21082
27257
17746
1600
75645
59733
74984
50127
78081
2989
43692
84604
75844
54260
774
72404
82589
99348
30729
18426
68447
9337
56817
29419
34606
54238
49130
51753
96223
10336
77480
9026
15713
83567
58600
25391
16127
47285
11479
61130
74122
92337
71816
84687
61600
55549
1185
78714
73911
19758
55657
98146
85599
65429
85021
99892
10931
54676
53260
16867
76367
36753
77655
39880
78054
65201
17729
18921
67712
19836
91757
64183
38317
12596
49127
85373
66803
38941
43074
96399
28562
29959
60083
59162
35808
89493
69
75004
39519
35588
33659
77361
78801
36877
400
42966
12503
65374
37764
8812
1553
91279
2546
28614
23874
56748
17329
40142
93862
88571
72485
84058
90101
41449
90064
44296
89755
92171
29801
37988
34195
39692
68315
38402
39374
49796
29159
15609
36294
59401
74293
97392
57078
66532
26218
37399
8382
78740
2163
42733
56648
54591
24835
51229
78244
29070
31404
53458
61802
78981
81639
60547
82177
40407
61316
58782
70022
50914
4835
82735
1952
6530
71794
28425
77926
91685
51511
82871
20374
2198
49714
2299
85147
23055
18418
41499
10771
16401
30161
35915
91723
61043
79784
56967
23152
33925
99462
85706
54731
13300
79315
60999
61485
33909
76439
82828
11860
20790
64915
83062
87950
99623
55796
53296
5550
55914
73586
92127
87569
18894
30340
39315
48475
75941
33781
16968
71600
88672
38361
5293
33899
34690
77459
85997
42763
57817
35154
70164
79080
44803
23394
94316
87712
14862
59485
11293
62566
89901
66029
72863
43896
9794
52439
78574
56864
79164
60088
64303
71822
5820
31030
38242
96187
81467
42290
10241
37520
35033
61739
73431
78016
1488
82765
35062
84518
29788
52900
71308
92721
67709
39686
71860
51349
28354
23127
39909
74335
15095
62342
12571
4216
69759
50795
18993
92736
63895
63480
22396
57245
27612
13999
49690
23607
37130
34305
64097
20034
18102
80675
12911
78014
29397
76146
38898
58051
69762
87794
61351
8494
27240
27108
21441
52525
92234
5831
51464
86749
30629
87601
18610
85911
18253
29368
37361
90803
72109
48334
75957
82466
68464
3913
72031
24001
40941
56660
82057
44250
983
72679
2458
10409
99597
56265
32460
10629
53848
63345
20822
23162
31319
49953
99148
35987
4168
63400
21284
78192
70896
28993
82492
57819
98334
66078
37750
58225
75317
68941
96145
44240
86800
7677
59919
38325
27898
6413
42677
61377
27464
11870
64866
34771
1193
38690
48375
55245
77196
58044
21143
12817
72872
32351
10153
76801
79785
68837
69540
86046
77377
54869
7404
174
34169
41519
48720
56668
32995
37471
54204
5703
62216
94740
49805
79288
88062
26667
44696
51673
93008
79557
72975
24961
24082
87917
80076
36307
45813
14760
30337
39244
72212
60381
2565
41245
58412
57167
48948
13669
16980
78612
63573
54553
25014
67272
59570
78836
55702
48230
76753
13405
95692
58222
65575
57944
82105
7356
76928
98249
92163
93307
15279
29805
68844
86478
18393
47620
63830
2187
81907
25227
25903
54577
33396
45878
64433
98591
2655
9550
24567
39161
22712
4935
77918
70912
32151
52023
8458
73596
63936
57610
35845
38500
68869
34036
53097
31149
14107
30427
9847
36954
61410
6895
30981
73542
93560
28300
46933
15999
4226
11702
55089
98562
61488
23083
34878
50905
3519
31236
51902
91599
10694
25835
5986
68443
87953
94964
65675
88993
49719
1217
51791
68241
49733
99225
76409
28504
40829
41566
65990
42670
21267
42986
4624
50858
46585
30963
91808
64088
3746
11588
25012
44634
68713
72776
59217
37845
19267
34322
33660
67533
95065
67463
22010
11552
88083
25819
39189
1791
82199
42747
13086
20229
20631
55198
57924
30443
33843
23598
94615
31583
92410
27379
1360
80474
39550
67525
68996
79188
71796
91743
15285
44904
31568
33774
89636
24060
68480
50998
47783
63979
56675
45416
60424
68366
63593
32492
99429
69450
95116
22170
97637
90444
18257
23950
46234
28924
43551
88899
53223
58325
62312
24215
69890
476
82310
58189
31504
21847
95675
22797
18459
94743
44395
68882
54943
48238
30718
62814
876
17461
43244
20922
11450
49159
70217
26154
3129
82865
72268
24196
17357
64832
73553
16225
88456
81772
23064
54060
63949
88103
22041
18392
7617
37782
624
40933
15163
52225
13529
60794
62328
99128
45820
31775
3215
67109
28154
4906
83037
524
21789
59132
21892
78212
9199
29388
53127
23764
97286
7646
51087
25405
43372
3480
17902
30364
33053
54445
50044
89841
20537
51178
77619
87537
2231
61492
16527
63532
3563
33209
92529
61707
87461
71654
54668
8379
99028
86575
7159
87059
99219
4002
40926
20542
18777
23052
59844
33883
1546
13450
60627
74626
92783
53004
93876
74940
72401
7993
68458
11713
30912
49636
36314
2809
54813
16501
97845
59998
54717
91094
65695
37167
29395
71953
5538
89773
36288
67546
91569
69150
1582
68745
75643
28745
85893
71272
33918
65130
51927
65317
74695
31677
73327
49729
79940
97842
34554
30060
86901
65124
73775
4404
7834
28939
78793
46864
76693
84593
15482
80758
23378
10146
70249
58349
2949
38899
19849
55640
530
85814
44847
23272
30456
36698
78042
80454
31444
5215
66676
68342
46384
13439
55865
73126
49958
22478
10731
95121
21313
81391
11602
95344
77767
97630
35107
93298
74116
92462
6402
47288
29793
10863
30143
1026
91352
64851
75907
14121
70942
39660
90392
71667
93133
70899
51299
95170
80156
54159
90547
85381
52504
81836
7074
62310
22361
3967
17873
48312
62384
42801
60560
98992
97379
72159
32340
1150
16005
86058
4919
62829
19133
4582
90747
18811
56441
24648
38335
2190
88667
34026
65389
19364
63818
55905
79892
86514
9763
33408
97428
84208
99805
34738
94637
21296
61722
15929
75136
28776
77738
71008
5599
70538
8721
5777
60341
70191
61720
67673
85295
60671
99901
34948
67842
64092
87151
69085
57622
39953
84155
17580
38979
42153
78980
26564
70935
88749
84037
77862
75839
76968
78712
52083
19296
56031
97644
58687
63694
11071
12304
41710
21652
21800
85800
79602
25301
43216
30299
4443
41907
94128
36068
79349
44625
61006
17114
73065
93581
90406
80726
84758
25742
56918
92523
54513
5360
32670
62239
37238
95325
76596
41423
98505
32381
3305
50121
20
956
7517
8295
21738
4983
80229
8257
75332
39217
79681
75795
70904
82711
33261
52850
76812
37501
6183
57121
67090
92272
49477
72359
1352
73050
65678
22614
80357
27316
96254
61524
50200
62396
91517
61024
3907
62206
84902
10105
63883
28906
18114
82798
17047
67455
58996
57946
17930
14623
66932
82777
21467
35148
95990
62729
27906
15273
90646
41199
80495
34254
14468
99103
42915
51706
23727
28014
49696
86490
56047
13359
73915
48893
34813
44893
54454
86748
97667
39667
4351
76867
52734
56273
43656
11653
57125
91158
53125
701
21242
3254
77309
94641
79965
12145
51268
63471
17363
94545
21144
70604
6877
20077
73873
29231
59727
26699
11661
46743
33996
3044
22965
6633
36440
56255
33314
79308
18066
24840
8482
56958
33032
65591
4674
48536
82478
50646
93792
65550
36905
31611
4379
73658
77797
8629
76789
25575
10175
38732
57094
54518
18032
92367
73633
70876
78236
2781
94391
61433
45751
74290
83885
42629
6804
99957
8853
55237
26359
94178
96327
21649
1139
14007
75516
69108
22036
73189
93699
32087
53115
66485
67274
64240
47262
95283
54946
14201
27824
98328
7739
27961
53334
74051
57133
97449
49926
96836
30948
10885
63516
57707
38603
71213
27922
30134
71270
73815
30924
10783
86036
95068
86796
83353
61217
90714
93283
27875
34479
46213
19128
77107
44929
68428
7434
39805
97565
41769
18742
82083
34778
14259
63727
19272
3600
47393
35197
58154
84501
64814
97509
27110
21331
77282
38826
61638
56194
80869
96936
3267
52385
66302
91581
65275
67983
55010
22793
16132
6435
27617
51415
57906
82482
86171
424
34718
68726
98078
55074
56851
46094
15314
9318
29001
30940
81436
66086
70635
77087
50840
45004
67202
67622
40503
46841
84167
1390
94109
2904
6234
69583
93348
96895
76814
55085
8093
22558
51223
43046
90828
74489
87421
65262
25149
6172
30202
99998
16784
70878
35887
87783
5137
38216
26741
88822
20988
91986
68239
63295
71287
65924
88162
67489
98594
50104
15520
76501
98630
22336
73156
94252
38658
34918
84401
15226
83074
42283
24292
3877
591
9588
22816
19437
99113
50206
72706
11262
97135
75974
71528
36417
24334
98396
92750
21525
30023
29703
20075
24889
13534
24311
6220
79410
81260
10838
37607
78739
93570
89513
43100
26367
60226
32287
19513
97692
39505
85118
46048
14271
23483
56860
9952
31860
90940
77357
67532
11087
2756
70511
68320
56460
80244
75310
42720
46356
40697
27797
7345
67440
80951
23314
71028
98831
75392
50725
10009
25962
51667
33286
63666
1820
39626
86372
8663
44955
82732
22963
51236
64428
81469
10945
94262
6010
31013
3378
84124
13614
13616
92670
87454
82115
6952
70444
21844
44503
77270
74232
55191
91671
55356
51832
50504
70927
87291
70100
23415
98534
62079
86584
85365
38177
80102
34453
94724
70747
5800
78711
47475
7553
79622
88849
12454
48820
99851
76979
51319
46149
70907
45046
84197
17099
15013
57665
46756
63650
54928
85452
42548
69511
3816
69063
9801
30467
36535
5697
66262
54828
99521
85
60103
29967
84872
4096
27596
22667
84700
28914
34267
3374
95495
67579
49915
50975
79629
53548
94024
55700
17152
16897
41128
40094
7251
27912
55120
87775
51033
60664
30500
57388
17590
38389
99960
65860
97021
83187
82734
85915
14346
39535
99276
25722
54622
97524
42487
46259
81652
77802
64185
70211
46690
27896
74305
77247
54707
54699
77311
5605
67667
74097
27073
23569
29941
66012
38162
69703
83864
40988
22884
47399
93306
43598
7124
88740
42789
24386
83479
38537
80713
714
41581
99476
46216
15536
63513
36979
33066
21213
63765
76772
39983
54543
44815
11443
78839
13062
60972
99433
85027
72433
19688
59205
68729
92415
86278
40228
60512
80320
7327
313
47636
23814
56734
7196
81732
93833
7219
62762
17257
56266
38927
22215
80856
14474
45766
80679
98814
4653
7767
32000
16517
980
23349
75745
12607
51727
2291
17038
90164
86978
87420
15125
63358
64376
18413
42109
96794
85134
67363
32528
37413
37776
70790
48562
6880
5638
82118
96650
42451
91032
71023
93085
44686
5943
38839
50685
34478
64005
59359
19920
84989
50437
47025
20323
33900
16950
73678
5486
1492
68438
17959
52597
49133
88797
61470
92079
98980
56406
4051
20755
87576
80843
95708
4457
48802
5594
55849
59073
29093
69528
1642
42936
693
10928
51357
81034
36190
49921
67946
10022
72217
51821
27905
98458
84522
35665
84865
61372
79608
93006
7532
72246
99260
3637
70482
6958
67838
26713
38900
18425
33358
73565
68657
41506
43638
59621
90292
37945
28466
19187
87666
97454
76658
70569
81980
5366
48957
17079
15514
10471
9648
466
39930
56307
37466
41403
78989
84054
61794
74118
86399
9539
36594
41768
90797
37599
69666
99125
28725
18592
18157
30497
58808
84866
71410
16275
58001
6049
7661
73145
82983
34924
10865
56042
72861
36923
45917
99230
97557
24117
77975
68435
48947
91340
42454
55337
11511
7189
7454
54798
95340
34313
98312
50708
73157
83848
136
94925
46437
33533
84157
32483
47122
81825
70743
5739
83113
25222
81677
93448
58454
53654
84226
41673
32093
6283
30
76817
21479
83874
14202
73848
99984
16909
73852
74987
70114
25898
79273
54527
59256
45756
62415
22017
79929
33040
60684
27839
47250
2883
81199
12719
4842
66632
7798
13360
44908
56711
72790
62073
95555
74779
2265
9872
65566
13481
4290
56070
66219
72032
94585
48432
13781
66202
12405
16049
6394
98951
91379
26580
72021
11328
99317
1583
13919
65266
79821
61264
56943
17788
12729
55391
16200
81016
87416
36880
79772
6275
66265
67955
88014
41692
53561
53767
82445
37899
70874
14206
63945
48556
35274
92873
93302
66859
64817
65322
16830
96868
96775
37897
33916
4054
85216
58384
16723
31414
34417
62178
40207
94273
2922
99494
58153
29754
19710
77514
80649
40968
94212
2034
66845
34565
92832
45699
98340
95212
59469
31084
64846
81307
87121
84729
8060
27567
50645
6337
53807
36814
74920
23232
30558
32904
25282
45771
11046
39657
90969
56396
26015
46351
73395
89613
8244
32741
67536
89135
53430
65370
30700
4515
35888
21900
76333
62340
41609
9164
66636
44719
86778
28049
54852
3349
13273
4115
39191
98686
79366
89769
16024
82553
98086
68839
72110
33586
51669
23885
70405
41548
60769
35125
93817
58353
34056
98037
18516
86667
39984
61693
72046
45008
63177
32339
13427
39819
18597
38051
86910
19713
84828
79002
94141
4418
88081
54376
90018
83609
63126
34050
79187
82276
81082
3842
29752
2346
22013
47554
85066
19969
18467
92824
96053
35917
49030
62041
69888
40514
24397
41800
5143
58955
79115
30219
34157
77371
51256
23161
9363
79364
36903
49755
38622
21802
12973
17413
70893
16995
44854
21456
99797
8925
79476
94221
2742
60979
12921
1953
49725
69515
78086
30716
47476
5705
49516
88598
89143
77293
14092
56698
56908
31014
15837
90474
68642
41267
42865
89430
78249
72376
65150
10704
50878
40394
47137
25181
22504
9000
81969
97105
33800
45133
80548
42872
70753
7833
29677
83359
71502
74128
27412
72261
4477
67453
52282
22424
69082
26122
67011
48563
43267
52106
50489
72805
39699
72827
12338
83422
21001
47740
16831
97311
55343
72493
7936
70187
11466
43468
71620
30710
71598
1858
95599
62538
8869
70856
86009
34900
87460
44227
82334
12546
50208
72260
26017
87816
53384
23340
57696
57964
7358
29295
18170
28340
59146
32059
92258
22075
21080
84152
96811
90554
52283
11126
55452
4862
30057
72993
49560
83775
25889
13373
28580
65724
47836
58138
47628
42052
3112
74408
49578
26182
64697
82037
23506
28611
66901
86340
78279
2364
96289
5834
4212
33670
13808
7579
78064
5105
42103
46958
32750
63588
42313
69013
38919
69648
63661
33653
23709
87362
72473
53607
41461
68737
34385
49736
15955
36816
6702
87919
8380
94663
59356
94195
85120
5493
93080
34188
99466
92695
96776
34543
13412
55304
48117
69598
72200
21207
46861
97622
26310
37637
81648
27504
33889
37732
80165
35952
85555
47507
52212
13350
38821
22328
10049
20839
53748
27649
3182
66744
24473
44117
249
57918
17082
48516
58647
69625
78949
83552
19354
29109
5856
5035
16472
32364
40383
95361
71811
23718
40965
33300
38969
33804
24009
95129
69499
44193
36466
95049
485
7723
65209
10140
61871
16763
71859
8193
36451
48553
67130
96615
15816
77916
42318
11251
76909
28901
12677
44902
93951
32098
96160
38353
25094
15405
16630
68224
50812
84953
21872
76437
41226
48006
85336
17525
63596
70607
81116
4631
9519
28797
11809
4213
73477
50618
89454
30372
12579
22437
3396
65612
49713
18436
726
39643
83236
69686
77656
73490
27418
14893
41873
54107
83534
40565
2776
50823
10330
2505
78832
9152
26289
96671
18654
14222
33203
37497
81358
93584
83699
76615
56841
49867
19306
16939
35054
20194
73170
95039
56220
85457
88318
18488
20654
23621
79646
91982
19392
32919
25101
54292
7076
51612
34571
24513
31660
81523
42371
20465
26561
67885
45511
83524
7882
61280
80638
66209
87177
52177
87473
61656
52768
89578
1442
19813
27963
88716
8793
38536
89335
95790
91213
71449
75120
26338
34118
86026
59130
70770
9272
10215
69572
99004
98265
40795
29177
22341
55450
74235
26462
53064
27159
37799
93386
23143
67182
60253
15531
13379
89002
98209
53597
88289
64272
88457
7633
29241
31080
22390
94199
3526
10758
59761
73770
21270
54804
33385
14113
94541
83895
44367
69999
48322
13234
8958
43152
56671
99766
21661
7304
32825
27966
94687
86939
60543
84321
37554
59292
40558
1078
98230
92508
79211
8393
85256
75696
4796
13926
21709
20662
75783
95748
7206
67276
86942
98670
93639
96401
63899
87772
53681
33620
47837
59735
7269
17724
86609
18021
18296
3328
44187
8258
96568
63467
67711
65927
25991
18567
620
74014
73841
52656
50340
25552
35741
83616
84754
80283
12613
76570
53869
7343
40186
59212
80884
76840
53982
82358
95676
39098
42737
35962
74092
37200
20632
15655
68168
836
67843
10017
93049
99599
15492
70549
39960
8985
51983
22211
34625
71321
87337
17319
34404
69902
67710
68721
23416
41151
35273
31752
99582
33037
8693
69903
83357
19840
95017
32605
41480
15549
46522
90878
79942
83725
84151
78635
73356
71238
47724
86208
97614
31469
1187
48766
4857
14940
20035
17787
2069
28145
39361
10331
68383
64863
70447
20099
146
40013
54407
69898
16599
235
68084
88726
58614
45146
5203
85884
33575
74483
19919
89003
27641
27555
66017
86755
48724
52931
24390
94538
35124
29699
34657
93190
11938
49342
34747
59867
28858
2673
43133
1279
25778
90350
50981
67344
57334
12772
4408
14899
9825
3345
41905
1429
32223
37327
96993
83592
23714
58658
74266
10889
4727
9465
12441
20614
16139
90832
42381
63203
23575
24197
91106
30935
46380
76405
5510
56234
87218
65332
81953
26825
4027
84018
51812
53572
30567
11100
34198
86914
37153
62382
5088
68570
16999
87659
921
23797
88705
40077
84765
55966
60520
8411
97514
11754
54471
83788
24168
20372
45854
86906
91877
11827
32663
96950
92414
5149
73458
8025
69904
87585
34674
66247
89443
98530
50431
40631
36125
1251
62438
67330
91866
80219
69023
88887
69600
26551
11097
38418
73386
77577
55033
26280
56811
8479
3577
79524
53365
37856
10697
58488
80468
56900
22452
56599
90550
34743
13111
5995
32244
38723
19176
78191
56835
61985
32928
44034
78788
71791
99557
89428
50955
97118
60214
29964
37406
63888
37445
42467
64825
79828
76187
76920
59022
3508
22139
35999
25506
1811
50881
32905
29962
83217
230
45574
48648
21084
38025
79472
47941
78067
23777
38757
55027
21482
53065
65054
44063
96680
89506
68136
5904
60393
78272
95705
15085
34985
18173
78501
50836
77474
66586
64757
80731
50065
45568
82640
90251
2764
7609
14978
26999
95871
27564
41463
70810
9219
40091
24826
53908
90331
77874
94648
59611
36975
9528
88623
52117
92443
9733
50588
65216
85352
27534
26063
33714
92684
1012
34594
36792
33888
26197
62287
19641
77848
8236
52484
67039
22685
89057
52946
17259
57486
69716
40072
83798
54592
56136
71521
12788
61654
40338
9788
870
89499
11921
12653
61598
10437
42657
7540
13780
33351
25874
69203
38497
94403
45977
37679
49088
73335
27576
34633
57039
46948
10916
25364
70025
45583
60345
88856
55888
37570
73031
10841
94369
56839
74991
33071
97339
15820
39786
28229
78726
20213
16972
53525
86927
45550
13660
85278
60901
97144
59941
68275
92502
24945
11924
89889
25500
7224
48337
57884
13153
11570
45340
29662
24743
45002
91950
60134
63415
74220
30982
36917
86000
91818
48132
75772
17798
13351
36040
28033
56225
90620
84246
74291
97420
74284
98566
24675
14329
95703
98387
30156
58708
20655
19763
52295
71200
28031
57802
95431
56904
87593
86579
97759
51773
38720
19525
46326
79292
28570
55750
70923
77256
62326
11274
3099
57351
63283
53952
17023
33157
82181
32805
22465
1046
28934
56637
7682
76036
78560
20111
28136
18945
36574
87876
87076
80691
39345
65955
71703
21027
60814
27689
61872
52217
34828
7039
34448
90169
88485
81614
55979
8161
24006
76593
23864
9003
15930
48326
18608
72638
64659
66125
53683
76159
8299
97236
88363
38501
54365
67111
32288
73255
132
24864
95867
60048
93038
62002
12118
18333
82302
54670
51469
25794
80263
63790
56636
66499
66401
76048
82743
66946
23576
59228
85553
25055
92984
79726
17568
2253
41342
1298
1439
24335
90437
51542
14465
65672
10259
10725
32545
91997
37170
82668
66592
62543
56790
4410
46506
18085
30203
61198
2199
89597
99818
71302
60856
77896
58085
33566
10619
12337
76688
67560
4874
39524
85351
4229
60892
58092
89711
81030
10613
4870
87183
13756
37346
53898
84959
33951
70152
84030
58846
87442
15024
19506
72616
80999
92344
85829
35310
92265
41222
5161
43921
98540
34443
22713
49587
64201
43306
87497
64747
29331
97757
51942
50415
94706
28696
93549
99643
94453
50177
85266
67992
36505
40727
13451
78800
5419
85697
81252
6974
39807
76535
88911
93972
20515
42110
14559
44345
33401
44424
66320
78804
30651
94248
96624
58062
82327
2644
84026
28484
89345
35924
33736
87320
97255
29986
72300
11541
68005
36291
66814
56493
6067
6691
31578
73459
5472
20993
46366
66596
74456
49977
91013
13272
83069
82879
84833
50320
34793
54538
98796
68784
10236
62505
29704
98068
36818
57283
52865
2377
36928
61106
86928
94124
36970
69440
32774
83872
50114
79062
65506
6827
72235
14580
89010
68603
99311
940
60117
46984
22060
6294
44262
27584
64787
25709
48313
75817
25497
73235
15353
7812
74365
11498
9276
82850
74471
25599
48881
67372
75187
5116
59916
87592
95253
35094
62861
30787
73072
10622
2234
62093
48560
37596
2159
57305
37374
30978
11697
88662
74135
54937
3025
92704
79009
50574
98444
69501
26879
40025
27104
36850
52903
70278
40187
29190
19254
13533
33503
69936
544
212
16092
41772
12612
27858
93535
10200
19104
69006
80274
17504
4377
13394
87741
14256
82616
36073
94470
89970
1763
45745
64458
61209
27018
80904
26950
20008
74161
39829
72482
5299
38118
43441
72834
65098
1754
88353
10940
49055
60244
97048
74892
47328
40695
94465
93835
5412
64749
94240
9492
53362
74346
2009
52782
44399
69713
11905
15765
22949
79628
80079
79128
12873
66220
49901
40153
89854
54493
13745
31682
886
441
73002
21397
98220
87522
4022
69272
8794
69088
88561
62137
5680
92396
97062
93217
448
16333
67035
96942
6076
99031
54814
24458
59522
80410
65848
62261
15770
71782
75190
58726
44676
46696
4031
98061
34356
2335
58276
66948
48852
68782
18756
39234
79296
3049
44769
31730
2900
28434
91153
12766
23250
61569
8911
56763
12523
84631
91606
43305
99839
51947
24240
97156
13777
92618
81672
73704
34500
51835
86076
939
34465
1252
1592
28653
84307
38906
52623
52927
21289
78702
37957
89357
55626
40411
27442
39711
94935
64131
65702
47477
59719
92451
52547
27843
74578
94785
55994
67899
89213
58551
29841
53888
20936
26583
88188
66102
25888
68330
10858
4292
52387
13890
25043
95359
19681
17868
82405
43839
27696
28303
99834
53641
34334
44235
78358
54306
6574
22029
24436
69671
79079
7422
8855
8006
87841
85088
69500
1288
75213
48585
95629
94398
8165
37227
14653
11056
64149
44206
56115
96661
69312
45198
68736
63855
25553
16141
26202
45324
8731
10933
72807
31134
24281
60780
88883
14807
25388
82487
40463
29121
76784
5139
73699
73942
74554
87830
41158
70412
94232
93979
52092
93314
19469
64526
71143
75409
68973
39767
32993
12761
78837
21536
70682
92836
83768
12963
78226
57024
95902
43132
39595
74200
77542
50501
55884
7502
34395
50502
50163
85730
90793
87039
74715
2857
446
5440
56058
48780
36581
33106
78130
26675
68960
65584
89890
86072
73409
83109
12267
81479
92954
80808
28172
69212
41369
56355
88196
48968
93579
91436
25466
20729
23560
30388
66658
73662
86206
58717
74670
93443
50768
40097
86925
27588
36996
95749
11829
16035
54877
21917
12273
65734
29804
29088
13093
74467
30024
42117
86881
24705
74585
34521
55562
67646
60607
82362
61370
67299
65495
57853
90080
2460
84822
91197
12006
2349
76136
71224
55597
72298
13017
43170
33370
69801
76755
35918
60995
73123
97802
25066
44149
70642
10555
13313
20548
54433
25453
33954
72436
24860
261
96630
79014
27229
11149
37305
12275
71257
61075
73728
90754
61856
9370
71377
52359
15317
85182
66426
28575
78006
864
84326
86531
35445
91711
24995
68725
33965
49602
90452
98440
97790
95439
91460
95849
84043
83563
81378
92058
91985
2129
72782
25263
35391
76151
65479
76629
59248
85341
82742
97251
37013
61744
77663
39597
93555
16922
38618
65245
78724
71736
71772
94246
26627
43159
9656
88812
79806
46508
58229
76672
48048
96716
14424
57347
26360
1245
49291
33084
89686
66179
97227
23898
92834
63768
97999
51760
66617
50828
85694
97468
58888
84117
10455
70944
35783
25988
36123
53854
3924
71883
91270
20753
89660
22468
62352
32362
52755
61459
73216
46566
5342
22448
33628
12939
96840
63474
40120
35718
75792
84611
1970
58618
66831
90424
61767
56008
18825
63070
83301
80113
13587
33252
86173
42346
75909
62282
48587
3409
58720
39485
78809
92579
79412
87327
66785
20842
90107
64670
40813
54109
99838
59289
69431
72240
39096
90104
54693
25517
22534
76009
56494
9286
16095
39411
55313
12740
5514
1735
15359
26539
81573
67331
3177
38630
45392
29145
28
74509
87382
91863
83161
65931
76499
44061
50632
68477
2816
26631
83514
29
79846
52392
30726
84441
80489
25362
24952
80450
39543
93854
68301
65057
85429
34711
96299
35509
65913
66560
88848
98682
52222
64268
66830
3817
68459
7400
9967
39887
23580
37808
13835
47243
19581
51994
21681
29546
80168
2306
63987
81578
39639
49153
39956
78815
62098
60245
5687
97734
10468
10722
90282
81267
68842
77933
63552
82093
49967
24613
29314
259
78152
15471
93910
6588
64271
50933
72751
63453
7002
42082
95036
86178
20508
26805
99066
12101
43179
9005
58885
13447
78374
12509
56297
91254
56181
98833
45268
50494
30946
36431
69129
62318
18688
7720
76052
5810
55874
3
12662
69531
72294
39607
26555
4492
82878
93953
52111
88927
71973
70839
64614
58046
20866
38578
26530
53755
65164
6239
20255
5754
4541
50690
28280
36143
94921
38344
18290
25486
73233
38894
73595
24325
72537
37671
70229
18729
95115
62695
32621
92795
18145
5170
13666
21345
36706
7883
69984
21705
46597
96067
50057
4110
99909
42382
60024
51463
35957
46459
44492
48062
58480
19091
26991
53196
79934
27799
79645
41302
42813
40858
20217
34497
64690
76682
75042
376
6210
7431
27847
73141
20730
19701
82136
98054
81098
55998
38711
32200
72195
45176
665
26709
29579
88878
40309
84215
75193
87784
4885
53753
1837
68801
22128
33118
88912
69323
15303
99024
18240
31622
8797
6256
96367
50273
2682
91989
30320
46043
14285
35228
33944
11402
53320
28822
90769
96864
26586
20929
91692
95909
13772
96372
32053
1535
86880
53160
61060
65469
11545
8353
98509
18214
20171
46349
2123
11378
27590
5598
81264
88436
3019
71328
36719
64223
63520
61758
78208
20511
16341
97633
79448
13182
96973
16455
77431
15155
50695
51310
39694
46012
3021
51207
5405
87313
97953
5053
66501
11554
72978
13907
29878
83643
53361
64009
28549
20518
52132
46771
6943
89531
1370
37918
22627
88355
93561
33976
13754
80463
2218
61663
62009
22219
62828
68682
47088
31731
39654
24453
5183
65527
8226
68461
21446
72951
41543
42000
22002
64051
41213
28214
85276
81718
40322
27503
19188
76845
75598
74475
6457
40448
60077
22918
63131
78925
23612
1231
51800
31929
35973
72449
12418
19637
76591
40050
38235
21713
82472
96669
51890
35009
80289
53796
60850
6498
34766
40079
73751
62850
79168
47337
90807
99100
5500
93537
62442
51336
44947
96857
25957
21799
5560
24299
35856
86221
45244
55544
9553
28038
4866
95150
93769
15137
40482
53624
31915
8140
78219
78760
70881
62964
67752
50815
28401
55723
27734
92104
90707
18952
93694
11550
1828
59516
21161
77596
19815
42597
89679
15741
66300
36652
50672
50047
14831
66042
31254
65325
12368
15817
62060
18134
405
98479
97328
90733
656
36286
35305
82665
23551
32772
20387
26385
59096
46273
94077
35688
47356
75412
61869
37492
91776
98040
62273
46533
31224
23867
98600
87541
79276
6246
12621
46876
21462
47992
94054
62791
83296
76929
58386
48862
31849
74349
62524
80296
16574
14811
16601
129
22092
41922
22733
63340
24914
38862
95148
94125
58430
27062
85242
51922
84591
90655
88114
17731
58948
92576
42033
64948
43564
32199
98699
72435
78604
79634
65870
44717
10234
82536
77423
16568
19902
16777
4203
27863
42950
43214
49458
15813
59825
93701
64631
91410
82275
55009
49059
42101
9677
97964
73690
32849
21068
38574
10352
29085
34880
6023
52464
38386
61874
75576
5027
61811
52961
25627
25536
81509
23436
7209
3056
33932
60713
29002
82624
43708
17368
17266
7220
54052
9020
71593
8229
55162
80067
19890
14743
70289
58284
70224
63062
70623
55765
90729
31713
44124
42658
30721
7143
4193
61564
32192
56498
54816
85396
20747
94402
24581
14878
6965
96890
90717
67197
4341
53560
49031
38172
46605
93277
27468
64961
98246
84393
56551
89320
92322
6645
38820
37728
36001
21908
4895
74039
72935
83120
18926
99038
51139
44380
11787
65902
77045
88399
15769
81258
421
60342
21260
59185
8390
64072
32773
70169
64761
18123
91922
95118
51481
53543
53659
17829
51330
88464
76075
84883
70880
48142
67092
64465
33752
59333
58090
11783
20553
91981
36502
98932
24365
23220
64843
41336
84462
85215
87432
54836
9182
25117
3245
85393
63020
58928
10999
40869
83969
56689
75715
30834
74932
51660
55018
60008
11421
68538
40230
40778
97378
61692
1157
41828
30854
61785
5764
64784
8815
65561
4494
91285
99787
42680
53032
49814
91373
54372
18421
30136
56785
19781
127
74977
77539
10174
53589
38644
54965
45595
23873
92910
88085
37193
997
42130
4015
80358
24158
30564
7166
75239
74230
68142
76597
36485
64022
65741
13078
56702
5372
17610
31246
671
92568
42071
22577
21734
56146
53357
83138
69478
35882
75494
82449
53768
98401
44698
33811
64125
44635
58554
66135
16420
81097
72927
88501
62183
94176
68648
60403
12775
39757
87173
10084
6940
20569
67060
43760
32538
12953
49357
3626
23227
22359
24859
73476
50499
67482
56244
58416
67227
70303
39674
10188
25994
60094
74481
45437
60753
86408
96796
34411
56676
75267
17258
89928
74859
76325
42932
39178
56404
26057
87087
30599
60569
12424
35525
52871
45679
1459
27030
66100
87806
79018
78959
92633
46279
22236
37512
35733
91088
68049
11246
18058
15881
89505
77156
54153
99832
20608
57627
2614
51901
49468
22548
10776
63091
50021
18025
14186
54419
86782
48910
94497
96440
28603
39999
20022
86608
82001
36002
81373
50769
5581
97046
56268
66035
39406
79619
55363
81370
50213
37549
32431
4677
79757
96398
50173
41925
4274
32503
82339
12270
3650
48898
89201
80580
40415
12317
57191
1783
79310
96123
97447
47920
27746
44017
16131
38907
6001
53686
31533
91880
69386
83077
4061
73578
77360
8882
83746
11929
24769
18546
35953
55137
94206
86553
23341
87710
44920
47674
44286
24247
91704
64553
81902
34782
55811
78748
49109
46460
13246
37365
10148
3140
9985
80415
54874
89189
6942
4763
31064
47602
19723
43800
62723
69988
29758
51003
58711
68756
78621
7419
81851
27281
2443
29170
55406
2828
29928
16674
15272
97145
24212
9287
39419
22658
54586
2223
76890
39375
32957
61065
50458
6536
25571
62351
19404
10820
82025
73398
98745
57836
72257
51747
98212
30677
28423
80136
5644
48429
66746
42904
98009
45510
32908
15007
25428
90121
70671
49196
69644
34435
3502
54497
40756
52013
62997
40713
99924
41893
4291
26145
83143
86130
78865
6892
34695
77018
73574
17313
91836
92066
71368
16099
99758
453
2279
58537
44029
40118
74531
63826
59037
93958
34142
71342
81057
22364
9831
89701
36821
76886
84237
63536
41063
26014
27862
46658
5844
98104
76237
78475
91567
50128
416
92627
98394
49157
69102
47296
89079
9945
53117
85827
70416
45673
8708
99076
33108
58100
32161
93608
39943
23286
54091
98893
95823
73046
67982
93855
56300
64603
22729
66490
29236
27476
31277
53746
95551
79419
59792
78789
22957
70109
81805
37797
63068
30428
42126
87695
67268
4425
40317
36067
16395
48656
7956
72322
47934
80680
58347
57418
23128
63238
50067
6722
25468
19950
46684
43187
94277
59757
3358
88050
42756
54994
18485
24396
67597
87987
50413
50192
50159
84212
44839
20784
34613
66028
38604
40055
97181
37703
39592
59903
94307
17809
61999
50381
40053
51290
94020
90402
16245
26584
796
90727
31829
8241
44790
77597
81278
59010
70924
51723
61404
718
85973
10813
59319
76354
44169
52639
3362
50216
30903
91844
47735
4947
54661
33938
85596
27510
66348
75664
68501
12305
7836
9873
76970
3410
94967
82876
842
46642
94137
48879
24502
77737
36847
4644
91519
32633
70808
25125
2931
72277
85469
87857
52468
19944
46645
35704
14065
65878
10501
10220
61866
28707
59261
80215
60148
39664
72539
88804
58633
44054
68505
52508
46615
95306
5391
53027
32920
9879
82210
80075
72134
22015
71404
32094
8902
9415
17920
68394
96495
42275
98731
64550
71988
70423
7693
30380
94340
71246
88783
91755
15411
62218
4218
6912
2923
21806
3749
26383
58815
94904
84255
73285
85085
84229
60736
35249
99234
28505
52552
62530
6718
13809
8558
30464
99374
90789
97188
30770
62504
72739
38149
6476
8265
62373
82236
61580
32359
5965
76606
98993
65443
96978
64987
35647
39778
95084
85644
21285
95737
20955
64693
28058
26314
17953
10296
21944
35181
75969
75868
65858
90204
73827
56090
22622
68204
27101
72538
18642
78225
60514
1437
98942
40247
10303
37095
54941
35431
45587
55319
65475
88474
14881
76915
8907
49678
88671
85476
64582
12930
61364
92877
79241
74074
5868
10253
95576
69627
58506
41794
60413
22450
93514
11536
84715
91414
40119
57339
84445
89996
4642
57534
39484
61962
33667
75108
11432
25512
92065
24496
57152
24865
53061
21015
85243
79756
92149
40901
16217
48515
84587
62881
50593
51750
51762
618
68938
64373
38469
32256
50353
72049
70992
98996
82185
22484
595
49809
39377
61058
29692
86851
87166
84609
76579
58097
66155
71841
62460
72762
96049
14624
99415
7411
99065
75918
94770
9305
81598
11937
1988
8878
70615
71993
89552
58909
73078
79513
53710
61857
87608
10716
39272
45793
63963
7326
5978
22272
11675
59896
86152
79546
93600
71943
41641
52909
76492
37826
86033
9508
55040
88839
13594
41572
33211
10586
24173
24093
74575
83745
3798
8315
71561
63275
11036
89019
70385
91797
75334
30285
74090
78111
96824
15721
92890
14704
52440
76358
15429
15231
72897
23017
58372
90974
6522
30822
89122
33599
58303
40484
6097
26764
36114
3951
87613
41327
49277
90086
29322
59766
71990
97166
58206
66574
28737
24314
8844
87150
79536
24227
57765
90820
16841
59513
73754
60233
5989
20589
25999
60273
43953
45974
51891
64487
14626
52817
3632
14794
48307
79143
41404
3893
98149
95574
42174
24797
1397
9420
66654
88510
33002
75115
40603
42918
31132
16656
10209
73134
43873
60987
63009
52633
76085
8438
3681
5093
51388
93180
8285
17012
27753
51900
21958
37243
24036
14687
96086
74949
12122
49250
9259
89764
12731
28374
65123
25416
41386
99672
9180
68818
99882
78585
18190
9116
80029
72088
22204
96688
70080
10521
80118
49529
3688
79465
58756
32996
23472
75476
55416
16118
60425
31291
43914
94093
78688
52509
13759
21820
74625
1463
90750
18328
47767
69274
23303
36855
55770
24114
76740
4192
23896
29912
14512
43864
13266
38687
60647
93660
33715
76495
97916
10405
93044
58314
17116
64460
74369
46026
97830
23205
68744
206
13969
52990
70184
74790
74837
62961
21214
36403
17427
16858
3812
55787
6063
10365
12991
20997
27846
22597
91291
89819
25473
3522
49757
3236
98020
65953
40670
16537
82889
85803
60032
43241
67199
58056
32085
84384
28758
72548
84961
95793
55104
19044
38253
67152
93872
10768
2390
85517
25615
66227
5330
46909
62223
40468
38870
91708
90964
83956
59887
79787
37591
53996
89827
67989
45677
9299
69022
67783
8102
16205
51124
10485
91514
90103
41795
46036
78679
23501
15156
95901
5301
23956
16343
56296
32276
9510
91397
51925
98462
87488
3001
77447
38632
74832
70558
1890
65397
3465
76051
50575
23401
60438
57330
30957
87300
19572
19310
97460
34573
22981
24027
95544
83835
63706
6039
17632
43673
58534
12129
31347
91945
81607
31392
21584
61302
47176
58807
22068
68633
50367
80961
72274
20335
4233
78380
46208
89322
97553
40840
9983
20782
2496
11425
48262
86592
34300
45250
749
41797
64259
71111
71830
63982
87716
45545
34444
35057
47413
23323
2221
12552
46252
1393
69494
84878
88049
15527
42120
35594
12702
26619
78034
37714
34245
85130
36443
97841
61223
27438
33319
13598
93123
66132
90656
80071
22867
77355
76455
87350
39996
97193
92490
73914
70269
87383
21906
62386
78101
20447
31280
50142
19081
82102
39923
6643
54318
55953
33719
99948
83556
2866
17823
51610
93832
3270
11456
18186
51166
98311
24728
10490
90855
57702
51083
59169
42664
75502
70555
36127
92505
66905
51361
42516
15102
9216
14710
24284
81783
20924
13247
80473
71057
34054
2432
95372
11125
42546
9623
32936
15642
43867
19025
70046
70902
68374
33276
35372
91077
82755
71837
23726
52653
18533
42503
30256
37302
45619
21542
25067
17003
79781
60391
8121
35937
75323
57454
40716
3357
10094
7691
92012
73389
29062
44319
34728
96715
83666
61813
60440
34477
54429
91152
17796
67774
34070
82945
50419
22052
43193
10320
10691
65530
39855
55790
19509
4889
89455
84195
76196
65254
88226
77609
25085
58657
63598
5681
59399
56820
6944
72494
39232
31052
88577
74882
116
78588
99334
91731
12474
86931
69825
76976
48801
77658
38463
28974
95380
65797
34390
53832
88131
33198
32668
45634
52951
13006
67070
58978
70779
94062
11208
52840
66955
64597
63605
83040
14790
53637
84077
41620
96720
38525
39934
29980
95669
26971
21853
18943
49485
34294
87935
43234
71592
96339
20716
49043
53944
58089
17474
51488
36819
7504
57019
72556
25229
80688
56335
43182
90902
33831
46668
2380
23305
970
12877
73313
87065
45345
17481
16186
53455
89233
83744
10578
33328
888
34304
1729
68951
63030
79761
47070
78157
37334
38555
81475
92441
34533
26340
12594
46060
66679
46972
2703
45508
54452
12414
53506
25800
49093
80577
59375
3476
31540
57114
22819
1976
430
57988
41366
1850
83782
47414
57952
79443
54367
34408
44921
35246
25455
5723
50134
53344
31028
11298
96825
36300
60989
78935
47842
23371
72561
58101
39384
86436
44146
37377
42490
24336
11620
30493
53802
86176
87512
92425
70990
20339
82429
73312
19396
41277
88840
76750
15443
33470
51039
81983
28258
62716
42791
33779
90763
3286
4654
62072
83149
30557
96871
57075
10280
15479
73685
89318
38775
88073
21299
21225
9218
32066
34709
84333
50
94650
56484
40916
19520
24815
18934
92864
17040
30455
27611
31773
95883
14603
85949
82932
97523
53555
19617
24868
40728
32341
63626
4147
93599
30507
93874
22382
74952
75038
44270
8710
57034
23013
92035
52857
69810
96540
27339
13905
56682
91201
75139
8066
10709
77022
5134
81979
39267
48088
7095
64239
50303
40302
78037
7364
21840
44079
10949
50602
42598
22583
19519
74909
25755
25700
4666
30068
31555
36276
39771
82992
34946
52310
2795
53971
86918
74333
51296
2540
37833
37521
61396
95382
22057
80441
19846
5400
74414
67290
89098
52726
13693
10824
40371
96996
6962
18023
38722
33868
44260
83739
31024
54786
66022
84320
1742
96731
25288
45614
72320
51585
87683
53112
23654
56742
24175
81582
18964
28957
80751
19190
8345
27360
46294
4441
73549
69352
9898
51909
14646
38628
56863
56946
46753
15752
74900
99245
71444
38976
21878
25924
20382
13701
49704
41335
73016
51499
85913
59225
19748
46277
60243
34025
28382
52130
79699
65667
41356
12229
99222
30411
4696
91296
16816
94388
88346
36716
38001
79369
8963
83133
93987
17692
5736
5789
2033
3032
2799
41324
58177
46889
38221
8074
84634
55681
45826
34394
2855
8952
16773
50288
49534
94031
41621
21028
55583
94631
49916
19678
78471
8913
97266
63683
14818
34132
20845
90449
89795
50996
25007
73524
92470
58695
31320
30952
37571
92830
2118
44995
29408
55397
29905
66007
74720
88210
56917
64560
55833
32439
44836
62809
47365
50011
70762
15176
10854
72888
37309
40070
51259
61738
89945
22835
98164
90190
77461
9950
39235
3382
75047
51798
91415
67605
34685
73028
65525
55116
29076
20269
74399
17793
42770
2312
19674
90930
35909
58972
80424
44667
89609
39239
83968
75338
67207
44579
1467
57391
37505
8175
82249
50453
97461
59947
42676
76201
59125
33425
44755
85722
11090
51552
98418
88124
12678
3975
36023
43868
63375
11254
88282
12392
16736
80644
64307
15961
97910
56720
37907
2045
7037
52153
61678
37941
5669
53941
67748
53100
43334
54339
43489
73925
69092
44379
71706
32235
25415
45462
37437
47008
40096
56504
38917
31626
72112
17800
65294
26736
28053
73822
61876
73321
91794
70680
21694
73511
64593
22286
16396
93718
51866
53071
56808
12842
8818
19111
20484
74938
47524
9575
1552
68690
8213
71737
30190
72970
88589
54021
65935
47408
16567
81064
59755
95414
95965
51392
84469
66657
9393
65082
10799
37275
19558
59056
34113
30131
52447
51695
77536
72364
72330
26690
4837
33857
19935
85561
73466
81595
41991
35450
80597
7022
21341
45374
25269
11925
94647
8183
53918
76804
2449
50880
1665
87786
94705
36026
34302
91681
56548
68621
28546
91358
11952
29659
43416
56842
23988
13742
42145
6348
8896
54678
47348
53729
88966
60108
25846
80854
72386
41142
66880
2409
85196
17342
60645
41860
59172
37861
44304
95144
80332
60427
82586
13923
28482
27929
46150
84388
26844
6638
97599
46617
74473
65215
36412
59189
67068
6777
37787
48631
54503
33802
81593
79329
81165
72040
18361
17485
50704
52681
93529
45648
16540
22703
16046
54607
22818
76930
99830
67490
88734
26967
57288
94131
556
86962
13126
10318
76692
67647
47926
96640
81994
40211
99867
79611
13352
37971
68582
48387
51894
79149
23246
63249
78879
81752
80944
8264
95131
41345
44471
91177
8145
82906
51203
94709
72188
35589
53204
35756
38795
46677
31339
99096
8288
79904
48547
11049
72733
61165
90976
51968
77204
79688
82571
96725
70886
3568
99410
91336
2848
16148
10452
1250
28322
97205
87934
84802
39295
81048
16370
36410
5569
80467
84036
54071
41500
78271
37429
381
26965
70669
90856
49074
90999
28027
41648
81796
68072
71873
85604
89016
77980
35803
32190
81117
41454
66624
94107
66068
57551
48347
50325
76003
2025
81742
88413
63436
15386
63420
96932
62150
27968
54788
14276
83953
98694
10803
24855
73992
40611
46808
9475
9956
89857
79074
96526
88748
54827
35713
2019
58619
55409
46714
11444
91050
7669
67293
97655
58464
14351
40589
59957
49174
8322
71927
45301
895
80399
98075
57160
75337
66214
88012
77163
16931
76346
89355
25831
54598
65168
78243
46612
93070
29342
84217
46251
19054
31389
22809
36324
14647
50049
64211
28302
6292
2733
76704
14261
54341
98118
69700
71970
93308
72615
65211
64006
87742
74850
20449
90841
7797
66289
81251
82110
22290
12705
92703
78678
8378
38651
46045
46755
46068
72472
99945
37440
6444
13735
88575
73631
59936
86641
33709
19857
21196
29638
90586
97526
54080
71435
26921
21454
76774
67912
27972
48792
21497
71646
44702
89539
9177
31599
95527
22651
63223
26979
63822
26860
33102
47099
97362
98484
75801
58294
96134
4339
38313
25636
16554
49035
28973
68115
16091
25523
7964
56513
60990
85709
28123
19563
85101
94005
98653
2956
95203
34891
95834
94102
81323
1803
45208
60963
45247
39116
38571
29459
18101
70631
76344
91419
99581
68077
30634
12169
80110
54468
38094
14450
38673
16713
7235
99865
68409
31063
93960
55531
39260
22543
12093
24305
19720
92429
54486
13873
3750
97563
51053
18708
9057
30801
49446
7072
99437
25803
35200
12798
72681
13354
86715
98555
99310
65961
48786
974
38815
90497
63925
54313
203
68691
29358
49215
96066
47510
55021
40688
3132
38427
24368
43895
7788
11335
51043
7969
88295
6854
20711
10845
44060
84283
94782
14187
59818
62456
59698
29726
70462
37693
92601
18016
80599
57367
85035
96127
23270
59837
14245
87671
60519
91174
44165
83111
24972
59762
68101
77494
13982
41542
74273
84890
8050
29223
96269
57959
72614
81827
44176
57733
64634
85593
5738
27538
41473
77543
9430
10404
23518
98556
21496
8461
9701
81186
99575
66156
91919
83566
16162
14312
89094
90188
95841
21162
16559
83549
16244
78985
94239
95122
71290
20759
43284
9761
6846
16029
78624
78912
806
31408
40259
45478
53045
56223
65139
35456
18463
79637
86310
40654
73204
93896
58262
79651
97974
35261
50916
97253
98908
17593
47861
74811
69615
30835
19215
95788
99371
97000
66000
3260
61359
1175
30298
76623
92710
74289
15640
54684
71186
11380
34652
19809
18679
99596
44167
62555
35721
79213
91196
62255
24138
37217
87058
85536
75315
79809
11268
59244
10194
30475
6078
91833
31924
90146
34860
13769
90254
19095
60065
16946
77500
48839
33699
55951
20651
18391
59390
62030
60044
92343
50290
10733
63158
39729
17119
18375
52761
58134
66732
93982
78060
73435
26880
36453
24040
61133
38396
65537
40969
3401
99773
62379
98007
23510
75201
45116
50830
71609
46024
97888
35271
20377
87351
53000
96605
28643
63273
47919
73075
92509
76223
31794
73991
71486
44578
60612
50611
11503
75405
43942
92870
3666
46272
52540
6525
67891
57846
33009
95296
46434
50976
65920
91984
74975
4811
59458
99859
64093
15201
11427
24506
65225
57670
15659
70355
90677
772
16580
93325
10935
96379
69349
79916
37880
56111
39307
98278
22306
53245
79348
82990
5113
4371
66361
45467
83090
7026
14985
51851
35908
95469
44491
4982
63530
37351
31245
21208
12174
58899
86455
72326
76342
118
74590
34248
85520
5178
69816
19308
7340
82788
74689
88810
28045
6769
99700
18493
90373
2807
18667
1134
79895
73464
66233
83761
16588
74149
61072
44252
57577
67170
2627
20436
38686
46994
47698
68380
68785
46169
57940
42878
33764
97993
43613
60988
45026
36149
83167
29697
69004
89674
6906
91109
80839
17950
26614
66026
23795
30040
49000
53881
89944
41314
59583
81020
28209
80345
7477
5013
76483
41006
4245
58226
27761
80539
78917
2593
48777
30070
44352
63920
35299
19560
56867
75284
43657
22833
43826
81173
24655
29294
19642
17511
46103
97596
86523
96649
50636
15044
86012
50454
34089
39048
36115
25629
8467
87825
18872
29287
99744
72772
8607
13983
11781
46674
4941
74654
48209
68989
8870
42177
87632
92763
92511
36362
15218
35835
68153
60882
88163
31501
18797
15766
95397
58764
27864
27279
58797
44255
43016
56650
97230
58713
60221
35301
39612
75031
32383
55792
85436
22519
50116
34030
64214
40652
91661
2147
15970
43936
18576
85208
11789
18572
22330
56853
62091
97926
99279
16289
65185
3768
539
95356
7786
7778
76368
76155
383
62775
91025
47950
53083
61096
6477
28860
29484
12791
58786
80621
98650
75492
24911
13061
92931
18469
54712
72417
57335
57560
28853
60699
3355
50383
27779
15033
50096
68270
2022
79447
49954
1205
33744
24389
31051
89921
57644
61472
49256
77148
55922
45799
33958
79207
28867
30115
18764
36848
12900
95713
47127
38383
49034
53916
22190
16298
93505
49646
73258
96728
95530
9734
90788
75327
20193
45127
55113
63614
79870
24742
44879
24288
95240
93012
30720
22847
97836
40024
19738
98173
48341
72808
9121
99875
99431
24533
30863
88563
3932
45201
53532
25812
50150
69094
11436
89606
36661
8940
7090
39740
56367
81736
17273
25617
2548
18908
99029
14764
15243
571
54861
74978
53326
54383
36070
29414
51758
79280
30421
26061
54759
55566
39841
17839
53872
473
19659
63815
67769
61952
43631
14672
67703
12565
68497
45233
76007
72151
62666
62301
13225
16406
29354
52697
97834
14426
59665
88620
2647
47683
57439
54082
84791
24442
40116
54673
57575
4240
97403
17078
77629
21710
7070
77518
60160
21016
11945
99232
57452
46562
49520
43196
28779
39508
30010
45825
20927
28325
77358
54625
44935
712
15422
90277
18412
66079
87814
6307
89602
1571
32230
60120
20595
24873
62635
64080
84761
39669
48682
42511
13553
30163
62816
32279
32429
98719
27610
91380
30601
36225
20850
12054
10454
83212
70488
12827
61689
72798
14072
87645
99448
61828
6727
33630
14090
2249
16821
99190
58112
33793
28441
89125
47029
65904
63679
99499
46106
32737
54257
76744
78997
99240
67779
61804
50380
46761
42248
57009
80703
24566
14199
16128
39343
44501
31591
53218
40043
65701
73740
46759
45405
8432
92661
31045
4940
72916
45355
54171
5704
60873
51670
74723
67234
17834
80535
32177
7943
7172
91292
51644
44289
18694
88670
27021
30199
99553
63944
54634
51019
46053
51875
35139
12656
22166
7500
51442
93954
26188
51416
99990
3631
55455
20976
2600
79860
31802
16082
13114
28139
85996
44421
45013
48930
47517
31494
76191
57876
89616
27032
46084
26802
9311
28960
97545
56592
90301
48282
4444
61284
33193
12033
24921
71146
63281
40956
44242
49581
80615
56415
85484
38737
29007
82758
24403
90520
83444
64845
52091
19074
20276
25817
23582
7822
82308
76905
47922
51022
52053
51476
12379
78545
61045
72573
77869
11792
41407
33308
23850
65938
79287
24081
80631
409
90351
65893
58974
97855
67094
57592
31607
650
24814
89426
22822
54709
50397
45735
56488
48251
78932
96583
5621
46644
13140
28840
56418
50527
77605
59772
21630
3804
29278
46766
43588
48761
2180
68273
42605
99519
83229
2047
5547
51085
87474
43560
39601
70759
97360
37624
8617
68993
7312
3598
88432
94332
81047
5077
55618
97238
2507
30215
46782
20873
27070
2887
3150
2323
81449
55752
41111
450
42172
64903
92312
96787
28699
98881
58328
77271
18121
99229
22994
8030
4660
81161
58676
78719
53875
34731
16596
36133
6459
53087
6810
5112
32109
40938
11269
91965
80427
66373
30212
32653
66983
45896
47778
39142
45775
67509
62796
12597
38476
86953
77021
38514
59614
16264
46902
83547
45321
51148
15341
60905
62235
25757
82748
76643
1914
27685
68968
31292
77241
31671
44650
54322
66097
65911
5741
17374
89771
36150
87640
97011
1604
33955
53817
78581
26642
7997
82176
50598
78439
23803
6127
93752
16662
95752
85131
17974
16379
17517
93387
27525
17577
76980
83128
4604
87117
98575
8493
39478
17725
74485
92932
45530
10152
87446
94146
22381
83724
98239
70829
95543
40517
51524
55503
88876
30233
17808
78607
38819
46240
72795
95510
65176
28474
52479
79281
65868
58460
96024
76153
55275
39092
64187
39600
93589
54600
93528
52336
22565
99729
73928
82138
1123
83917
78360
90982
47812
5656
10890
44121
9471
3393
35182
95561
98455
97923
8463
8620
34597
62738
70473
37257
6696
35437
77201
13064
72403
33420
26617
66321
23474
37904
96842
76638
30579
12406
68884
91103
73161
83268
226
37201
15460
75299
95612
42642
92672
94049
48186
65779
4440
8129
38553
4778
9910
89885
92197
64128
73445
21574
21449
67689
9157
96041
44403
3881
56834
82676
50149
79028
87682
29101
71787
53474
72303
98929
49760
74634
42178
74233
33161
56351
40818
19348
85361
16722
70700
9966
26053
48495
69320
58896
12867
60886
35087
32570
71166
859
57547
74569
18502
98414
95622
37795
51726
37033
69078
40982
44626
47196
45601
78414
57695
30318
56371
61779
21997
34593
37111
47801
59150
71003
12874
14865
44033
96248
99774
48249
7060
44390
52223
66897
2072
56509
6300
82384
42543
28262
58910
11484
2284
27060
13803
23386
15982
60539
36940
60688
48719
24707
79255
64927
72062
65716
66176
55354
75680
57690
68207
97174
85907
8506
65620
68835
97991
86502
68440
75973
38278
97121
60925
92974
25090
48864
94275
36645
54492
46669
79189
20732
78571
28728
17824
90949
18504
6429
42630
29802
9906
83377
87864
77721
34799
95704
10786
34858
91586
72149
11735
59805
52572
92814
17071
63960
95179
48853
49156
38006
3135
49410
69685
31931
57228
17052
33369
41060
4043
29522
17635
53335
33404
32348
84290
21910
85843
29914
21149
13192
20624
4597
33947
33701
98819
42229
80760
10632
10536
64492
6926
29158
72012
74669
74577
66400
93798
60462
54046
93014
47488
84544
11647
20802
53575
57586
38617
90505
87509
74605
68150
52227
84936
36984
55344
91095
36884
28595
11660
37676
4353
56003
86150
54069
64629
53101
26169
75620
41124
57220
52730
95490
5469
9965
98123
19699
17140
90044
67093
91353
60695
46741
9977
23984
47898
45672
49875
7490
21410
47461
54127
8530
70583
17937
64956
83495
21034
59877
31343
99169
10394
25135
69971
17193
90066
16861
56224
2590
4649
32500
31859
89227
46621
73923
87738
16829
95727
43155
77170
25078
35150
64944
28908
20192
14038
11439
413
38264
51637
11801
61574
18027
228
68436
74276
26040
66601
74907
76580
98811
70701
85186
33052
17438
9968
68322
9372
21893
63235
9975
19291
3864
58938
86101
3958
57761
78672
17864
96792
67366
50411
48586
42030
85927
46900
66199
50829
99423
99665
24698
86052
38566
5718
80290
65756
70811
51945
16728
31956
42613
84467
34875
371
88451
28072
28915
17608
10100
51312
37246
59667
48340
94853
83414
90181
20295
92026
11614
18795
57558
19948
52045
92515
68484
83000
20062
13589
65775
58626
75728
55543
29797
4528
74368
19139
55679
36406
8262
93471
35036
95664
95681
83189
5425
71884
82022
79841
2015
99321
21975
49720
27322
74350
49176
3430
99197
58854
92339
25532
57100
67611
30936
4665
46080
53076
17260
40355
16023
7321
73646
49190
69808
62471
21407
85260
76289
48595
21964
42609
18106
6657
24155
97592
24606
88934
86633
999
88482
16136
32393
42091
53031
58995
76207
22340
17978
25668
69418
21168
56295
52087
59930
710
68830
21071
34279
28036
99351
21531
87563
23604
75802
8027
12681
88086
52402
29761
56989
25761
42530
92507
81190
32544
37662
31293
8612
45430
62268
13342
86078
7338
4007
78870
84972
56920
22839
80716
75960
98405
6412
71132
82173
69718
23076
17008
39499
52066
52181
63046
1747
55310
55554
35485
46664
15414
79165
35883
6405
12279
97191
1064
61009
94764
83231
29891
98115
1197
6186
43982
98119
96546
97940
840
87513
64065
16109
42098
72169
52536
38132
33312
9432
84154
82452
3061
77748
7452
11205
2791
36959
87126
33637
37310
99871
19522
18230
58435
41175
33146
62966
11179
25514
35949
666
40847
46827
1017
99259
14155
16017
28076
39222
39453
55103
30586
40373
2643
64366
69712
88719
21057
3051
53945
13423
87669
519
41923
70349
38637
92979
36095
55261
56026
53466
74150
60819
34436
47514
39252
11762
378
97224
62341
54971
87670
54459
77345
36630
17931
24964
94808
64514
28565
97882
64245
95186
92942
87157
3364
39455
81232
87080
29890
48362
1475
86864
18527
94352
52158
2863
70667
90837
30011
78942
55528
62474
34902
69309
58444
29806
6597
50170
31382
58324
51005
51379
11896
40668
2653
39952
81118
41982
52400
28288
61652
73212
97939
7736
18330
98433
98415
58941
53024
50076
41405
59634
84658
90864
19600
61568
47907
66251
64626
28362
41639
84681
58003
17207
74221
53833
89571
85924
29309
46758
22826
74460
19523
83840
32491
66129
6844
26408
99145
8817
65299
55083
61679
62344
52735
8805
66284
32990
21402
32713
34434
48390
54470
87477
85518
93415
3079
33677
85179
73114
3520
95647
17223
84783
38292
80154
62817
86889
82411
37873
2395
2065
89501
5478
23800
18827
33681
70233
25382
73273
35460
52206
29017
85372
67378
20097
48468
80804
82338
44043
29576
57757
86463
45269
33624
55042
40251
28717
79831
29348
46659
98612
9812
87802
6655
97909
32823
62978
36249
8077
81741
7436
97465
82995
99913
9587
82145
89461
58840
68663
69611
79990
93400
36333
74944
91059
39028
40131
93947
49838
57405
56533
63690
34648
38486
93661
74561
40899
84533
12105
87138
47201
77422
88663
66990
9585
25363
76267
76472
44962
22549
90202
14828
56443
62763
69217
85569
17412
34868
79263
29457
99969
49442
81566
18923
68734
74630
13403
67596
66494
34882
680
19033
37716
71941
39105
29134
77115
48359
32593
33391
88373
1522
92275
13180
84794
2124
1511
60916
37478
99653
30330
9996
78274
52012
97452
39635
39001
68507
42655
79065
6671
7515
41587
73756
82432
17156
65780
75579
43837
67253
98271
93438
4156
43199
80544
82112
63445
20154
87745
44745
14213
65252
66159
13422
78529
63743
96435
37343
24867
5504
96234
73688
56616
9065
91215
59842
13707
54562
44351
36738
63524
59809
7085
53906
95491
81561
86822
39555
59915
77664
73864
96038
22815
7865
88170
52428
70921
33206
19465
8681
58754
19409
31986
54066
70855
86684
34943
46873
3383
85819
58285
18455
41290
23021
3291
90736
86195
45056
54897
29081
81547
63770
8537
86589
8566
73701
66486
22934
15269
81247
65375
66172
41732
11287
27166
47287
92786
16533
72606
10541
73412
64166
85899
53018
38257
12131
11140
79078
24179
18336
10673
7226
48971
32889
45234
72620
72547
51176
64247
31653
2932
72637
674
92300
17317
10947
11776
71552
82868
27479
2204
77756
52603
16439
51163
68265
27731
58548
27150
46886
66413
1346
28900
97109
61708
51825
58596
1520
26928
82913
14438
62455
53598
47599
29370
52629
35706
86511
76114
39332
24
81658
13048
63634
70351
79278
70032
19921
76656
8517
32136
11656
8003
78575
94291
81400
68583
20215
1798
97380
8747
42924
5074
97556
71957
3994
60276
14112
65208
65844
64450
49027
75898
12070
39710
90019
61238
46287
10851
73544
34703
69443
1002
8889
70356
60899
10585
60499
32179
6310
84231
24121
48888
60877
92493
99967
77825
7073
24680
56158
10852
53513
68489
74156
79333
18366
99175
72207
53737
44593
29768
91765
15740
84632
33347
90539
33572
43877
71482
45778
57617
78964
31492
33818
6499
78765
29340
43707
8138
18814
40644
31672
94937
31081
74091
48097
53814
17476
72931
30744
70242
13433
89865
90362
26693
96982
21159
31250
24984
29635
13084
39011
86862
9625
42636
80994
39735
56337
39415
26441
21120
42662
60431
13927
72745
88320
28753
83972
86753
52160
60235
84108
26912
36605
61940
40749
14525
86451
80498
97941
8555
40930
16907
95264
21282
67156
81104
83772
33027
82867
29987
36925
44804
57905
24786
49427
56318
68294
86692
17820
86362
86807
24063
98170
18360
12955
96302
15268
47839
37172
70999
59807
95208
5877
60867
98144
86946
65328
50536
60053
41024
64251
50897
21388
42625
64232
92799
81413
48524
87896
62868
7130
38567
32797
84287
5724
676
2927
52846
62996
4467
27028
96459
13065
12977
39548
38934
50766
98130
94257
6326
9560
30655
2663
85904
46769
12451
18878
10759
3554
97400
8529
72953
83814
51793
1573
55910
4722
68122
78245
22470
53799
50202
84316
54092
95285
35404
58007
24660
39407
53778
15968
38352
33326
66009
13353
23411
46713
12426
20461
58609
27867
52110
11740
36455
45644
32342
81668
60739
2303
3590
68432
71454
59246
95098
89943
92915
75908
81717
23327
44820
15229
23513
98188
35773
35563
85048
19337
46688
20299
97104
53369
82421
17343
95874
10969
24050
72560
59002
25361
98517
60154
63493
681
16451
45990
47726
14631
2604
97504
65371
59802
85779
88548
27095
75137
27176
76134
97968
45987
89805
63217
65043
40600
4003
68974
32744
79555
84843
46458
49585
26955
93382
27582
80772
52858
85587
37645
92492
55703
21943
50851
74766
69539
95076
95387
31551
82773
30986
83890
90601
12089
53645
84897
38583
6038
15363
46040
12005
44372
24338
87992
61830
57390
42124
59064
44277
40244
68599
23108
45787
41458
14437
5695
53124
98666
792
43075
72070
99215
14466
13317
45307
93649
40643
60332
83676
13826
50326
6361
69061
49121
72155
9067
70724
40999
24427
85689
14306
2774
4286
50237
47111
88961
36050
96243
96001
76285
66149
11737
53694
17404
32732
17187
61461
46072
46649
30926
2765
15107
43776
67928
94231
83186
47508
54192
93680
84062
42252
97119
32726
7875
88738
74068
3060
16332
54643
16376
98295
36015
64581
22956
76971
18876
6245
55504
88250
92902
38703
93207
84488
60593
59265
60193
79638
821
8988
95157
24670
72879
70639
91017
92726
52179
46232
29237
80354
44600
60663
3982
44073
29005
94464
42434
77659
53842
39713
69681
47688
50514
16037
85418
84807
38691
86035
15886
93359
71865
606
43145
33735
19351
43955
84532
33269
57734
66844
28449
64248
44759
7146
43577
30006
43345
60883
43384
5615
45179
67531
90809
95353
36995
16491
75774
96451
90913
54166
49986
70595
86398
71345
61967
82499
280
86339
64383
89713
84608
32026
88117
88200
78601
58640
78203
13485
90799
70347
42948
95673
11217
31260
92285
82438
27450
20311
63642
22967
34462
14613
33592
71173
27058
29701
66456
46486
47381
5369
7513
85944
59770
34363
30870
91313
35715
59452
49345
1271
8586
2037
73207
10635
56806
12294
72130
94183
80209
44190
9737
38858
4391
20069
51068
57720
76383
52300
82082
73309
59
62878
63019
12413
56134
31001
47332
85159
73859
77789
73136
84398
17973
47889
75673
8552
11831
69699
91522
39606
56992
72586
28181
52438
20202
83165
25445
83156
25845
1225
36364
40608
16958
15661
19709
1114
72183
27532
80639
6594
39344
37688
6573
6990
13038
71004
35257
34203
43184
30476
58184
12966
59386
11017
39190
27741
32277
82471
83991
50827
90625
79161
8602
31219
58390
61189
77491
70368
62399
79253
31487
54037
85376
7525
38481
20267
30451
61548
36301
65796
49023
51626
18955
7394
6387
79571
66364
31505
29529
62563
82593
71032
36625
94012
43423
10579
78492
33710
30858
93047
48871
98464
73794
64292
23019
73885
55390
36425
93995
56929
79335
30673
95300
68731
32126
99167
72817
77172
70225
51325
53183
97995
38104
72135
34337
45798
27221
59649
27520
60485
58804
22331
26787
64552
22135
42718
70054
14167
5967
74438
88058
88544
71187
61154
70714
35769
85716
52887
66293
89305
92850
48338
55863
69355
29456
82328
24216
87247
38147
68512
66406
5712
66937
12293
75548
72335
45145
54656
19565
45522
92448
99017
28589
22676
54998
85239
13425
5451
65251
62693
96921
31838
9517
65772
47334
66565
77342
81840
29057
3107
54508
32361
96396
96210
89060
36008
50122
64318
16535
5427
33260
20835
69596
96771
43260
40384
96356
81939
59489
19611
39509
32382
59521
21002
68862
80251
91181
7198
84861
64397
17233
87936
25062
94894
97476
5182
40508
62018
14754
10
94127
23534
69926
48459
98099
3053
16819
61944
72122
5102
67835
98642
68809
37398
27834
89955
50426
92595
12237
70560
16822
86837
31709
85795
26728
49563
57873
11301
83367
29756
31755
40914
36124
84057
30356
2367
7276
75366
82470
37903
28435
80526
74784
3896
62711
73069
43099
64615
48153
5686
31907
17765
5533
42761
43409
89483
24734
56666
14541
13910
74925
79181
40856
93238
68264
53723
55149
57209
51774
24440
80765
71357
20054
15403
11800
17623
4769
40413
7421
8142
98021
17612
14585
94068
91146
75984
1790
34400
21157
78032
10048
9298
92514
80892
18289
53632
78768
5802
47895
74794
73998
92541
71349
61321
33917
40417
19280
64394
38805
66335
34547
91163
19690
53998
3161
80676
1677
5976
40773
2918
77329
89665
66425
1879
42464
61587
66715
47835
95061
25543
6662
25131
78599
53939
28622
42028
51183
99479
83394
42211
81331
50479
53133
28491
70326
77992
85736
64566
8203
47286
8670
55572
33437
37779
97924
70389
3402
53116
41958
98368
62380
25464
36614
88292
63512
52874
35597
14501
11958
57286
70965
19583
79007
28284
71718
32714
28946
21507
19285
50393
90916
45598
67145
97310
62462
93731
84366
6113
19371
70454
14496
92147
34846
24180
81419
52753
58010
12539
96438
46330
59976
92844
71815
99564
58193
53062
98871
12384
99921
16306
72891
73456
93265
48993
16506
63316
18013
97265
73004
26533
25398
90818
35384
57805
2542
52161
6939
570
4506
39896
18487
64019
90400
33201
71858
45075
92648
34428
41161
91838
18420
77618
96991
36838
25871
87161
33822
66643
87702
45674
65277
48253
12039
81904
61471
7601
33243
11595
35826
73513
9972
76637
90666
46960
47052
82260
33995
46484
48503
84394
63031
47968
66605
88832
33920
30566
58145
91816
98939
60285
92537
53891
8591
41049
98090
32579
28747
19417
39389
47790
70910
98925
97730
43824
65345
47053
11967
27998
36977
7881
84219
82956
47929
15467
68500
71688
69424
67306
35935
95477
45168
54122
52759
1013
65805
87835
63332
39581
77492
18547
66544
44773
85001
59170
75778
12631
50684
55284
71264
51593
33795
61746
58482
73607
29240
24778
23904
92463
79728
79238
1312
13859
71128
76778
2991
18409
55916
40398
58401
98889
8955
65283
9689
87186
67773
15452
70996
6572
76613
66507
72822
90908
44692
10675
98071
94271
10135
77622
42539
15951
33835
69306
82229
91869
55716
27505
47155
47329
40492
23252
32521
84324
37608
34899
8888
67352
91520
83339
67742
80628
84556
83507
1342
10014
26298
60792
33354
43996
27417
47690
78738
56056
64638
46087
46083
34034
16914
50344
48494
60634
59838
85444
18271
65746
30067
55014
26399
21655
12699
99971
78559
18739
23812
1579
86438
38671
74154
3719
28693
42500
14282
50743
90485
13336
70575
14066
60853
93280
11587
11259
83419
20949
32581
76578
12020
2501
18125
19672
80911
87779
37702
36861
54590
72405
47
3620
37460
34646
69958
26336
58988
44864
76776
21097
12307
16607
74362
56669
18072
40437
13925
13838
67194
14260
23413
96713
24806
73687
39683
32410
78083
53111
64361
93575
14750
10360
91622
87836
82350
40765
32233
40777
13129
96342
80011
97889
36784
12723
46921
85798
57467
80574
61601
86690
10386
33469
65590
185
75635
55276
9285
33652
86898
2621
30424
61783
55163
37771
2438
90096
64628
38065
15164
24433
11015
48509
49693
78749
69941
47882
87501
48561
1317
19429
76972
43376
9368
15976
14144
5892
79884
52050
16222
8846
4698
43969
91506
21927
91391
59232
72777
82900
86863
22375
19618
74160
12469
6907
74768
20606
59859
70622
96989
39695
65973
21856
93430
31550
33973
85740
20280
83548
81873
22648
46315
35636
12649
67593
82787
24692
52983
62673
31881
62237
54909
96405
15245
51990
9333
78744
62433
66339
56769
52021
93737
45231
69233
54987
60730
7574
80012
43490
36675
65625
38206
76821
62283
57285
10747
33787
41283
29908
55975
49284
72699
73647
64744
39185
34059
29336
21639
75904
90189
58475
74951
12850
55134
8502
17993
99155
26126
36429
60544
42970
71628
42241
82530
20605
79914
91175
82254
85232
68134
5238
76883
74239
11220
52569
54031
91381
33957
55133
11088
33577
77697
51982
72941
80910
425
30365
46073
438
40145
38496
50287
16659
63858
90660
82032
58032
78071
5803
23478
61022
57960
53192
52537
86207
28368
42460
3787
10818
73084
10607
38677
96043
77601
49766
33894
49480
76431
65433
61430
85172
5782
87181
45473
59351
71735
50033
50715
24333
16346
53222
50666
61394
99432
74188
13743
70562
46814
51007
19539
76298
48107
858
67604
30442
82674
26945
77134
55091
50307
88951
97029
57328
97870
12779
56801
61533
10785
2396
90456
26211
48079
16859
97140
53277
37901
42251
1124
41205
87269
18738
90020
99600
96406
47067
86728
17214
3518
11105
45310
69636
63869
60943
25223
36071
14383
75614
74722
77519
67692
25006
74145
26178
83032
99823
80132
75571
7040
1589
91702
20708
30741
82040
30920
59054
89229
27935
98221
41478
6659
96148
95231
44418
49899
29000
92977
28524
64805
3550
43405
3366
7082
90745
92049
60900
16875
93025
96143
91044
87306
98234
93553
49611
68042
96533
34251
35781
99565
57149
74733
54278
2105
94914
97103
99424
2338
69891
97408
51145
66133
46837
86486
40945
39681
55332
86613
29920
52507
78378
36111
60720
83705
9282
54401
75560
54103
80701
21380
88378
44881
43128
19402
10237
48272
93977
91781
6730
75527
69796
24626
62422
29958
87832
33984
39205
10784
68107
18903
60234
66773
51198
30816
56469
89413
87668
22531
22552
28191
88631
2964
30065
21268
94025
85737
66354
57626
57843
35859
10233
12844
28935
12157
54024
11387
19591
47279
29306
61814
10719
80684
59995
26538
42443
38640
60186
75435
25056
71202
31416
93863
8936
62733
90322
99639
73481
22763
63185
21246
63104
60213
43649
44592
49677
73600
51518
74166
65748
45082
25152
99111
54507
47857
9366
10338
93530
38932
47359
39266
29870
25129
30623
24761
70616
45718
97484
16583
37202
77005
47092
26151
97717
55467
98461
92921
2035
81004
36138
68829
72676
55946
60367
90726
31323
20178
86138
25937
37951
5963
85894
40584
84868
46811
94418
45641
33343
4841
37802
99890
48847
96444
96529
99966
50942
26046
67224
38457
13497
60254
33388
80396
16856
49644
40623
76568
80197
84899
77280
14486
18693
50691
12789
14948
4242
51828
68130
27489
91885
19131
11674
89741
54466
5529
77195
12456
11176
92402
66019
56728
53462
26142
66849
26550
77325
41784
67731
61357
87433
83163
11227
99322
20408
16235
90563
20857
82313
11252
26992
74151
46467
81476
43322
59405
41256
47569
86071
33337
23216
59305
92227
68987
30347
62242
31535
47075
51674
33264
32121
37094
38467
27121
52149
45128
8181
39798
58890
35738
39353
78625
75060
60458
25530
26425
55967
67501
64242
74916
65526
73971
5931
83765
53287
73640
67081
47869
78453
16350
15633
36216
44278
41268
42163
95919
3645
53110
43945
20502
58997
46444
68466
84590
46255
46407
48443
12078
72971
53090
16512
53562
81337
66588
55959
35491
39932
24699
26414
42420
34046
63952
65125
61731
9895
92031
67159
75336
55743
33855
50516
81744
36172
33270
50217
87014
71333
62431
40499
90784
61387
82325
33058
85038
72079
78735
97309
62300
99022
98883
17279
40263
70176
17638
64325
74059
96889
5
1004
92481
71695
34386
90079
79754
89973
72095
9186
69757
16089
10243
67915
84258
87634
44757
82129
31799
56692
78767
53516
81991
39293
25277
70648
35465
34947
3269
92882
65786
15417
56222
80523
35898
55746
4751
95127
67105
11638
69331
70379
77421
36171
91331
32767
66192
66020
95365
70544
14101
48602
69362
97605
64013
82256
50623
89547
96534
97228
80977
50031
34892
53350
38208
21606
35123
17732
54356
66070
9870
32501
38236
41451
28094
6118
24701
2920
2318
91084
89705
29311
19490
19017
4437
88171
32021
77586
33997
89603
39412
93878
71495
26241
32673
83239
79217
72413
48659
82707
61921
93928
61455
96365
12346
44968
74439
57393
60508
17982
78507
70276
49521
35867
3536
62429
2608
28818
72737
1785
94172
42591
73984
78396
24729
61457
787
30186
16228
30793
93515
11734
92571
57077
2872
17442
57411
87302
13045
44303
90489
91974
55762
54977
34226
48250
23025
13674
88186
7141
84782
47043
75858
32780
97282
46616
87744
42188
70939
110
45503
67654
82667
32567
41637
95805
39945
40093
83382
85332
74522
98870
3466
56064
4250
49700
94315
458
82794
49032
14533
41501
62035
44977
66512
13268
81340
70559
24821
65152
8627
68351
9501
96132
75607
97338
84637
21817
18721
45639
98537
72456
26820
76611
68046
1316
47923
83627
42715
98872
33558
46471
99810
68215
62774
47369
48478
35270
24202
55780
4130
30157
39789
42772
83378
92874
93671
35244
93228
84204
78148
68031
54145
49775
25729
16690
59341
62547
51451
1945
30949
21876
2569
62358
35198
73502
80793
6346
57790
6728
60715
76138
55392
4673
33946
17046
64199
5385
19071
35515
32866
3627
5636
40416
67473
47979
70552
65206
13321
41123
38706
27346
57352
67186
18331
20669
74917
45650
70597
50899
53387
99441
37809
58825
6693
86527
32858
15912
21812
57253
44530
26255
39939
88357
56770
19812
43318
83162
54512
39004
2694
73433
76534
36160
79075
11672
15006
70094
46209
4691
25910
13232
97074
39305
69167
72468
46936
45845
19933
13505
29193
32882
27865
71567
98681
73895
4068
3426
67294
31601
94482
47691
63206
56372
75595
92657
89328
69602
31432
10065
37530
98314
49510
42574
14989
34345
17860
5824
24922
39623
79354
24736
63095
24614
95100
56951
75501
22920
43213
28667
22393
58530
94837
87438
33755
668
64815
49469
3857
84698
25784
7041
89573
43865
36628
74672
62159
50655
4619
61681
55372
91835
34643
77033
92130
41859
65719
45331
41081
22595
84524
96295
52011
74240
24468
38974
68738
94375
63166
45285
11211
89746
12721
76888
67358
78442
60935
25373
88149
44385
77067
42043
67723
43348
32363
36259
90172
8769
44160
64639
96905
24924
36438
75882
23003
30486
71383
30754
13102
57004
60980
16901
76988
63463
93212
94644
68026
16300
94220
51292
41726
66409
40058
22702
91979
96704
90077
50198
77729
84411
36603
1756
10159
38558
71983
5402
34814
49928
86167
63579
94288
5732
85406
10172
36782
76389
12778
34541
67425
67728
29411
36912
48133
14996
11371
49049
73176
61343
19623
55611
90339
79322
95196
4405
75256
80982
44455
61787
28171
35846
98721
21660
60858
68162
89950
803
61241
84775
90863
50772
8085
85494
83406
98352
60492
50207
20545
96922
76788
12792
26213
12013
81170
86289
52332
60215
706
32119
73163
67311
84186
91124
15670
78011
24303
66001
66722
55272
9556
9527
71649
83625
84914
42008
31328
83458
9636
2000
12410
1452
38381
38012
38930
25236
18008
79621
83364
5506
25047
51769
50701
93329
16727
60860
40827
63066
57471
39391
91953
80153
26866
1536
58662
48267
12
80273
8679
46639
85612
77346
9478
48406
18267
10826
40427
95476
37416
52361
41835
84361
57357
80623
11445
37720
33662
12616
16497
12672
31593
85053
85896
46976
19826
10995
53668
8806
53311
96695
46085
24022
10939
89105
39682
42064
51140
23995
41275
99306
36135
81343
34769
18757
78020
27705
36731
29514
24571
52939
14606
51535
22350
22962
42483
68775
74964
41580
97587
11183
7738
74298
61330
60623
80120
44452
41969
38652
59588
89886
66659
66540
35304
42542
88234
41858
84661
66263
31056
2445
94640
25004
64727
61592
72381
4154
94386
55488
14874
45187
25180
8789
86470
17202
40687
15566
47885
93026
20130
25981
52823
88414
30755
65092
32749
78377
17730
55805
45685
18490
57568
49601
13638
89418
33697
29838
74210
73224
61300
89405
86414
18298
31954
71384
557
92142
82863
85818
89186
14534
9279
75015
43272
36648
88492
1708
86316
45213
31987
53518
1860
26248
42405
33384
58196
3841
77991
45749
28458
74100
24977
94608
33284
9319
68625
4687
69160
83485
91097
76184
23465
87703
76268
53093
91064
94990
99956
36653
29589
20912
26406
4950
3633
57674
91307
80096
97705
65910
77245
31692
49816
89804
67681
18555
20428
17869
37819
92075
67019
69280
36646
94978
10018
63170
81203
1440
14269
27283
87771
30258
99090
64021
42045
71892
16805
86361
77818
83311
20011
20487
9768
23959
55438
3392
88004
72375
8055
51337
94007
23000
51447
57569
13284
84882
63592
75014
65639
77275
94295
26897
23450
58555
31342
37606
96493
33350
98741
3771
14333
8785
57971
1485
26786
56560
85112
68420
98554
79583
21217
26168
53185
88484
84354
75863
35117
15003
54947
51034
7868
7547
51030
9077
8514
31070
25886
80378
68304
12710
96218
42372
24367
75563
64732
23446
26881
81729
52213
13816
42274
24716
99942
54700
98493
90196
13789
61530
12090
22695
91244
36507
81789
49248
63896
32533
50305
79927
82725
16508
9016
55299
6555
14043
18462
15580
35541
63941
84311
53954
71751
74905
73931
72085
42547
9437
66726
90588
32034
20530
84531
28331
70214
9172
91636
75254
87185
81481
3819
16072
63682
39182
16404
23859
34096
78291
73408
98096
33897
670
34117
44218
82447
68335
27040
77128
66557
76263
91728
67036
9271
99785
81845
43410
98370
7846
43436
3126
2649
31639
26167
16287
30123
84728
97038
97432
89192
6576
21790
44805
74512
35761
5888
55435
20356
17602
52855
97590
84667
17851
54438
22157
70636
7785
95780
9937
69843
50683
86292
33870
43089
89244
35696
47204
20336
13408
30171
89178
62833
9375
24028
16237
93273
53236
18113
18347
9284
89984
84163
37036
31888
44142
78215
20113
99283
26850
1326
35919
17183
95888
2267
84192
86402
52416
1297
34640
77319
63490
18054
98059
24774
37968
52303
55090
66827
15091
50371
47703
34789
577
36241
29037
41547
16177
89038
81441
92717
39213
31448
25698
57642
92116
45164
43752
28201
42326
71936
72813
25025
44532
82702
50948
13602
84512
85811
23567
95729
21353
54015
14497
48833
99406
79966
52694
94429
27220
69317
95104
99896
91900
14555
68363
74425
46200
64472
6272
43723
64317
86546
98467
93539
23521
29767
65528
85892
5280
8485
34742
28436
53815
6479
84465
83147
38933
95357
76317
10375
1681
21389
16219
85655
85946
47200
21174
34130
22555
35806
30270
63008
53460
3941
35895
67653
90263
41616
51719
47373
20541
28327
4839
85379
34630
67127
76575
46592
89469
72461
23192
92638
90250
5875
25547
87618
79568
56067
88280
17105
63556
85174
90810
90000
94930
5923
40504
26251
25087
27217
32092
23822
88175
45642
19646
4745
67430
19993
86843
7287
76573
84938
62317
19821
99387
60790
77575
23665
90118
36388
39302
47613
87805
85835
48704
26747
77814
3734
99093
75833
31518
43043
35041
76039
30773
17827
94577
76791
66718
73384
19028
58302
61236
37541
32972
71517
92027
32575
50921
52995
28431
81225
47618
53380
96007
33942
68852
3513
37151
99189
1748
33479
99419
4150
57447
80877
9477
41912
78126
65203
57601
91594
27066
75212
99718
59561
25182
97689
12155
77668
62366
45332
15724
56690
77035
42474
18247
83612
46105
83924
9704
36157
98652
45746
93678
83743
67941
76800
21343
78931
35215
40744
33367
51512
12709
11322
12752
62023
63293
68232
53550
42527
51920
30578
76470
56611
57763
13491
27952
60998
9168
59742
58947
13776
55224
24157
43344
28923
1919
72272
44533
50882
49879
49663
81177
93139
2584
17479
95391
35520
15198
15896
56193
78143
57238
2818
92034
41287
837
37590
92938
94226
16262
70116
97752
6237
73125
57550
57408
35253
72023
18268
51372
14909
74873
73768
3035
39951
14357
60232
70754
55832
43842
14160
96856
53716
63698
77922
75387
20772
95624
34002
97502
76630
8403
38535
66796
60429
55500
8808
66137
29219
61885
58950
77014
19877
27020
96309
86606
58903
4016
69668
19535
60644
83220
79407
77627
6072
6344
15997
70470
38772
50885
94059
22248
78182
28809
58706
29559
49456
19394
92532
47597
37106
37864
71895
93470
18503
63469
67033
7121
98292
99801
29583
52
4419
69593
33373
84745
61741
49161
77338
20149
9302
38209
30577
29762
75894
85542
48790
23998
20769
65288
61089
59681
73442
93909
99893
79483
12088
23269
47233
62452
49629
47758
7391
95604
67340
88213
79921
73301
33449
85168
91551
63339
64967
60006
16611
53951
98564
89760
17852
71541
87283
98906
12847
71399
59142
44275
55263
32389
91339
32296
77917
40535
50654
24302
5496
65516
93614
8705
50702
91314
81276
45358
82049
9608
74820
40032
67585
14508
38378
17270
20248
11633
45204
59669
44047
83380
56870
35298
14162
74198
23849
33174
48118
43455
90848
312
93509
41793
45170
83711
89521
53981
77807
43263
14522
24730
49306
57635
1473
97600
71866
30875
77773
62697
25646
38823
56241
9251
44335
21333
98791
4806
66651
35401
24942
58541
11567
22403
64516
64058
42743
54986
58532
12829
97373
55753
10509
44486
11129
57235
12178
29543
1801
53514
77801
85309
72950
76240
33656
78431
7106
53594
78205
27928
63165
77080
38113
7034
88169
26377
83856
91670
71042
94805
53978
1930
16940
69915
55501
70532
64404
61312
88371
47096
61164
28367
74838
11472
11148
63914
48883
47449
68386
24776
29124
97809
231
20106
10277
63352
47883
31971
5821
35133
20153
45100
25955
42081
7655
52360
39624
21064
54819
77602
66462
44135
42084
48607
90471
43923
82455
56378
47564
79997
6079
89511
78169
55522
9291
99282
30336
79625
90466
92501
46493
22593
82869
12173
39982
94979
13875
4918
22281
88789
62511
88885
18986
46171
97381
16240
24054
38895
76933
3901
95947
35934
61208
62447
23775
26224
50648
60615
20419
37725
36750
34352
87346
26700
86549
56365
89030
66405
6423
25545
81553
21881
56696
43872
76438
97904
19194
73644
70366
50166
87359
97472
2769
85994
64568
96056
69502
99995
94776
59035
4072
59514
79138
18951
39863
52150
49052
30321
67552
38321
54925
63574
71636
37748
99616
99430
19636
54677
39573
25970
30701
76839
5597
46336
44184
42716
72377
61401
45852
15145
43500
30580
45487
40372
16852
36308
65109
54974
598
19531
32720
41229
74474
59138
74406
2908
60158
59782
14759
20423
42209
8067
19684
52065
77685
69751
51976
70884
22785
17454
29596
74739
18115
17907
52924
79209
61187
63615
8200
58186
22256
95279
25422
73953
1771
33981
71351
1753
92028
55180
14200
15329
46877
29860
83793
28846
81524
63279
64856
48374
14806
15899
85771
39554
39224
48590
68350
24888
1163
8638
12846
64431
6811
58338
27727
25408
56001
98689
27303
2944
92126
87636
38211
12046
76401
21308
95094
2943
36065
71309
64217
73666
74995
8866
72819
10486
50808
84540
2861
89481
12411
46694
45271
74373
62319
70363
57716
12014
74334
68780
3280
90506
48810
20028
77809
87993
25713
27332
9154
72474
80472
28881
97686
68856
36690
25786
74640
24140
85865
16040
80952
64777
57512
27376
95568
66266
20919
35444
78298
3911
41935
91819
60227
23228
41445
86560
38468
54949
68286
14840
70174
67307
7535
86097
79200
4511
22362
3785
88093
15193
24524
61610
77847
56315
55672
58576
38978
83192
16243
74696
33985
55670
66239
65105
47971
52511
33615
59209
99803
2073
25184
74824
65133
91126
70867
48453
55007
56121
47432
90220
95465
74185
52575
14122
36069
66664
70239
65983
35652
8412
80583
82872
88468
8311
15910
76229
74469
89341
70316
96246
5107
37828
51105
40332
41779
49887
26839
36824
80311
2537
32740
88645
95475
6517
96554
69829
82141
56995
33614
15515
52238
33171
63365
72644
26387
20494
89628
43773
74449
79532
83580
69850
21860
72475
11584
53224
22294
19365
46611
19476
44655
63099
33863
89582
22163
37729
8687
3703
56387
26221
11174
91874
59000
37550
18093
18985
34123
44848
76374
90177
10534
77566
60022
23171
73322
3369
9006
93510
11604
6560
65770
162
34668
86659
30993
67913
4858
71458
34482
22351
1769
17220
67083
10008
1815
35283
70557
58350
43353
24108
88604
79030
34229
42835
57210
30665
93011
91245
49554
92821
75637
77821
3276
73824
77458
45422
2352
950
71412
16173
12077
53989
56021
79198
56581
31952
26231
51457
51428
84242
84185
34712
17704
44151
9224
80950
61426
2974
56761
95071
74903
25323
50989
44050
31346
60163
32607
68496
36508
51484
3834
8904
1901
15397
69919
62619
20544
39056
91621
47838
78720
81928
54216
27554
50755
89381
89304
82204
79500
10781
80724
11062
31285
59625
11670
23230
7710
65128
5896
17654
68411
86034
445
5720
46722
24565
62510
232
48781
42447
5860
29260
35142
10829
15950
11693
70807
21798
35798
2461
88177
15858
45757
70039
39603
88913
18395
65569
11676
54641
86090
55707
17070
11615
84007
49570
75735
63192
35098
44113
64532
18048
32207
74294
68665
57478
5503
8002
44973
8787
57669
48182
17945
78061
59528
18902
40742
93623
33255
97076
1131
72859
26405
37610
83911
33571
69800
23335
658
61194
95069
27931
74870
68659
24094
31364
6244
57535
75578
13953
25100
8692
57588
23906
17173
29594
5664
52798
67022
34244
24255
10817
77901
34187
16503
77981
48481
58289
270
73220
68118
6198
56723
16416
19478
13239
78318
36703
36077
95405
5260
81617
81338
23248
69969
30379
78068
73332
37980
64070
89542
5389
8997
82880
84934
15238
8929
58246
89560
28712
65376
96074
86631
28953
65025
37514
60550
27733
514
7782
67612
87520
68175
62616
77395
20439
85051
79417
74731
23336
53313
66111
62772
4383
71594
19401
8487
44784
4204
32964
16253
54164
91028
56096
80875
57995
18719
93442
98722
86022
97013
5156
48965
24510
78752
51737
7474
87137
46662
91360
67903
74169
75232
45830
80711
43359
98817
1172
15390
7165
87746
56402
40319
79844
91082
33738
3709
10282
90548
51332
17764
61711
63173
75676
72787
94084
48339
64038
79765
99858
53866
45918
22647
34659
61775
46023
65111
91311
10835
23329
24666
42980
59700
93204
70602
96646
82796
87038
639
19309
8489
39944
37126
63752
23524
76626
70596
4172
71756
35922
82014
9442
2131
46386
49795
60100
23632
29238
91720
17188
58020
3165
42013
88423
23531
36377
63215
90644
50238
92039
12910
46691
17540
47326
20243
25036
16637
85116
13689
50328
92685
60986
36419
99929
54115
54855
42339
24620
95744
47960
15172
15994
5439
43818
74206
66660
56281
30125
68460
23716
74528
55057
71897
9599
98452
49767
68546
29764
55061
45526
86632
2895
97317
71879
68201
71719
22257
16151
30370
93096
27653
68393
52889
7055
3041
75227
20116
36168
57502
10929
24480
86846
77182
39364
57984
54296
68247
26321
64907
75580
60942
5960
86446
37598
97272
99872
95331
22037
31029
45044
36543
66548
30550
93170
79040
23947
14123
34429
83951
29097
702
73970
75726
99606
47271
99620
69107
52765
68526
79325
3210
26873
95924
55389
1182
41841
23974
20695
96344
11766
67345
27781
34324
27625
68209
66705
85092
65798
17899
11639
97562
86053
39691
13368
91441
48623
16793
35325
55685
97353
42031
72678
43573
23967
62286
98541
39920
2402
6528
65676
13398
19248
83929
82153
25256
35986
32523
85241
64885
74807
76780
54147
85481
15860
82533
83191
40294
80647
5452
55058
76938
92345
53752
81194
98412
33142
75966
35747
5468
4740
43316
79615
4732
48023
62198
95140
3767
63665
63622
64053
55505
56320
49625
47098
50250
88350
46970
17320
72713
89621
77808
43482
60826
58771
94675
38119
43232
80089
35947
66795
77225
21263
40834
77670
18978
87567
71571
26813
41313
90519
21464
72170
16397
73080
68716
7626
38939
12484
51395
47132
90774
41401
66674
13935
28127
5775
32776
54058
62099
22517
69297
33813
78915
67514
75446
65289
72245
68182
57705
27208
21477
1212
40932
45367
72854
91300
15903
14396
13280
18062
70341
15361
82506
67539
55775
3647
77934
81794
51237
64202
83056
18870
34424
8204
73439
17130
76724
86229
23325
37409
2886
82
54273
40147
17740
19166
53757
6851
5929
93576
93153
21381
59646
78247
63093
85721
10621
48095
99070
35823
78920
31592
11488
46035
94292
59714
7453
75913
25421
23234
98730
63882
51938
60888
90630
64348
60893
57857
50125
9921
3822
60704
55046
10496
55442
73707
30071
18164
92069
54557
31033
9839
74252
9934
82928
21813
51098
49633
22927
80062
19121
34763
92592
17097
41762
21088
61854
96635
51809
46922
82907
50405
17923
96343
67106
83596
13825
58378
96814
36599
98282
11665
14796
25018
58187
95636
51246
34369
45716
59730
61867
87505
47917
37358
51355
73497
43713
29356
3153
4797
31353
29545
42954
63507
63473
4394
60109
15916
12246
36448
50145
41071
53143
48059
8520
61721
15366
66355
94519
93326
74229
3190
3984
61181
56886
28043
44489
99962
4646
79918
52796
63478
96626
94815
7932
78070
10151
42264
82698
14277
72439
50999
61617
35698
86460
71485
58612
41264
59971
4872
43764
57400
51137
56813
94933
66384
56171
45769
97176
35171
67001
67148
90378
81854
25270
87368
31240
82021
52203
80214
34007
16119
29330
84651
80518
31094
70681
39852
12755
41207
9997
51161
98938
10082
3188
60319
94984
78137
55193
51904
76524
5210
1484
94919
65137
6686
85677
26161
95053
99400
96735
41121
80507
27973
85650
49612
26041
95449
58603
24696
88707
52973
28200
46783
45325
87100
75362
21247
19696
37577
87717
81249
66576
77397
81367
23943
52437
43544
495
78154
67659
82776
43420
35829
50272
26793
5645
51461
51684
85825
91590
24562
55336
39164
14696
76169
11564
14600
90595
60178
94623
73455
52145
25664
402
68807
65331
36263
47134
11833
58244
92528
30237
82672
26689
87916
92154
15258
33877
22076
80933
28849
16640
82231
83251
49662
21821
62253
66919
40712
64206
98478
30103
24578
62742
41273
44721
80052
77931
46932
50676
86671
32696
5861
12733
58779
83199
75073
91664
54251
19518
9700
81471
49441
4024
18734
95590
14949
18774
52736
54227
67759
33025
44297
45935
97115
77502
90313
56490
14257
63013
25744
67683
92691
54190
64883
21212
23239
55894
80080
94354
30664
26465
89023
97838
91932
31270
52600
10207
61805
57744
78155
72701
41096
90287
41755
88092
71589
13323
1631
23175
27145
37834
76423
21809
1396
48445
32962
9699
69855
20497
20757
45682
2255
68802
31155
65077
8942
12142
57659
54713
44032
68492
16748
2854
49815
65177
22078
18107
51072
76537
39690
80552
71994
83960
54826
38197
56038
62851
12564
8590
29483
26840
44996
41954
3413
3839
30682
56189
3303
21264
6612
54815
41241
16669
80800
94695
95031
59367
57118
92454
90671
21314
23197
83254
50833
14114
25489
68652
85579
87095
10665
10169
18831
78106
11453
22183
21440
15114
98318
36637
1230
65543
41339
50179
47718
10429
81775
15020
12268
23976
98279
86041
31380
93962
23051
77895
59016
89459
11170
1204
47810
11575
9384
49553
61671
7061
72945
39298
16966
24719
60521
14185
76736
88584
13574
63774
38056
99409
44507
20453
24795
24454
13609
61003
14367
14979
76121
62557
84825
24422
72192
11816
62825
14290
43076
58160
69437
27825
1718
35925
55471
33355
51721
15350
16421
90709
23586
90491
85480
43383
86344
4412
17862
75890
81023
73976
45493
10974
2182
31865
67377
48978
58426
87610
72338
1647
29852
98891
78108
8355
99067
79233
58585
82116
59511
47760
92653
48858
66974
78483
38064
62108
24039
16426
767
99179
83389
5491
40651
79084
80956
55520
49094
91703
58058
92604
20685
5998
26865
82408
88476
27531
37949
61925
41861
44174
95891
42870
17942
83008
1149
28913
37973
46477
65448
29783
72048
81612
56799
59855
82781
46959
83759
42453
58173
24059
61735
85043
17309
38904
99295
2527
14448
26597
68070
95765
84862
80503
99266
33410
33687
78522
34196
28671
32083
6414
27631
38728
43994
85490
51808
82486
4782
77387
9660
89677
53625
31192
70712
11361
26834
69886
46406
35875
47921
75298
34807
9502
94812
27472
39072
3808
12309
80371
39393
28829
65121
71880
47520
13207
82194
87616
95247
73180
76903
82158
91600
4566
96786
79034
74839
25317
18904
45210
19983
23080
85441
21690
76474
39779
77995
73331
95935
66474
6026
61546
83325
3312
70200
27245
94685
62587
61252
39568
78921
65873
62388
45407
10557
69742
46643
64479
98782
25162
95326
92600
63258
95587
48134
48762
56175
80199
62338
29885
66964
85204
63119
44175
58047
3467
84718
39031
6443
41649
28448
3386
62684
17889
64265
13997
7741
87790
19975
5593
27583
92111
98937
44131
49382
97077
83621
51396
92757
34166
38026
9320
88701
73968
66542
31009
54132
26889
22084
20823
54403
64753
84024
97585
50843
32002
53599
89870
29800
57062
48645
3356
9052
6733
29380
31648
63502
65757
53291
3352
13677
54892
61911
56468
67967
93815
35480
26114
60824
83502
5706
66591
17081
43817
94276
19627
85180
12299
97057
14188
75930
82201
80097
35622
4531
71952
48743
48137
69257
26164
1436
10450
85344
37810
70932
1721
88091
13128
44448
89352
97396
40126
27352
37952
74819
29272
34650
43744
74113
54366
54566
79682
96577
13056
70937
33368
28121
39921
86725
24191
8406
14826
26156
18129
84074
66559
27575
2894
27735
55170
28820
10242
26497
42038
4102
33519
16120
8114
2011
30663
84096
92613
11854
44407
78957
92535
8214
9213
75260
48918
15037
12038
65267
70686
56975
20809
22354
752
42310
32075
47654
68932
6622
90124
17090
55814
73105
49664
52744
36541
10073
41391
73026
43958
80637
99551
37586
93218
74179
23838
355
22482
94656
90095
69334
98695
48891
54646
19899
70068
60304
11408
48619
10021
80593
23388
95204
82467
31357
41385
55947
58195
68426
28071
37208
33064
10372
19759
75840
68288
70850
54128
84926
78172
38997
87573
46503
48332
66947
8957
19994
85956
25775
77369
46641
63061
43452
83907
10011
34335
22588
2031
11163
5190
70903
88503
90911
3760
44261
35660
54308
10550
10225
10702
95653
25235
59523
39537
52080
23698
94334
7796
68767
79721
49270
10544
89971
71944
53200
91260
83264
96307
84482
38785
66279
26146
71572
13549
45979
65801
97124
77048
9600
97533
10767
46524
84348
90751
60325
13426
61115
76508
52101
67322
39542
99081
6171
64563
86535
88344
34881
7982
48473
10884
74769
27016
83371
93768
21919
47015
55235
99701
51624
67944
32812
43731
46022
89900
3479
4692
79549
54841
95367
58858
92997
27719
71103
82495
72368
88780
17206
82436
75278
83634
55374
78979
34135
75591
39753
6561
24086
63976
27424
66960
85763
28040
93551
44392
69811
6193
63188
32041
14879
66072
56605
70940
6925
40690
72128
7264
10809
50760
57215
24412
2173
39073
31248
14964
75906
17917
64928
79812
67104
49577
20493
43749
96778
6620
44162
55598
14791
4461
11468
54502
71379
39471
51151
65423
86687
7645
80815
12700
47670
56898
32072
61864
80146
80642
22748
82955
3094
39186
15845
30450
99746
62610
18716
37869
1268
37419
40266
66702
58230
77943
93344
91615
82740
53056
61443
6204
26082
66875
33139
67565
6409
55365
69940
71565
54229
86056
70664
40534
51244
48661
82417
93284
1299
71347
89849
73022
89927
56687
15604
47770
28422
39882
37137
34080
9806
42509
6261
21845
55897
88833
36395
94795
14564
38835
69748
89960
59218
69287
89633
40758
87739
24932
54818
49672
39700
73582
99287
29731
48146
59231
64938
6306
27138
90592
79932
29003
62548
26837
41212
34577
21190
73
77938
25163
93407
32079
31167
37114
7059
1703
93332
19382
42001
87951
13023
83512
98495
51574
46427
14834
91098
25584
41057
77932
4214
58263
68448
93609
91531
83449
79518
33495
46204
71067
6290
84606
66195
36573
65210
42020
65058
16389
13026
79341
98034
25850
46754
96882
61988
50562
77391
98513
20934
68850
38512
49608
60717
13849
89826
20451
75054
7486
18084
25612
46145
37911
9391
31362
82156
23650
79596
63913
70496
27402
79286
3015
22849
14238
46934
22123
2972
46249
42847
63115
34982
24635
70798
93691
77716
62381
71026
92700
39270
70688
63338
59820
73509
41723
18119
18613
22296
96502
11091
30753
45413
72380
38492
94669
59378
67523
89317
48041
14756
62215
11240
51878
24294
71757
84846
90941
36772
54291
40925
27261
68057
18794
79827
18820
88375
39549
28493
8810
63021
75678
64081
50193
20829
44498
6841
50123
5969
62638
75559
72373
90387
46370
32231
69009
11940
12306
50733
4880
82927
62856
33150
65649
75553
47930
98608
59717
26858
81393
45444
59471
31693
85574
44057
62166
71882
11920
11788
55425
82550
6350
6787
7208
58508
61462
70834
30445
42304
68925
44099
5545
9141
83685
9654
94588
39925
54644
79881
42774
47679
91417
25856
48763
3866
91980
95699
78771
8549
1979
17113
44045
49371
76430
8998
17515
70079
79314
35609
4964
87612
33865
37817
29350
10538
78750
50077
3902
8394
52555
88837
66326
15870
47945
70796
32014
19796
45578
63762
54907
69105
92452
42458
1365
67210
18077
34275
34705
17785
86812
56623
48333
27027
23931
82123
90468
59208
25432
75198
69118
98572
21146
51575
18586
49911
80779
22252
18316
15437
18674
65155
66475
90063
97917
52068
32331
39156
90534
81218
91547
15869
43037
47738
35184
89655
43835
88852
71353
67414
44950
60909
76028
11941
89111
66892
73503
25116
957
77617
74203
64207
90869
2960
84247
28155
65081
72718
91055
45242
88222
70019
39902
74941
2957
65049
61838
32970
93504
47068
68326
65874
31897
22072
74387
68969
63310
93134
78526
47942
81700
65852
80232
183
67004
10003
6296
63005
59969
88
78013
2341
75613
63538
40699
18658
5048
3477
367
19303
98667
1924
28522
68553
8803
77086
12744
76754
49785
58690
69126
73140
54558
31206
45181
94860
65318
99309
51657
31116
59093
57290
33645
47984
75498
60616
93684
19847
41490
56848
87508
60349
80347
62193
44770
51132
851
3249
92495
63040
56154
77710
28318
35439
4318
70565
4580
29610
30531
52451
15029
44347
24282
88614
36010
66925
88869
16294
40393
39405
58296
94079
93013
16384
13416
33220
81725
11706
12942
26565
16768
90488
28292
23908
47079
46295
74931
49900
785
57344
78472
71721
60559
80382
59985
50368
30306
57953
61822
80609
9766
95936
24691
13076
90690
83923
58919
12531
81909
57122
46109
49542
55736
41360
67309
31468
79095
66970
67845
70245
1211
67828
40564
50517
92445
8518
4915
28970
9236
82552
54863
44026
81899
96044
63075
40639
82352
80480
46046
6317
14517
47465
76123
92924
70692
87156
5838
5270
3425
79899
51534
76807
12767
73044
6916
20893
41820
91507
99403
71007
72621
46535
92070
63652
97347
85272
35260
98952
23183
29027
45832
77829
82904
40502
25310
3225
81103
96072
70600
6170
5350
38161
1489
19445
68518
58078
2102
62129
85782
46322
85609
72407
5934
42363
84755
60398
10377
18111
46134
65564
93474
14771
14615
19342
96572
33698
11034
24822
48716
22023
47708
27273
79617
37755
4804
38151
90734
76202
77374
99495
88886
86972
17204
57422
52686
25741
47974
40983
10830
26449
68618
62368
551
36595
44923
4486
89873
6021
72187
36316
58952
35972
31948
65999
91427
96965
19359
10077
8033
80142
10199
70119
80412
5946
5052
55847
13606
52576
66374
36214
42838
62637
72172
74822
34396
9991
47192
45248
57193
87021
92895
63587
54035
40717
54368
89467
21774
79907
60847
35049
84992
9914
12238
95181
5555
36060
56872
60754
67120
55186
24673
39514
65140
77336
16597
58281
29740
63379
3523
28741
44294
10942
94666
14098
41250
48371
59544
60279
7278
98857
3921
24383
94099
51338
22788
66063
38874
52497
1605
30072
99784
89396
27074
86380
7381
82053
75401
23231
57005
43887
39247
60157
44197
7157
93312
8439
92288
2845
7541
89209
96884
11594
57008
79690
67964
58887
27005
82669
3803
88648
41157
11243
48675
2793
71416
83497
43415
70078
4266
59636
22850
29338
70340
5101
12783
40069
62992
29503
3538
63476
8774
94450
44641
21269
32602
8430
27343
63460
23287
55502
38856
91716
27156
17352
49335
41996
94822
12958
41949
25658
50068
73894
64755
32058
45914
49885
74714
78174
54070
761
77192
42837
17761
49117
19844
95184
77853
44884
16549
20042
80998
93670
12144
55257
83700
95787
87559
67871
80573
23503
68064
68506
30588
91359
55200
9059
23515
3471
55984
53191
2389
44321
28715
37638
63142
60955
74246
66631
30381
78690
56634
50694
53663
55523
61560
39653
23404
6209
83417
31459
86861
39610
77279
15747
49344
41999
26480
59871
15905
19102
66742
8297
12478
6188
61419
14752
75447
34974
42048
77503
34072
15735
86989
59276
2636
65694
25727
50512
92883
98601
30259
26398
5474
33120
65521
91054
7045
94280
85199
95077
65258
44247
4886
6845
70510
80306
73053
13238
43736
33776
83854
15652
71551
26379
20664
98313
68456
22202
55195
89297
96262
85364
41347
83916
58727
12527
23946
20086
32252
81037
40117
6506
66566
40996
39783
86482
76783
7389
43057
73240
73650
31085
20646
91640
79854
77180
15532
98267
87048
47585
84801
18043
83906
47105
80249
68237
3938
5338
65169
11161
35755
32664
71167
67287
38653
84450
16093
3168
50053
53591
69905
29116
17888
20300
86290
96360
77427
55823
54406
56052
44207
99783
4289
15047
5176
99694
53358
90910
15636
56974
76304
27169
42023
225
89589
97814
40169
18069
41832
52543
21688
69943
72074
13283
59200
67816
3512
97840
3483
57426
16985
341
97912
95833
94683
92185
9017
50839
33640
61980
20574
57384
91308
30158
58074
35440
4012
46013
25787
46157
86308
80212
19335
94613
5363
6547
21226
56885
22675
3965
46548
23763
31650
76345
76396
55878
54752
82921
93866
95373
84429
19579
18163
629
8275
76214
77900
33562
76425
57236
88918
40607
69314
99534
6019
86510
92397
55960
28537
50319
94193
86934
59168
47504
87638
94552
92948
51147
30031
79694
1963
24519
26731
34572
1203
51996
95047
46293
23717
99612
95714
76132
3630
87074
77871
89444
8443
56522
1922
36670
39132
8024
20556
5570
73018
62019
41642
83205
74845
30013
12718
58307
44249
82557
43756
34997
55152
47557
20155
89479
20920
42729
63491
36098
19061
21023
53857
23255
79313
58318
16433
61062
94952
47101
84435
39587
722
31870
9325
6302
34792
85874
6472
73648
64730
59723
74610
18918
22846
72874
63376
23029
21912
98193
64837
28269
49827
30539
13202
42266
73155
20306
23320
33639
38096
80049
36546
14067
24555
23456
27282
63086
6134
73237
79485
8247
91266
46215
63351
17838
31336
54220
91806
41994
72218
53967
70070
21418
76734
21729
62562
69828
97513
65568
78517
71339
84328
60130
20533
8233
70216
89731
30950
92179
28557
50780
8783
58167
86823
75727
46010
96740
5008
94294
84269
18813
54662
85221
78308
12437
94992
14930
27301
93113
92334
94772
88181
23353
40258
68928
15089
28539
23603
62362
23150
26273
49228
91445
92551
43491
47794
13091
71294
65900
63088
95072
3203
45886
76269
54235
10396
61832
20441
89196
38798
16741
6426
90176
88271
70653
81766
22883
6626
13168
89087
98507
88969
98921
37183
68912
97808
7642
41272
27550
60371
82372
62952
69025
7635
22630
82512
20801
27441
55646
48260
57874
45012
9723
61635
11372
24485
26107
13487
67337
70250
62142
27415
48683
52170
63361
69373
74702
13973
25926
61575
34939
55860
7600
63450
46195
21139
14734
72315
1912
159
55369
82373
35281
94331
11150
60059
26574
62308
7507
81462
91603
40304
76901
68827
53791
60937
91485
97548
33725
59334
31989
50329
77563
9463
14161
47775
60870
59917
28090
7819
75325
72256
9783
81912
34779
18241
78901
32746
68391
1434
17409
62469
26547
84408
719
83691
6024
5629
92384
25487
96651
90241
14550
48203
58024
81537
8814
91905
55020
32472
24903
66985
17162
94826
29606
68607
79023
34663
76101
78058
27946
13437
63371
31594
99691
49776
86077
29034
37770
67741
60831
7426
9877
16842
37657
4578
30296
66555
52963
78446
23299
30869
15483
25307
42216
13482
25377
10792
55962
81774
90533
30417
31318
60468
58802
12626
19150
94900
9336
88959
62974
66613
50283
94963
67217
60061
19466
71493
61884
33756
52470
92603
94694
79221
14822
50681
321
92628
28734
16372
78005
3088
18936
75714
16586
77713
75403
83722
2591
30644
73638
14866
72824
5388
31772
83824
81196
48388
50848
92351
21822
96861
27985
34176
49048
58319
14193
46706
41646
12280
95870
58908
82596
60240
1295
95419
28223
86945
81678
71526
38314
66357
14846
59111
44781
29508
87874
14452
45740
73713
32942
55579
54324
19900
61261
51807
39005
53870
38360
76670
37509
93193
21051
91864
54049
99027
75848
11389
3699
23238
69103
67185
86975
8578
19006
27395
71659
40367
33279
35292
88639
41443
49863
74330
25821
55453
97546
32303
42871
19961
42254
3644
69986
64647
8195
45628
21404
90265
55644
50596
21425
84813
50226
87511
35511
25580
38579
23755
2745
92549
75584
33501
29364
70437
8734
41367
64688
80905
9824
95015
38296
83886
79797
71504
14714
40750
43556
30896
18030
6825
78859
39367
37427
72825
98765
61169
56745
4148
35948
56328
87641
54702
92761
18470
37338
12029
12186
70404
8434
2814
97708
82938
31284
49433
4664
5050
52288
50590
71389
28932
48263
29344
72329
15612
44609
79594
45796
13705
85289
74261
45458
13908
27569
64161
24251
12753
79793
36919
81409
87757
1833
70336
558
20270
97527
29432
93124
27009
7852
66752
63601
88898
81092
46425
98274
408
1896
19451
13446
41766
65633
50551
6575
11080
77203
96879
68893
69656
92946
37908
88165
8742
58868
12674
84334
83365
88851
55850
2383
58209
97584
72667
23261
64889
5199
98109
60172
96603
41960
71159
31100
41594
64443
1587
6961
80866
1478
67396
64330
65634
57169
44447
67727
7565
66652
23499
25559
50550
89435
12904
48384
19317
67631
11786
34402
23151
8858
55417
67791
37773
67418
13957
60478
23794
27224
76404
12335
83451
28857
56019
1265
67678
86479
64234
68604
89012
45193
69749
80391
17583
91812
69520
92863
51436
53336
20892
31057
35827
71558
95195
16685
33241
90133
11320
68786
20317
48290
51271
61631
86191
81442
35140
98800
56240
17029
79101
96431
74146
43698
63775
12605
9049
64554
56260
33004
47970
55615
85167
17383
61050
74947
47610
8228
42486
91810
58270
87692
3490
76543
36082
44874
18438
7408
34210
61030
61206
16641
16602
57359
25478
60479
1076
68967
85990
19014
2277
69754
82071
79523
49910
23435
6997
86872
60040
53294
3928
16757
33441
21527
84886
30782
10990
71759
78995
38534
24053
76581
74542
28359
57324
71396
35857
7154
74028
26972
48707
33989
86160
46526
83988
78856
57732
42626
51858
74972
86270
99618
61231
47796
57040
56796
98264
76162
64068
68410
3289
68676
18641
17460
59113
44494
8373
15214
70261
32469
60646
37535
37462
27574
25480
38355
33574
918
35233
17301
14429
61881
81412
728
50105
57766
58473
63965
38066
23936
15591
11982
5234
76088
66686
91394
92310
96653
48276
7371
78478
4487
53178
41434
23012
98655
1989
3224
61977
48604
32185
75785
65474
69980
65621
42093
63823
53714
64442
7028
56524
80340
22282
53009
14302
10907
8920
70951
21250
69880
7412
31908
30309
951
15016
87907
13655
48463
90255
27405
4332
31817
98713
43414
89983
16882
26478
7795
35546
14284
81079
85402
20409
56381
82245
58274
19360
56773
11694
52047
52313
88971
86203
92189
90094
9653
98809
93860
82099
12863
62897
50062
32388
35873
95862
65740
70072
16990
39246
33117
89903
91108
75500
6738
77732
82750
29901
55739
47058
68306
43542
9696
42513
30240
31996
67687
67538
95577
83049
47050
1898
54784
72871
31375
54359
70519
96940
4900
26331
24341
52832
51783
7440
49562
57672
11727
23729
2632
91113
92287
32245
15324
5850
96570
20995
48997
1564
39957
87809
48004
71529
64230
49985
97285
2162
93831
46423
67115
23963
12443
76441
22838
37858
98343
39929
3124
88975
20294
30229
91505
1601
24492
57198
97989
74726
52435
28296
85214
92253
15178
1145
52034
73108
5287
41596
37806
59082
60225
20523
42176
44529
7259
94548
2209
69288
29850
17424
47986
12212
45882
34719
86634
16668
73032
98552
57508
72258
22520
31930
73788
50762
94629
16665
55573
4471
13661
69651
3076
23542
43741
72479
47451
63174
45183
46835
72161
73179
2229
32853
40889
7542
30393
49380
40080
42387
42942
34125
39949
20935
62488
8567
33101
660
56901
3316
32493
92506
64949
6995
25648
48248
66275
58741
74666
97617
23600
16090
46993
5887
25705
91804
44199
91845
53263
2761
33675
164
98297
37922
99191
28538
45433
75035
37420
26609
75566
43107
22708
93681
54595
86318
48152
88424
488
43762
45900
93751
16592
35408
93447
83716
20039
16334
61438
78404
46266
58809
70970
51353
43863
35104
17326
86597
66134
17009
29617
11306
23497
42969
96051
77453
81394
48373
71658
10165
9729
60070
43512
40268
30397
43346
13252
75037
23351
72570
68774
6993
23054
52329
88706
83410
16626
75617
66476
6606
13401
46078
94310
16957
8026
14726
61556
21937
69125
30709
39502
30423
63328
20745
32603
34311
40496
58605
32226
98882
99963
21203
99920
65309
19698
87301
28497
88069
77354
67549
15523
14552
79679
29831
68284
56280
69792
85475
6629
56535
48949
75069
22058
1855
34669
30515
42468
1247
85367
46284
27291
13683
29810
3446
42325
61957
4709
74127
84995
70364
35039
56449
63496
44703
24622
79866
93810
67839
63485
5166
32405
66510
61356
2161
55222
21576
82534
36088
74604
5677
13659
80298
12590
42916
86701
60405
33382
11724
6206
32138
56700
81388
20931
63184
19178
89034
40310
99366
74697
51288
96419
88763
86029
68613
50963
8532
19129
1874
28452
91148
18581
30245
93727
19355
93043
4765
37068
24226
13622
52120
45584
65246
97442
2876
26598
89036
39055
69899
11500
2350
90682
24711
58861
27788
35313
56385
50750
45697
59984
60673
65508
33975
99242
31019
67051
79910
43478
64432
20824
8134
39418
9865
86852
76647
28507
6410
38480
70697
10257
66197
13663
51578
88212
25750
66967
41997
92360
80777
25434
12128
68709
10921
18630
86037
95606
1045
95864
78198
64936
17742
33113
14506
12797
22231
38322
18405
27742
13603
41029
7346
48163
86410
3174
69017
69446
41288
32465
92040
27822
41838
32447
68404
28257
83363
39321
40506
4558
90068
88006
30276
89496
55731
23079
88567
46614
64379
48439
18557
50480
62226
50581
44404
24645
53596
16480
39995
8666
93431
8124
27369
73828
11886
96240
85068
62479
71643
51740
60976
84490
62600
87684
87973
81704
48865
29427
80337
89238
68940
58357
30890
38662
86269
29571
38641
61212
1116
72390
9173
62532
39937
1876
96183
36204
977
5454
37995
34286
72853
57150
42280
89344
78104
9266
12840
7927
11203
48508
56219
81222
81125
66982
80594
5650
12264
38233
98960
99884
46288
69507
71087
34667
17571
53730
82845
9140
42435
7818
63437
61973
87234
34599
29915
94225
75172
20776
98618
4577
68027
94057
90261
77947
9234
74943
82360
17085
49179
48032
90332
93932
12242
67643
45816
27955
38470
15237
95537
15711
67726
26174
77372
28661
36353
5444
36761
8893
11864
9739
84238
39777
580
2481
71959
60329
21648
16375
67908
67652
84144
68340
64895
57108
75270
86025
61684
20709
45144
31867
73918
82830
30033
12292
68797
91832
37171
60237
66252
49103
2193
40016
34833
34277
35141
30415
88286
97303
37555
79173
31279
24234
61409
52089
35462
38165
67190
70949
63908
86001
82423
66862
84210
93476
30766
12689
70446
82508
42296
8798
86122
58874
97329
86966
68227
71467
33372
44147
6798
53118
13948
78876
32782
27420
43991
11244
76204
612
21625
33986
29751
61294
75816
57265
15275
30788
57261
51531
86475
20675
93618
86127
64685
26106
72736
24894
40673
21346
87429
18598
19869
56685
94511
87940
45844
74418
12993
37345
21768
6593
83024
76019
71553
33144
67107
46011
4938
90659
58985
18773
22898
79031
58865
2070
36796
73869
51245
83226
59340
97100
37075
33366
58169
11526
29166
19980
50934
63105
32519
89839
93360
1652
32934
55737
59592
53069
21670
51694
21202
31249
4038
68978
12661
11632
76540
95087
83281
69026
76355
77842
77451
24025
89084
31922
7088
22265
25496
13435
97026
47417
39400
82817
24497
31174
17737
75088
9447
96601
24737
11283
8695
59506
1201
53770
16585
22758
97950
42036
12784
80047
23316
11915
12298
98430
3861
16542
76073
92036
65833
87101
72700
80294
40569
13008
42643
12857
3139
83763
69210
93452
25444
12271
82281
35236
25537
1711
64286
25582
1534
94508
871
28024
52708
55584
82094
62934
17938
68550
24424
49641
49367
40030
93538
15856
2441
64312
41816
15495
76380
85091
71236
46396
17690
35241
90092
91067
64146
70221
92758
11504
37658
76448
85606
81536
67924
13424
7948
36735
6822
12696
33921
43270
50547
52067
87040
55511
1640
41617
4268
4472
29975
93809
76716
58526
40128
89378
14763
75937
36935
45065
50781
38773
62990
28176
16834
56370
52918
68223
13242
65088
19780
80152
8277
67841
56697
1147
31685
12929
39211
43421
200
79427
97634
58425
90024
17844
43748
67157
9127
75081
28087
84597
14308
89351
64580
34603
51796
28360
68152
35448
817
11995
7182
33070
49727
87579
60714
35433
46347
50647
19245
24149
58142
8691
65656
79208
76523
61584
30743
26543
33386
1015
56338
52109
59045
78878
95037
5294
92485
27378
26635
9468
94303
5377
40269
69014
83501
82233
87399
31047
85627
72438
56475
44841
21521
71346
88301
33349
3487
81722
26179
5080
21354
2921
36047
58383
92113
20960
19197
41850
98287
6818
84734
74027
43147
46141
84623
62204
36444
65781
21899
9225
8363
2188
54535
52764
10467
40694
15815
82344
42931
88410
67198
73051
31021
29409
22686
27000
89028
78528
31048
92381
16929
50444
89624
23910
91322
30315
32636
266
59731
52813
84150
50372
4536
82161
16437
1399
41321
51961
28831
7704
62115
65871
57689
1447
31529
65162
4949
90513
41926
40340
27681
41363
81813
92531
27140
49833
89470
93162
82337
53421
34190
40002
47194
30808
18201
27051
54857
33405
74454
3904
34535
45890
69020
55972
48181
8990
20517
55691
66098
50262
22363
74065
79598
21368
28157
93890
45776
21748
79236
4766
81216
54839
20440
41993
52762
38718
62135
13459
87811
3181
46261
80240
99075
9033
78500
76899
59310
76119
19754
84885
41536
9579
1667
40580
49996
32052
92408
62737
71118
21966
46030
42144
22891
75274
89187
85900
69838
52922
74357
76177
9113
54765
66371
38878
75493
17734
51914
37463
57489
90200
64495
65004
22997
7479
27568
31547
76983
89441
77091
84680
2746
32204
24431
14250
21244
24095
95384
85868
90907
17752
54957
25728
5167
17111
85951
19907
62491
17667
69324
19863
23868
21478
11581
9814
13063
25284
43691
95659
90535
51323
71853
83515
7811
3372
17058
25031
6838
97973
31724
38446
84406
81268
84442
3038
53164
68672
48895
54124
87330
7958
15038
47170
87022
66267
19951
38684
88819
96023
82704
4767
54481
47744
68730
90569
54085
54305
9903
48120
14629
11362
35479
54210
21708
16274
31022
90142
63178
80561
33791
88828
76558
95846
93402
51462
51780
83561
91490
40559
22735
54094
37939
83966
19553
38565
81636
39727
16113
7773
60835
27537
87164
33536
44338
54519
52320
15146
30396
32385
95822
52565
65476
41818
54209
49010
12633
67804
28308
83033
86875
96872
19132
22411
4620
15204
7021
62241
43578
85838
22661
12664
11214
82526
94814
91616
13456
89638
86802
77274
96338
4109
27353
50738
43169
15892
99391
72836
60666
92236
37042
98195
19223
96415
40746
87527
48842
34661
43425
95432
2358
57938
43902
97078
12988
60469
8729
289
47980
54517
86501
44699
39565
39620
61149
33178
1554
85761
41844
74389
10746
69407
19448
96727
7298
81667
25136
85575
36881
83637
41913
22492
84136
45251
90706
72698
58524
73580
26130
74325
41368
99786
69568
51539
45383
19797
57515
72426
3972
30821
31960
53831
93427
98196
17440
83511
32526
57376
51317
51274
2268
15192
55652
33668
9494
31847
20766
48242
63863
91035
37866
9705
32081
50923
57891
48519
91896
38576
86251
15493
51568
47377
95494
34009
34407
72398
45483
59596
81415
46899
52862
84545
3449
83168
25201
5447
96891
84052
69996
8290
54095
81655
12525
31008
34916
99737
58042
19731
6598
34607
4771
68295
80801
70721
80023
98634
61213
2827
41186
66712
65680
9959
98302
91906
43507
53105
50025
40991
98807
97576
1575
35958
93912
76732
16532
14241
71015
8631
17297
86159
55107
49717
82789
18614
11407
38327
68826
54939
23719
15623
3387
782
83539
21575
96903
99357
12301
67561
49112
70643
19896
59247
30999
32336
7203
40316
68853
37805
26566
60801
8005
47821
87318
80432
85190
58445
42385
67067
7728
11819
48232
87009
7470
47382
34973
53174
78762
72120
54181
46905
63320
902
4893
44204
89678
96721
7299
21297
81628
65737
37324
87958
24601
90433
57842
55402
15451
87397
29173
17253
61416
55795
65939
30015
11583
79760
52532
70300
8159
47386
38329
38929
75749
93037
46488
24381
8867
62594
19413
43726
66120
51930
98053
83603
74088
34493
83653
5028
87089
61031
13288
12341
53646
49255
83718
56319
29461
60475
74380
21434
85184
30748
55818
37373
11549
80222
6823
16521
66457
62756
61229
61428
69809
30509
69498
34370
94327
83320
82442
22301
18992
34707
59705
51787
87881
54900
29293
32704
66296
66870
10187
36046
42556
58642
83945
71072
94234
32178
46489
35192
62567
6708
36655
51836
73838
23118
4246
12831
45809
83011
17617
11376
23792
54072
26521
33059
29602
75455
43060
28688
10752
58304
54480
42236
56617
93266
55044
44738
76514
9084
21417
63097
4632
34380
70472
71258
32634
15857
43753
65373
8386
54721
85074
51943
38419
9294
5245
24165
29489
82085
72705
74172
96416
69862
77185
14310
16470
61253
76618
99914
78115
90469
41665
3621
50251
20968
9813
91473
77449
94320
23883
72892
2116
76428
75793
7829
89250
95616
71921
31841
36622
32955
32612
94425
82721
70955
86378
23365
87822
93569
27380
80462
34582
28535
22045
71819
44341
8544
52652
33792
75803
97660
50629
58268
53038
91929
78825
33415
90271
92730
55701
27396
46296
80898
47118
12540
92749
96970
65135
35454
21999
21228
86491
32682
90865
98520
17588
12170
14701
42186
82516
76364
46231
90742
98459
71599
44325
16845
16894
66698
23360
56627
11582
48637
61723
49063
48424
79271
55958
36892
86456
13618
80342
37203
38656
53213
43256
70150
75623
43157
54687
28429
72989
62123
47453
21941
36745
11596
42707
82894
56621
43313
65630
37476
19179
56529
52739
95080
85244
48806
27802
84600
66625
19035
2739
46539
31050
56973
11461
9446
337
88438
39585
31300
76565
88960
91995
60046
96323
1055
42559
98362
59087
67353
45241
51321
44370
9662
21488
57856
25578
30214
59300
92432
34316
77727
73290
86293
95470
61531
21838
41884
29189
62937
17288
53959
34439
2092
42797
65233
16824
9004
59953
87390
20536
64156
59062
12472
41238
42253
16667
55749
92059
99336
26415
95783
25894
62165
70434
98236
81178
56859
94416
86742
70726
86466
489
77799
43603
23697
16594
55252
65017
97688
86136
52596
73478
92620
45547
48068
13022
97372
93261
45117
32329
99395
2510
16164
38330
12502
44606
82331
12670
70877
71261
18484
90947
7863
45278
28988
76067
17744
9098
60590
6975
38530
4554
84323
74430
95852
29625
62691
51324
29572
45228
10357
97467
2635
5982
79491
65692
86892
75596
66316
95446
92094
82300
5247
78639
28625
66710
89653
89939
91172
11424
14433
70573
93923
63078
77726
30840
70467
96026
77964
81390
50093
45167
24098
5142
34977
49062
72580
21471
65102
26646
52997
42944
62708
66058
91620
32343
29184
92640
29144
77902
25804
62092
10150
87104
36156
46792
9110
72054
38800
34523
67163
28664
40062
52042
46717
26337
18594
62552
5617
43587
10310
87124
15472
12423
90815
29836
14219
31476
24174
18602
90168
2945
99305
26301
83679
34180
93138
30078
67
66430
36958
25203
80451
90777
36254
39179
59532
51110
76830
68759
33882
52621
32407
33953
50935
60770
1087
9249
63930
3424
49033
23370
43799
38928
84844
91426
84702
39974
47078
97701
18900
5108
56242
92660
81350
97608
69566
95342
71544
58549
80912
58359
52538
56971
22303
55717
84125
27556
84291
96956
96573
88847
1285
95317
34364
92573
17604
33406
63366
22199
33856
64109
19722
61803
15410
49684
58930
33126
27235
71733
62921
80789
95025
13563
47961
47650
57460
19650
7526
25836
27981
2135
33167
86346
21041
7527
56029
32505
43779
8173
96432
74772
75302
24775
11033
70962
45071
83398
98036
66482
15909
43897
9589
49304
53673
32759
85897
37303
96425
9577
94660
74458
96580
67016
18200
90135
21060
75521
66272
48983
16615
68591
33035
46945
70005
58190
34114
9321
35950
25958
71274
24891
18669
98691
57218
58766
12222
12957
72690
31351
47378
63686
17536
18314
45772
52644
28577
90243
45576
8890
8838
18057
47964
7233
58848
64870
17716
72998
97280
22020
97333
29247
1359
60509
17039
49047
20999
76222
86766
60266
290
29873
4825
73540
50507
42700
80682
73663
16323
78922
48776
69962
74684
12774
25379
85830
78059
50892
78644
457
70725
73839
72663
34553
14638
3108
49777
70792
26552
57320
67047
77150
73738
97979
72532
18428
41291
69761
58016
82183
88842
82882
29050
92711
45922
90557
94620
53431
69659
84444
75162
25781
44281
94304
62602
32413
21621
74264
41354
66730
98315
43734
95103
48533
56716
77941
25885
68545
35653
49734
36358
85071
9081
39911
73291
10751
3327
69382
55921
22471
40937
35490
55704
98664
12468
88572
82077
71160
80557
68637
15995
27915
40277
22780
36020
61619
98447
2821
72178
52264
38520
82973
63646
90781
56471
12848
64395
48505
14929
83961
89389
37318
32594
77373
91657
6293
93203
94472
9924
80328
37076
94337
1278
95023
53015
13152
41903
87262
52057
98916
65879
29018
67738
32414
27835
94415
78469
16569
15461
37701
61251
86196
68114
53181
2410
77263
74463
9122
64108
72015
63399
52580
23338
46628
1948
95046
5152
48020
53582
89736
27364
38562
35739
16246
25281
12777
91868
24176
81976
86833
36955
88651
18221
52976
36981
64711
66110
41067
36281
55011
66774
18317
16143
40593
55096
11481
23056
95028
61178
91617
54552
79248
49152
65790
14605
70585
67746
76943
57563
96503
56250
35311
74410
89059
27501
61547
41727
22001
29565
86518
46009
1636
95679
7098
47570
94437
80207
28140
33006
29055
66840
99048
98244
3461
52140
72014
72804
42223
43562
54680
8959
38811
77443
91342
84392
74103
9683
17189
26528
61510
12284
51322
34271
1132
45835
11824
99927
54655
11990
16390
68668
28909
24428
95199
55108
54979
22773
40329
74734
30221
34784
85024
24376
54267
31361
8909
43775
85195
49267
69701
95398
89888
87219
94810
60126
92051
80227
49474
87044
60833
90931
756
12148
71455
97289
20331
38776
42977
16021
69892
33341
70624
21032
1000
90227
76044
8523
34498
49318
78784
76799
82490
45604
42692
90684
61342
35685
22417
2499
50406
67506
49013
10098
74010
42155
80225
26668
31526
45847
70085
57865
34081
4869
16961
88855
34032
35752
24401
91241
73871
89894
6389
31189
2153
40193
7163
77935
79334
37117
27422
12259
43658
64929
98690
76604
64377
79593
53085
72342
37740
45616
56823
37791
22062
79027
79714
66055
83046
38511
52186
1165
41365
62873
34321
44596
38942
8626
1361
872
55373
15688
65170
98773
15477
65732
61622
87111
30526
48990
79507
38021
36692
56691
67753
69452
32242
60369
92935
21669
99118
16288
86784
8962
65925
28061
47820
92030
67394
17240
16758
6607
10025
28081
86374
4191
54338
17919
12637
88841
49575
20225
10848
96520
59640
68173
86703
50427
56081
27740
11562
31073
70453
69145
68635
8339
94582
99507
32258
30692
67121
99296
19987
22559
16295
21796
99873
78370
28253
97125
51378
5147
72960
68145
69942
77178
51225
12501
83846
78025
83799
76584
26350
60437
49739
690
28244
99740
19480
15328
13832
51986
89343
64946
66255
19050
72543
4801
70864
90904
41208
44158
34551
71047
56558
94478
87566
90099
65424
25005
32630
75436
23222
99143
39427
24771
7480
23627
77785
76225
27754
59563
43529
47257
97670
62252
13209
99609
22989
16561
39030
91458
50304
78753
57145
44107
55017
36337
52444
433
80924
82976
52932
12380
96815
56188
88263
15011
51134
49526
44481
85846
64897
85157
88609
25941
24136
83267
54722
21188
90356
62107
83085
21506
49437
85642
85049
41811
40265
88190
23258
42016
48591
85871
55630
45223
98413
4627
72829
130
56878
7442
95825
28785
80947
10634
62854
91988
80161
60016
10998
11271
99060
6679
25479
51277
49408
42724
32155
45996
54963
17624
70407
96541
11308
59009
43610
79956
54053
27540
94510
42389
71714
44089
86630
58323
64780
57186
39876
52344
71214
35413
36969
94139
20049
15278
34153
39083
60679
69608
94235
2082
52076
30861
16905
70618
70236
22258
27498
24878
60585
19912
65305
60363
27237
21859
5966
11553
22530
90116
41037
11998
85760
94191
93179
52781
46833
66706
96714
44536
48643
64000
53343
104
66634
29172
80558
76601
91595
69860
86233
24483
86679
60510
92513
11705
5445
45393
14031
23396
3693
10293
98504
49120
88565
25179
99228
57727
42074
22033
12357
83861
12743
95101
40902
87709
71986
47694
71215
24682
44356
47854
73247
14886
83185
91891
87927
76536
81599
3892
3171
51870
60089
47420
76916
78521
17801
9293
34314
3265
21127
49532
43435
75736
10553
61415
30830
75776
44516
31962
71472
54534
9119
46580
75659
95105
91895
31088
49568
57673
75885
11236
4560
90719
55533
54549
11605
66498
27521
90624
83797
77162
70277
83930
47466
31538
943
26094
89752
10002
7320
25092
16951
44982
14694
33116
71459
41023
77031
57279
88888
84236
306
38543
16229
26215
76147
36211
82216
19297
45475
91487
53849
213
39081
37360
95005
49450
62748
48046
89490
988
33461
58718
64481
99558
9377
1904
66666
97126
28315
47612
80629
46318
95875
13723
1819
75163
62325
55757
90574
15399
12762
19010
31265
19066
6066
4600
28835
68957
75506
95772
59434
57591
15134
32366
17179
92456
94868
68011
94905
94144
74878
41522
52077
77501
23111
93007
25171
26937
98735
88546
90006
18149
71776
28189
23918
70793
4715
38338
7246
98072
12836
28771
87426
18466
99280
78803
2835
35314
11531
46497
19630
73019
83361
34264
14523
51417
52839
57293
1192
11067
61049
3818
37525
70660
79727
94756
36580
10381
75385
79113
76612
14864
19
15689
74457
15947
70795
39730
5809
99135
65390
73866
42035
30373
85488
27133
18374
66777
96058
52346
51789
59407
49751
5862
91130
20044
56108
86473
30938
68624
61307
73789
81106
11272
48119
30530
94847
27139
98797
22767
14852
3048
37332
57994
81798
51406
86075
36221
54073
56123
33131
76135
88539
9076
98679
40614
38009
2329
99425
76674
99192
73368
12059
34150
51649
83790
16987
75099
70400
70872
40433
53226
27083
85724
88939
97065
71826
11384
59562
40315
73278
97332
17472
48130
59500
50809
58953
24781
64606
534
37633
12673
44027
71812
60940
11469
77988
96245
44008
23730
38265
46331
29151
19301
54415
87849
78708
87912
86724
42336
30295
47380
90617
94606
78408
8054
37079
20274
62571
66481
39914
60624
93467
70752
90584
50075
62376
82087
43426
13822
13600
35073
38664
81311
78885
29413
96972
11508
67393
67102
84932
82820
25477
43051
50500
64773
26206
51730
86533
42541
18927
5853
46184
60359
37704
86600
62270
20211
67564
35834
21988
96489
90628
44872
9970
29485
38822
57909
12149
1219
77337
67674
2906
349
36896
48544
63875
90920
57643
39233
40235
63697
12722
41452
29153
70780
19428
77572
71385
25621
84379
66738
67368
43332
12165
5398
72567
16998
50819
26835
58514
3110
42907
33010
48669
12545
44806
64076
16808
75910
38639
63454
29390
21659
33223
11830
57138
82336
20389
47128
58060
55581
58019
49486
40586
67325
89907
6388
29125
32649
89563
78402
31827
68541
72990
73315
38802
73920
12932
54387
58871
11454
9171
9149
1980
14479
99861
20562
1270
43011
96548
60115
86363
42545
35543
80032
48306
51214
79954
94056
98711
53804
91798
41754
70030
23589
71996
17969
94462
73474
57326
32347
84448
93927
84064
40680
91689
26305
48828
42072
93380
94353
80546
66363
86566
92929
70961
70870
99217
9569
64416
25823
36888
54311
16657
29066
93257
94269
90309
43402
8987
32154
47766
16877
96032
10904
82050
67027
93454
21012
805
34397
43683
91026
88692
52138
70533
81108
96831
89471
40375
16963
59239
77152
95565
41355
35637
42068
74854
68833
10062
44666
86664
24523
81915
76004
88227
14300
38304
12956
1862
84335
66472
51041
5200
95904
21538
93642
70327
90997
40026
16880
9549
86564
70017
43626
13544
12799
39737
66069
16359
67618
43528
21181
73616
479
91935
27399
76668
48112
93243
72044
80442
32974
58838
82493
35865
94165
7871
51664
78916
23047
26633
26691
32238
33987
67985
57991
41738
19213
10421
46689
69783
99750
17431
75718
66496
39027
65217
96550
54948
93821
16044
92865
70757
32313
45479
43653
65387
30409
35088
58624
73452
44337
60796
49276
94765
9050
83035
4407
35759
96833
59800
68979
97843
68353
22832
2595
29263
98879
80887
36530
2947
90977
30538
4959
21942
37219
15771
34969
83755
85959
96904
92105
60898
61553
64456
3529
158
20298
40422
46975
3722
67403
93959
92912
98184
47668
4136
90035
32038
72324
30996
43166
12732
51666
42378
66708
22720
4922
55185
8765
66669
22205
60587
39942
80600
96476
88523
9007
79991
33335
2040
91516
35471
13596
17688
513
28251
25685
94227
82892
55834
78658
66288
335
43846
23040
86099
72131
39844
11529
18519
65204
75007
13952
14400
53436
76415
77072
55271
40602
28035
93144
41834
58844
15244
44171
82857
74566
43941
70589
9230
26888
56257
6214
13521
12052
48699
11039
33251
24662
61948
69513
48500
72973
17647
79720
14377
13507
13864
41382
89906
63256
26354
3100
85652
99878
14170
89630
41815
30925
49025
43095
19305
68586
63179
29011
46130
28088
73510
56264
34029
66953
58457
48825
77720
55992
47686
36705
66857
66874
21804
40532
68369
95954
40154
2112
13938
93184
90565
19252
36423
49245
28847
49959
90365
34388
66783
97566
79875
17846
57086
28844
79201
51424
54323
30900
12060
42413
48517
45305
37572
90683
42470
82164
95462
85506
48045
79886
83619
72932
82030
31944
93105
30047
65792
32966
62969
48141
7009
85132
1821
47221
95956
68542
77865
88864
79686
28531
61971
18380
14583
45051
58773
16701
90242
73197
9850
30739
45027
64408
38332
1686
5769
57260
47841
73906
88556
13113
9260
98902
17221
24910
84086
61680
97371
26138
79377
40793
78220
38169
88056
57274
99267
88039
45028
14154
88601
14242
63452
33927
69156
89916
52031
56325
49898
10797
68318
95878
30884
61941
7572
91112
64537
19676
45420
27698
73947
47323
16160
92101
48386
20156
86948
65976
3759
22389
23606
56793
44333
13643
10963
94619
26789
40921
89949
14924
7211
98060
21459
11617
68779
56483
43331
360
59644
86307
49604
38369
71259
66365
99761
69328
73807
93379
43540
75183
74705
84005
53707
76288
32498
40659
62031
55647
42210
83027
59921
25118
73622
68702
46733
35624
6178
80627
30537
97019
99313
66061
37105
5678
45309
87785
59846
37632
87719
12116
45344
80836
48005
4758
16291
59564
49624
47802
22005
30044
62722
64192
92538
85885
75677
39792
20677
58763
95381
21733
95951
69534
10333
89236
87997
20122
42622
38212
87272
37282
34683
37717
80570
20917
93788
53368
58701
33908
50997
78696
15777
31120
73989
76897
9833
61996
91118
29557
83426
53229
5076
4963
90447
40066
91861
39249
1363
82441
45023
69643
63776
33181
27356
2005
40719
53915
90305
91403
97719
33332
64722
87485
15535
88522
73210
31645
63708
65276
84356
21265
5909
64608
47845
61135
34401
44236
51931
29192
87975
19852
19891
21511
52880
34259
10588
90361
1296
39980
78328
43343
13204
17086
14837
41307
48123
58632
11235
75176
65881
58677
4944
91760
43809
21326
33609
58755
39206
74749
43323
11844
14699
37902
66379
18525
32325
97676
7935
25153
80734
27940
14697
80728
6336
10067
81071
34186
24741
20520
37206
30902
46264
67118
18687
7867
84209
62605
96429
63350
16766
25401
97175
39527
15053
48360
21735
92779
4139
59216
17155
16199
33016
73628
17132
10087
96638
23938
19461
80752
45868
68018
76918
25002
16593
68405
58368
80171
23241
27868
70206
37015
46625
95207
72393
70295
91799
31037
20901
12291
32821
82578
66882
19872
50784
41
51329
69130
65182
955
32112
35728
16515
83029
412
8599
26461
41289
93240
58827
36994
88818
25015
52965
67591
23675
35492
76746
775
9002
60578
9796
96180
32777
21615
17728
50072
98830
90637
97978
66856
47948
15653
10335
78649
61456
47515
15219
70098
61509
55345
86230
88895
89160
66585
57887
2384
58668
31573
22338
7637
26898
53696
17185
90748
65321
89033
78079
53465
10138
78481
67132
40507
92043
62914
58922
52293
29952
7439
80201
36183
33165
16528
63269
74533
11462
91257
69710
14675
1639
7250
24309
39433
17567
41027
57083
19159
13197
48770
47746
33365
38487
97810
52712
32025
4708
64521
76669
86299
22151
70968
93667
84719
24909
46532
58392
6164
30147
94567
64527
97298
81684
92585
71129
31781
78828
18208
31475
60554
51327
98723
50604
27492
12909
63842
29955
42276
91262
23448
50434
38382
18472
69657
91510
84684
13136
50697
61355
27
28551
29228
30502
94872
84011
21470
35239
8967
23597
43812
79350
23754
32019
55178
84777
44689
6334
22309
30523
49397
24915
60964
42736
64803
97203
98627
31446
2330
70226
13710
13820
47818
53586
24100
11202
94879
13013
74224
90579
59450
68266
48688
72936
29842
57275
53150
86146
50477
76679
91466
49058
58991
99912
45874
99716
16718
40449
48350
42032
34413
5908
69321
24166
553
42771
30518
85467
65952
19768
82654
82397
40173
9344
15046
46187
193
92639
85549
31257
75765
13110
51819
40606
17436
35210
57487
17411
87588
1024
11499
41748
54781
63470
19048
7475
39381
58129
41733
47681
40028
35110
38375
35621
24927
74537
83067
25669
78451
45569
91764
65039
40907
47172
73564
56910
82333
20549
75561
80285
80591
88552
88328
12366
11687
23049
82263
91883
24732
62954
94842
48073
35772
64768
90746
1603
38140
78072
32370
13704
37533
35129
2840
83560
51562
3343
19147
2744
38890
41852
82034
75590
97703
28598
91052
36727
4810
50642
8312
52987
3607
90537
63734
98044
34945
66524
46867
37064
82679
63997
7530
40307
13699
71030
32944
33068
992
95975
30916
14236
93516
16170
39470
47103
15071
29289
98631
31719
73792
91416
23140
58986
19078
84027
57699
68536
45126
82073
67195
5204
56869
95474
82369
72983
92841
13737
73967
72684
35214
98306
61001
64779
3558
99666
54846
38611
96990
96987
54017
66165
37011
79848
74550
34461
28392
89748
23249
89775
7100
79791
97510
53653
49208
41055
43840
75755
95826
96628
93064
83208
23766
79696
55321
17826
14086
63680
36547
87729
51448
49564
15650
24656
28330
3503
17965
88285
81330
33512
71601
23439
83977
66623
19829
89587
88698
84774
96149
81881
55722
5787
36037
45216
47977
93151
23002
46127
75633
12311
52126
12230
37763
61407
50992
17751
34213
52800
23409
14253
88660
63561
75304
87231
88877
57448
16927
40954
43324
23317
51365
37972
3144
75080
69535
73272
45447
90641
30781
9124
99889
86612
4516
91917
52966
63557
80401
64729
20564
48506
74770
80886
52475
24658
54016
31406
11419
3016
86104
20670
16176
2062
52372
77526
81333
47800
93282
46307
12591
93812
67160
12576
69354
84717
75646
43314
65033
16419
94884
52306
22304
62126
18
74482
98615
28442
73946
1741
27125
6792
51529
49263
43298
78953
15384
50615
20369
57135
11038
71651
15967
74637
73988
91957
7093
96466
42496
6163
94590
8703
19996
52154
67174
89864
81938
64091
95033
99850
54921
2398
9103
4946
57041
61528
57165
86381
81403
46857
29903
37433
88524
8056
87754
2317
5938
63778
76292
99165
50232
51810
94349
6501
23431
99502
36565
40648
31377
87892
60534
73531
69795
63653
18995
58116
68219
73209
13496
17833
18497
68434
73323
6478
53805
98180
7103
10210
16422
45829
48765
7497
98502
58200
87923
21033
13541
67829
29119
58275
85312
51298
43733
37576
63287
66189
69805
88021
48056
72077
61895
73131
14513
43198
9703
1421
34362
42341
5903
93131
94152
10451
29527
46394
96355
9680
77330
6660
59014
36812
24044
64964
91596
76869
85500
33770
64707
7102
61517
66883
71550
69557
7403
12898
98683
65941
51536
68217
57678
98270
56945
10133
31086
42532
88720
58778
79733
43370
26011
54084
50523
50459
95967
82163
93736
80824
75045
96642
9613
67462
38281
66203
94690
60803
1861
19960
51040
90886
88893
33442
3373
50856
20717
63692
35013
10757
80543
10651
83224
49417
19885
31644
17403
71838
50630
15942
31230
68666
26581
49070
65789
3361
97726
21279
53210
69544
56930
18953
99307
49552
62011
78290
40518
48201
10001
56152
92770
72877
36600
30278
57935
14233
63430
39822
40171
77436
21765
29737
88579
12660
91345
15027
28347
44109
70420
41127
1737
65510
64451
2959
52204
43697
40031
38401
56010
10614
88034
19830
42330
16652
73100
19755
47387
30654
14813
38857
10314
34697
28182
53917
38465
35550
85778
29425
98973
78779
15563
34777
98647
16590
52847
67760
78117
94556
30757
71755
71392
36674
98437
73960
20239
63839
50268
76881
69225
52678
97167
50610
36275
2001
20006
3735
29329
45255
90054
28690
93616
93496
65228
2837
27599
35096
27055
21339
76185
22855
5094
12352
89592
37132
13339
90806
2690
14316
59454
34243
3721
37214
87788
84746
2435
92316
5010
92180
9150
7448
41577
18816
16598
87869
91023
26332
98058
3986
96736
60146
70746
83005
74588
59553
36665
98820
20134
6359
76627
61341
90228
21879
29907
62052
44406
11610
42988
2101
9071
19293
37847
73986
10868
63305
79365
99218
31220
93668
74810
20203
51595
16772
51282
25457
89151
55680
11621
76294
58220
16269
30974
42491
76117
86392
87924
9176
98168
4323
22905
91927
17767
5323
74382
86543
97528
60808
39420
38694
35035
31976
97900
54310
16302
64549
37982
84066
39487
24604
24665
45494
62451
37965
25294
31190
39582
39837
96604
15062
43780
31445
30652
32857
22264
17452
48518
11253
85284
54584
20133
34534
19449
73102
75850
29626
81519
77277
85749
75221
3646
96389
76356
31570
86696
74421
80787
29637
19151
28783
25175
30027
61947
52780
24983
62434
89182
92597
81686
96000
80198
45731
43513
68067
34181
15484
54265
97777
70859
89924
26830
96016
84207
4586
63155
93867
40360
71217
73569
94408
99082
17228
69293
10051
63378
48670
64971
15567
19227
39452
97331
66013
29643
17144
26162
70869
80864
94702
35701
70522
86030
65231
54847
53219
382
15933
43172
37574
64037
79795
38445
47298
93825
7347
16195
47572
76589
88394
9695
46478
26665
79703
3247
9605
97375
89439
46032
79832
60767
48364
87961
10693
17964
29735
50184
65436
91400
10337
30976
46560
99619
8417
2133
95722
25121
23188
10927
77
63955
83778
33724
20114
75150
13765
47879
61660
75016
16339
5196
63777
23005
83667
22096
39661
66745
75698
64177
25339
17432
11712
87254
55548
44348
30633
88784
87167
5267
12207
46228
33411
88421
9374
89618
18415
1759
50416
89932
52379
46849
85608
14882
14795
85753
30977
76751
34044
77517
98198
91167
34549
72958
83635
15698
98589
55928
28407
68258
84253
45339
70346
4459
62182
69202
39354
49006
13585
55295
42446
73359
98583
97755
22958
11856
38473
40434
17956
41638
30053
60738
50146
38
62988
27244
80736
50321
694
42249
85887
88941
55982
83681
57751
33085
12074
88290
79917
3294
42217
28850
21224
5120
42709
6231
79981
22222
5699
26952
51431
43960
65075
93375
6717
76228
63017
50363
3346
76014
48788
74742
40421
44723
72089
32705
94463
12239
47591
22718
33022
25315
65343
72761
64836
27880
69294
31979
16699
19663
17473
21756
27400
80187
16495
23278
34043
32186
97473
94784
938
7850
73429
97760
39238
95661
57267
51187
60734
70809
81550
90546
23625
55465
3173
22704
74487
45286
29718
14906
37225
40282
96783
43509
72695
42292
24904
3663
44368
35432
34677
12704
35916
537
43881
24312
29393
23475
87498
95081
48392
67601
61687
20567
52215
25548
71024
27514
70053
2141
85320
53370
99094
80460
35272
8830
64139
25527
64658
92543
32386
16925
38655
98232
77258
35165
43833
91952
81769
68959
58391
51609
53013
68250
32851
904
65512
62517
4293
90048
92626
27447
75043
73997
18835
95018
45875
17229
43808
59526
76230
88145
96471
79489
78666
16183
1799
96527
26810
53330
28153
88397
83440
87398
43841
8899
48405
47007
42375
73185
86354
99470
13796
96514
69204
28273
89557
76359
83781
617
46079
19603
10753
19456
90881
49889
9900
21079
26616
97823
90989
36779
12519
43434
84945
33134
27644
51647
64627
79259
80478
56601
66724
53479
1578
48872
13318
34518
60709
46514
46403
40906
72097
62260
53037
90508
36551
35170
32757
85943
98887
91249
74574
48817
5559
80579
12041
27480
89566
99852
11231
62550
12959
49493
77667
90612
86137
98489
26329
93877
44809
77401
68225
70732
22571
2425
88499
3863
63234
39924
14134
50214
92740
83709
83578
53913
76802
93223
11721
23058
89241
96719
71471
62734
6724
84121
45623
5378
76049
18325
1733
25964
14799
20992
82395
38799
80940
77978
24501
67458
71717
43338
53011
19633
93056
58297
99887
62435
99319
25772
456
93367
54997
80499
4495
84299
32923
57722
10983
79592
38202
56459
70727
20354
16516
80516
3296
81100
97049
54287
66277
70785
10425
71394
44588
99207
42654
72875
71335
98702
58217
19992
14419
38663
34568
61800
81701
85673
8984
55869
35285
18234
16625
50778
552
86027
86662
19093
84056
93404
69770
10064
34676
21701
10603
28689
34483
80104
79487
55306
71556
52305
57888
48297
92086
29006
23993
40853
45701
25659
26239
91998
75824
44011
75074
10648
42063
82915
38110
82274
17407
53068
44143
40903
10266
38449
37496
79152
95349
78482
90961
31105
59740
36660
3332
5043
55553
76129
99989
44630
40453
31074
39801
42816
64828
13573
5341
51495
56004
25663
87083
75589
20477
94086
3629
48501
39158
40447
37279
9995
71296
63793
52910
76128
97034
77386
30113
22287
12520
14440
80221
5159
55229
59306
69835
14313
13005
75691
5195
48878
52937
91574
64754
37175
59426
7006
96131
84118
80105
88956
47546
46963
40440
32144
46983
61275
16818
79771
10669
41515
60400
44894
19336
83955
20046
47531
91133
93211
59878
63861
16899
95815
62633
96229
42580
86174
1262
59961
40636
40336
83465
8171
9707
37108
53397
2149
96563
48570
31016
14933
30323
89772
79475
42175
28866
86722
53795
93461
7291
83850
29403
15149
9821
56964
63669
23142
79842
76946
29695
41986
41602
32175
19275
96474
76103
18489
99907
93830
20764
14577
29114
78533
1555
92666
61371
4730
76657
36182
93506
4322
69771
91472
56662
19610
90764
95728
19514
57278
38434
47033
98842
17556
84131
8650
58028
34618
42544
33852
38931
3801
26054
71220
38441
27096
58762
13827
76634
7519
88002
41185
15001
41424
14255
43920
7415
41247
49825
63728
93886
73938
46557
66428
30767
77454
55231
18258
33556
22941
94916
20365
29013
16272
51548
74993
39254
61978
54331
11010
781
98860
18524
72747
81317
66861
80768
16335
35322
23530
97629
4094
68213
82751
42383
38714
30795
60264
47886
37350
21351
15725
98757
52301
68141
10780
83330
58787
1329
87449
16729
86980
92090
83551
26703
92792
58491
5011
64221
28899
11923
25329
49192
80439
5254
98914
6095
49929
26748
60823
66258
40844
23155
87410
27957
59468
16073
57182
85867
32661
42517
63571
89788
24819
34384
96964
56855
60480
68764
92380
23391
19170
65689
54499
23690
17482
25936
8217
55721
48292
31567
17222
46268
71210
6385
72034
38130
54328
18761
17036
8995
92837
86140
27642
54738
98208
57903
34775
5827
8973
25667
24355
91166
56507
65163
76092
13338
17215
62761
39337
73940
15789
48305
30581
93088
74070
17773
62082
60133
30268
4706
77439
78854
73772
25299
32949
95553
18046
9356
20640
93734
96411
13950
36636
81867
86602
30915
30792
81786
53549
63812
11704
63245
20174
78706
47851
81418
3506
36956
106
36522
48148
78340
85185
7023
93552
36500
54373
35263
53254
18883
52008
42827
17256
62290
3113
16820
66582
96270
17049
45279
26976
63805
61628
32785
72224
49886
64610
47209
27090
84332
94438
65157
39518
34204
44524
58829
54436
48735
75837
34517
30987
98443
80766
326
96992
78557
76378
56190
44394
56163
88686
70485
12192
78112
26939
55955
18176
49064
36789
63824
49701
78384
74868
8068
59338
76781
99991
51746
7750
50724
24877
57657
13539
7594
49576
22966
93416
8918
11847
70213
10878
25984
41502
78962
68547
88041
67695
38962
42535
83260
40222
34874
8270
7987
86860
78505
71928
82227
50960
28489
37651
7319
50155
4928
58214
36904
4470
73171
42152
37432
64878
11569
4079
41851
65350
17338
40439
17248
89644
2262
45196
34898
56082
67208
3205
88237
50756
26402
20527
66528
56048
46742
88756
48601
11159
47165
2612
37199
32234
89324
19059
69543
10769
15376
37696
1224
48479
87837
91556
69209
16565
89231
88675
47442
63202
7539
33104
25736
98120
42019
65180
49129
11104
91200
83348
37314
14861
43767
52395
63323
34921
52785
92539
64050
43710
82948
71861
27745
72801
48229
31294
82167
18741
31096
88404
97715
25826
7359
21911
74829
99728
65706
73383
2575
16564
7552
88179
32540
78653
41089
85170
79770
17576
19549
5564
18451
74653
79823
69358
19410
59899
42393
93136
56346
90963
13227
13083
10363
69036
10326
82067
63781
80894
54327
87258
44362
73874
83492
68872
56559
28100
46491
75144
19901
29345
15761
67046
93459
46768
61491
27879
78943
47709
90893
88593
34519
36499
93918
89276
99843
11932
71496
15867
64519
98469
48771
81982
83356
80735
94700
54807
84085
12475
49676
65928
46485
4097
67580
43379
69477
27515
92904
19724
55605
82548
89480
14576
27828
55076
20190
37273
77253
94758
84988
35321
88582
45313
71178
36382
7463
54910
76303
66212
29538
19328
96594
66900
66756
35394
56428
62443
3482
83758
17847
75656
71824
58239
17027
3668
71318
5415
48808
20658
27907
35746
53293
80394
55969
77059
44611
17025
19628
67895
87146
89306
3726
27031
38477
13198
22063
15619
6504
76676
976
44422
21724
6022
60535
10520
79566
61192
17141
16374
44211
49675
53461
16638
21781
52371
71650
75535
93749
27162
88610
44320
42633
54242
14597
51814
24378
95308
47525
97780
21653
21819
71326
15919
22535
61959
36939
83852
88530
25796
40785
83350
52421
52403
16892
32051
85117
96726
58292
95779
2586
3940
75658
45997
9091
32139
45136
91858
85029
39121
8215
63333
68110
74754
23225
50014
64924
73539
77496
11858
49444
60410
17715
74598
16997
14656
94953
14459
23987
49002
37020
96211
72674
13664
48399
34944
38408
42585
34786
61093
45000
75685
27041
8840
64316
77499
44382
33651
57979
38729
71540
51872
60426
93726
60368
31586
8755
96408
65085
27529
40209
30122
56906
45423
9089
70265
93986
93613
65601
53435
55102
75640
73745
71120
25297
36866
26375
74627
85891
60532
71269
89029
41269
33239
32007
169
98570
34823
78657
95545
11898
28287
96281
33156
59465
1223
62195
31763
94616
97030
25647
36918
37909
13333
70384
73192
29435
44741
10157
27712
93194
73137
96974
56167
49756
10515
6437
12862
9202
50029
57298
25427
61604
66066
58793
2634
50362
82919
93964
6339
64104
2768
30026
75224
48849
10966
3899
40454
689
4438
40172
20218
41204
85358
75243
65047
7184
36486
71501
46618
71
16835
47750
87769
34481
81724
99675
48325
78956
24125
77744
95472
90129
60412
92148
60144
17802
53588
72711
42312
79367
18006
24070
16660
51044
41009
28230
54150
58924
38848
45439
26324
91915
14153
9775
11975
6538
50577
42703
4465
72311
39874
69468
15101
46274
33392
23671
99610
8178
72821
34965
78647
34015
891
64642
55006
70984
85998
38561
39787
18169
26397
14381
33424
78295
96114
61792
69161
594
99739
84894
97022
18320
27142
40451
14916
92270
57479
48233
8017
41257
19714
27328
71192
10616
7069
4873
63741
11725
24159
82343
19668
72072
63927
63280
60267
80461
33585
46443
10162
55287
49102
57900
87644
22267
74997
46589
53338
73975
54093
26549
10532
89608
89851
23541
87688
63243
48265
24754
37674
1818
85934
81465
25783
26601
1236
82818
93286
70854
33541
72121
51146
2225
9596
85834
7202
22991
89695
6578
38315
49651
3069
25923
79691
21438
25435
77455
93155
57806
48472
6661
63199
22447
85748
81364
56579
28416
71182
72287
82459
77495
8822
96660
98110
27688
26706
42514
11846
10177
14913
19249
3492
58851
92780
67701
7762
67387
59455
25581
56875
60252
78118
48832
7893
50245
7662
2671
32165
93242
41518
22430
6416
93837
26666
42665
28409
97179
62583
10796
50318
47639
663
68013
98438
59165
1232
73268
50563
65861
76973
93100
80978
45495
63748
93784
80990
98172
50286
3725
28483
18229
2794
40918
1773
17000
53684
5901
98420
8478
90859
83104
44983
48981
88015
5537
25240
18015
87724
13852
20808
94094
54540
24703
56218
47097
73403
4267
4442
33621
64884
59473
18301
31485
25104
14272
99668
8550
25639
73061
59806
20470
36203
88730
11107
36769
91963
13347
55421
1706
324
44453
45322
30112
91282
73615
5627
70297
94070
695
67857
85411
40168
38564
80983
62628
38913
82504
62641
75820
96333
15346
87324
94652
72490
13624
15364
52793
7611
59332
65337
59879
78314
16837
27994
84314
7469
60657
23126
69921
69542
28301
22425
96567
40098
18933
28961
74803
18217
24779
33922
16645
48577
38893
6396
51465
43448
41724
48815
42493
18476
41332
91563
18249
46039
55641
10424
42085
71414
30050
28414
61788
79318
75200
60018
30703
73181
80389
22769
56262
78367
57163
91744
49671
69824
70661
41801
14712
70593
69561
60889
87700
78372
22089
1460
86888
14366
85409
24702
99411
19946
87281
81735
17191
93293
40328
82347
65594
56578
99559
3000
21967
53382
15544
65038
67684
86187
83003
81456
63322
40157
43105
99607
57323
41433
30691
21666
75158
22834
42215
87662
84750
35434
71084
64101
59642
44150
71147
65329
59691
48731
93735
54920
80021
23203
8061
75340
88294
78842
82538
88943
90694
72225
9347
84034
63834
13630
7680
86591
78040
96941
41450
91591
32569
9709
48622
99877
9223
44826
88104
93501
26020
60799
31195
93764
43084
20314
24717
77903
81515
29212
98439
70723
26808
11422
46834
45105
62846
18859
95133
50871
10348
4773
46270
39867
31199
19485
63915
93462
37719
31311
51002
5068
33654
99456
25968
93187
33580
9493
78648
98638
22523
16027
37708
43054
8683
29148
81811
78773
13960
89138
14293
43215
21173
12181
92044
23129
37289
55232
58841
43641
81155
25425
95415
41739
99792
85873
51559
61733
60958
81081
75775
87715
50970
40609
59267
38506
26139
68793
63475
12819
28530
81926
37044
93315
23556
84835
8143
31481
98545
93254
77530
59970
54243
29605
23015
53422
65006
70332
49145
29465
35646
68297
7114
65658
12820
22200
81905
30914
30435
89383
60938
33499
26845
62714
99853
55929
86112
70673
30547
19548
63725
58179
8865
38936
63401
16635
7823
45928
44808
61661
34102
52334
33330
52901
84564
95747
60389
48283
6690
39672
95971
9686
80814
73024
17131
21022
31786
50440
89175
84696
20328
68722
66309
29540
93102
20010
26676
8096
16754
70254
88304
25715
19063
76330
19481
67461
53806
74214
77042
797
13074
94233
65273
63477
15143
66174
26560
58055
12736
90098
60113
61607
99216
75823
18856
23695
30857
23593
46968
56844
59408
44028
11510
1059
61325
27292
86248
44564
730
58683
86820
85156
50078
46745
38262
85791
5072
75634
24706
58335
93522
57743
20895
5481
63660
20852
18350
64674
50582
68488
12015
72518
31269
52465
87792
77332
32328
88616
47202
92297
68184
47933
3953
66144
55008
65250
11534
29803
6372
97096
17910
60293
13936
67074
69858
91120
95966
55664
89880
59362
64082
96927
85864
80834
37158
88011
28477
80882
22176
14970
55590
98512
82905
41845
17673
82718
44617
99769
69968
20565
64750
17513
23480
56054
54271
18591
57466
78884
42958
32655
34021
22755
17961
81289
67803
4367
60297
51797
77478
78233
20930
43946
23578
82576
33992
23584
85610
54055
17908
29845
73187
60602
11115
69346
51262
39339
18088
7593
64953
39992
95929
22220
83480
46554
76493
50119
8568
61214
66160
57432
62086
79404
3447
2645
10432
81592
66549
78783
56227
75525
41535
87034
53895
44892
73983
46540
40160
497
37630
71926
44411
20581
9659
95994
25239
83998
40403
94188
64523
41193
62354
25000
99704
81139
66403
16477
82174
74138
198
58592
30453
47761
77740
19682
1086
65339
77025
22618
27541
3026
61158
43651
50418
67061
70844
48051
90049
94735
35061
23978
90585
28084
40129
38189
61452
682
90765
84780
48368
50907
24833
63129
12737
69839
32807
19222
22732
54137
64162
13884
16070
61668
6463
29347
15651
76730
37616
86018
17697
96420
74476
9482
63578
35784
83984
97326
22150
48550
62500
91303
41666
61071
94148
58926
50559
37481
6541
31373
3874
97928
51234
839
34014
64792
81366
58208
28645
48924
60314
51843
29568
56118
36141
17484
49188
71533
94763
80550
60504
67782
13367
80370
77047
28610
7349
443
73620
69916
86051
61764
97966
30560
44019
30693
73177
46123
71305
73528
4305
20128
6167
41488
32827
1255
94241
78039
35689
3849
5613
18804
74453
53551
96571
23377
79454
90866
38103
68376
87691
42846
32707
40709
13675
19559
20950
84720
49053
8064
16423
6094
76944
44928
12989
48136
97571
85964
9365
96422
64743
6370
90702
19367
60153
3472
33836
59250
45839
41310
18570
65018
1214
86893
97678
79604
57526
43952
19366
75826
32912
85044
17718
8508
25997
41662
94522
62925
26657
45765
82691
96106
56515
67543
53299
65129
72893
20244
3865
47114
32869
6776
1944
21673
64736
7303
96251
73228
4676
47258
25376
52107
11606
87574
83096
87714
25788
33258
95496
7503
38619
2695
83506
95632
59127
46885
42886
3093
56430
23070
43131
40961
89714
1641
57401
16265
96995
13131
14212
30616
92996
39910
42661
72778
75051
30777
68398
45563
68903
2545
27823
52556
37267
57297
29021
27709
23168
71413
95877
16760
99087
42337
51897
50965
42641
18154
96850
19804
47542
10076
75320
90085
75265
27949
99928
15109
43124
6609
52737
91817
93001
74083
71391
84547
89575
31846
71077
10849
46325
65115
91220
26981
36420
17234
82808
27770
93710
93160
20888
53503
82045
83693
29796
42940
20059
80253
49561
25795
60573
92581
37485
70943
17062
88106
336
10244
94539
30779
68197
25191
69016
15990
33898
86769
10605
8657
82710
38460
42960
45141
58075
36715
55188
80185
73236
31232
41813
17417
89497
13019
56358
39424
1787
19644
25022
34292
20860
79126
43378
62859
74620
14728
4328
62498
39243
17620
4263
5523
24931
70480
83754
26056
89726
25665
64925
86487
48818
58830
97178
55607
63221
4760
99224
91550
56025
37597
59179
31474
94134
45748
77289
52611
65268
76950
21749
41509
52429
2666
43856
30387
81435
80727
72683
38730
22603
62013
65015
32268
32350
36361
99396
99408
94003
35188
60992
20259
85971
67211
96753
19939
88954
67669
5979
34739
57782
80917
12183
87905
11723
7218
40121
98325
34905
57908
6480
34028
62680
35196
99681
20148
93776
93411
93010
14986
72921
3146
39947
48940
63505
69266
18973
95998
50442
3068
90833
45879
74501
90002
15974
32536
98391
3845
18031
15054
3731
52501
72075
1101
53289
83615
1614
14341
98668
53558
69954
10869
84636
38071
2328
95435
6667
85286
12332
83939
45998
13626
84759
45768
46198
96377
53840
3670
23780
41309
61915
48178
27716
55122
6454
35368
88000
2899
69426
84798
70553
59198
12920
51668
1853
12964
92927
37642
82561
76952
65538
36278
63803
78327
65735
48511
50661
14041
12961
81908
67236
86801
62194
52308
25326
21926
73043
70007
70698
76486
16167
54409
83741
8713
39456
33436
26974
22545
40292
29515
41512
41408
184
96169
83474
91767
36710
87828
5793
94285
44409
62676
92719
98107
14560
83737
24123
55268
89208
21046
2039
85844
15649
64392
82457
78627
44927
67931
71374
58518
5895
88933
26351
11483
1018
85516
90268
26769
43627
24002
82874
57386
97394
18272
39486
63438
88302
40376
69842
35235
92723
69192
33960
91168
21325
87481
5591
55648
75600
86347
82768
26407
89102
34006
46034
4259
41968
3614
66281
16833
79103
70445
2245
72608
21982
39392
47322
24887
14516
85353
26836
98434
41712
91508
56741
9755
34441
82752
11463
93342
51373
25762
98922
36297
13564
34309
41557
50709
40198
48408
85360
89863
12573
15407
91239
15894
8376
32587
89878
60756
9353
52637
58375
31733
90381
24012
50324
81411
65604
21689
16357
98165
89293
43000
52715
45480
40428
14444
45452
38701
14800
46874
241
64061
18437
43966
35553
43017
9740
63412
66769
99631
39558
33091
23457
75082
58242
60072
92845
99759
8422
777
282
92735
66616
20568
22044
96382
79224
32017
34393
39187
56053
91888
43870
5318
32733
76471
65166
45499
4568
89667
83317
83736
51566
11238
40682
98649
31934
12505
91855
52608
53457
15739
63623
27089
80920
83416
80040
13190
23613
55176
21131
25050
86513
1672
84656
22662
28115
72662
32335
64974
67966
52399
8770
77904
51489
23392
10004
35336
36664
95623
12814
42415
8588
72107
69675
46943
81219
19120
31972
36845
16178
64973
28898
18911
99545
77291
14870
8871
117
34804
50509
63461
69708
95829
17304
95523
21691
70613
43069
75819
1371
29630
61292
19340
86070
43742
76527
19578
42157
61466
91076
40964
95509
79738
38084
18259
18706
80958
41714
92430
69252
33623
11961
86237
67844
45951
37768
82072
18849
76520
22516
94156
83248
19729
86396
92102
5017
63041
91870
44288
38649
78480
21204
8199
98622
89191
87293
53963
28802
62820
72769
97611
53324
71692
9720
21620
80617
2967
76699
75733
45631
38454
57625
63102
9142
92955
50533
27636
1697
39329
73694
40289
88655
55234
72263
8758
50144
23853
69483
53889
97636
28887
90450
62232
77527
75178
45370
39388
33798
61170
16983
66527
98527
70888
76238
73052
7339
96320
2622
99825
62490
10556
94498
93040
71089
46781
48407
47938
54890
88445
69863
84285
73835
14325
69560
26773
12855
38061
86468
89498
90306
76141
75524
18408
44715
14136
47830
45108
29586
57155
91283
48042
12998
3641
252
32778
98259
54483
35849
93527
17072
44691
20138
25246
84922
21945
94821
57332
86896
68746
22725
89541
36868
15318
52630
41184
72142
4186
29582
29608
86697
58527
295
21182
88311
28002
98014
97424
46310
49711
87367
87133
89145
3985
76846
40363
52834
37355
59158
91736
19411
60985
75465
34075
17030
78140
50024
9541
41046
25120
74491
48215
44687
57299
60576
27860
97800
68646
1148
84624
40655
20381
40672
58345
67058
74529
11578
39964
39067
63326
38143
28854
95016
83964
40107
67875
27890
52433
27072
49040
71055
38970
49556
239
21409
51751
59934
66319
11137
88612
82277
81850
87538
50718
73771
91261
65617
4042
80362
15780
22140
4501
9354
65074
28735
88647
42431
88534
7651
90041
36680
40883
6969
97595
34095
61305
90349
71338
83593
30536
78541
66458
80148
9842
37839
13579
45721
86693
64934
22649
10412
43329
22366
88940
24439
62945
48877
9651
36085
83774
60683
83142
37034
53130
1095
27605
8740
65255
60385
33399
17804
1694
43268
70621
21259
42245
68473
28304
4527
46862
17350
22298
89598
60686
21145
54198
19103
65540
67938
61672
18414
32375
14693
34242
4583
80204
18704
40913
5855
64427
87698
76385
12745
50798
7844
96150
10041
22000
61295
7136
61414
83669
58674
70102
21998
89512
94846
36128
46339
14246
58341
21987
13397
917
91482
82058
45092
40430
35442
77433
27453
82298
25333
97574
49936
31142
25059
38153
66338
97128
38121
6096
57095
35183
44137
48791
28156
46139
66421
34459
92229
57192
13191
73446
93299
60503
50310
30956
87595
37731
1063
45822
64726
65029
17163
48085
96593
53242
17421
49732
56719
25716
58813
844
61655
91276
28513
19273
57383
50129
89843
1872
77078
87503
57681
66537
64143
97582
37934
1355
33642
82890
36368
39436
45385
62102
60348
4133
20557
32568
92390
99941
70410
38240
75861
5558
33491
18147
78319
79533
42168
24545
97962
96304
36941
46908
11118
36788
63136
49184
52448
63654
69123
82547
94002
26727
147
57934
77114
18539
16891
88709
31845
39972
76366
74231
82998
19307
54636
58127
87184
20524
20078
58115
31809
74974
71946
64382
21989
45805
33387
7167
2388
1001
81027
15239
8468
66838
13409
73318
35254
40835
68397
53448
44580
6534
38052
64016
85568
95201
37730
56311
63198
17643
70107
58102
74793
9799
37294
32620
49893
88921
28125
71698
31005
28772
66193
90027
40490
90461
90337
93041
53574
84312
54423
22006
14731
14607
67755
98129
86570
56762
2937
56213
61545
815
76882
96826
66938
19498
84080
58420
30244
58505
27173
59003
15878
87994
96460
47446
39680
77028
61114
88437
43096
84790
74157
44133
61048
96625
98585
63373
27216
30719
40347
7042
15485
21432
99196
59230
5661
57197
42583
20254
67468
15294
83355
8829
75067
17095
66936
52237
24882
10770
58783
32445
73883
3272
45626
98795
28265
53437
86768
93523
32218
52339
65977
10875
56942
16889
52581
82759
7715
39265
47349
28634
2802
93690
94844
64676
92138
82124
38036
84710
36279
19820
2353
92238
32438
27656
44899
18564
94554
33466
29954
42689
39118
73610
80514
56574
42418
67209
3102
61892
78218
19115
2474
9754
63360
54325
47083
18652
73959
36971
16631
27440
87820
74183
91641
81172
89153
37943
90069
46121
29332
49880
89818
59629
48280
72111
56738
67795
26659
54355
54674
55092
68001
945
89449
63414
85006
94531
5957
8141
1362
89666
18324
27999
61991
15679
53627
2167
82226
70503
58616
7658
85293
90310
68396
17669
82378
83720
1030
92489
83125
31943
50849
27851
41166
18388
63580
62449
35564
46468
48799
55714
250
46765
65144
93468
73802
17092
81635
13135
37778
84213
29140
67541
14230
67240
3862
1301
34980
94096
57530
4957
69226
59410
66210
90246
89808
95433
52038
27926
64075
91392
24847
60661
95348
83870
58946
28550
20426
40081
20158
1364
93122
44476
51898
15568
28949
609
55559
43219
31805
64782
86114
21915
65483
8664
75188
47026
38960
13142
52788
79855
59336
14739
87027
84594
90560
75222
36489
25878
29352
74042
99488
8618
17535
66334
78558
23060
82451
31386
27818
18752
58567
27391
47587
80039
90708
45581
6263
4069
94670
53797
98531
5939
16581
356
5209
11289
92745
27184
49090
19770
2
93829
52258
7155
76260
86611
70556
29843
410
7382
44889
42508
88416
99904
63750
2587
75730
63004
45624
61633
89150
28876
45119
65368
87514
44292
52685
11651
98738
22762
2911
33543
86704
68037
49092
10934
31916
28397
11947
81999
16066
69230
9611
31612
81327
11671
82559
26177
72347
36273
99325
51027
8696
90593
65439
58595
71855
24938
47174
36041
40745
11460
906
96867
42601
90692
34338
37545
32583
31997
19438
9716
90409
68202
51587
85772
42196
36762
75632
80095
6736
17340
38852
22099
20338
16135
67065
44506
81901
3757
27474
62792
11902
29195
56080
12146
344
27638
35990
5962
46734
27038
73806
4777
59364
30814
6853
30167
23538
40253
85981
78091
64990
51031
38596
96178
34979
43181
64352
7132
88803
72270
20001
45838
81382
95519
61139
33145
68580
4347
96306
57807
28795
14243
34499
74032
99482
9166
47575
6320
87637
78886
19914
58255
15684
66554
26735
1115
74219
93163
35517
54108
75932
25331
65536
31864
87274
71809
88174
24078
38443
51549
84098
27077
34471
86908
47884
63038
91691
5983
59072
93945
54384
86951
94927
67645
48428
88419
93721
74144
81917
42421
44852
14691
58045
18931
96171
7940
26753
39875
12107
85769
7904
86385
76027
17812
3707
60483
12321
62209
62192
15546
70969
91518
42324
9881
81618
19225
24414
25375
35964
20721
74809
72004
29389
5058
55810
70045
62076
13712
179
58176
93381
95983
32832
77313
43363
33462
75508
11401
79219
19868
78093
87343
86884
9646
75311
30346
69124
23879
78387
42061
17554
7283
36739
49307
99594
86120
99726
63929
55616
5456
15866
39088
51519
9254
99584
21098
48187
90615
10672
88247
39360
56472
1127
14901
17854
21502
78156
7702
27937
50587
83343
99407
89706
9946
91022
62305
15375
42114
19240
26857
34940
15494
8779
12557
74998
48180
28003
72947
25799
65107
34834
14481
33379
3200
29593
5305
49217
59266
63237
95799
56122
36613
15981
81058
59655
6340
86454
82422
847
74371
56206
64834
73139
78419
39773
51910
42240
24008
37874
93741
66349
82859
81844
94101
63446
17200
861
92774
12992
16042
97177
56149
35851
26935
45123
79015
34753
30490
40306
88182
64343
92038
21627
47421
85356
34693
48712
91529
11239
13806
19865
91227
65143
39442
88293
11175
20616
93469
58931
19473
55410
24616
29396
36751
68462
22018
47331
68263
19496
75293
34272
49634
19806
53074
18386
76410
40893
70361
6050
85688
23384
1739
84014
2948
55609
20180
58185
99568
33746
47751
32372
26585
88870
3689
33141
70530
81511
20278
60546
77099
63029
10738
11955
3898
74558
85394
55462
29490
85945
22127
18104
91796
30836
22656
29373
35164
55381
83358
48011
49721
4390
38924
49980
23408
14412
64047
63872
78107
6325
47024
72459
62432
19828
3588
33242
13474
54526
93158
28810
92357
22455
84097
11109
13121
52157
86999
88384
59321
79461
866
56501
17600
97287
97172
34925
96162
37999
24351
40473
34546
75997
22284
97133
64119
42422
57667
7433
18871
45989
2426
14803
83983
40819
6269
28545
13830
27833
83061
41569
53393
14445
74780
82972
21938
9188
50622
13014
22083
59140
15783
25237
50635
64137
47403
7694
71913
53003
65427
6948
71823
21503
39673
15347
84510
40761
53459
32926
11226
91725
39567
96742
28916
32534
18553
14514
13058
99520
44943
13206
71469
61442
8994
21387
91968
81967
46763
87387
98896
80386
3610
96346
31367
65467
85345
9206
15861
89689
76194
63721
55129
73629
27259
60701
71693
8090
28644
80255
61023
35452
57045
72213
67772
65731
59219
79384
46853
25790
99171
88504
13478
3660
7945
17640
89558
68454
51171
10315
71909
16161
94752
65446
62068
71543
22678
5948
34968
95354
12201
10080
22246
61677
50410
79952
56948
74953
69908
578
56216
30410
22852
19915
95903
25311
51584
34224
80970
27093
62311
58081
86407
7538
67813
56211
39047
87694
50568
60542
10341
21619
27787
4779
52192
13645
55927
25365
59660
21579
47434
99278
6613
95512
12851
50465
26639
95905
23077
38312
72467
59040
44712
64591
64988
48600
51453
50228
19734
94518
92458
46591
70590
9745
11292
70588
65306
4489
60828
82303
47521
65985
1152
62518
13388
89750
22077
11887
58831
32766
29243
75962
53623
50052
372
40692
14208
22071
6000
20637
23027
6240
95993
1120
82009
79908
10912
37486
6140
5639
24043
32906
16919
93838
55219
66847
89468
29931
16600
38736
47712
59423
58587
53158
58519
42815
70895
99333
90773
31007
60840
21597
89090
35496
92338
11835
9572
53312
37684
39450
38459
29383
74315
89124
88332
74717
58008
97368
28716
4575
29787
74583
75249
56210
62163
84686
34308
19573
69851
28297
55448
91525
7064
85311
10745
36218
7643
33587
92500
60219
68242
72582
20722
9233
80817
41927
64609
68639
86943
9630
89675
17694
48730
98557
48207
12353
65744
32316
42564
47361
39621
64291
24019
7137
94222
60358
46044
59599
17014
85146
35341
62982
13586
19467
95992
74632
38047
59572
96596
73632
49847
5742
31844
26344
47953
69864
40511
31597
40803
13840
77068
14702
13380
6456
19374
38784
96741
22670
88329
57424
56514
29592
5975
54248
86938
82600
37605
24085
39628
67138
68733
21608
99946
73977
42350
43259
42373
44922
60114
26872
75152
91301
95092
77939
27024
23263
95443
61890
81049
51303
64806
50883
55791
52342
82957
53201
75831
66661
46764
4910
5435
12407
92605
17150
70925
40087
20584
94835
66820
57595
42142
96482
68594
58728
98197
45497
57052
67129
74712
86761
49187
50433
99993
18184
1388
12065
1130
16873
7230
95314
2977
54289
61446
91422
8452
18018
77117
91571
40624
30593
28723
88964
72138
76870
83655
83544
61908
96390
25692
55036
52489
44053
60321
71183
31488
99649
88638
67015
59023
85831
18473
98052
35230
99489
31617
73905
66626
36409
22034
36695
97363
88673
76395
68228
7025
18156
1877
2326
90680
31244
66114
19070
2145
67351
19778
49401
18343
91385
96003
5070
22893
64340
6533
95493
25324
41015
28752
17213
41979
31818
38875
64939
47136
65818
69201
72051
53119
64356
47957
6603
58929
77328
53088
75619
56729
93295
82200
50467
45412
3542
9060
66370
92625
43916
23028
26781
32615
22386
62515
4084
79069
75972
62389
87750
74801
32247
5054
18722
95757
46161
35655
36626
38173
26969
8561
17380
12037
89751
34564
96424
27069
43802
41963
89162
83436
61027
98747
50773
9144
3566
79843
16738
53342
49683
37612
20349
42377
54038
83467
75033
24079
34381
23182
52311
10639
7618
69228
35559
27260
41153
10163
47840
54439
50506
93143
7686
2603
29023
48583
56140
87078
5261
66793
86044
12853
58777
39648
99255
58509
39843
75140
21518
95835
84271
93287
75444
22914
69661
63999
58162
22441
36510
35278
30150
95923
21393
95166
5484
84881
89453
98576
32992
90401
92186
22494
92231
13545
6635
93803
2670
45869
83083
43806
80257
35720
71387
77488
93106
59680
71580
50831
16681
69992
12905
82329
43869
55862
26227
79610
77856
28617
67161
60296
9273
40420
68028
10295
97007
62038
92809
59857
83183
52894
13432
43472
67481
70348
41622
47632
89620
15694
94540
7119
83962
78900
8350
81670
38201
31127
79022
50814
31118
78596
12640
41752
24438
6424
29214
32240
9604
9040
16062
79531
63717
65946
338
43462
31194
8231
8974
36482
38877
16711
53028
35403
86096
7708
56979
6
7215
40181
60716
20806
86389
6155
84447
69308
89526
43377
50342
11374
20831
74395
75059
34409
2412
16890
27767
55870
63884
56526
90431
81826
11350
12558
61059
25334
18514
7733
10915
86614
79251
71197
15577
89065
25738
48796
30798
88274
5956
28174
33152
34837
10042
48819
33057
20018
84703
49970
40645
48328
84003
54750
6383
71397
6887
3178
8723
12243
2016
95248
41699
83117
82192
17493
21412
83036
66294
65727
64972
41840
68238
11200
11804
26784
42207
64246
6082
63742
5387
66743
81137
70825
92647
58105
85108
85478
5744
3208
63539
18850
16570
1369
43453
48102
57308
52690
37082
30985
80959
44132
50109
4544
27786
78971
63791
91955
53827
55173
61046
15056
91267
82250
35425
35178
76259
95091
76790
12197
29439
82326
16112
80335
93231
23306
66480
15478
79511
63433
93251
9021
48713
71728
62866
8401
75881
26111
6932
55106
25791
97478
38783
50108
44067
61790
13550
67178
21672
22879
39916
63167
83896
71375
67219
18786
15718
3988
22120
396
38516
88471
4357
41777
57700
75386
43101
82211
56739
87660
53809
65181
32717
80901
82940
1281
74478
58790
11366
30243
36947
78618
73543
68287
39835
19683
16310
42444
20915
81458
14149
53395
41763
21495
19929
30892
45807
74513
61366
19005
81780
52096
88224
6447
78763
70413
75421
10254
71847
6369
96806
43788
99039
67767
95074
39259
3039
75271
98330
73884
88230
13389
27640
34240
30019
70652
49363
61591
58038
59832
53165
49976
69071
92569
59577
52197
97816
36075
32873
13500
42686
51543
49037
64574
82993
85454
41570
53029
88793
51190
75377
93253
59613
45607
2181
14097
65333
66310
53050
48679
79569
91171
76891
28902
64862
7656
57190
28708
21786
56846
42751
81404
69340
16898
98157
75289
88108
80584
72078
97632
21218
59973
83079
6395
60662
42880
48729
77614
24971
94798
90621
41597
72841
94972
42428
82575
1938
17848
85237
95352
71191
17447
3844
94069
19502
96804
60201
16365
42416
34848
24362
15737
20160
86333
47455
11198
33532
39608
33631
91221
73276
15589
11123
3149
81680
25166
94711
79869
53712
47604
80456
64285
27054
9980
88380
17780
6516
91666
32981
80885
96683
23036
60249
57687
87282
75474
45264
53680
38710
19687
68167
82157
90675
97943
11258
22461
55682
5297
84869
59925
8800
40203
29520
62345
58620
29324
89242
78806
8012
90334
30762
90504
35956
28283
35152
56230
21671
23749
48664
85978
98701
35931
38914
78430
43671
87296
85407
24536
72283
64281
41924
59898
65099
83920
82793
41375
1916
12543
59151
64398
52369
23549
83996
80794
79391
32763
1906
61431
72741
9536
55866
15078
63804
21201
14678
19084
86276
13944
66751
38135
85807
89168
87988
42667
15432
84222
95843
95402
49703
35079
33693
22984
87824
48804
62299
6329
64477
88141
93651
13289
87294
96322
87106
41244
96587
11867
26529
96363
7127
21563
32352
17011
73419
55496
51065
57284
4221
59765
77384
38420
53377
50215
61259
38251
39063
54329
43431
57611
1744
69533
53
51289
51855
96111
89466
40515
44558
35930
32270
2568
75748
74869
8977
47565
8109
66045
429
25597
62807
1010
79385
30408
94513
77826
21124
69116
95139
96461
46117
18587
57962
27903
64766
49518
49786
55335
43563
52563
33964
49113
70744
47448
60256
91853
58065
86899
47940
21278
53611
16432
63973
19707
31500
56444
91660
56849
64180
27658
45608
57682
5165
25687
86079
86959
66694
75860
83595
82661
77645
40663
4458
48412
80407
28005
61028
15953
73214
7650
11611
6020
29719
63964
41839
8515
88033
56316
47458
97195
26527
47436
83568
30478
65148
29819
12521
10860
65730
9146
30400
86204
59398
97837
80744
58023
14287
89146
16514
79108
1425
82795
10255
85751
88192
18122
69077
8634
88621
59539
40735
59943
69197
27481
13467
96524
15581
83139
57048
27774
61082
69295
51739
85187
93420
59534
31614
25808
38145
9462
47126
86937
39675
8111
14945
74782
41070
59117
28633
90787
19620
19594
76661
431
24211
99337
72564
95625
84184
87108
68741
87774
43499
92246
72828
20253
89384
26282
68025
43040
32514
4021
71096
18348
96146
58716
72478
19338
44509
62967
82686
64426
78178
68896
64733
60290
25849
80310
13257
28370
33205
59968
54698
23855
32979
94360
86885
35055
68305
33023
87844
56629
87734
70487
94855
45894
67056
23610
81248
4152
96679
78791
56321
93933
7144
43059
26486
18039
71955
35106
50591
7424
73733
4123
47878
97575
63746
35584
42820
17294
29337
63693
72867
81897
64295
96874
61848
99705
91278
86249
47038
45861
90650
18604
90089
45600
85225
81300
41833
55907
92829
10300
44490
33641
48205
22188
37452
26072
72913
80262
1302
25774
84621
59317
70204
35529
63761
86646
52956
19492
52914
43791
66033
42805
37387
85840
74919
14473
31165
38294
11777
2288
88133
60116
99793
81706
2342
36446
80000
87392
87339
44005
50951
5264
39200
88843
87037
12213
30090
79006
65750
151
82261
60549
99776
67551
78227
5291
6766
22726
82476
20341
54129
71288
67625
62853
71867
96359
31968
95014
47890
88984
23550
36619
77786
82673
9203
2541
46096
27319
1021
83022
45299
2785
9837
47888
52010
91263
42873
7491
42154
58477
40570
49107
75404
93389
17118
95502
57440
17467
85646
49409
82051
62461
89810
34230
31326
45041
92477
33844
93021
65059
21871
27227
38124
64983
927
24813
49194
86149
73943
19569
31412
35191
4469
9792
15028
58723
70713
49535
50754
29818
88770
65665
81893
25815
11699
9244
53993
24738
49210
45941
41698
5840
35187
97885
57343
95660
26603
4540
2869
76712
9045
13730
23428
39714
98644
1676
94579
92341
28306
83282
7152
89985
89782
27432
12432
8324
22851
27047
16418
35048
37529
77017
51413
18743
81747
12639
35731
72856
3457
64684
74609
62144
67784
13103
30636
64116
11464
70936
69050
84554
21050
86760
74281
68384
78792
19888
89056
99435
101
13044
22932
25276
21589
27619
57268
53240
87731
51251
47693
12287
2978
28032
33056
52193
94427
37313
68503
85262
79004
82440
63629
70408
57966
7717
3050
39460
11518
25378
45629
71151
64114
90829
93911
4184
35435
40882
97084
89995
72400
58856
23204
64616
54156
75017
40884
84584
89025
45296
77921
22509
8028
8022
99384
99209
81306
35989
21753
37573
90462
70704
5945
79397
4576
31182
61970
49122
17195
91761
52082
65660
99481
30921
62782
14345
18465
34815
88342
54197
86924
50652
73659
1786
81124
84417
66991
9397
36306
52328
39434
20414
7063
26123
95662
2723
75461
5281
84248
95224
7142
16481
32168
80064
31198
31212
71231
89757
62665
76994
42572
63736
80771
36268
17607
64705
77520
15108
14105
21651
74602
15618
70263
73791
94013
38311
92732
9373
59133
21552
58141
92545
62439
46110
35297
81121
219
9854
41525
32910
73605
45220
48915
86180
44232
20521
8730
97436
80151
44129
98076
76875
40873
58395
32788
93475
42938
35328
94435
46352
35513
17281
8429
40567
86626
64812
52805
23611
15331
82801
60919
32502
48514
9322
77426
64344
69186
62582
19436
28114
48921
43403
76969
55857
16462
87263
81828
55854
14619
80955
81996
30491
33204
52168
43058
30439
58136
31512
41426
94404
31401
91451
11266
28206
78031
14129
91651
7267
88634
91159
34702
21754
52441
75627
11222
16019
76061
14240
35221
60372
17478
99413
17148
47655
13514
65729
13928
46652
87926
24132
41917
55262
43830
90715
86569
12617
76924
96035
95114
80708
67861
63889
42807
87624
52724
78410
86530
79484
37823
77811
86780
60530
48932
18746
78972
44948
61777
43139
24627
99627
3469
29913
61439
36014
77974
41725
14775
40223
66178
81025
20838
80050
5467
7551
93464
84629
1418
58643
95310
51704
56151
62069
1975
7495
80237
65046
34681
82273
12577
62558
98177
47280
74776
78617
93682
42015
62413
4392
40826
61878
2867
53657
44789
52410
9331
40708
26078
98356
42279
78786
2148
71316
31684
74582
64978
89611
55760
77233
63355
14044
2961
75731
55943
50117
81329
8507
85375
76858
80890
3910
59784
41848
86281
56226
17174
12856
43484
95773
80322
73882
79001
65452
2125
97036
21865
44547
60557
73167
14521
34904
16055
45114
85458
98284
64195
24469
93936
95471
6309
36349
29798
34074
12627
33504
44123
22039
9809
91049
748
66229
94974
52526
91467
2287
55353
88829
85540
69960
24160
29071
29943
64437
58598
70760
61695
36371
31218
54030
76059
18855
22449
13841
9109
62001
66907
48002
61111
62132
50074
59438
39726
30005
613
93074
1044
18297
64284
79375
7804
71483
53137
2098
43008
39958
751
89180
2532
37207
48227
89163
68
71564
29029
18491
99952
60540
44314
29898
39196
86376
39834
98532
66685
81505
8469
88798
4754
30148
17706
7331
74999
96762
51597
95582
38034
540
38614
72093
19942
87532
17104
21885
76282
23605
61754
16197
40823
19060
55963
23207
20188
59448
2150
41061
31106
38699
92332
25357
2531
82272
94158
70871
14056
5015
38484
37507
4399
7576
36801
47345
66143
21431
54856
65637
38989
41523
99874
37425
33842
19675
44980
2490
91431
95712
32122
21436
65533
44153
23525
38451
65239
54858
74098
23881
5316
34108
5240
82193
31959
28991
69784
61625
97226
85153
49141
87142
31549
4809
4601
28180
87403
19943
23495
46613
89957
45058
73049
85741
77140
33210
51020
57945
31322
25228
71203
34991
33593
60110
88557
10461
41608
60726
11748
35676
23476
55378
16411
46683
96244
90203
5274
32457
68339
18070
85333
79849
72241
69874
85654
89568
19475
89919
60274
54081
490
46720
29317
55840
6909
38098
98994
79829
10116
55105
97589
31271
52994
99318
50330
50233
73119
87803
10646
63304
10498
14472
33224
13991
70433
79851
83965
16847
67975
32687
22270
61477
46707
40748
24652
73563
13900
94558
18960
41191
5450
26819
55449
61480
85979
1332
26437
82898
99331
29587
91287
82332
17878
90654
88532
96194
51790
12999
87990
44456
53044
38115
62465
63219
75725
68765
13981
73482
31440
6393
95042
82062
57244
70853
90470
53841
2087
26388
88733
34291
50621
98997
12369
29560
87533
63811
36588
3973
79235
67798
82933
93164
67317
1014
84051
71555
83232
49769
88365
83336
10867
93774
486
14234
26165
33520
21667
34412
73583
26222
85676
73708
60198
45586
1705
31901
96155
57639
84993
34796
81552
90330
12974
67444
78656
51970
12549
73609
42149
82684
72309
78277
66781
8948
28202
19377
28378
67763
6112
83447
32564
18683
50356
37580
92314
81516
56270
44656
2437
99116
4829
73917
98547
12042
64078
53647
98672
80697
15168
83645
39703
35581
1662
93433
82614
46108
74495
5089
51093
80166
92218
393
5353
94809
85259
42540
71260
52616
76312
99485
64979
43031
98112
51877
9048
21266
91535
52585
8251
2620
21596
26575
64365
73295
90582
92169
829
6484
40189
24346
56237
41110
40064
84174
6509
55361
98987
23177
62404
67212
84760
63535
74751
17918
4047
26797
89488
49140
76975
82135
172
22714
23425
88722
68942
21873
46290
82041
67402
33840
27106
95461
80267
46893
20853
53845
20376
24551
5589
62158
81560
80491
60417
23491
61000
9688
97695
16238
29983
82241
32346
32197
17772
11592
97532
32888
95292
30419
17486
74656
94133
4838
83979
33021
23507
9131
215
75759
62094
6496
21039
13729
24759
14880
37680
10406
65615
42465
71144
64783
7306
78584
15884
12888
8757
75062
77549
91872
19184
56545
115
75565
57407
29117
43429
76517
43755
54550
58742
29575
51243
47598
70504
94684
59264
19168
78721
13302
9402
95895
62617
86506
68867
35659
71640
12425
82320
65012
28412
7268
68441
58634
83405
44329
6425
26095
16320
67603
44110
23487
10024
24163
59243
11755
40458
47214
3090
65024
76723
22569
86021
69947
77582
95301
14591
45139
77218
60334
76900
71158
82437
75010
74096
63947
99547
84455
18318
80108
27263
90036
73037
70584
82815
39300
37007
6646
63789
27333
82311
67904
90257
86418
22459
40689
60830
79506
52645
50187
58027
59011
3248
96469
49890
26250
25928
55614
30438
6796
59931
30105
28193
75650
54774
34826
90364
4671
15509
32542
83326
35616
53047
98934
76193
42552
95572
22906
73279
83124
42764
29839
44469
14853
21239
41364
49495
10707
40500
41472
14295
67987
91924
7199
22781
80641
1138
88750
41584
79429
37349
31988
73488
72058
73440
51600
31160
91543
20390
86524
54485
11081
79672
40782
6053
67693
76283
79998
62654
60820
7523
9907
45337
31766
16358
37558
19347
743
53159
74260
33357
94043
97878
80791
63441
41938
72185
13177
18371
57949
1242
14460
40303
39228
44963
52881
4787
29174
25439
22245
44599
71638
44116
53722
62977
37928
36579
12675
18545
41756
85534
14876
96275
17147
85878
5106
44188
86401
92766
46846
10850
28709
88064
38515
76502
67671
94205
30310
6764
75203
7992
77989
91234
61768
80388
95962
12615
68248
4067
52347
7181
35896
6131
89005
45009
80619
75609
51513
3552
88082
15435
69087
78411
15200
15978
59495
30144
75186
72631
72895
42203
43443
90481
3103
72223
93822
83729
41685
18510
21054
62613
91478
98976
3853
59551
41517
57463
12448
74935
51038
50929
35467
6213
27335
6505
74488
62736
98379
82521
84673
37017
55489
23026
77479
6482
26160
28057
99749
77463
69569
8608
44307
83431
17813
63487
98206
95917
13706
53149
23424
88955
64179
56511
29729
59965
7518
42247
16001
3683
74871
9736
82059
4891
95021
48513
85070
46250
62629
11689
53391
9886
59876
73951
58998
23917
24919
9830
76879
1263
14382
40256
11743
70670
57340
55858
60140
66867
25843
33465
65009
44075
38471
64262
5062
14470
3331
93067
73222
94452
2692
87448
36464
71657
91447
95175
56585
57081
38669
28184
20095
71487
37210
83915
45104
66530
48499
97384
66792
19810
2356
75557
56667
153
62256
2553
30030
20076
48616
85371
8699
62147
98944
73357
93884
41145
88259
22506
96353
18925
86320
69793
8510
74013
87063
1195
94401
29288
98111
11356
53318
89662
91650
3572
76662
6390
38963
60705
1599
14925
20152
725
88550
20692
34111
65417
62378
19242
58450
36906
66695
99626
46173
62486
33353
56496
87795
28211
25046
2712
48247
89283
82609
77997
58814
68768
30979
92076
73340
4623
25038
2407
71868
55895
47924
20121
92724
742
41414
13597
48143
26384
8524
69634
7962
20718
85715
43440
36488
75956
29552
82761
98910
83733
39716
42732
97936
17708
15643
73275
33576
75531
39968
1036
89450
23762
52493
64739
58232
5453
60323
89518
88160
58738
46881
50471
52650
95842
42004
81546
99364
60505
58364
82380
28868
63462
3687
87372
90285
43049
39745
23240
96508
78973
99646
97370
1727
59285
77262
24046
28252
28602
52696
46233
5871
76427
97948
89273
77970
51538
79269
30142
73597
46190
57302
61376
48279
1810
6398
90278
32894
20395
50566
25574
49952
81149
89823
74213
42139
47954
99747
69035
31378
74331
18763
40435
42745
98057
49628
49512
75599
48416
48636
88794
37849
96933
71331
83517
94681
15061
9221
41370
86786
28351
29491
40525
70394
32956
30597
94160
20603
62420
15746
15773
91226
37707
24788
93801
74948
39530
85273
50972
68033
57066
10698
23189
33163
45291
94788
60876
20940
77468
29835
69990
59926
38365
85582
85922
91452
85860
38717
85545
36849
97727
45898
5773
31402
39795
48154
38509
46704
90112
9369
39163
16694
79199
10883
45391
74649
48908
34822
78273
50069
63204
52592
28606
16381
58411
58456
80750
3300
48673
6774
40493
31710
70650
78266
29276
57947
8358
55451
72496
50243
77189
10111
61798
4053
30461
58522
66050
91759
30481
62350
30264
75825
43892
69119
74924
90244
24948
8261
53475
90359
30878
46981
9423
82403
21722
56818
70849
88846
3810
69654
61301
20057
34167
77441
11616
57187
46093
98080
90639
27637
48066
65095
70345
10298
18080
48155
73779
6850
35929
58219
59610
64455
48435
22677
34107
77657
81597
87664
31628
77082
69821
46388
50247
70931
23273
87336
72045
28616
20327
49183
43165
59502
42868
65834
52531
60055
78586
75876
61715
60481
66215
26535
66682
5567
95944
34049
68087
69979
25985
1935
38581
74168
36076
52859
17733
39927
17597
82028
32433
47755
34232
86867
1121
10537
92697
68260
63980
2598
94236
89774
85789
84073
87903
3145
37542
57369
65403
64300
69313
99544
49483
73937
62078
56340
2211
62089
41630
21904
30087
78723
65410
43183
34328
99316
77666
76313
83088
17176
88253
56996
51210
67117
91180
15510
22085
25759
26422
45659
75282
99533
16670
93605
91828
39493
23279
53559
34172
77962
68678
69619
50991
92461
83922
60766
45505
99417
97793
50902
20462
70228
59893
38416
41418
46550
21834
89008
739
64204
28971
51026
6270
32281
65847
86065
41966
93310
72024
63374
59955
81539
37760
8011
87873
505
96294
4001
87540
77290
60545
49705
76362
75393
63449
95234
7313
5256
84714
60498
70099
56397
81944
36063
64480
9513
50366
82388
44876
49917
20118
69031
29156
74327
83025
42301
14792
27022
96896
77556
89681
17789
90108
73369
72370
78547
98760
85511
70436
74193
84041
31732
33097
45280
69595
27997
59057
83316
1069
30311
82481
20877
52945
30342
67883
95683
8811
6279
2252
23313
62821
87583
9606
4435
85099
92214
22086
70144
13443
24475
90389
24051
62414
56714
52176
14397
22674
114
46000
68268
11313
55987
64723
35884
43285
15174
69946
70154
56429
52849
36638
54460
73619
74633
36212
31950
49286
64677
76453
88341
91265
69786
99621
88657
7099
61704
96423
70975
49478
45552
69383
15240
61484
20987
61143
54805
48258
4483
70823
247
42086
46728
76046
70027
6545
59847
60327
19331
68640
77936
41635
7109
52716
53500
59991
21934
48960
31774
79469
275
32689
17578
60773
66635
80707
92230
69745
5436
34134
91564
5554
67849
28399
11495
16158
54904
35167
18907
99879
37352
24624
59252
59163
39698
16230
64541
32537
16085
16254
32030
78289
76393
61578
33563
75708
78109
41611
29225
83670
17832
41079
62365
89991
9123
89791
63576
99467
45984
5091
48343
5870
96969
50365
24349
27559
76701
95853
19884
23062
42351
79624
60238
32563
42890
94260
68161
24278
12322
32120
80870
82563
87948
48795
41228
52338
78579
74615
44953
10453
99463
35677
21014
70718
63603
29371
37072
58202
83607
3394
31703
48028
4122
17545
5476
7953
67911
601
51718
28046
30360
36256
86736
3799
76951
55711
14711
82279
24026
17129
75216
79066
96484
6922
41482
53220
8480
81585
30283
71514
33969
22842
78816
17845
14988
50641
6298
17059
55600
40103
9457
40685
51502
53328
66108
55509
87216
15202
62053
80486
37234
28299
74130
8943
82544
39273
69165
57371
34584
97770
36766
23723
51944
98785
88037
30984
92987
70586
95440
38575
28004
15847
49200
9908
51634
4637
38833
28152
44917
7965
85823
97619
95219
26071
20560
92715
46819
71418
78727
6041
56882
56002
6289
28146
56613
9451
23091
35819
26932
87673
26347
64129
56357
93834
14095
36228
13200
59337
74053
43430
80540
15690
17284
1909
31379
59038
87499
14824
87016
33458
45962
55759
13434
58794
119
43335
69650
85691
1849
78202
55183
60953
93423
45003
30815
78333
23359
56330
95611
12916
36426
44505
77213
81205
13676
38444
72293
96300
59394
48980
3414
17088
19790
96803
73081
80655
2778
66090
1852
79839
21645
1431
53429
15801
63252
87199
92420
79763
58280
68246
33158
28478
76242
92308
7253
79664
18256
54427
32345
49426
55551
11565
4645
45020
55983
5920
2930
25360
46297
57497
68754
18432
7755
17723
11029
84216
93
77754
74257
42202
21784
91376
26219
11315
19105
31892
79572
23770
95670
76586
73846
89543
68718
79052
1889
27330
51175
1675
76557
8450
29036
92228
72488
96319
25168
29069
90051
91898
86960
79677
11151
22154
96220
58579
93318
42595
59615
54876
63208
58507
50845
78498
7726
17519
89914
36036
47245
78180
33140
70771
60711
78490
77281
6099
82647
21020
54638
28030
82937
15281
90922
45995
86737
61676
65044
65650
96315
47004
97350
45227
60270
52404
14032
98963
56625
65643
54173
32395
28042
93077
86720
85647
42284
67113
77833
98665
22094
23345
20262
95394
90442
64389
29921
23703
57692
84375
38174
4991
7065
2976
14757
3843
83981
19207
43328
10339
10503
18886
77376
56236
12915
55196
40658
52389
44669
62100
56247
63120
16355
50703
56936
79693
94078
93335
33028
1337
45389
23925
25653
84331
87929
69263
9631
52477
50765
25063
59678
94661
66607
87955
40809
87463
28784
64663
85113
59166
37889
25232
18899
31491
3883
26782
36793
2171
48447
89310
24529
54353
37400
11342
80624
30939
34211
99864
2043
89744
97699
68236
36422
89584
43582
53800
64368
27487
54895
40183
43449
98958
33086
86168
73379
82953
76403
25219
45243
8993
90304
20707
85562
98890
89742
88411
20773
24394
10551
60294
81733
33475
77696
5659
4752
57374
94517
96219
29772
66514
46166
62225
56891
40291
19765
13989
26608
31890
23520
29573
48740
22990
53134
82223
25151
98354
66250
51254
12187
13933
79815
91990
99796
38860
23324
77993
56161
48414
36336
31397
11102
89329
26446
43973
9029
88866
88808
7615
80158
6166
25830
22189
68715
16016
1760
22669
10692
74030
54834
86404
85069
85253
6836
84737
75086
70767
44508
48281
44937
4519
56187
13508
52804
18956
7751
66461
65027
1908
65441
45059
95075
93226
72308
17016
77310
76408
77845
47354
37215
72209
62668
41606
41981
27483
92975
40621
2805
43934
69975
33488
57272
43140
87633
8310
75407
7889
42590
12431
60132
52409
53484
79988
77887
44926
44309
90849
10944
39879
90632
69555
94048
23265
95152
9129
26821
6445
9674
99677
8739
15501
91252
68669
75851
91104
38040
74377
62529
96068
74600
7528
28766
96175
99134
84340
81084
98186
19230
4969
96606
49438
51854
1666
91207
50879
53197
18227
88830
56772
22073
71854
56998
92018
2243
85675
55169
97131
45438
56097
70148
20847
35345
19019
92103
856
2970
3981
47242
84654
21195
35682
87706
96807
59725
42637
28022
59012
77780
5631
33684
28668
59081
70234
38721
82827
53194
71005
83569
99525
42433
17529
73117
23785
22859
11400
2686
66322
7210
56959
10206
96894
11299
63544
15313
40587
72179
93697
91840
8484
57491
21994
43625
55933
5932
32408
42927
98361
17026
8147
97492
46709
93069
62251
36381
7150
66728
33088
91243
44740
46502
75723
6157
80250
97089
45708
16415
74773
15846
3979
70609
67776
5952
64422
16454
37950
79392
2012
78795
46940
64313
22206
80444
52358
61478
35161
53230
50432
35654
68693
21616
86750
97431
24594
64601
54780
73013
79172
44562
32206
98031
43373
22592
45774
18118
23169
5442
87434
43743
74896
88277
8038
78543
96441
30933
30188
44479
5344
72665
36315
16650
69504
61558
49022
31683
55403
86585
50475
89721
81863
87144
14598
10302
1345
62715
49231
14891
78357
92299
54255
27312
38324
47640
48581
24430
90446
76041
17054
35091
21233
80832
49903
94413
38824
76510
43315
75214
2836
22574
40429
28141
87536
22820
72252
84495
9960
63180
81671
68389
22446
79868
26961
44074
65184
88578
48358
15271
13245
19516
5735
70071
20109
83668
15398
10304
7428
48159
14958
54443
85882
90435
25613
17531
94495
57130
57820
29501
63242
78381
94179
47141
63255
95368
51924
3813
93946
47578
76862
57844
50984
23366
90110
62932
7395
13595
60746
61249
18531
34367
39883
77882
351
31675
26654
81512
1464
64385
69690
13670
51940
81386
78591
52891
23563
41251
1315
93624
18812
69720
97822
791
2100
41468
57748
52427
72866
86615
86059
89626
19344
15517
55537
5012
65814
98856
70006
40217
4984
64590
94854
23493
57835
84065
5217
46626
58336
19419
83610
47065
58791
48076
48861
97423
22620
77986
14177
5795
21870
14131
47705
57812
39171
92743
25325
26743
37043
67981
24572
42022
43514
37085
66468
66835
5977
36887
41980
46897
16826
48124
93398
82168
95221
36815
76752
17876
59741
68650
41767
2362
84599
6848
98094
72443
61919
14251
24531
58533
10908
19432
24653
24486
55699
16509
46258
50569
58970
6920
83601
63841
21172
31780
1942
65293
50478
64178
80611
30517
43608
47949
654
81857
45833
68634
62295
63327
66235
99722
32939
93713
67806
51067
47959
89179
95197
49943
7742
4999
3359
77261
63362
15388
80740
41928
83684
37122
13921
16327
99422
78864
91639
66299
89121
5881
69738
1657
28793
67029
48087
29968
76216
11250
48013
35266
58822
66213
96297
30901
17836
65936
19741
29558
64145
63641
65402
32217
7603
51348
13004
53166
44444
34805
15206
26245
88787
12477
47190
95243
56926
93698
77278
18950
68958
45942
71991
68183
62027
30776
5243
61749
82044
44477
20726
85303
59059
66789
60772
55892
21895
6147
41281
40951
27511
97426
72201
91999
75276
48998
10364
50015
7161
24291
19241
71754
91286
60491
3880
54891
95345
87347
32852
66454
71428
46500
3256
39759
85671
31561
55151
14175
91841
39091
39889
39141
10096
32210
20100
16369
65857
9352
78285
49011
74072
43451
9598
54911
70840
66890
8260
71969
69705
85404
76239
41465
78802
12624
62690
91074
59027
93220
26051
57517
11729
18863
71545
72903
70749
62210
28828
66517
21951
20688
14926
61699
67215
60697
40817
82496
36192
16649
19435
92378
45570
27152
98582
26704
66077
51895
89999
39101
49653
52567
7683
67384
39846
22554
23502
43174
86240
5117
887
69157
38634
56467
34850
56119
45498
83318
42102
20464
37304
27210
69060
84293
57338
60496
88585
12824
85514
78019
35166
67114
49639
14789
7794
51302
69680
2594
44332
91324
37390
75642
1808
57294
92722
43176
12665
1291
41420
22882
22742
15557
6262
35429
8535
48943
85011
99866
41867
71299
65608
38029
1226
87222
37754
86627
11954
20509
46138
83571
81319
98029
64529
53775
65664
77266
47283
1768
37050
1619
50056
66324
58881
34563
53760
56127
99888
39811
27488
97016
25587
99398
26613
71245
85210
47047
70089
57057
94203
63546
61084
77894
85160
32145
71234
91948
79072
9521
53789
65777
125
42197
32384
73557
79137
2658
73537
29847
30893
81590
12376
26372
49354
32525
65854
10286
49497
56434
477
27565
99474
36137
12123
75453
24116
39950
44004
52297
84232
61778
401
26941
36347
5221
45197
42971
54575
71110
96699
51951
54851
39413
38144
64118
1503
79515
82982
74752
57336
49848
25174
49618
23358
84800
51455
1499
63667
63426
30997
59946
66575
15921
82746
24129
79186
50260
84436
28563
90509
97672
79378
16792
34091
97070
32118
89101
85704
94878
50106
89206
80016
82568
63635
86563
30775
91165
17533
60596
43501
12092
42055
89484
78282
46650
62264
190
43524
19107
45811
22805
55037
91930
39112
21862
36666
27035
19041
39396
98024
35203
82488
66053
72150
9416
79119
67087
56336
78423
98703
70427
83931
94328
7914
71835
46377
88687
8042
8649
31569
35791
67811
38950
65710
50135
89494
19314
68887
69299
88628
39769
98632
25983
67544
31825
16345
14027
74906
67075
93473
59188
62595
35381
32255
81619
68913
53077
53751
34755
92665
41955
33711
15551
22069
63303
63950
71298
73345
16362
78570
71168
36019
91774
18165
40630
90078
68834
58646
7231
82006
67517
82374
3823
95003
80881
45919
9473
75324
13844
10880
4269
11585
91484
46840
22463
45211
35195
45895
3934
17135
83304
25507
25176
33866
43963
50297
55419
99472
35757
20522
99269
9480
60606
72691
10695
58684
67049
51430
68992
5311
53394
76276
73995
55338
80247
21739
182
82228
21523
2567
64186
15105
75103
82383
83442
68636
5772
76365
795
32549
4121
18946
31519
92848
14602
7429
12970
46536
57814
11230
63171
54369
56916
15129
72650
55497
32711
90629
25295
60936
93032
14021
65132
68714
77093
78122
42494
9697
11261
59174
91449
38549
45892
92267
91788
36159
5914
24296
66378
51619
29728
109
52144
76642
73641
13619
38409
5807
68562
28192
65933
44862
52490
48945
34426
1027
76794
78196
34415
31577
15764
44914
79972
71442
23992
81006
78938
69702
89758
36086
52260
22103
29709
37622
63284
96621
56259
35119
32874
86773
3497
78467
52202
52304
30176
38539
43508
50314
44680
81542
31906
60408
83050
52062
96261
76246
28372
72686
10920
59156
75197
29670
47577
70826
11348
25081
1542
28077
44386
55906
83082
1213
52539
26381
89253
9197
1809
84649
65023
78463
43385
68106
21238
69140
16065
26487
55279
35599
90589
47145
48175
34872
12758
95109
87846
26200
91193
79963
91142
82822
3796
16605
11352
20107
17922
62188
3258
83379
97243
73135
7899
87094
4476
17546
57214
28791
56947
11116
94671
56153
86485
72516
9678
64717
61782
25164
54938
31582
39763
53709
26171
37595
1994
28956
90813
67994
92346
75094
17322
23006
54045
70375
44076
22142
75862
58906
38636
85909
93296
2096
73025
42523
15002
94530
46402
22053
87079
52754
44413
36777
55253
27057
2164
95654
99961
86008
20337
63001
1885
74450
36589
78090
89590
47144
42472
57456
98258
88494
90981
56117
38359
26942
12697
42955
59986
33138
51834
95291
11265
73154
64810
90970
55206
10893
16058
88814
42697
36976
41865
64585
18990
61191
32516
33162
85477
78049
94322
77598
3330
33607
80762
73219
42939
19110
19692
23977
57172
35348
79284
54494
6054
43005
60495
37194
98956
22292
43042
86013
34859
1453
36516
22239
36153
3507
95409
83728
81355
68068
36167
62892
98087
13979
81042
11765
72460
46525
79400
87325
92244
17048
39136
51775
76526
81730
55034
64517
39322
70293
59747
28955
81351
47425
91030
6716
7575
37124
43007
2333
29382
66315
85661
27036
20937
21433
58380
77348
30742
18974
50834
86200
22743
8903
98909
11428
20260
12262
63691
71027
3826
28816
21065
81182
41632
18967
91464
45206
43593
41160
33467
84626
59393
81487
51119
65086
78369
83644
95335
18717
90800
32557
57224
59684
46530
57373
65261
92407
45950
46160
86665
90465
31403
24902
97913
53671
89067
53644
63937
54999
72508
60119
83531
56980
39036
53546
71539
16902
61732
52049
39546
5780
41197
9170
75309
92119
63678
81785
75787
40426
42627
52979
59047
68781
31229
27509
64985
35451
69693
87889
80902
8397
98404
94792
45399
42894
16974
10560
39547
3131
73493
41105
23084
23836
75769
62113
91820
73726
15695
15952
15582
89340
69679
64894
57027
25343
71750
43279
22240
68986
19928
51170
51344
27461
13713
89959
39022
39103
4056
65987
23888
11877
95677
10840
5277
80431
1358
87648
35475
83740
93334
34120
55588
57803
67099
71417
67262
74036
73229
71393
89366
72917
46793
91465
88528
54935
53046
84183
31156
17323
86929
70215
18233
86873
88845
65944
93934
24141
83537
18668
68407
41328
39998
15674
28878
36962
92598
53440
43717
35373
16473
20642
26838
91557
16647
46239
65040
14635
81237
39708
36436
53679
90434
27533
84235
2890
51544
84537
24534
15290
96611
23710
19122
5846
96968
40574
191
54101
7966
20081
71367
74596
10063
17946
9749
186
76382
89911
31871
67003
12669
25374
47819
83776
88298
70848
52837
76864
79722
33003
63396
95685
22173
81792
89282
85270
50959
97137
12945
74001
64881
67327
47060
1624
46620
25261
45909
32573
763
58968
72509
42881
53352
52777
53392
56009
12948
27387
39766
59419
10036
26299
80798
60181
73485
18753
22521
72833
30641
57895
4743
33860
61841
21682
88442
47798
30805
94489
84021
19874
88198
35800
79732
39362
8070
48599
40477
42122
81694
43293
10943
56332
2993
61308
37706
55852
57070
62454
1726
31735
76407
48016
67893
53674
98771
38394
26662
80088
91983
78814
64868
61199
21583
72299
16464
29216
1387
53756
81558
81988
16916
81073
19385
38483
25840
14169
86603
38789
80246
27318
96535
42212
10398
75056
90901
47556
58432
17351
88323
47306
54392
75511
94838
23948
92
63829
60779
31858
88315
92374
39933
29512
15402
64649
14627
30293
54041
68475
39408
70696
71484
20863
26472
15327
45240
36236
22269
73249
49566
32284
27015
40501
1596
74706
16627
8267
86876
57
64576
88643
64864
37333
55675
63906
86649
84418
55283
13386
61014
55828
72098
10235
74877
23007
30483
20643
90830
81184
31147
90398
24256
68525
60845
46194
61102
51398
82620
68332
15392
13814
66493
89709
96124
26124
19324
79177
25645
60562
68243
90608
10033
80555
60131
46724
78820
23781
23752
98339
43238
91628
71619
68053
36158
24583
74359
96613
44068
51731
59582
19214
61245
17289
94950
33073
76402
87547
32915
76426
39123
63107
17196
96368
45678
34450
40740
20402
15717
25766
5289
71624
58819
79937
29533
29227
50486
53593
48889
22930
81919
69251
96984
18733
12711
85918
42452
80261
72360
28792
18800
9250
11889
39184
84792
33371
6222
82222
29259
56228
67380
98526
44537
57528
73034
47352
99817
33678
31736
49567
9715
15010
91966
79346
49715
63754
92290
63130
94010
70928
2485
40726
49378
62588
4571
45306
17885
59490
39539
780
22451
73611
14019
87418
5616
22724
67833
43714
28089
71180
19265
45722
79114
8446
10842
53244
20263
67321
52701
56512
81767
54437
85031
2870
29684
28705
75058
36642
75460
77193
86405
79117
11731
85416
98696
53383
42242
24789
40285
61920
38475
76054
85104
85387
49783
38610
47527
55659
78770
81325
40662
87859
75241
98894
76504
52500
61751
87904
90492
28329
59160
33050
7533
47823
34082
8676
99063
39689
96960
83935
15316
45142
8690
85938
56506
89393
18492
83731
32475
53717
59196
90936
94140
13055
37480
2417
43454
37532
48909
27053
72549
81392
12608
34540
81721
14159
22024
44761
51432
29061
22753
3065
69315
67810
98477
40378
57158
87922
80038
76165
2933
28832
73606
83397
84701
17835
79100
96176
79037
85988
23082
44777
87870
63763
3708
73987
60759
44538
14275
53704
92284
12923
49695
39124
65496
83804
65559
9269
60843
97485
8112
40578
78228
31832
70987
26318
1886
88189
45174
37089
18660
2075
72408
28099
85456
42331
44991
33222
86842
66452
16884
92886
64476
20811
60096
3282
90867
72115
12889
15880
81690
27793
25431
92369
65242
67423
54266
78830
19352
32420
24370
39946
12377
16518
77559
947
16967
43623
61951
41280
98017
9551
23728
37859
20665
46973
41947
39732
74740
55062
66435
8791
44651
98930
85640
95430
94400
14887
7336
91831
69316
4955
69441
14469
35968
31651
50941
51591
50561
34937
79876
54491
22055
87292
96738
91382
68285
85710
54285
13892
93929
41316
12086
56609
52864
55599
90749
210
52985
76852
90117
70957
43937
19325
41985
78862
38863
25947
29687
70223
19256
64018
54912
99592
87419
61888
37953
83127
13525
33948
32930
23592
14214
22616
27410
83662
22171
34350
37721
74445
90636
62835
37160
11559
57437
86695
21011
46332
77071
73241
20391
63246
39961
15732
81397
18612
6971
40619
60748
90814
74606
7361
92806
35351
28647
25551
17719
42406
12221
98228
99477
17324
38991
28250
8174
70833
10608
39431
37681
80200
60002
62652
46456
98320
188
76825
61362
89035
97805
32596
19624
46152
19483
63448
41118
27945
77615
39864
30249
69149
61597
67357
10591
12296
60694
76414
77953
90635
32884
82409
63364
82182
22466
79959
28615
73957
56291
72106
36886
56409
83130
87005
4427
52446
85202
62424
89691
47665
59272
4460
15558
1990
6805
45060
33111
62655
14494
72447
14708
69641
80291
69925
28486
26361
99855
623
69148
10938
51300
32789
33412
5347
9580
1348
1510
44366
47032
64359
98201
73964
4529
481
78371
91206
1660
61044
25637
26610
61032
65700
72629
99723
10168
97094
32783
93780
39586
30418
19327
34649
78409
85042
92301
61816
74804
14347
18670
27323
98510
42208
13444
22217
65136
68568
25385
59883
43113
22707
77424
47375
57880
83243
4034
33489
34636
40854
61595
64838
91056
36799
56991
73093
44775
19970
20235
49429
70491
98243
73868
48150
95085
48745
39373
17389
47990
77448
55431
94876
24892
90082
44860
35724
69114
25933
49630
57768
26088
99842
1174
36734
20588
65674
67259
26558
17022
14
713
8975
42450
11192
66500
68103
3579
55227
4956
10477
73674
27959
91961
8072
99220
24731
98516
75475
81951
67998
77958
44462
44470
18087
86743
78306
10249
97234
39562
91779
50868
18224
22744
27092
95386
42558
47689
4658
77531
87914
92108
15812
35833
39198
15
84857
53042
37954
23244
34654
41909
42889
19333
90198
12532
13657
92365
60122
16079
24235
40947
61929
34716
17137
34931
33851
97335
32015
66804
83277
37843
76480
53620
99464
16557
25855
92944
58360
816
77626
45762
85106
31863
65593
38077
56258
89756
58792
32559
83579
93772
50817
29746
56301
60448
28295
10275
64288
92007
10345
50204
76482
37877
27144
19313
15657
61391
25386
73183
75577
8725
50571
92593
21251
15438
22158
84008
53103
49376
57834
34970
74133
64772
60871
11000
60056
31635
49800
41076
15540
52617
67520
91672
55911
46801
86912
91494
80459
78390
93887
6281
58500
71361
84858
14490
27081
31324
53914
35645
25355
59201
10653
76865
67818
17218
20284
54629
65895
35147
22348
51735
1260
64578
44445
22218
72949
73188
81948
3876
94264
77698
40911
85248
54794
57522
50474
72816
99955
61254
34876
89406
43291
61898
33407
171
6632
41322
2345
83429
69629
63581
85957
85470
30460
18785
39094
68495
12554
90583
36342
9283
65845
10012
40977
17017
82687
52517
57507
53314
44393
30061
50003
86964
65463
54317
1557
87899
32067
85507
29944
77287
40284
74441
21617
66191
65576
78255
82349
8565
5540
44006
70777
4723
43239
16664
86345
11747
11931
75949
31522
48135
6353
63403
6707
93091
5762
26201
19140
63998
88576
35371
37697
30389
34141
40888
53269
23851
88027
97342
64023
3889
13248
28676
27805
95151
75281
13992
29083
55540
19346
19260
30433
31686
89874
28724
57785
6441
70505
11331
51306
89572
23237
24479
44748
49236
28175
68008
63854
11987
12701
44512
94290
83971
71712
42995
69120
75164
26333
55608
25876
63684
24178
92193
81575
64414
35966
58913
65369
3241
56292
47782
34278
6931
81498
44463
66392
29554
3684
16797
22334
16431
69547
18450
12034
65359
4684
67977
57156
39084
57648
67385
26567
75510
14640
84762
54860
56871
75549
69158
3027
7727
14689
85254
5880
3293
98862
50744
43682
32553
86987
82219
32566
63782
6048
7790
14350
27124
91539
31982
49060
81156
48007
5248
36852
62800
3058
71832
92158
55043
61582
3854
58543
6919
75781
45802
69356
57632
10230
61905
62139
74375
96233
84214
38765
66975
73617
69244
38949
29970
70023
14124
9545
44305
88920
94934
67936
92302
35422
28143
59238
96034
39775
38836
59400
42775
38645
78812
3475
34780
4433
47234
1977
68615
64689
45506
2775
96189
83123
19405
3206
85158
12918
25502
43857
29997
97469
96631
92982
16913
95522
42710
84733
77832
17762
41154
68262
47589
74194
55472
87168
88923
91004
83958
31767
38845
9341
51765
81818
62428
33619
59862
19954
65401
1090
34516
48579
96203
64762
4451
90090
72184
45159
97477
45723
67408
21611
90338
54463
26766
79901
24768
20879
50626
78614
24162
25320
87388
57375
25214
42728
30650
2391
95824
27079
31223
48349
74046
13464
1560
73473
6081
18983
91742
10183
85249
82148
8751
79999
95162
57721
35539
96433
22919
65178
65426
17817
20380
98376
30191
79584
71312
93966
80718
34296
98886
31911
47741
66437
72037
7758
57074
72423
14910
86330
46025
83641
29877
77647
24018
67736
48366
36647
65662
897
17239
20292
48036
52102
211
93598
88054
65259
65864
71350
9328
84768
2392
48273
26636
97039
99078
98752
92980
60565
82007
5930
52182
74254
43432
40150
41505
77273
30224
20990
44782
99071
92087
48726
44203
92172
49997
40177
77344
64623
65149
73091
58376
77849
84313
36229
75264
59422
40542
42810
22902
72501
57366
99844
52169
98746
90978
68112
92199
68528
77538
14047
13845
67466
33254
87578
35317
39491
98366
71707
27932
35060
24451
25193
56169
36265
99713
84414
63006
47530
11904
11523
8041
85820
4863
27485
13993
8272
6400
57518
3235
19771
19434
95524
32068
26452
49982
64823
94180
45891
11771
15167
81580
65442
97868
86382
47832
98225
19998
71958
21674
70536
70514
1051
10568
14669
20000
74404
23208
68368
45867
94562
75993
80353
78394
57913
5727
40551
48885
80177
39906
14931
98473
83166
66963
57718
30927
5814
18917
46828
69363
1376
18710
96152
9992
25045
82054
30263
5951
21490
58433
27471
17867
28026
89529
84032
24760
77224
4398
3214
12574
17272
22342
92205
74848
36174
29401
74642
97050
56180
24960
89448
33507
92479
97462
77551
63300
76444
58956
69397
7841
42480
77465
71888
36829
44229
85442
69917
59235
84911
83103
45022
79987
62506
55740
17518
75587
30385
98116
71938
35248
1335
14061
69822
85463
78857
13286
94245
9988
94673
87122
76170
90363
28328
81224
82630
91384
10726
45384
22653
94407
6064
27337
39225
73263
75112
80331
6619
29416
72369
48624
16208
42976
17925
31803
9335
76384
42006
46913
9198
16546
48096
20767
65641
45588
50867
10480
95802
18097
8777
21155
89860
51241
66886
80941
26900
80571
1931
73739
12025
44152
13030
34773
67283
33151
36237
37454
75641
54451
57867
95417
28488
82837
69454
25868
83076
9566
35951
61160
24503
18865
51138
3324
2216
48426
45032
16973
4625
80732
23135
32016
48876
15555
33143
65651
19112
90870
66372
35296
51359
65714
61827
43127
87265
25678
25624
4521
71846
80855
50774
70291
72590
63819
73567
32561
66736
95236
23451
16676
21848
44706
54648
58014
48
39015
81226
8744
77545
83266
91562
38002
80700
74158
62105
79230
72216
80551
40879
29258
56179
64473
18511
19577
29053
92248
45968
81010
63267
66771
40297
89361
62838
14545
95876
44300
51648
35711
54487
38982
41810
28102
55072
94411
83373
93054
32260
51710
35792
36266
6276
62187
59102
12561
21995
74962
27446
77434
86020
89800
80137
43194
35969
96745
74311
95831
63264
39366
30850
56932
79153
91542
71479
43458
61571
838
35855
38613
31657
99526
68491
57583
11416
68683
13934
9543
86350
89673
94444
32427
8954
14953
47616
41553
91766
62535
66417
52263
40341
1267
91882
34143
10397
75174
90145
36012
12816
19491
79446
45192
9112
3770
96077
6908
72191
6706
92068
44285
74830
24075
9399
9973
24511
71805
10718
12865
61982
76709
88900
61162
61599
51252
81070
67221
36450
81094
2239
1982
43186
88352
81273
54873
82696
43913
66183
45666
51959
71902
1356
56827
98454
7466
65183
47397
81807
52171
31421
71001
94492
70764
4565
26009
1162
84093
36532
1404
24137
92989
77320
99312
85784
14487
59251
95907
88019
3971
95004
92701
80223
34839
49026
44016
75389
19736
22048
84110
76261
63707
86358
55981
49511
77040
43428
63533
49637
37850
51777
94561
50051
59979
59397
45089
18332
52165
33063
20791
26371
89315
59845
5198
98965
95041
20168
97080
40597
48702
42051
5262
31666
78300
66216
61286
65578
27618
52281
33017
51639
13516
11857
20277
35406
80613
87549
27804
81493
98726
54340
23114
64702
43746
46918
20479
90884
45960
83805
3310
86282
65379
83987
95897
24540
55708
41301
83283
29320
53091
10029
52009
28547
37211
48764
34849
2988
68772
26724
26605
38227
12830
58311
38834
57307
81900
90723
51426
91544
55346
36474
8872
36233
64700
51017
59509
89024
97520
8999
36709
85729
70489
97886
17790
68509
70059
59447
84895
29428
3694
61458
42121
81657
84410
55806
29585
22539
22090
5320
51964
71971
44788
58883
45536
96887
35004
72441
36267
59889
93842
76022
60800
12513
17182
39602
34986
67193
85991
37765
88417
61121
79086
10090
9461
98275
64818
76005
70141
22402
29103
95882
12861
79550
71767
6858
48323
24886
41462
99638
24200
4026
98933
12139
35625
79068
28821
31530
22288
11286
78051
35975
78875
97056
33498
16036
49541
17569
81929
91805
84625
97786
46570
71701
98174
11812
19878
28274
95981
60170
4626
15121
28808
6761
84048
81808
69246
27204
69365
87212
12442
67704
54032
85758
2420
68314
50374
57084
19503
75326
49820
91526
6542
90619
81589
93968
24926
94378
23725
99303
3481
16116
6980
56353
81195
80172
54241
77700
21148
62799
91405
99673
39281
2002
94363
149
80134
1324
31097
74616
62657
1967
96453
7961
78681
46949
93791
42565
62008
52943
45529
87921
92475
69080
92828
9880
7627
88458
22631
48715
62811
11919
94886
85841
34133
8496
53798
57107
71020
16935
53257
70344
17983
83481
92353
72269
88095
39845
36487
70443
19158
96920
8653
87001
52172
1891
49946
28451
83719
6158
14592
57096
9307
21277
89081
55816
78200
21468
66997
91614
83900
3437
32850
44327
51468
54219
4175
12349
6651
44911
11452
98423
1028
19007
61507
45906
22692
98139
24184
86153
59530
50350
83209
87675
46132
34644
14660
13665
98597
6842
18744
20293
60515
41677
67312
47962
91524
55623
42616
32826
9603
98729
94443
66968
35037
27894
91253
94336
11742
70374
39966
99807
11641
59406
37046
16187
27759
28838
89314
24869
94063
62679
29822
9711
71292
29471
60758
50332
31596
88786
79680
81301
58816
50402
19362
37855
66719
21823
84824
30696
96167
78138
81853
65073
81910
91967
74523
11084
13194
21186
15937
45893
95816
75369
78420
31455
37892
23452
85902
46095
29846
10171
9894
45066
32721
77693
73773
75859
72624
27495
70031
80878
99210
88626
71395
30386
94870
57239
29504
3097
45855
45592
68998
97413
6566
61042
20282
86158
274
15298
52142
23653
80764
42050
33234
98859
89419
36607
61745
34897
69827
50541
32454
40379
14832
34192
85283
54808
42917
24943
24164
58665
26419
62783
48000
5993
29611
79614
60680
13372
82139
28203
98865
31113
63565
48204
4738
90526
56144
75838
15057
69985
85014
64869
52242
6797
23419
2094
77599
8642
21721
88858
75363
23615
4243
45747
83001
40382
18758
33731
32719
899
49547
22679
22655
71559
99709
10088
74035
80865
51405
87980
1740
81134
70946
59494
26777
60760
87412
58593
32589
21522
36312
88488
93424
91783
51987
23928
31310
16575
10020
53950
30786
96670
2434
39324
52414
39150
40074
21970
4700
20393
47646
50230
94773
77648
92192
60632
49178
13164
76576
70563
81213
18941
67235
20342
1407
26809
99181
3639
63862
26526
54842
81140
99719
33708
5949
11108
20710
95819
97938
7911
77743
83246
75979
90370
24800
70750
56148
71446
9490
16314
66996
23637
92688
12511
72694
73534
52054
95393
59631
61140
52975
87361
79320
49329
2251
58474
43860
31158
68229
30635
932
77774
10554
17703
82191
39545
1154
64160
75113
9565
11971
12943
20159
21909
55273
94980
95375
16152
69037
31205
97620
68563
43758
44311
81040
52307
21607
26470
769
21770
24124
71797
560
60836
43494
7001
17520
90979
94918
45468
66536
93889
75380
84990
30368
57831
23609
66218
2172
27370
21675
43572
64494
31874
25688
26829
93728
84081
40112
71066
34673
92884
35577
7430
74242
69788
30877
92738
18454
1253
49984
99656
81562
14051
14145
97023
10379
65186
71360
97359
2638
40110
16015
23445
48843
11994
1486
32841
34104
54542
2783
6874
15627
68050
23156
80169
41870
46143
32909
40967
17555
80763
76084
55482
71591
79299
34579
2339
15946
65842
66846
65520
1070
9841
77041
61673
5549
61095
92118
99367
12252
91024
94790
20405
57263
20404
86274
87895
77875
90517
72232
79537
23529
16505
34076
69546
78018
91792
740
87015
44350
32591
95586
88429
89668
97994
38160
88998
37531
74351
63519
15904
47236
34319
97825
62205
30021
89185
78818
41018
84998
34041
37127
49894
68344
89414
51414
28398
69758
78288
31025
27247
7781
31610
26396
35795
62314
22477
45512
43977
69229
77522
84181
27295
76641
14821
65645
51153
25188
38681
27815
46990
82127
91310
52942
4238
29950
9047
98337
93604
62145
96209
19926
17465
89364
36830
19403
31261
16003
47834
53732
13463
22032
22337
84672
30964
82304
28897
17073
28495
78275
31011
50456
80194
21560
65696
89520
3063
39818
98568
9989
86181
65839
96417
23909
20496
32353
87597
13007
91116
6731
4798
49300
86650
33869
6189
75701
24824
68074
73973
8182
32264
3011
50351
50048
40924
40390
88078
65498
13685
60017
21662
34629
28683
68293
91750
49536
50601
75330
48894
7031
44179
37917
26100
799
78764
25221
37026
66057
7344
44766
22943
8819
46244
86619
14997
53826
70395
67183
38259
72944
22418
17747
58389
32399
70311
68520
80175
72592
54899
89740
48946
23357
81622
27164
62106
422
19706
45054
10866
23640
40191
25935
76498
56782
84721
39454
95832
19651
73118
15879
39269
87352
8320
77835
26862
35378
24375
47027
14418
90448
95592
38695
54111
11024
81345
90887
54464
61901
15319
30519
41900
53987
47082
64493
17091
61291
29363
73401
88581
74732
82601
4106
17276
9576
52022
79702
36901
37832
22730
29598
20956
67053
47405
55084
35623
12891
50399
10271
57256
56014
51926
96676
65803
31069
99819
8289
33130
49605
41100
15593
90824
77624
23811
28875
42602
85206
2076
3751
41799
28736
58159
36930
6473
43676
22560
71711
73715
42571
62636
34064
13290
33235
11580
36900
49311
29530
90776
2272
60282
93463
51993
32452
83262
89376
83779
93183
28578
23245
60782
90013
29555
87722
33267
54587
95943
83860
58539
26749
4294
25879
47309
12254
1743
86264
76035
14173
51496
70390
47340
59413
3163
34451
88949
45200
19174
92117
55077
8991
10664
48365
34293
8340
50825
33685
47789
5534
59707
27137
81514
44202
73234
56952
28285
60392
56725
14963
14289
4311
84630
74095
19205
76874
85696
19855
97297
80973
5601
79512
15748
10996
63891
62598
11164
8881
83464
86370
5144
24143
97535
68257
40337
45110
10525
36773
55829
39387
11988
71247
73570
41447
65247
49387
52996
65995
35066
48880
40361
50753
7759
66832
37827
22608
80349
43928
60597
60049
85486
14028
26104
97975
38937
61324
71585
45815
13576
69913
18881
16181
10248
59080
23760
35762
21793
53416
60302
41192
44084
19016
25027
23939
39528
44273
82434
70082
74622
6297
61385
15208
10952
68794
4847
44405
6364
70083
71878
40521
66453
81114
39941
49280
92333
9629
83207
21920
41842
75142
96447
75786
62294
82515
36775
47661
29346
77066
56588
43355
30096
32073
80036
62015
55556
80778
17912
37984
942
92352
96579
84475
98804
50693
57270
85974
15474
57060
79516
34068
17855
94065
35600
7831
63916
58954
52706
36481
47615
44607
9834
43871
50653
84252
43221
98342
1233
48038
24061
71211
12106
9810
9410
24258
52375
18207
92153
63298
69976
49288
80666
86266
6069
44734
2408
29068
20485
89784
36702
22806
72288
54831
9702
89627
35961
52266
94095
42096
68796
44098
98835
3419
26984
24667
77704
5642
555
19971
32806
45152
21150
11681
11224
4613
63628
79205
80996
5823
46844
13829
78110
2137
29407
31023
38050
20286
75572
63110
7392
68060
59474
67519
68593
86625
15233
56452
7376
4409
18569
11891
65602
41169
41853
26694
16241
42767
35105
83273
8640
84029
7522
54064
27231
63562
98323
13285
3680
38356
11855
99870
20309
33195
91388
26135
90811
26096
89107
40865
8120
46666
27146
91721
35137
90568
43586
63959
65346
38336
63251
22025
52443
20638
96331
12947
98957
96199
960
29551
51561
98245
77682
45649
12438
9748
9948
77428
95791
5096
42593
25133
60674
35573
98428
42828
91211
9614
66163
11364
75280
74520
85461
85665
16189
90042
53792
64278
1408
80423
76070
49874
14068
1863
21782
18702
92610
18344
79752
75672
94385
79298
7548
57168
38046
50276
6746
42401
34957
74392
33484
11976
24102
6406
61348
52888
95949
97581
79800
26951
99223
21828
6882
10922
91210
21514
94998
12796
48430
72900
54175
20510
31399
44282
57499
91682
29791
32448
58511
70683
80757
46292
79092
56572
43862
28852
23667
45350
61665
2609
31427
32406
35172
96821
54776
31307
87353
8075
63194
4534
52496
98399
62425
5818
18580
32321
47697
46826
87495
2916
35227
21357
27530
93364
22518
84956
11437
77383
43617
14464
31436
20783
29024
68129
89883
70130
84260
92788
95230
65622
78970
24853
39632
39702
36108
64168
56445
52420
93071
41133
10350
59623
24031
42059
59558
17122
32951
50008
91623
77065
9241
17300
14073
81001
62531
28582
81714
52411
30094
13120
58588
13215
94816
12435
38342
18293
19537
51681
32984
61406
8184
33625
37836
34086
93413
2504
42488
66954
6174
25897
18680
87439
4652
44263
5524
70646
93353
20761
82288
88697
87428
6586
67869
64409
6216
76296
86771
69449
2721
67724
51204
26163
7886
21720
3742
1354
73039
34330
87123
28249
30407
99940
91001
27233
53241
56007
48860
39850
62249
3309
51671
68502
8559
79744
74339
88360
58696
99335
24610
26563
6523
72083
45112
71012
85007
64066
15570
95225
75967
81147
83307
51792
88731
78449
64374
45359
51840
36038
71639
38099
99383
50821
45553
11838
46303
80031
86707
12498
48367
76142
48551
38350
51167
84079
17077
48977
34854
27185
42851
37640
49333
10678
86883
5033
81369
90273
38146
38749
96607
85235
50423
64490
58485
13130
61118
58712
79370
36872
34233
14661
46726
3172
91396
55909
16110
22982
11041
6933
11916
5620
8610
66615
53036
93807
83393
75129
68290
95448
84193
54134
2909
13413
93171
71447
50557
80524
92073
72016
57485
46772
39652
89069
9779
63240
96298
73627
84569
23912
20124
44423
68029
59643
29547
55004
31669
80360
64917
78352
19634
90325
86324
46335
35635
8459
84810
3926
21602
45140
74253
4881
74283
61383
31282
98606
28346
59626
91684
5345
15914
57177
84851
33081
3281
89554
59575
31694
61159
83690
73266
97914
65644
65344
79837
40753
91387
43252
43055
86565
78284
89176
43247
90819
148
86855
53211
55620
79542
99816
80519
53860
32215
73054
33186
87308
4265
46749
53524
61476
22510
19529
98717
46115
61277
30395
95324
51974
81452
84563
80297
91438
97393
54917
5352
38152
8007
93249
58098
57770
46831
21236
56586
5097
20143
24032
79409
49238
92219
21198
78580
60263
15087
26341
59704
49638
2498
95515
64847
21785
93110
97239
29224
94565
99999
1893
85546
6938
8332
41940
91653
70178
90357
72768
19898
32496
41040
87781
90148
84437
29152
81842
51611
2734
4049
59177
42723
85465
95760
59713
62297
67658
27777
99669
91958
58157
53911
15601
49308
39277
77063
34004
66162
74875
29537
14677
32723
92482
1532
78743
90128
6735
36759
76934
94399
88427
67554
56279
20571
75296
32330
33691
35978
66766
3098
28454
2834
78099
63685
49813
60914
16616
93200
58407
74464
96837
40412
51916
87793
58009
74841
47989
10910
76105
56106
45409
45120
95735
80318
76440
50757
15448
66848
25389
79264
89258
46398
75818
96758
85573
60993
96934
61498
69090
45978
86751
4712
89486
9381
44474
19875
82602
17491
40774
24091
23355
60255
34485
39919
71196
45549
65992
19393
84382
81259
58536
18308
35153
99908
89937
68174
34513
87024
55293
51581
55677
34600
88992
72204
42332
25900
34027
46721
29077
55900
97707
36177
17613
6749
73546
74005
82656
40769
71037
46129
67660
72148
30132
32507
36053
21123
46914
45669
42799
15196
77303
47551
34783
36480
34151
99308
82774
59776
39808
86767
47069
93630
34791
34956
67271
82207
82465
62495
56983
27454
48098
93981
98543
96623
22315
14500
96308
93073
11430
67858
42437
11001
3493
21946
59565
33683
56868
98499
16710
92698
44597
23786
77226
13106
23854
20146
4859
48139
44155
43721
1911
84864
27604
63570
19086
58876
28583
15605
32848
79900
41084
89171
91357
23212
82753
43450
39167
51408
99954
8278
49278
78074
30382
92223
21533
20540
93716
88001
34495
36931
87654
85744
10019
15032
7151
21980
6105
62573
95145
13558
99235
21336
77122
53014
17559
89139
98137
2289
23334
49799
45850
85428
88351
15722
26572
26451
7791
69640
5304
73499
325
10197
40006
92342
17370
13021
25242
31785
99394
60218
9500
92557
28387
57234
54174
10627
79939
56414
80504
73826
33036
14265
34160
18873
79158
69117
2950
9800
61922
8110
38243
9523
76473
15854
46341
72337
11323
18939
23148
2523
31442
30510
54079
26140
49742
3317
53346
92951
18772
43411
94055
25290
57868
86177
3589
23300
62043
44205
43365
37337
7370
69737
23218
95262
97871
20125
37242
66791
18858
8964
84924
65932
78940
94153
35583
13172
49844
15418
68341
99294
35400
74668
35415
88137
20230
46498
9726
68487
83108
80147
38674
15248
71122
51688
53904
41990
10369
99198
88613
50183
97398
97085
97141
56994
76735
24192
36828
19180
48986
42282
94696
11960
73706
17074
21524
46224
33121
46523
23558
58700
98048
98836
78632
16054
91688
91434
7377
23145
12313
89583
77703
81088
14950
74593
29883
98095
52472
72522
78356
70783
74885
43364
64602
26569
74054
80530
54169
64706
67012
46309
66816
98783
85362
31964
57755
19854
73349
95931
45095
62397
62497
7300
73305
12001
21960
25060
32943
39637
22782
16910
68811
99248
8880
12136
57616
89586
33127
1538
14617
78297
49155
63730
23461
36533
884
37641
97275
37256
55230
37022
64877
64148
1382
29972
89129
96931
34256
81313
72214
7678
17100
81998
21378
20559
10661
82286
26507
92956
86080
43347
3185
81099
22615
90201
35112
38357
65282
30501
59154
75036
70461
5401
92993
50863
98126
51662
50982
49193
38437
36434
76419
54435
95410
20082
2862
89193
51104
88473
63224
42179
36467
21566
16216
48288
24845
31058
23053
48677
44280
71763
1960
82357
38986
75003
98132
30592
3136
5759
82485
1513
83652
8792
31850
63193
20765
88676
26501
13530
49331
44754
47776
84937
40423
2248
84736
98449
11951
55093
42230
71588
64167
19963
41183
65577
90071
79147
77723
69628
79033
83340
36552
78365
5441
83921
82979
30568
76694
45034
47814
76823
81318
92135
15889
6599
64086
27980
41933
10325
5092
30075
45621
83042
66506
74071
74753
2220
24287
80091
58293
88518
22629
45767
2628
90897
43265
83642
9522
89278
21117
96436
74259
89415
17356
73048
54110
12680
3434
64151
25076
86840
45633
33531
94907
57552
30091
6687
20088
91242
11304
83284
48202
56282
51435
66581
20913
74123
81633
24337
76031
5668
89254
64370
44161
61937
86305
87251
25816
72210
29010
2347
43228
3996
45283
48157
95483
11333
15021
22938
66855
42289
20015
72281
51507
10118
86714
96094
94949
88703
72505
57151
14748
68585
30717
31388
40706
27917
20345
8804
39557
24934
33082
33513
22327
43274
12902
1562
32249
44196
60894
92136
70763
28317
4421
1558
42362
21133
78583
94187
31273
61496
29646
51226
64500
12363
71082
97410
59152
14982
33486
87310
35815
65728
1180
71697
95807
90993
71573
98000
59591
34884
38184
49902
93702
79332
33666
99702
40522
57932
47743
37442
26751
32958
3321
95177
6813
95258
74025
67203
38945
32625
34999
234
36418
66733
41962
80233
31715
74451
94569
91321
67206
87050
70862
67853
96014
19127
43394
54246
37482
50608
78119
67516
5758
28122
84241
9860
46629
54763
51112
24242
66778
36243
13866
66060
66438
44461
76023
74323
74312
54531
88551
74366
7101
87555
88574
6812
5222
91251
79405
97776
15025
33636
37259
59197
96854
3838
18829
96589
41248
59952
13087
5279
60775
72140
2453
83057
21221
17168
17087
24975
57399
80840
65032
85065
57958
3527
22722
46350
88020
52368
56680
77164
12550
59746
94356
13785
86775
93331
15500
93279
2493
73362
59281
52522
53172
11964
72632
98083
69351
47509
25049
74573
29733
73112
14625
19482
96798
88917
31852
92496
97714
52335
91275
46989
96700
79116
89747
1308
81804
35675
68727
42180
33634
59910
2090
69007
23486
34012
84557
14850
21300
41397
20947
25697
42891
18321
71720
12340
13591
52606
45539
18486
98508
61215
20700
65588
7700
6117
41002
49822
27048
88125
24557
20083
6028
65846
66271
90613
44668
21235
38224
40886
53094
78776
80117
7455
41020
17139
83721
49824
96865
40102
42656
15267
73414
61791
8500
94249
38725
88440
5866
34885
60354
61579
28760
84766
94948
52461
55366
77032
89879
72987
22196
36132
85544
38090
39655
27552
88696
65556
96222
8087
87257
43917
98926
93366
22796
56016
77554
99018
7352
54701
68848
4447
85382
1629
42702
43280
17435
41211
58545
20362
52566
9136
69601
24908
37192
43878
14582
83259
12008
57043
10139
7399
48890
24721
67260
83646
83265
66976
92207
24484
97893
49166
20140
87711
14411
49338
52863
48094
39842
36932
80547
14249
10807
95117
60102
28047
94213
14943
63458
22312
85852
90478
46856
2386
73952
50043
40033
73143
41135
85400
74761
67953
76567
87800
46246
30549
67149
5132
56653
72486
1113
58449
50698
92617
39019
96935
38287
1531
12587
50148
34131
12011
67310
57862
60639
97754
15486
447
18100
65324
84567
65080
7864
59389
19751
91647
42701
47094
69302
64996
14264
90858
79480
59460
38743
31857
38850
8534
11646
19538
24899
5124
81984
95220
56382
28270
36097
20127
66477
89017
85726
50085
47037
68930
56862
61240
67860
33945
60809
18913
18461
82450
2512
25493
24968
17776
45442
77581
74208
15606
61335
23747
15991
75347
45884
37145
10599
24976
23260
53169
59296
65113
70342
12976
56954
6430
42408
29792
88526
35256
88326
35938
45554
32183
76435
55923
57950
61230
86484
40226
32694
23960
68863
30287
90618
78958
68336
80324
62646
89148
86886
73804
59199
37691
19753
26005
15209
96584
45266
56347
18520
97406
3285
55329
30289
34548
60135
16445
29542
23496
45558
42060
62725
72239
92286
57668
87799
13185
52557
74840
57358
66505
95801
6755
96093
12209
52367
71829
49158
69658
82925
63026
99420
23555
48884
81256
41791
57484
87041
28640
42073
42923
76272
43120
13510
69066
72939
46420
88003
19399
69726
47642
55032
11746
6386
55619
85310
81913
26957
45049
73454
26205
72579
39480
92659
88654
2257
52947
75771
79049
26626
89080
97748
20427
20139
99699
79093
43548
95249
8190
64332
95210
13332
16175
47474
28008
94928
27230
34727
63715
22180
19372
59897
545
3690
77211
70292
38415
731
9757
55159
83482
52691
54469
64671
3156
63175
79562
44727
42719
60336
85810
41720
7363
25145
51786
81716
50665
7824
81427
70804
12402
58330
36042
33928
11221
31869
99949
23215
96808
51653
92428
9805
1428
38915
35071
34178
46747
60952
45954
10882
89942
84432
86300
57629
72605
17112
93256
85776
47270
75716
57948
87349
22640
77963
27462
76530
24916
65461
18349
53265
37029
43672
98961
17124
96236
20025
1836
99768
52245
81204
34559
43763
23916
58907
71746
77467
43789
58613
46924
90272
72923
65340
84767
42645
92578
47433
96205
95241
92268
55307
31507
72731
96370
4844
7916
13610
9874
14674
362
90599
15842
80419
51370
29210
64530
93666
27806
45848
81778
22378
36998
31176
81039
58559
39296
27900
25601
9828
70580
852
94366
51006
19395
44526
28131
77877
81077
8924
76443
56784
65539
97279
60837
43555
74304
35508
90664
63760
7595
98671
4591
39033
93376
22261
96231
77085
62050
900
91549
89845
72597
49593
43115
83933
61304
25112
74300
45864
35885
57310
92759
21445
74601
99936
21612
32650
85901
69906
38011
65399
48995
65738
22765
5701
72855
61123
36170
64562
29318
15225
16522
85261
63049
16923
288
6709
90903
68211
74812
65668
32560
85969
67297
60340
82779
85560
93525
93658
92922
21304
51096
77513
80677
88521
62292
49119
55689
63794
83918
53469
32792
24423
229
8989
85639
82069
47946
80173
18161
56174
62083
86819
55674
24016
26454
96752
62889
72907
11593
75092
78823
35455
8836
32061
44545
66170
93902
1954
70134
23691
12979
28630
35565
60891
28173
30911
59352
6169
66292
18033
81021
59819
88368
36222
56937
37495
73256
71138
74376
31305
84308
74621
20357
67421
42586
78145
10775
4861
35764
12937
95064
89672
33936
11187
40068
70396
93417
7007
13561
39489
28804
66369
39086
68208
83832
21594
85050
82537
17235
49932
16617
75028
99170
70202
52462
36162
20725
94880
98700
80373
48732
10054
89417
4548
46957
29220
85229
69074
40955
62740
68717
60361
86263
53934
20604
84986
17634
86508
73776
16573
97164
77143
10160
18732
1518
88450
24861
28958
75418
49087
44531
26208
11635
86257
29378
9955
26962
92064
7737
14546
59652
1037
61257
20228
17784
19477
19412
9455
9418
72715
33952
47710
7456
74827
3368
24514
60073
45872
60589
33602
94721
24525
11848
54791
58945
71804
74556
54022
44373
73393
86607
16725
10640
65547
87371
32309
68406
93408
15286
80533
35630
15730
76297
71898
27758
82580
96862
96076
32314
64474
86236
63140
90935
35307
66629
77838
77734
82688
46556
86222
44125
68212
70784
25534
80971
24669
84964
17345
4636
45965
76948
4556
87090
33853
77965
24817
44561
64669
59270
70889
77632
25643
82475
98070
28293
89348
64969
6006
75770
47559
67963
63522
60464
3084
44984
43519
88682
5756
75747
75090
64496
411
65010
50181
57976
28945
946
26913
68849
5317
95866
71783
77940
19798
26276
67832
28768
56828
29509
68193
50979
86419
10655
61285
34531
99938
98085
89134
48314
97552
46607
77081
42699
99536
70980
93554
1395
94653
47014
63843
96198
36360
9217
99959
54787
391
7570
49657
68214
27112
70717
33080
55484
74760
52868
10531
9586
87195
20812
44523
90300
29206
11686
32886
22325
77116
33830
26737
32658
82943
92041
26678
22107
54995
94824
7870
47066
95088
55855
42194
12430
57618
97010
83321
14894
47005
95246
51010
68975
16315
38797
83462
94308
80521
59421
60208
80636
58688
28508
29680
96551
78366
86993
81206
83868
49425
37483
49619
23819
2246
73761
99300
7667
85218
80689
96334
86366
5126
92940
47910
15199
97067
79897
68472
19420
71400
78798
72963
67395
25993
6235
84713
73231
80937
94981
7135
7177
27490
3043
50670
21930
29164
41387
878
18139
2191
2955
20411
89593
2189
89830
74648
42832
28142
55101
38593
72765
16342
16382
41530
82246
58817
70526
27341
66362
77957
3895
51522
27367
24783
81890
39312
59753
74510
42442
49298
46807
96549
38482
28787
96472
31753
1347
78665
9724
9099
39973
77269
12099
28221
13311
12417
12912
67588
27706
47443
30608
6689
22474
72361
82966
86900
11003
48873
36564
2770
44880
55412
83294
57965
48100
75208
41432
77983
21199
7716
23866
93744
85279
78406
78167
51605
46430
96449
83388
62049
66044
37906
60650
15415
54932
70227
94018
4921
1698
87110
14720
2042
72770
26267
65544
81257
83099
39647
47316
5826
60183
72848
63696
76040
36915
45464
89825
81189
43787
84747
33773
2901
257
62720
45579
82760
47627
43525
87077
94042
26907
83184
29686
78427
26518
11739
69471
61573
58165
47117
78717
32481
59103
59069
91528
82416
34810
28066
88635
43068
89861
46656
14172
55903
64466
83993
36258
12542
79192
15389
52299
61222
223
69814
14965
80107
91638
32860
89612
99180
33733
1630
67103
87730
20273
42817
89716
33788
21178
29257
91602
36272
70659
48794
52747
20410
9969
47185
44859
27884
72696
64142
81169
62171
94461
86031
18938
98293
54309
21727
84748
73681
70947
5517
89594
54832
56582
45257
76519
41438
88243
7107
21085
27179
24343
83892
2497
97122
82065
11121
99491
67025
95399
33481
65106
51794
74124
46774
61766
25293
14262
26459
19497
4614
15956
81238
35719
55525
36326
57710
99428
76422
69678
65385
85419
88246
73941
48455
21687
94421
74317
56034
26023
62797
34820
95934
87088
45453
74058
58403
85785
86302
11377
88834
28165
90955
46323
89220
88409
45068
10435
58251
9035
61968
13538
27909
9205
40729
53345
63939
69086
81090
54215
5155
67990
40326
67101
59641
13681
94888
94265
53579
84075
5367
82963
60066
22305
29059
90075
48856
40545
62482
94074
75456
61451
52784
10308
13994
30818
44802
44704
37141
51923
72952
8013
50810
11135
2954
48640
45336
80425
92637
91468
26531
64349
15391
42834
85292
66520
59350
73014
6833
12715
42582
11525
42836
28926
62995
49832
9982
41395
16560
70977
97210
93084
35199
86317
16123
42666
5223
58944
6867
23280
22626
86593
15844
90368
94321
54604
39663
46907
16806
8158
71586
85801
68706
38182
92175
8522
9515
74251
52950
23944
30261
29564
2121
94968
95244
97047
56754
27773
57459
2753
79297
42921
31953
22911
46647
22280
29420
44856
65557
35240
39696
68269
491
19430
22609
14544
10587
77725
45726
55119
64267
95680
95216
49405
22705
82162
68261
26493
94061
59043
32913
46281
38270
4325
33444
55517
27455
56939
84923
40414
86068
31385
8473
79426
52250
81871
36413
92522
96602
15349
52833
71242
98947
59911
87747
80510
67279
6360
38368
95040
68592
88392
71090
81491
89006
5832
16468
30452
32897
15680
94278
17451
87217
60447
88276
12228
22596
50281
12095
93103
36683
83756
33526
9070
54106
28619
52941
56810
11851
46374
52964
19782
35518
86708
25892
97898
93655
18806
38080
51407
30596
87476
3488
15798
46192
87571
3167
94019
74864
79867
15299
35678
26595
23772
48972
56341
683
10690
35205
26738
49613
72784
56086
34442
79326
46312
21483
96750
66434
98389
37803
8091
81673
4532
80341
7639
30667
74243
29274
79746
70858
5526
37298
52558
50039
99390
89831
73591
39236
94044
55148
48592
42906
33527
25540
88926
40099
82180
92622
20222
92401
273
65501
56905
55296
38700
65709
97261
41021
20417
95782
70135
3890
82870
33315
66440
38946
33427
36562
21787
45252
38685
21776
23861
26479
37656
60
57813
65830
79740
79130
51181
77060
61464
71951
8106
17154
2046
35666
61904
52609
28827
49453
9292
10610
80681
96400
9256
72476
49197
79306
77002
53718
32946
79249
28272
62709
53482
98338
17683
2365
97365
51717
51679
33837
96597
86933
27837
7968
17044
6287
74017
37001
20787
48711
54076
994
33937
42151
89274
42497
64955
31177
58733
39825
75321
88053
25737
67196
75312
99862
31295
535
40194
36514
47142
66054
54547
54952
819
47247
18684
66268
46314
92602
43688
74056
96374
94473
2055
94306
74862
19662
48897
78988
49531
23120
6623
46391
43884
29599
77585
70523
25943
99268
73427
35494
28276
32337
88207
53190
95521
46699
67397
20361
88201
88135
65799
21948
20586
55546
84182
81538
52114
20962
67619
97129
77504
62777
64570
3867
71889
98607
97151
26117
77509
74424
84796
67030
44824
42576
49226
68832
85063
92998
37722
12016
19257
75562
2442
52118
15304
83206
73491
137
87206
56532
46438
21600
78736
44728
69453
53850
45889
79279
12019
8587
29251
57179
65161
47001
15015
95473
73392
88225
19088
27739
73042
97507
7126
43539
43340
39510
69773
33225
76348
89157
37615
57943
31103
43536
92900
7760
79070
34609
84288
9919
57012
52830
87707
39462
84772
69552
89409
15041
9156
56457
68732
80026
69553
28147
30089
29708
49275
62778
59497
22019
73676
54061
57683
43739
76392
40208
15212
72980
18611
16233
19652
65459
94182
12160
61963
32731
21276
78646
36534
17331
72005
56246
65866
75373
79047
93602
77746
67356
29365
50147
10625
99041
65147
25789
79176
77159
23318
29621
96666
29868
32166
40634
50898
61513
8531
98709
80295
34456
1170
64725
22027
36328
20841
90032
28234
58560
40387
22431
4474
21256
73095
99290
83395
11622
92200
66709
41194
35561
76462
14648
80302
33749
40613
5177
31667
9884
28395
30343
32440
1435
61358
48934
22802
58967
85137
20058
63740
78477
35212
48784
40812
7975
74553
8622
8362
245
17247
29080
78114
18977
37077
85603
51492
67897
51928
58584
94499
19118
2518
24181
19927
98229
58661
73816
58123
863
78608
93724
50511
32580
15068
95369
67892
79311
83985
15800
87617
71303
62781
92960
48902
32877
76489
41781
16192
63435
54511
7245
61549
22824
22146
34737
8960
58069
14768
70401
88990
79133
55218
48742
73129
96092
27271
26296
55322
10558
5625
51201
10476
34022
82196
42338
54202
68200
99670
19251
88736
14570
83
60387
97305
26228
56124
23219
26035
43400
90648
93028
45594
78096
76064
89485
99911
2273
74031
79046
29475
31
5164
49632
58018
26357
81697
24592
98016
86215
39309
64299
83098
6035
49265
96225
65629
11810
43910
5801
42225
71834
47173
53305
9126
7578
16328
90072
34642
42934
48903
98030
15662
53209
42128
60025
83823
99241
9056
64400
463
48618
53626
19832
75901
97827
80230
24203
68976
97444
16785
58144
51768
81363
37829
57217
29765
92157
60712
38425
46866
83734
96462
89829
98456
1164
30887
14781
73062
77411
47435
41053
33751
26352
26923
31354
16304
87086
19730
92277
93653
42449
68972
62927
8778
65817
77053
60735
64538
54462
84921
92909
23477
21767
94066
8553
44487
25652
86143
49467
93288
59048
58895
70222
2393
88262
25614
66903
93914
75766
56055
79324
15607
88683
71862
62453
57319
19384
20599
55065
88570
52482
4737
66896
82306
64751
65041
17906
65020
31866
93210
90668
47573
99579
72652
55123
13861
64123
28460
87469
58110
47022
58118
43024
85020
41017
63572
17707
71137
10688
99286
59086
22778
51219
9405
43661
10937
56383
93574
46199
24668
14937
21706
73834
7160
64947
48612
43002
89974
48304
20304
51404
66921
71480
5745
24547
19499
57353
8029
15984
4990
90602
2803
51570
68289
97935
57252
73954
51362
71874
40848
59435
98718
21696
89989
32056
86982
79162
81644
79820
34040
29481
77334
19200
97267
96478
57704
62034
25026
21305
49891
85499
48857
63230
33548
43666
91533
60723
75266
82033
1102
16412
1056
63510
26491
90831
84614
57492
47614
99262
20446
23130
51423
73298
93456
63210
27878
31053
86827
9808
73422
89243
48103
13721
40894
8346
14453
33329
9583
52803
69235
42854
25028
18523
14535
26876
94748
17385
91560
57986
84526
33717
69168
81437
5040
38697
68004
6856
10657
91777
13166
26319
86384
85302
65022
29450
47470
91827
22541
88297
76192
19909
38781
94701
83751
12440
17786
57195
80213
97389
24142
49297
77733
96301
44949
46798
99015
87861
18228
21530
94045
20889
64054
96025
68040
17516
5354
8367
80061
6915
3930
97664
52530
40722
74685
16168
50422
88668
68971
44793
47757
79154
38779
30980
83441
21164
34422
47518
38577
32868
16076
10641
67766
8759
9295
88366
20346
31054
43333
68814
62653
63664
73589
16094
26577
89203
92819
60471
50835
91605
90962
63000
85585
47012
17069
30602
79449
86698
13621
40108
94504
60487
73637
26986
42919
69573
4962
63599
57164
97061
74562
33390
22586
62908
49095
33289
28198
45606
15306
83821
95830
45754
61862
47588
73712
61361
56914
16716
65235
88118
77507
55779
53059
6411
13909
30907
39707
11539
69974
43492
56489
23293
96458
67205
35411
3815
33539
73858
22213
56473
87827
35691
33147
38926
29561
21883
96221
28450
94088
4200
42007
51560
15908
57013
8688
22165
73264
29984
61808
62793
9552
55827
41904
15996
37878
70066
43125
39146
81522
65323
58745
49432
35446
77510
89110
69987
87848
56286
50308
5610
25773
10527
47687
30555
84325
61956
22939
6303
46003
38498
70049
73423
98567
14548
58566
92739
26814
85036
83574
47903
89159
75999
59978
9343
67566
49680
99035
18292
96751
43117
54087
33320
6781
12917
85570
26258
75161
48811
72397
95222
2423
91947
25372
63610
18269
93033
42461
84820
30888
56039
27226
26195
97134
35385
76904
77440
13267
18962
33876
64052
49395
21031
52867
89567
54833
74107
5285
33887
23536
44007
51427
67493
66228
28433
90326
78077
89359
69715
56670
54744
79036
45335
68750
47246
90921
40042
69550
51954
37191
41331
38494
62331
12600
2119
65942
64238
95706
35729
74033
59835
89963
68047
53640
50050
33627
24057
78089
63671
71977
16356
20238
22812
2535
4321
5607
48277
85121
44837
19212
27699
77718
24279
20874
84087
24940
16086
85756
69205
74049
9618
85783
13094
74800
92469
41028
58845
81638
31893
54930
71908
73133
67996
10321
64709
62556
45086
63517
76149
56142
75872
42112
41780
52845
9030
63168
21849
43097
93227
11279
99486
60667
41633
2160
92820
96961
99829
98656
13390
1918
81234
35102
73289
39410
34756
8745
59605
17859
57331
75306
40314
64253
69238
75897
86235
65316
1340
71799
79481
67041
91729
92256
85523
85415
79775
99122
33400
60149
80376
3578
16193
22687
7814
4276
62489
69069
21562
32164
16165
67370
65409
88766
10276
96610
97401
69841
65365
8149
5595
65453
24188
35481
51326
62845
84640
12004
3008
13269
30797
23700
97616
47500
14783
61964
14305
39772
10530
64351
61605
90532
831
24950
53251
22333
45946
36943
9944
45764
74277
86271
56988
69043
43690
87928
80449
30326
3852
95813
89515
96757
66881
42600
46555
13385
27841
21742
59328
83899
22087
16284
86781
45516
12393
69603
20023
124
73461
38079
89373
49782
60895
9643
45970
93222
63631
68358
21558
41995
39744
49326
29510
6563
20742
48274
32153
82175
13779
24076
24708
84826
66158
37502
74532
45254
9655
27943
55794
43141
52935
92879
82592
74477
12447
8763
40001
9787
7825
95758
83749
66618
53306
85645
82525
67921
48446
14163
15542
22401
80851
6161
21763
96190
5779
41734
81101
44201
86495
78808
53255
41240
7435
4585
72740
3089
60228
28012
28950
38935
4157
29264
99918
84940
78919
8648
27693
18922
65677
12428
3887
64017
67866
16140
2571
28883
63147
35902
93410
28559
10324
61710
90477
73608
61969
72661
61503
31917
47809
91250
85679
26734
33968
97944
60861
98494
35904
18422
69015
57493
75277
71371
7756
26026
57557
35779
85522
93303
75000
6291
8098
92817
52719
50241
52872
38750
31222
46041
59202
72222
59123
88333
29949
25510
67410
7375
63813
78030
19043
98008
14311
1034
13264
63335
67258
54402
20622
14330
18575
63943
90404
99388
16956
2114
21604
64536
73535
74181
92426
46912
26811
77929
65788
40931
7772
69028
78038
6519
45691
13330
93494
22636
24380
40362
87570
95141
45491
13484
37960
53348
97388
2484
93937
24272
98522
32283
73215
39059
45963
26093
83640
69347
24245
56736
61650
50606
27304
38838
14398
41113
61138
31372
81949
42400
31590
5715
77822
46227
35568
97792
66551
33020
12952
40831
79826
89347
60869
15874
7467
45971
77445
95649
49253
68704
50445
86996
80596
42361
54843
11334
5314
82413
40720
21760
82324
75169
96115
43047
55434
50295
56832
37692
52146
80352
69695
4827
87162
80867
64484
53675
3575
62457
4468
47013
80377
94247
4089
35618
18972
75710
46799
27519
98268
25268
44577
63617
87653
13146
84827
34981
35903
74182
74973
9537
57798
20079
5104
82677
62446
25833
11487
40399
29064
62349
29469
68379
26944
60658
42359
65754
73339
32550
34556
20363
9676
90052
27669
42379
35521
46365
54144
4014
62363
39613
2963
38168
59512
52861
16270
8395
67734
19259
14568
40828
70629
8569
54394
22054
60501
23783
99898
8868
17353
14446
38814
25769
56505
97361
72870
73191
11340
44900
69599
80721
22904
12232
79265
19149
90724
19002
28222
50382
7362
20525
41136
99130
33706
39551
50993
2261
41987
1065
37956
76487
20535
76548
1146
38178
73769
49274
40946
43119
52519
95281
77215
87424
33993
92422
19099
96485
18618
39814
4739
23460
9863
26682
13461
80605
12467
63600
29916
1712
83541
20147
74709
89263
28865
707
84338
35684
60370
75466
26815
64412
26868
50958
58495
28548
75318
5186
27120
86986
45908
54679
76281
97795
95738
83496
74470
87607
38241
46155
2664
9364
92692
24101
32975
45683
39658
13181
99323
87753
17171
10247
3602
36240
62686
32662
16204
30630
96418
8707
30039
52631
19138
53635
25839
62812
69178
57099
56550
97421
99164
95927
65093
35362
72607
99112
70402
49260
5575
72146
77735
63186
49858
35923
44046
91367
91875
98803
75427
69982
79008
94849
6824
64163
29813
16313
82225
69798
66782
1899
45591
29691
4879
67439
73304
29307
53322
55712
60822
31855
28800
94346
28055
29505
77640
55099
23170
95154
94181
82391
46357
94989
92304
19065
70362
12114
69364
88935
40164
23264
56677
90347
9192
70117
10097
78993
66313
28990
80633
98194
72133
30637
24890
17976
41442
24997
15678
29824
2789
14895
68860
82745
18053
91613
91362
64133
93531
99845
57287
36679
51663
94920
61126
23050
89680
8884
77244
47752
10130
63832
60388
85398
3166
13237
65014
42146
35890
30747
23116
5527
32999
44633
5123
61724
52253
83536
15550
56432
69253
75740
88430
69379
65600
32916
20749
19892
69162
50355
84685
19358
38873
59734
7843
58446
31742
23820
8259
77777
42119
52459
84123
11722
56482
82410
684
56176
21614
29031
68205
83016
92400
9994
73377
39617
4719
98131
35642
89965
64701
63558
63569
63616
48769
7621
11260
3618
88759
74659
4655
78428
6508
45349
13654
94261
71795
1
77255
95330
66323
68474
86917
43495
56899
71436
90115
39102
43009
23256
16308
8548
38114
82741
4557
92709
19058
24369
49995
19742
41072
65440
54940
9148
57771
34418
81715
42479
40878
13967
80010
39644
20882
73253
95086
92789
12951
60996
69812
14762
55715
82392
18776
19811
59827
10548
70500
25862
31283
24103
57827
76
44425
67424
43592
20885
78029
67336
94543
32891
78065
72437
73782
18590
7668
15106
67350
84787
54767
60732
76497
1997
78499
6878
83865
53616
4445
54821
60384
37524
49835
28936
11086
67412
76181
22435
54525
88449
42138
66684
4050
15185
12584
19916
75866
77457
28515
88825
67223
30084
56816
38542
35327
96163
94988
10668
83472
77089
82371
35736
68279
26803
1537
67214
75869
11058
65193
85447
86202
80559
88985
49365
92810
85300
17083
14632
83786
67218
35505
45368
55567
38013
24007
78495
37751
54596
34910
85152
97654
89070
75526
37269
26431
86186
89316
92677
71505
99298
42714
68997
53355
37912
30961
16707
66142
72636
55377
79541
34215
57080
56461
1674
26378
86423
26448
83195
99358
48420
63864
83070
10179
38801
54178
2697
84946
6835
79716
97815
30301
34774
5561
54951
86668
83884
79534
4819
39002
9073
18593
82680
69723
13807
18288
43030
29175
58026
71833
44025
70258
18617
35156
41660
83564
61129
61067
80756
77056
86640
70914
79388
33014
25828
26964
32895
73714
79497
40841
27725
66800
15962
10483
21474
12713
5981
84451
39117
80753
88680
90132
47274
8196
60360
92917
27764
42578
48935
69799
1646
2985
19130
80383
81069
59920
87141
67500
65631
88401
1541
18263
33745
86661
20055
3935
84038
19823
2544
97171
44062
26468
99593
68605
33318
72858
10393
62849
60038
41435
9075
7187
85615
6590
76200
88929
68071
76991
97416
82999
3071
69866
84875
84903
82657
55881
93583
41359
143
18690
99508
94725
6729
12524
56209
5371
49752
51503
95255
93558
67229
47108
80888
53497
86329
71831
82528
11079
97539
94859
38478
34509
40210
26556
51658
18529
79178
18919
18081
46551
21444
36538
76148
80660
80553
36280
2494
85083
6004
45961
60085
45791
92421
61122
27965
68539
31980
60031
23845
26380
24189
12081
9398
34368
84170
46773
603
55706
44772
16311
36909
59771
29924
87974
40141
97182
78645
9382
71241
78928
26878
87727
33046
67136
15855
63114
77385
41591
44969
2767
93492
76796
69865
22607
80669
16513
97591
89816
24112
24077
21009
144
80236
83997
17278
88319
22339
98919
63369
31853
26498
75669
8471
97453
28408
9349
31665
81866
70781
18861
89046
53147
94514
53491
67349
75593
21546
87883
31676
80967
47624
45814
58937
50612
27288
88220
72017
66850
28534
56972
40780
76958
67467
94516
30034
48684
10575
2715
89722
91575
98263
55098
78947
18862
16900
78375
99487
38155
11245
25139
93533
82598
3597
88433
12066
99141
69972
52722
68559
92911
93330
11957
12394
40786
70634
19774
97969
38247
65342
77534
7437
54660
47248
61445
54741
92762
66670
40605
77813
61820
39619
24809
65471
12027
42471
19295
85995
22324
80009
94503
36462
4244
13211
89379
27923
30482
61332
70619
72271
37994
76902
53688
18558
21851
68999
19117
26827
21610
21931
22508
61270
63051
79548
3470
23827
3207
92636
62667
78043
82248
78085
65915
24569
90718
43160
90503
1846
36569
79268
89540
78927
91588
73530
31329
56794
94000
80575
95022
82458
27026
36578
34678
74159
57750
92649
53787
56602
81653
10057
23602
31957
51650
95215
56791
13523
98999
69278
80796
84778
90755
27253
31999
82046
91568
7243
8351
56640
81771
4117
40261
38938
83031
84958
37893
92078
51473
58989
94208
78564
80363
5770
25656
28984
75290
77791
38594
41254
9913
18692
17842
58731
39340
65281
59088
64488
85138
94827
56542
84200
78359
4350
54475
46363
98161
50594
90005
2626
72756
72763
35771
24850
62470
52809
53901
3229
97088
37383
79933
33540
3036
94008
52041
36668
17004
5632
9207
26503
5985
95736
70929
99652
96893
6615
9852
49682
49913
7169
72878
61313
88560
39800
70060
95710
56426
5392
42321
38965
95976
77674
4792
93186
3596
99471
3030
94394
40665
37276
86245
45662
74462
15075
10524
75040
63978
83522
38843
58971
17415
4111
39058
138
96930
88265
59075
88010
46787
32907
22650
72566
56462
35776
12050
11667
17822
51856
16936
92534
96819
14662
67668
95741
75046
47091
79144
51501
74173
82910
84585
23459
33517
36109
12933
21197
67417
25549
74066
50926
12053
25919
90109
95580
9497
73150
23035
80922
42297
8577
70343
16319
3599
56395
28527
26502
79107
72113
964
69872
70013
61664
58877
4436
8892
2021
3227
88390
25746
52822
1103
398
39379
79415
32289
87619
32426
25520
91960
41830
16733
6861
60928
73573
68451
2208
99243
89649
54585
80754
21422
49057
46780
50969
37003
42104
12137
24820
75061
68309
66153
19422
55741
17909
99820
3779
54631
57545
87363
23805
22177
45507
71114
19697
82653
7534
54025
49850
18942
79670
89577
78426
44636
50607
17325
72708
70581
35587
99836
17987
48760
8661
75653
46736
4595
13914
9134
44845
53250
9491
38400
20237
39208
98688
34073
17642
85097
97856
91756
55802
71311
89833
44101
49788
99604
50910
15274
91274
55968
51011
50443
87091
55316
54849
62678
62329
69837
89302
83963
23986
57859
800
93082
28355
75030
17992
15776
60020
7310
66104
67555
4877
75857
39905
22254
42859
99393
29688
89356
65769
74643
43310
58143
62416
60536
29271
69131
16249
15796
71157
50752
70425
41890
31687
1234
37369
88308
38116
49412
59155
97197
85728
9338
93000
88768
8032
37556
5947
4230
48557
92826
88907
27831
78293
16874
92306
59487
55160
25344
77052
6957
68622
89763
58000
20320
50537
34474
68226
11911
34146
17164
80602
23585
41976
65994
63308
48421
34544
11273
53545
68822
74171
96227
83689
32365
43930
63044
40134
45129
25187
91695
7697
88052
84670
45429
56553
34569
37500
21379
64655
13165
20347
18711
41047
35501
22993
78341
47595
75123
39991
14670
46716
70426
50132
48936
8127
94283
42896
97537
24766
83249
87043
6587
4256
87370
3791
43975
26621
45925
36202
92872
29569
59427
10685
80833
42750
88653
22467
48985
85948
92823
54628
76233
60574
63409
62058
23094
59517
92868
70168
55158
11763
65138
3064
57914
52108
48179
77553
8420
92727
75707
93116
61859
9912
13348
40798
80576
86391
52119
93841
72483
24198
14409
18340
77062
51458
21049
58428
77120
31370
26848
7749
54762
16881
41715
95097
9984
98970
82502
70310
25809
28702
74748
39764
91992
70043
18051
54613
19647
98326
5624
79357
24597
10643
88633
9289
9080
74813
90179
35003
59191
67085
91209
72002
70286
27114
12378
20758
58529
17598
81485
5525
69416
74112
23869
95239
95608
29349
10900
14655
49945
41317
32111
22840
50777
35680
36465
65462
3943
4190
50269
82797
4657
88665
48630
36456
65295
86599
47657
58132
43459
27334
61340
56678
18262
93754
49009
32640
59863
74745
68010
84738
62928
22479
81269
94196
25157
52743
22908
77898
4908
76115
36165
65071
89952
84187
52679
5477
13442
95809
30225
95778
39398
17392
83313
90975
35965
2822
12892
68221
74247
35127
33230
15560
12805
69948
11014
9
15648
93652
4009
10376
21850
86192
30575
95355
46810
99695
50133
6080
19152
94745
500
84536
85176
19913
76700
10055
31115
1533
95526
55420
51803
59657
4048
12764
16134
31316
68654
58377
74009
29375
23432
77138
47584
88762
79936
13608
14296
54736
33850
65438
92706
50301
31967
15917
44573
22880
88460
20467
62989
62970
7581
83390
76741
78353
40327
33043
31618
58379
60866
96337
97540
4579
71499
18140
7892
5211
60362
44891
81207
45320
86054
96239
80582
22907
51778
34164
61234
82379
57647
25977
23069
36616
19067
24570
77251
48942
22014
50115
41507
50692
27814
77118
86519
52494
47817
29795
63675
80385
9161
57159
30992
32306
14267
15543
43225
36080
93941
60069
63386
48567
17699
30505
744
23402
7190
68346
45001
31646
18841
80481
43510
20209
43496
23862
65008
96324
75287
3436
95694
1700
35095
33895
85385
80092
20355
50771
89824
33402
79522
92943
94116
11471
54133
55932
46888
13098
85431
64813
39687
50535
60401
17503
1964
66217
20547
87322
64122
32817
11103
61375
73336
675
30140
73371
25949
70742
50874
43261
75729
39399
67610
32135
98122
46439
4137
54113
46275
77524
88752
96817
81474
90467
78965
95436
66836
42555
7030
82911
72428
57514
39816
66305
73729
99238
59136
11076
85093
26426
36965
31337
65836
30312
60305
12919
51508
82658
65771
59116
82987
34887
20052
24464
59051
97518
4702
78733
34825
17915
13767
32863
4961
97753
8541
34374
18675
27351
81302
9882
46342
33031
92412
14724
25380
40469
53622
38290
83818
86082
414
26517
62546
11276
46610
7027
3564
33322
59688
37992
60054
94387
34873
49175
17327
20333
6343
72278
83771
18707
47121
63324
99760
72793
55028
34621
17458
33511
52251
75649
29454
8849
38854
7921
95542
8323
89852
69303
97720
13763
31217
49054
37363
92689
62980
86604
94149
59581
10491
25057
79359
4753
25660
99115
44238
90566
5016
50464
61020
43647
45585
6694
31514
72719
55109
2378
51749
48226
51537
64913
4998
47291
93323
70707
83257
23023
1381
21253
75946
18040
71116
24632
66779
16787
41827
28553
20939
56233
80769
69524
64867
9891
32725
6431
42858
58553
71760
3643
21686
35402
52698
60676
34011
59982
19302
95048
46429
53128
22694
2492
24358
48534
13340
79750
76341
99883
90779
11728
16104
37825
26025
99040
36820
48671
42920
95180
82258
17527
94209
65991
69380
79272
7567
35558
17794
33305
61637
22750
10410
17863
76798
21740
56164
16383
95183
4905
5728
96089
8036
41593
90218
82714
34522
12936
9932
29951
84143
95388
49125
18446
22438
1593
90140
89256
21166
59884
77450
52649
50013
66161
66508
53643
52356
13943
16578
2206
43070
70501
29998
65480
62419
67696
76300
35332
60159
61559
27859
77731
58897
54824
60182
5996
19004
36468
26606
4976
32147
79339
78210
50556
25070
13879
17429
67621
66568
892
85851
1527
12969
70486
35472
3464
48156
61177
72544
89313
36210
10526
55174
61795
34312
44907
46065
29581
85040
61500
98613
17227
89071
33359
96674
29254
73350
72411
27389
21443
95155
22988
68445
36860
38203
58005
81932
75111
52689
52155
68364
86314
50616
43695
21903
53184
89585
83994
62306
31239
72425
20301
70594
89365
51625
94618
8296
89047
36022
94584
88030
88987
42044
21093
64607
70058
19416
53025
91815
43197
96237
99449
2839
56277
85794
23294
11065
62508
14923
5390
93378
31904
76892
13770
80620
20087
35613
77147
43249
79792
65583
35376
55387
60474
89580
73283
42376
14340
26816
22664
22420
78363
61205
43889
94344
5110
31303
48127
1882
79396
73500
76350
65117
37715
93957
82529
50832
44822
76878
7149
29647
19511
21633
22871
1779
43663
52255
4359
43750
73324
90701
1025
28561
99791
14892
9096
32659
50534
47115
69804
21257
46164
83023
38234
23535
31624
8678
76248
27262
57745
16529
37705
87241
720
26466
14215
67820
35638
86055
84906
47567
47076
9790
24872
89215
72653
72259
2241
19345
38754
65031
25681
77628
90853
45470
34992
16378
90623
27310
69179
31572
96479
76684
8167
17096
93532
88978
66786
78697
74657
57397
81168
8891
56921
40997
69955
32332
10218
22483
3268
71402
2980
83468
70606
10032
29235
51311
9360
72563
70329
55676
81921
84114
53601
85742
29400
220
87182
93271
47547
6180
45881
74828
87210
71169
24150
340
61007
21037
51335
80141
20946
97648
95350
8598
18767
73495
30195
77216
13562
90366
11426
66177
37444
35126
39712
75666
69857
56214
63014
38841
71531
6683
39099
56454
19255
10782
4887
10047
66171
53478
78967
81110
32665
54412
71681
50345
18071
98877
19680
59207
80004
77023
96564
50377
47303
68687
77578
1838
22863
98211
79353
31941
24936
91005
74147
9728
20856
23707
1867
60970
96873
53080
32324
32421
35683
28419
80975
13653
52578
53631
8802
78055
91631
14111
59885
59852
83030
81817
67602
78084
1206
73759
92590
28210
7360
66916
25366
2580
86747
75381
24918
90423
97522
83533
39488
52151
7104
4843
98739
23101
90499
31216
33753
11542
69739
23601
17125
5502
66952
5516
41686
92438
52584
2144
45465
58260
34694
95896
57776
7861
64957
18606
49346
83949
70995
23548
34168
6614
72317
72069
67950
16572
19586
8364
98147
35387
51208
3367
2293
40998
78682
81632
4010
80466
27691
34097
34119
46245
69432
86709
47113
96385
52554
73777
90186
73889
55069
55925
45033
38081
14239
32423
63659
2044
63636
2618
88796
13159
22310
15325
54352
61051
56486
55904
90439
72100
52377
75177
67945
90280
83063
57775
89457
69689
71429
97318
56837
30325
31438
88303
26457
56732
77413
87759
4481
15455
37152
309
40019
85857
63301
47163
46473
48658
24352
34106
88252
97915
60817
23160
42749
29994
18270
72279
48356
60396
80699
66101
36295
65659
23842
44287
30930
16742
46871
54898
63150
54453
58250
4598
48874
49180
51199
94594
94757
10734
78775
86595
61029
64132
98127
72594
12031
25732
54669
51367
64598
4025
79928
85664
56116
24270
14176
3277
48275
23172
94104
5521
28456
18370
42158
12083
93596
55375
14587
47780
71275
41398
52279
96609
57969
47017
63290
36752
10056
33748
89700
88679
38955
46324
77020
31003
3054
92654
52456
66931
95376
10930
61120
85194
5760
19165
33180
46906
88223
87192
3073
55187
53238
22804
67409
11158
28722
74595
18495
41276
58698
15571
83424
97579
95588
98728
35796
50225
12975
2174
98981
66005
5175
77481
32036
87248
7229
95339
1617
29607
78661
35983
21330
15915
13726
35034
70142
95591
23485
44001
22056
3388
65832
154
26176
40101
2832
41223
25202
62875
32149
31928
22890
19292
95205
80811
79432
57269
21083
9751
83959
55662
27654
9905
71365
57105
85530
62805
97383
21601
11162
97041
33115
43307
45427
50196
90972
9135
67150
25020
26058
8856
62227
96949
77104
40000
38995
32142
45803
95319
5536
30576
18073
80086
87676
54396
26674
30604
49084
19656
20385
98175
4153
59466
64752
20620
40401
58982
60071
21757
61239
43387
53868
38461
15135
43479
4822
30160
53419
59699
20894
52315
36878
18036
31381
98307
92257
66343
87335
58577
70235
97441
8263
76217
59491
20859
24041
40512
29760
20038
14231
19494
12134
43185
10264
34159
37195
51550
20741
21587
2290
40467
62364
24119
65914
30052
49655
3320
50176
53724
28794
51177
36175
85809
94496
18500
77088
17158
23843
13341
8527
55443
93248
37519
65971
63994
55039
36982
73280
5586
20126
15704
46101
88239
78668
13089
88148
28773
30111
58429
29421
34708
34238
47237
22913
34893
71279
27600
31171
18047
39935
18857
77759
78452
25327
28231
98003
29498
44336
51497
50081
47049
98241
39403
22472
97887
23915
51818
53033
82573
79301
10970
44172
81089
78662
24798
64056
33173
75443
8306
16009
27769
7294
40533
60926
31546
66304
21302
63382
37146
70919
86515
5230
44778
7432
77755
22634
13651
36495
52063
64046
82608
46137
62196
1053
21699
66119
71734
41975
22415
50158
41141
71378
42499
26103
30355
41340
15302
95756
64976
91090
95969
43793
2511
6475
41410
83600
40356
737
23624
44797
9658
61232
40273
87395
59918
68572
93192
72452
31939
42671
217
68964
84459
71002
20177
93449
48385
47018
46067
78494
60230
29474
37212
34736
30003
57003
51685
64745
2633
92112
34200
80704
39878
33545
26720
20281
35610
95847
44554
25396
71648
86049
93847
3151
10926
42822
19471
47039
86717
4336
58574
12790
7967
43114
82340
15130
16552
17711
1539
96692
71390
22937
2177
82949
77547
39755
11717
79580
84952
94361
53131
60395
61829
49673
76445
11189
97402
41713
76719
95276
45564
78429
87096
78129
34515
19997
31411
8766
25017
19737
99552
71497
54303
52848
97594
85584
31126
87278
6996
46242
12328
37231
76834
79038
96182
73966
38305
61489
64293
41920
13039
82296
33259
99340
27197
7089
85165
32251
34845
77739
41588
23508
21356
99064
64083
85940
90854
75439
58431
53373
19947
87651
70735
53665
33544
54232
89832
61891
96655
35991
69182
10166
87379
9581
13291
58305
93688
48614
74287
9196
8848
89917
95392
63229
96712
16407
16218
15926
68097
47181
16026
67717
25516
96566
75348
3242
9281
80784
38214
89473
62197
34139
18560
15436
74026
75912
87885
60708
64256
29513
96797
43418
222
54360
41819
43231
58962
41325
30897
82572
55516
73843
93174
27927
27097
65807
41567
61657
10721
92835
25216
77570
22347
99974
40137
90295
44767
85392
67626
16944
49118
68815
80742
65388
24591
3445
78125
30860
48543
29281
49771
60466
11530
59134
34433
23368
92599
34414
79416
24106
75480
63526
17573
67929
31166
16247
49459
10593
79498
8230
96030
48512
94612
60486
99299
44934
86393
68836
11852
9268
5246
16531
67762
77171
44853
84877
8978
17665
40554
37683
81018
54653
12667
55628
5682
20887
95192
78778
25292
41312
21549
80816
59803
80155
49948
29048
68156
15296
1128
5214
59533
58413
71251
20483
55067
20102
32172
45304
10811
14058
24220
36598
26010
31807
17687
16523
25861
40838
28446
36876
33074
62525
8392
95771
15598
93195
75611
13220
19977
42861
81223
46794
75209
40229
68574
80838
36576
3952
98152
56044
77707
89279
92224
48687
86572
19856
63050
7348
62544
82323
60681
35308
44359
27452
82036
37589
81872
46883
14946
75419
61992
72028
17381
74263
33290
66342
8782
62949
37872
83060
57919
15115
28698
52364
43413
38879
70143
70865
52405
31463
32428
70101
90215
26302
67446
57680
38282
60784
50315
99221
5867
43351
98388
80217
92690
19361
45694
99806
44705
24318
5025
71380
30839
85328
51196
71931
39645
69621
98848
49229
35100
83180
44295
28588
61368
55314
25353
65558
53060
75434
36375
71675
54149
82444
23301
78479
95912
37004
99301
21897
68655
51907
15806
54574
15409
26175
58025
2646
16018
51049
67716
63958
16804
63865
77132
34601
96102
87831
24611
81129
43782
43815
93740
10674
26427
48848
68820
59034
10874
7648
2175
21192
56577
807
67139
47189
80774
77635
47177
87565
24818
85291
25420
86211
72141
92225
66037
58671
58041
71765
42623
26236
88826
84318
69527
66780
52632
11823
5865
61098
17178
56464
60472
90883
37461
99483
81036
63106
80055
70193
10419
92966
16
69617
29976
84223
12769
82716
72981
87457
90758
35237
71579
37061
94014
15958
30334
86118
39641
6333
20994
36056
98136
37097
94392
26438
86497
7357
54239
73064
47707
72742
5653
63894
30247
25414
91110
58164
16386
69403
93275
84889
49381
66073
614
47822
34249
38037
58192
69861
77235
28856
41782
79695
42317
45421
82542
28462
43360
50032
27294
43380
32685
92083
46218
177
38780
46567
93562
90293
12196
87102
73041
45293
2875
76762
73130
48641
13790
93971
12473
24110
33974
23919
20412
15615
30187
7115
19955
48566
98900
98967
14078
81210
65930
31169
37265
8571
89268
28814
89664
3915
43175
50253
78324
61624
40184
2824
24553
51572
43408
32690
6145
6215
52453
35291
18638
89710
62860
81163
11654
52124
66244
11703
3705
18203
66353
12634
57018
40943
16476
88938
95548
8405
7690
66295
98897
93813
90087
85173
57117
34480
62896
1136
61887
97386
95429
60954
9896
51399
82055
85346
90237
98
36895
64564
36733
44310
71896
22909
70157
50172
22427
26948
3658
52936
76065
61378
74957
52163
11707
43226
96981
18782
18283
81328
57729
46479
36961
54926
19274
8410
73489
20050
87962
98708
74432
4080
60595
39157
99414
47410
98350
93521
92307
48690
68529
40238
42200
4252
47631
41493
74576
92645
97682
20196
76386
26763
53282
91043
94509
48174
7462
82474
22624
96663
37472
25694
97185
27794
48039
18354
84303
7610
30228
47445
73470
6978
80522
23699
31200
4128
18012
32181
82498
13297
71250
18188
1089
54871
75029
35838
10114
67730
67126
2296
10656
84571
25119
97872
60111
31110
83903
5573
96477
38163
92965
10988
37990
37260
79414
50274
39500
68776
89346
30207
78616
72064
7043
29315
79627
42926
98854
94480
52676
91851
60583
40410
13941
22485
96892
52981
16137
39948
89765
93756
53708
60399
82744
51055
13133
25513
98539
28703
19323
17159
12330
1866
89579
47866
64036
50035
96938
23823
24920
55902
96103
11256
30339
82861
7170
16955
78362
47350
3096
95280
61515
52643
41384
26030
579
60832
18468
37560
86752
9345
59569
83697
95686
32464
75049
67725
61221
9778
24037
32114
58654
61156
88723
51885
68949
13913
17146
81795
13882
39634
71548
82574
78082
83334
71568
45966
9822
42510
64569
10401
43171
95645
16686
59095
4670
12922
57981
93482
31413
30904
80074
82239
25686
84752
84913
44223
66956
52386
26370
77306
28556
12544
49555
79444
20928
87856
93060
78934
80581
73886
94166
47157
56530
94566
70716
19470
13632
6863
80284
11433
18179
21797
1920
41640
19472
31974
28998
89962
9637
74044
99849
57993
78894
55535
1085
72922
63137
33518
8330
9238
81963
59437
30016
41131
94551
42231
83391
10832
29969
71964
95988
34261
38230
64906
16911
16954
99755
31101
36490
84515
1623
18840
53731
42760
89404
6243
7930
68181
55474
94342
35029
45333
5162
27388
98759
20063
51716
6181
6190
44251
92517
22026
15781
25948
12076
78346
77038
43814
52776
17884
97771
79054
70195
88454
84270
78710
90868
23574
3308
74581
23704
2573
85414
11974
54096
62577
98465
4549
27870
1832
99
78466
96448
86023
76635
51113
91496
96718
56379
56765
86226
94449
55303
24083
65739
77676
19026
29492
35900
32212
96945
96434
45156
96069
2727
29786
46421
80775
18034
4793
31552
94911
17670
4562
63627
92764
58550
82903
69135
51514
4689
55342
20370
20068
85877
65567
98684
35242
47645
21826
29829
99885
23784
85682
20674
26306
8389
31824
41866
44912
67548
8348
84339
3474
4974
55324
89685
46901
46980
96697
59091
64423
67263
28289
91537
46542
97258
27284
13946
75763
61609
63197
79950
48077
60284
20401
23935
89527
2851
42984
15162
369
56269
39853
86949
94889
74447
60913
79824
75694
35591
15277
44660
48176
12323
1422
78685
67091
72774
55571
965
63455
11719
19739
52618
10125
36747
38185
66541
98113
64390
52771
41249
69018
9961
76683
71054
71807
33208
37296
91235
71684
71056
35527
39517
62539
4996
87297
48952
14023
89353
74891
96144
27484
17495
95674
25998
2185
51142
89099
97464
99540
63849
16351
41586
55124
34639
49386
7890
53132
27354
62393
29047
58960
68113
60107
19974
35697
29624
92548
56114
56646
23319
14370
72010
57355
7317
95275
18346
30771
56896
85219
51047
52019
15380
18622
42730
15260
1634
98043
14668
34526
18589
43309
66048
47754
74536
745
70244
747
29770
91887
25083
98519
50387
49802
91149
78163
52052
72634
20774
48644
99798
41805
22813
79085
57140
53376
84892
5587
19589
63128
50348
42113
28931
51755
68267
28350
79458
30138
42329
18187
48321
4826
75422
38198
66447
61974
99662
76722
74922
45801
60411
61843
74976
51651
51169
43001
76907
51643
11134
40681
47603
74332
86981
13375
58082
14515
95593
96186
11477
62172
35038
7457
74552
3427
78991
97336
93169
31659
26732
38642
21420
89528
14907
47220
84905
3995
71488
58739
93634
65153
3713
56538
84076
47482
255
28904
93237
99369
81830
20310
3418
93269
51602
93156
13951
17302
1450
28465
34013
84310
62534
20596
12350
64301
63278
63753
95302
16485
29938
33496
39197
7385
23630
29449
20836
57519
3495
43594
24254
705
11785
71848
64298
2953
56880
98651
84562
7803
73475
83682
71460
28324
4783
16811
68878
46008
71827
32237
22356
73175
26867
58486
95000
46435
4868
49168
58278
10918
16185
53145
72156
99934
80693
83433
64446
84723
7418
11064
97869
17962
12295
6748
86166
17377
4733
11901
81931
69869
84267
39903
62153
94850
16296
1405
74402
69091
41604
98770
55305
97662
75429
79552
92525
12121
81812
39060
28271
65763
98133
17757
32349
97603
94397
45763
6462
99345
80586
32968
80723
14010
25177
8119
31631
4301
877
62303
89387
51222
39333
71433
98134
88931
65958
39649
67768
51189
93781
2122
87542
79847
10344
98660
90252
19551
8606
11683
62827
7996
15090
99355
95873
50066
17277
15600
84286
45072
40617
17186
48901
29863
40550
3581
4368
24937
75328
77630
37190
43258
3848
63942
79585
73612
2797
58310
92476
91867
55347
48753
75350
84189
23100
43521
82255
293
24568
56314
65948
28678
25980
18449
82402
81535
45169
13833
60175
82090
39483
40992
74530
3850
55761
73071
80640
19235
48438
58679
79852
390
85836
37012
67305
90822
16232
53162
69667
78216
84424
21933
53852
1613
19570
25080
10456
90836
21891
35732
13436
26651
71235
83828
1016
74688
92580
47533
10623
16992
55463
7197
18448
86162
61849
64203
79556
90240
26679
57756
41983
49017
4485
61088
5726
36723
74544
59409
41138
4704
2606
78239
57783
71920
20056
76373
87479
53576
34785
75449
82562
13279
56425
13455
62746
79509
13915
28373
73128
77168
97737
44170
74041
82012
37341
15098
90235
50491
89142
21465
17539
99868
39797
2810
23066
72886
70614
67599
36277
6711
85212
45948
70765
5064
29698
60636
66327
8828
23724
12563
80325
7608
80614
14753
40046
3878
17763
80501
48941
73717
87401
69368
1766
76931
65697
78401
92074
73417
20053
82253
37133
5039
59145
64644
89257
8268
58902
24757
55838
4342
1261
81500
5343
82342
78028
5637
77760
77409
99475
97867
25832
81878
92486
89252
67076
93950
47853
93472
45734
77482
22728
75815
1166
83817
29422
53418
77955
89367
57694
67155
80805
91780
21187
95955
19008
57111
91264
78810
50211
23708
4143
20258
48210
59425
98223
9498
19339
27597
20593
62784
67521
94962
38903
51980
86754
67066
26303
26065
24144
70758
192
76833
14745
73296
99339
85804
90731
43858
20290
83072
71789
97033
12087
77390
94544
73127
38045
98042
72371
86726
27122
36922
45249
16864
40849
33042
63663
22711
95328
65026
51918
17136
20013
50664
72027
5863
87945
15872
42866
54382
38777
22925
83881
37067
44298
73562
73958
58850
29812
89410
94712
54981
88155
29154
63611
76616
32588
22737
40963
13881
5103
44504
24530
64829
69806
68821
7521
56354
93512
53698
69096
7918
1635
90226
92350
84349
7544
43144
25008
9440
72251
42683
26596
24829
30649
5271
85306
16750
9817
47112
51279
88408
45551
62918
38827
19247
72165
3209
86904
49670
36559
21711
58743
12535
9408
45258
62979
47843
34201
41971
54146
73805
29919
89777
25071
3766
31041
62208
54845
48257
53126
26765
82170
74186
34915
89835
38831
52905
18854
91823
53991
42349
4774
35817
98675
33859
73654
17696
61651
27558
75124
31498
16550
19894
90825
77750
11247
97107
6439
56887
70170
17445
56657
4326
62660
41436
21275
58697
69057
77846
95060
75970
12331
53974
13831
98574
26607
82814
57848
34841
40385
35364
67872
46112
92542
87386
71093
87562
26832
25801
83238
48264
41358
62604
26750
85200
99061
76912
91217
6304
5849
56661
26253
42975
47736
17698
55978
65806
87539
91190
46553
42528
81960
31900
26266
49038
79766
25253
123
786
91667
91686
27403
49287
80066
90210
15097
25273
29738
64710
22665
74285
94445
5913
59411
77855
51556
41871
63138
66423
4599
74455
81274
3412
38269
67662
58517
39962
89794
83126
43493
91072
93500
63718
468
99174
62900
68120
43819
13853
53374
67682
74686
7162
90988
85521
4608
44568
5522
34671
25608
1449
67254
49216
58405
2536
64980
59451
99012
9634
78131
97263
52836
34375
33886
83527
34069
25115
31714
96207
61315
39245
70891
84072
26920
96785
21291
65749
82142
52486
49589
25609
72372
90427
6618
47987
87603
46221
4716
29169
73402
61917
61950
36447
66416
3278
40396
79204
48256
31151
47583
94424
96562
48598
16930
83764
48029
25946
60093
38422
57093
70129
93172
64358
46670
34800
72802
3860
58581
37181
56615
61282
45232
77317
160
36686
593
70123
72362
45521
51206
45702
51184
20285
88489
47473
55631
56502
32838
48452
40037
43419
69586
76112
13722
54732
10941
15893
4019
16735
32125
18213
90284
92085
27748
76690
92274
14788
67864
77392
10472
86983
37274
80090
19268
40766
8470
93274
80810
59135
42053
9964
26112
50894
36334
1273
64656
66194
16959
66112
78504
19353
30286
7537
30414
94755
81802
39985
7405
73364
84735
34724
89725
22875
24230
68361
25029
84503
11965
28391
78166
9361
75469
97918
94632
15907
46107
82468
50054
98743
69780
64911
16862
35585
73410
52271
54521
23682
51613
46432
91865
66404
16469
8084
80078
52787
49439
3407
22318
54769
1497
35005
87273
86814
84831
12075
89696
24187
26589
1161
26970
77595
64425
68125
61322
23159
53079
80464
11031
88695
66360
28938
97068
54400
42536
90001
99763
52014
48826
69136
76583
4205
35017
71254
23090
30837
43276
99046
49390
26489
47095
14596
71046
39869
89261
5972
40092
44519
34574
24169
99484
38272
79262
43336
19388
62114
21745
17579
66121
72523
14209
90113
16712
82749
5232
96522
45732
89372
78179
22978
24828
40257
36188
97434
61066
71605
31044
91502
91532
52854
5205
67980
84534
78833
60204
60151
70181
53552
3279
7516
80500
29978
37477
35854
51638
64665
87584
56485
58436
85754
53928
54903
2654
72732
30751
8711
29063
40787
45410
50270
33583
93766
18705
47897
19269
95463
74660
39035
72366
40095
52415
82407
47051
9875
47225
1430
31185
82262
42786
4279
97231
14920
7108
76733
44598
23512
16947
54850
43136
11497
44244
63548
39363
8326
17645
30183
94526
49994
49282
48662
76424
22345
21947
18368
13337
5174
78094
54993
99083
61328
49642
1848
10730
7192
99326
19995
91693
17646
61928
11020
63769
95290
52695
75713
69909
58299
38522
20245
99931
52520
5539
45818
94926
39029
83656
80962
80304
76461
95920
3275
57712
40935
36252
46389
80572
77758
77752
28150
69977
64452
39461
14742
53819
73855
23639
63143
98880
21319
26602
20065
95982
10463
95228
98475
43233
38031
90552
13349
45910
97395
69474
55494
1512
7631
19415
62520
70991
64681
47623
73525
31238
42843
58031
21473
95538
80664
55690
10787
49855
597
38696
55491
23467
37169
15117
12881
30401
90716
30107
95794
35611
85653
65477
19270
41778
71524
83004
60202
69292
77154
91476
98978
4362
1072
54123
62706
3406
32945
85124
968
27434
19277
23583
60844
8505
96215
42833
86039
69423
49698
13702
8381
13116
25611
31079
31793
703
82971
98716
69584
62080
25630
67651
11232
57634
15152
65598
20550
85062
48739
11862
12690
53138
94357
12880
64764
84850
88059
51135
23623
20793
55939
54399
33542
34266
38217
65507
95598
86890
44051
6185
53630
17067
40962
86373
23253
31777
19114
8859
76190
2871
62815
86430
86469
44744
57688
54182
74324
20719
95277
79194
86413
66767
67874
35453
82217
23799
41378
54901
38601
60239
18477
90081
74195
5790
80203
40952
54867
1480
26647
34802
69729
14835
98953
32044
8402
35279
59519
75128
507
72937
85774
42162
98114
85597
1724
8118
79817
56821
91065
5729
78116
29578
71193
56593
8922
90276
5543
75938
88511
75810
86789
9897
55809
2036
63797
23839
91408
65890
90286
80508
47457
33603
84527
31409
297
69945
21323
24765
20163
46300
53443
77368
76592
89052
28455
53030
16747
9316
93205
2355
12235
63711
86312
75631
29603
88637
81824
70231
59441
59895
55687
73691
29183
76083
83587
42839
87690
55819
97439
6569
91463
72687
88099
32367
20890
41167
81362
64546
48184
4307
28917
15481
37627
60710
48425
6267
79167
39796
67470
24879
85359
33344
27029
67850
9301
59537
89190
74081
31565
95111
15393
26292
89458
95534
77340
21255
98472
68006
966
45527
49301
75490
31340
64464
7877
82902
95640
60727
93039
16700
89077
19294
84589
16155
73718
53782
56423
97511
55439
59203
45461
22810
40920
19263
50826
35447
44713
22663
71914
90890
20007
58248
26721
25335
77923
1112
75958
96467
78268
51871
33184
94766
46253
13752
19631
27622
97499
43561
75008
40408
18845
21529
33673
38947
29377
14322
37216
4569
2343
93281
2470
72781
13035
35686
95690
27850
50584
79129
10895
8712
77098
30522
33741
34331
40176
72415
19236
11944
55695
69337
59157
6407
58309
86163
75263
94658
40896
54980
70163
79543
68631
62614
69818
60057
56608
73174
11411
43220
67005
73182
53481
40796
94373
80651
88359
25040
4718
8325
36021
18261
9714
14403
2710
35629
10519
92134
35486
56005
47429
82166
99443
80239
70550
38367
46428
14423
79578
77638
75019
99412
55308
69620
34466
32585
73153
72730
11669
61117
63518
68493
80054
35844
73732
16871
33265
6514
68757
85308
78224
14085
31256
40547
18682
62266
75180
48380
20648
82165
84304
91101
92827
82270
5462
96779
41916
27416
30955
46100
88743
64024
29985
26021
14595
86489
15646
30126
21751
37757
26843
16751
58639
82950
34010
30737
66124
1108
65114
52528
79425
33559
72598
69378
27950
70029
64525
5376
32162
73354
19094
33934
42315
93340
31237
72061
39851
19562
75119
69270
48299
97215
94189
49897
22602
89120
14898
78863
18769
10936
66087
25440
41603
78674
87863
42046
25041
63144
39369
54969
94708
60465
10343
80286
41164
26311
45612
2454
26157
79980
14819
45876
87606
87239
79538
38676
19638
62033
38588
29516
72658
15611
18637
62803
45972
95126
42485
91372
6503
61413
78260
34220
86472
18949
18306
15864
42811
10385
84498
43098
83785
14053
33421
66768
34431
86144
58925
84102
74223
12024
74945
38106
68854
48736
65096
47925
18573
26249
74227
36463
2202
49137
33508
52366
65051
91941
24455
13794
42998
75939
54529
54245
74914
79935
58465
99034
20618
91238
96986
99602
31921
16977
39971
10764
65366
16769
3724
4547
17997
13071
48214
53438
60166
85917
49313
21435
39285
33061
20975
27634
94458
2414
51678
6399
4592
61938
38023
22700
90591
46941
81829
24463
48164
29641
60960
97366
84770
26652
6591
56092
50783
83396
2865
39881
67280
59348
26152
69983
86644
65202
60317
55315
60685
74064
56334
68355
58747
32424
81143
92013
10362
52322
38188
91399
89370
33817
10723
25338
54778
71252
30676
76481
44525
83673
13975
95702
54294
62522
99054
1834
73205
21013
29634
88661
98417
4393
6184
23776
63792
60001
39327
16609
54716
54915
15594
1707
21567
21125
60045
72422
9851
15701
78821
20597
96278
16941
33191
14024
96164
36992
74114
72354
18199
27131
63056
82554
60552
25748
86132
82625
49039
87360
57116
9383
62677
86979
80698
96756
30292
51366
20680
28037
4524
85144
90039
53769
93095
90953
2917
24772
5413
87068
63932
37290
22591
45857
61521
62586
60507
29734
22683
3311
66140
95922
7851
62634
3085
52807
5014
70185
20261
57443
51294
44059
44743
76836
87970
42147
58556
64600
36990
73035
9540
26467
82456
54902
35892
6502
63712
85251
67404
91553
52188
8040
96696
9444
2829
94087
97233
81799
79526
12980
35608
53441
57067
39642
47505
92901
38126
37062
80541
58182
52988
16352
41492
39323
96770
48378
49990
51606
29473
54139
81738
54077
80759
44941
91629
91420
10737
48976
67583
28492
77079
25302
15898
13124
10389
47146
783
95450
33766
96701
56200
27286
16025
28837
36441
57428
91741
49987
13145
5268
27153
13955
95058
48649
30076
49222
3365
50844
36327
14428
50758
30420
43885
40151
84138
31497
27782
92953
75179
69923
43217
16937
95646
29722
73584
98786
31363
24758
32250
76060
93149
84211
72203
92564
55207
23165
4612
94410
35008
93750
62743
95480
84954
44083
27002
13912
2754
57409
64045
41101
16866
31949
66043
22408
67302
16064
62258
57196
60041
84101
77891
19571
32843
35810
42735
3832
85543
80275
4590
87762
6681
83086
95332
13854
20672
600
47696
54764
13904
41453
17522
661
39350
6713
33029
65223
25429
12355
58686
82852
68385
68061
81611
33524
47719
97490
71085
35765
67037
47621
66755
85464
9592
72552
61219
49419
5244
69570
87891
30906
56465
76372
5449
73311
47125
45913
64406
61589
72727
90860
54580
31012
24636
9665
45541
23361
79736
5286
14394
78895
82271
55217
71904
56478
45365
25747
47042
65988
45147
72285
47675
42725
24612
24426
9795
34138
91738
58867
78473
26440
84842
87240
98602
47499
76599
69046
72343
64089
94794
13709
26185
6684
66909
12117
85468
48303
76942
59068
96497
93578
62265
77379
14017
25908
78555
50662
88815
8938
25650
97127
66352
75374
70709
66801
30327
76541
98181
46969
35871
49668
14721
54391
88338
22476
49293
50631
14100
52579
23321
75191
86793
4786
77477
17563
47264
53921
47717
42551
57365
14427
38544
87882
17927
54905
98432
80785
35847
5507
87677
97651
47596
63296
64865
39495
45253
465
89489
29927
35809
87299
43203
30018
69920
69652
28388
77506
25610
1551
95921
60097
84613
4023
73887
25433
78053
37588
33845
21018
43262
20473
92867
87064
25730
27425
79295
65652
11035
87519
11963
86854
55768
18216
52431
14354
50425
76311
57910
33522
99979
60277
33376
74270
98154
78606
54154
91665
66024
77604
42945
57495
46596
35028
80755
67887
62819
79362
43250
71660
19234
13526
83034
80226
8218
15841
72227
1987
36271
30880
43909
5300
36700
25719
66704
3370
41069
54158
32998
90119
70592
57640
40622
86108
35603
14567
26210
34803
95900
75667
29511
43522
63840
12849
21366
19281
55454
54434
98725
72406
31484
43063
62840
11329
24244
61936
55155
832
54172
73132
87047
76066
83723
9114
37772
808
35557
82591
61374
77113
90288
78183
79919
39741
45373
44901
66620
1941
14036
61290
63868
29222
99421
62994
18182
75032
7623
87369
41005
67819
29410
13902
68889
53198
35409
26757
13871
16057
68083
75044
63325
51979
28420
43956
72234
52665
10663
81559
61842
68787
63108
46865
43191
5512
83341
6379
42316
63039
17636
4799
16034
97743
73774
58111
67632
71825
72928
60973
2619
19557
967
10058
74939
56941
53454
25137
78987
60541
7420
70452
43204
59992
54719
32893
27969
49823
2259
56094
92892
93181
64459
59031
3674
51216
80598
87288
50597
87949
41950
76057
36590
97390
47680
14812
19643
6260
26018
92363
72291
81903
31543
63411
39553
88994
2892
28687
6007
22652
59861
47275
21072
82881
12412
5231
44647
23458
92582
15005
69506
39278
32376
85581
55785
93978
31102
83555
56290
35206
86280
7125
94110
51969
97694
48552
82847
3448
4923
55030
10705
56591
64405
98290
96885
42777
29544
61010
30485
28490
3082
77690
84616
55070
58940
47179
15836
43206
95447
92056
39153
59673
59242
92450
16850
542
59748
62537
17393
8715
19988
34670
44177
28443
95303
61353
62831
77890
43150
42862
51893
94931
4903
33293
82089
50699
80030
54200
64790
18341
63723
5842
58471
70299
17405
57739
36471
82319
1446
46995
48318
60414
80831
87025
47054
14844
78045
33172
65127
10358
574
24740
75156
61104
75402
25573
70208
42568
587
20760
55529
76456
59368
74741
435
31066
85227
12625
29902
5719
1502
87693
53619
44436
41613
65810
91497
48442
44134
4853
26919
20312
44104
6119
1685
13070
27023
9054
45224
43602
10662
80492
89708
89654
75259
46299
42278
79960
57858
27201
67144
54696
17500
83825
31589
19144
1438
35586
22266
80270
81240
98780
91876
40671
27517
14281
35370
2488
29766
47512
83338
60599
15987
35740
56138
39037
34870
61182
1500
59044
68132
62808
73780
41230
83624
66291
61945
51838
15584
41788
94674
50585
69409
64510
49726
80658
18508
66375
53745
68532
37340
38660
98383
97249
44747
89533
43882
99121
56562
62224
10203
18265
59215
1011
77407
21058
30864
28657
44140
32474
51212
20795
95020
5098
97658
68948
32730
43576
83665
4388
43904
29376
5408
19193
64781
19141
65428
32437
54569
69318
34865
98425
21442
37718
40374
11979
87475
18099
36345
36832
93627
50791
42259
36742
96532
70182
6891
8304
52048
93743
29033
18158
32983
75630
28470
59420
42089
15948
78602
86734
29614
95634
42753
74108
37565
28112
69682
21783
95066
38159
79274
97207
64157
72664
68886
46179
64171
75297
85139
48629
76251
23824
3302
79597
66253
37780
59595
67920
89288
57301
52183
62874
69662
15119
59904
92020
43205
68116
92861
4220
9019
78716
89770
55798
52156
51141
53880
18697
98595
76270
60849
36087
82855
47171
50974
13970
65404
39979
64269
91934
67298
66285
76394
47428
35022
29759
99857
55411
74492
96588
5670
73434
37098
17056
74981
43223
43798
8371
35893
50944
43406
63034
83115
68003
20820
16002
65863
25699
90324
27289
16402
5667
41898
30583
75448
30825
65715
21338
85271
90050
45500
76076
27317
67919
47988
1775
59743
34019
54019
8308
82202
1081
548
48069
2368
6775
23201
45520
51757
14178
40880
44353
18381
24663
54256
85812
93495
74959
48030
31848
64611
71221
96665
41573
94649
21492
27715
42520
18260
75888
68551
60231
90657
21561
24088
5059
91333
67247
22388
81360
98758
68381
75459
2547
39043
3534
30141
47419
7670
17783
928
54887
8223
54371
77949
21535
11571
92606
93108
93401
76063
10400
54389
61753
10676
55913
69428
96217
12140
57894
96711
42456
64084
14405
32397
71051
99016
38148
25238
58538
46504
67511
14877
96967
97
29790
77672
50103
64769
46135
16227
37997
93650
32132
1755
50634
20210
95836
50346
82188
38599
5438
19304
57469
25247
75610
1644
75761
2300
47187
69558
17231
31723
21888
93285
46646
44154
65574
13985
40741
72815
78787
42897
66429
99188
71098
61644
98140
8419
4807
97271
1971
36885
97422
70879
62214
2357
44136
24340
26604
13741
78407
59690
20325
57249
69823
38387
47239
34260
9712
46750
64920
79741
96913
45652
30036
47808
18596
40175
23121
81379
94185
12354
28841
97196
39257
22768
28196
74490
20488
81297
23740
15491
61289
66415
63164
41170
13799
17282
20016
48465
54685
24402
42592
87153
97656
28169
36006
14343
63393
8986
61483
29844
46978
7373
35076
45259
15083
4755
22064
69545
86284
11281
82703
12084
59058
44500
84711
51516
85247
81793
35175
69931
25844
48200
38346
4639
24204
30470
16678
32657
50966
93985
2235
5331
24224
63645
93802
96101
33445
7566
98482
67177
86588
58462
1084
72466
97901
24122
78165
50041
78954
24697
28000
6794
64164
22660
61511
63265
60675
81756
19444
97367
56915
99362
58468
10317
23829
92772
42232
87981
63315
83807
38219
8689
70003
55274
31946
36428
19203
31643
77404
88976
71730
91669
64731
46730
88515
54970
4397
49164
32675
94230
73370
87394
87172
11173
91911
12345
57061
94207
54378
18019
53483
83285
51459
80545
9735
45557
84549
10043
78952
92683
10735
11241
38508
28989
93989
41064
35643
27046
33055
20162
74506
1842
5465
80099
73891
18401
66038
86258
69027
11089
14801
99549
92798
78186
56597
22861
59900
76697
29487
57457
46412
71029
53510
17644
11749
32608
78391
59864
35286
29313
56191
9506
43761
51360
77356
73763
30172
47905
68455
51352
86551
90846
82080
66065
74245
29518
86462
35578
57097
36729
61730
5709
37261
75586
68970
25394
65050
32937
9929
93003
89866
10268
42848
16268
65284
74881
76925
77187
94903
48540
55585
56643
33013
80305
39009
61899
57207
73110
38200
35793
80722
86004
94537
40715
6885
40148
2639
60834
14307
82092
85567
78310
2749
79457
86154
45057
99314
58569
91481
29431
71354
6208
83806
9632
46544
80260
74982
83713
16895
82122
4795
47571
48302
95650
31528
38612
68280
31726
31699
91240
50936
72779
54276
45411
70381
30169
95751
78996
26455
91609
55997
95024
69670
72654
76721
41959
89058
56927
90459
78335
14842
5797
69332
33647
27385
27778
63545
76449
64708
55016
1778
86014
59377
46220
47064
55580
60628
33287
89997
2089
5179
83314
87464
95158
44965
29549
57823
10113
93793
56757
11153
23735
21165
4478
99935
97607
94862
94665
5075
415
67179
2659
57777
30448
50227
58546
19125
72806
23073
50627
56435
42268
30367
49716
6934
34587
46595
27790
80706
33325
84814
88079
29548
90311
4699
79755
72820
15173
71519
64680
45690
61078
89510
58784
55692
70096
94634
11022
29213
73160
59159
24549
9159
37881
60764
71578
42646
84149
63244
87314
31093
97638
79808
56057
32259
46071
69393
44614
28889
38128
57350
58663
89270
76585
74040
90823
287
72076
37286
32216
99108
46925
99436
72657
1961
98213
78566
38912
79553
45617
46313
92434
59373
59571
1303
36689
46991
89284
94135
71033
32065
67365
33616
69214
19439
55128
27666
10888
52115
65505
59176
89397
11119
97450
31795
92791
75895
61107
97764
73760
28116
56726
80042
47357
12409
58398
27050
37220
51173
43
36376
20698
82120
21140
27357
88364
80520
84705
31737
6783
46286
92431
1719
75724
49606
11512
13387
22513
34959
3919
83648
15700
95458
86868
28060
39385
31966
32451
19873
38320
70605
34341
16051
4060
73532
73152
50275
85618
7201
6998
50424
98084
54231
53051
16250
7468
91940
7591
6803
95879
30269
37078
35507
46311
14563
46395
16848
70457
40090
59018
68742
68531
31452
79185
28411
10821
26525
51265
62493
75983
64043
58128
90438
1333
5508
56391
1338
8210
60174
46632
7630
53400
61188
70021
34735
53235
55758
9010
8280
41409
36261
50603
15862
89516
67165
93992
28170
27671
90703
32639
18498
85282
70090
48105
10340
55461
32681
93168
91909
71175
56571
50219
21113
82682
97043
66318
738
40942
92057
39544
68321
77462
60605
67995
86220
83866
51293
59019
69460
440
14540
20903
50461
37092
69836
82543
82252
39042
59937
26582
95093
20683
3307
65500
56500
27324
52211
1319
32191
80160
15775
36916
46317
44040
62360
90536
11053
84612
14654
97564
11521
45761
10449
94778
60669
61085
95488
32129
11386
68041
80033
75927
42983
42947
67392
22860
97334
37844
37054
28151
75703
69949
43740
44274
28124
46802
14358
67416
23743
35201
57607
64407
97601
31563
12884
75779
32488
44239
49610
45476
52741
5249
46590
34958
57652
93706
24637
5898
76388
93939
31071
85708
84688
20775
47251
18643
80686
16996
76832
65519
25077
69398
4167
96075
96002
20388
64277
82206
17102
388
91493
49186
43381
15620
48824
31302
403
91730
66139
29046
3592
87470
13324
82016
53408
50009
3802
57194
77590
58256
1649
23692
43134
69582
14594
46751
75660
89104
58301
52190
69930
66593
72139
20862
45877
82280
54515
90191
84876
15852
39331
99794
80178
48476
37938
55203
74843
50435
81304
74744
77111
78683
7827
44514
35027
42722
58650
78251
59983
7234
7232
91134
66672
75592
2452
48216
48223
61554
85010
8436
15784
70617
60707
62942
92283
7386
88444
39003
98733
48680
27791
59290
260
97374
28987
59843
78525
70628
53969
81416
72105
29105
67559
52703
91925
57477
29058
8457
63704
78264
40516
25402
81681
16551
70534
37
11418
17201
12064
25566
56364
49831
74718
22536
82825
98441
8980
5431
59590
46935
92768
70577
63191
69768
10131
66303
69047
50293
5272
375
94471
47230
67388
4746
93388
74393
33062
66246
68062
93141
93244
39275
60422
74352
38041
88074
49105
20064
68192
12028
21241
29009
74678
8915
52767
94939
78422
87884
53297
74342
86238
8492
21223
27948
57838
80245
11011
9448
74860
95668
44283
9329
31722
13506
64014
69578
1692
37766
64339
52938
76275
9732
64454
1050
46517
90355
46926
81962
35992
60350
66441
24437
74497
58591
97435
9107
11367
35090
82137
29262
59894
84528
7265
58855
307
1444
56874
7687
65713
26578
35366
4352
94828
30894
37815
75978
54694
80063
33820
54135
67577
3533
82524
45214
42369
89275
20326
54554
8923
8761
48193
64098
48672
33039
19300
6392
38022
26320
42399
15065
25096
7112
8937
62458
56517
63011
55824
83179
93513
68937
76859
48734
10214
43189
63348
6323
17771
90597
61821
28381
17177
84619
18724
39884
45543
98486
25632
90464
66333
77749
19906
3947
7703
93031
56139
45218
63911
31137
53303
59536
99659
49315
50542
92409
92547
74004
82811
76391
55880
74428
60829
68918
17060
2942
52647
6335
81026
60802
87159
52128
76574
17542
32643
69834
24030
16620
37887
23951
94910
53034
43686
81285
80656
41957
22108
54230
85528
2790
75625
40863
24064
6815
1618
72132
1921
60724
86529
75988
26410
15733
45958
28925
37793
14225
9214
20459
27589
14050
29486
50747
84957
23773
4497
14604
14404
55401
21373
29893
59122
80782
40199
55189
42587
19425
14399
15826
90429
35213
26924
27477
23826
79266
78761
75308
65264
56805
68096
55720
8197
59429
4695
87290
64501
75990
39742
10334
88260
82924
32486
23251
88892
87986
62639
38517
3431
35118
68198
35716
57170
64087
85188
5335
39306
42037
48086
45992
61719
79863
41066
49399
17944
56027
39203
56192
96349
54250
32096
34377
77299
36883
95858
82771
37439
76654
90778
12097
14766
93428
11900
49523
56202
87035
52930
14829
97337
23722
87984
21658
21854
59630
23997
39201
55223
47871
41744
65045
53813
71091
64282
25972
48172
37930
69464
7684
38223
98779
60920
59070
86580
73693
12399
28884
76231
46099
94111
69218
16410
80903
39053
89272
44710
55393
36554
79150
37113
49749
82128
89217
37065
50968
7746
92981
35530
65523
38794
50311
47472
23891
88094
74579
49674
46541
38529
14392
15158
49868
62499
38861
63567
14488
98724
29705
47277
90576
7000
99244
4850
4490
31764
15203
6440
76705
72173
50136
47207
98333
91962
28235
51233
13294
33557
9043
61786
62307
23696
64004
22268
51656
69132
4107
29519
65688
30768
71705
28199
79563
10881
94895
1738
41389
5253
55376
95575
81834
7387
32686
99019
27891
90458
96388
12124
19155
80938
56822
52825
14099
66787
99775
96050
63677
71626
37458
78893
97168
63851
90100
79064
63225
15526
40036
47169
1658
50484
81055
70972
98233
19022
69997
3528
12495
54020
44913
72882
40994
88573
15310
89412
79994
22604
39437
2049
14797
35569
31787
4781
78676
75399
6252
22499
39926
92669
93994
42390
20469
45235
36003
42796
73661
17581
88204
8983
92858
25555
9193
51805
40892
49201
98659
61542
41826
91039
90323
18496
11383
58084
43034
53662
85213
73206
65298
48055
74755
38513
79601
20014
34427
21103
55764
26450
95506
67641
99214
47847
63133
84460
35644
30732
44096
44632
35661
89144
36632
35767
8047
15315
89287
70748
80823
34996
99537
2910
94954
29286
97516
12676
28593
71373
53207
25691
85460
24704
44432
24478
33299
52729
34903
1125
23581
22876
87913
61596
51418
6483
57633
78713
37655
69844
2699
20794
80336
64403
34907
83614
68311
10642
56873
18714
57600
47622
14373
5495
71273
24979
79717
70863
39148
18624
94771
77181
74788
53427
38726
51933
24714
48663
83937
26643
50712
81361
39836
18534
74680
26287
78345
94549
56928
16430
85449
35540
37326
89112
45561
49819
20971
96033
42994
56477
42161
51498
13371
26226
33777
85327
37321
1178
22009
9756
82370
34061
77010
99778
17367
57605
27720
52750
85707
96975
59774
54783
27902
87277
76029
97534
44979
81421
42311
55570
67685
86277
46898
43264
15668
79882
15439
74806
80945
54121
98995
62899
77456
13977
95478
66208
26828
40800
99605
39806
66131
31576
96841
43604
40664
23267
60195
43296
2856
69401
64169
44725
3685
19597
36116
26791
61235
39761
5647
2713
44093
41555
17797
19783
55220
84178
30178
43447
32980
36173
89269
27916
8152
19732
77889
70456
40445
34274
29864
10184
47255
24219
6890
58565
75131
98336
67292
65923
57773
88807
27355
11780
34399
27941
85556
27436
49424
77296
56495
71405
97106
49014
31984
68673
48647
21875
24539
15848
89115
88625
32272
63205
69189
22008
31253
54157
95845
54614
93771
937
51965
47284
46159
36764
44730
5319
46320
63733
93723
79122
88300
4616
1770
24172
54203
58439
5184
22224
49135
11825
94118
31170
27213
94882
54772
99753
17242
21726
99442
22227
95413
67870
24223
16006
37746
43375
66080
48402
92093
7809
8795
85155
93444
7647
54105
79157
85905
37142
31443
86017
30430
26203
31975
79734
79735
60880
47894
60449
95868
15823
85607
67464
74990
57764
92037
18400
39135
98253
24576
23211
70307
80569
5626
88636
6642
33821
79383
87667
38004
77188
16744
80928
67512
36518
39668
43579
62347
99751
12746
18205
79345
22691
49876
16800
56232
13473
45390
83594
6898
81970
61435
56956
62894
926
29531
23733
83525
61851
17564
48310
24342
72546
73486
89683
16459
81518
90291
74965
45837
94300
85405
30546
40523
30348
84397
38631
62127
35339
9791
69939
88967
31517
27647
19524
73845
5919
72389
59950
60838
16702
91323
68450
53847
52085
36454
81532
3101
35510
84013
1864
35419
32174
92053
37848
91646
4066
41998
84863
13968
58201
47154
57089
92995
67639
72000
20875
84965
91811
30436
26995
30127
83384
84472
73415
23315
74244
33334
85087
43876
23970
38490
15583
37021
6284
2736
50716
43349
12514
38331
90895
34468
17661
30267
77403
6721
27361
22887
13051
6301
42562
61880
45645
7032
70438
71419
31495
29830
91587
64737
76476
57597
54104
5776
69927
37699
12575
21021
18916
28242
20480
29209
43637
41874
32669
95717
6647
1745
13325
6715
80051
26841
70014
76479
19649
26742
44813
68231
70272
27771
13727
5042
14767
7926
45328
75692
48370
51200
75663
41168
24373
47498
86244
37019
83889
25810
47489
72125
64794
64577
51553
46584
67382
61326
93931
40111
78966
98975
96473
70136
39319
77560
6153
26653
17219
93641
70352
50651
41126
68186
16734
82052
84690
45155
82962
56566
22413
60450
10913
75251
29667
88080
90294
86505
15092
29636
3829
96863
8224
300
90352
49909
37667
79575
30474
58590
71107
41034
22186
85349
69878
18885
76809
73705
4621
19585
29702
64796
98761
28789
51590
45343
24010
61127
27366
16211
32387
2674
5212
79687
30035
35725
77137
65352
30307
52651
38283
84104
42888
38832
79931
83148
76947
65783
80673
70963
25195
78158
87957
44515
89617
82398
45314
40276
44970
66818
32443
21791
74623
4389
81164
61774
18566
97555
19459
84002
71623
30173
1940
29887
29433
40568
73101
89699
23405
94359
78261
39908
5730
19876
82119
2013
8477
98863
61005
85781
28108
92413
33272
28406
55883
83629
79643
58355
10416
87952
9770
20684
35023
46416
60811
62891
79464
25454
48834
63597
83106
62568
11910
59587
22760
71999
72180
92184
91137
4764
60737
37884
74436
57021
46090
20199
85433
70010
32710
17107
49517
38724
13891
96585
7038
79873
67487
85224
48035
24735
58126
3595
38560
38646
15466
67800
9209
70831
58578
82670
45096
44942
26180
31835
17510
2201
60626
86635
20272
14776
99560
79652
86678
57815
41090
23858
9776
57079
16622
97270
25872
38432
83795
13747
34262
79056
55595
46638
789
61577
25966
2041
70471
47364
41953
57181
99231
56363
15617
97455
27113
44069
32816
44041
43460
72525
65381
31344
11897
9358
97723
80645
10932
81606
39793
75782
83146
72585
64718
16604
47963
88206
86188
18196
27673
31078
2687
11757
24364
61081
99863
87736
71142
2543
83073
10755
14727
70668
4262
81007
35128
73916
25959
31762
7378
70737
8423
97569
23744
13082
25942
22395
26471
63057
24607
84428
82390
13392
73467
65415
5563
68414
78598
13281
47426
81864
62032
37744
54332
42403
45758
14554
23399
90689
18762
68982
34144
67413
71372
7849
54377
61083
72905
37673
45362
8454
72349
2817
86141
86450
97812
3087
19450
46175
52986
45781
19069
50797
87042
24315
14820
16765
83154
42287
93453
44850
73812
62570
98460
75612
11004
2363
66146
92733
47392
93895
15489
44678
31287
60331
43243
15959
44624
36354
87506
16680
34730
36707
48101
9555
51713
69589
38828
69624
43992
53566
69269
94119
36817
88339
45654
7835
8895
79776
23153
65502
47294
53979
71538
94105
66734
78276
10569
61423
50446
51287
33026
21081
57028
10540
50888
97072
30671
29423
38988
87530
39827
88288
42244
55064
15865
13208
92992
4188
59032
10748
54236
35040
54275
34532
97742
79665
49393
29470
3363
67756
59618
64274
87030
40067
19119
82636
26515
35369
68439
14589
76981
94871
2582
35595
6314
99478
74117
69998
14106
3408
69343
9708
14884
63844
2334
48063
59227
59414
8760
12886
13406
43048
10991
47975
23430
233
69142
61260
76145
22858
17439
28473
61109
75132
22843
98506
97006
25058
61345
53615
18060
56403
26027
75569
21163
68482
89433
36744
35814
69213
6876
30937
24419
46653
23442
80013
11876
67007
71038
60019
43106
91036
52671
13219
71724
9717
2169
66824
4772
62315
45976
29412
4731
38627
23180
29163
65165
87894
20737
59415
9179
82114
50261
494
22821
32436
24170
7285
10185
91062
82355
80818
26963
15819
2738
81295
88306
58053
68296
14987
33809
79376
70756
36835
91347
25714
21262
78209
93882
99440
75166
53121
30095
45387
87580
8733
34152
38654
68907
30941
16688
32756
37080
62513
59083
18067
93782
53490
56453
81987
53360
78883
33096
19985
57403
46796
15897
11678
27429
83834
42867
51868
86730
97321
95282
40640
69470
87261
65349
24657
79215
61831
12949
52923
90501
71786
98805
55993
82570
67451
30690
28890
81041
10654
8059
3459
29753
71506
32095
26022
65279
60470
3949
15644
57451
58751
70656
34680
28339
53739
36052
9981
72651
5368
69934
80315
12512
95687
15287
18616
54320
18419
95535
36823
85321
34895
61955
44675
20575
46697
70414
92011
67153
77747
53687
35397
38028
41783
37107
51275
2217
69910
53863
83626
2702
33431
45496
45348
61563
5394
44575
10630
95666
63356
9327
45904
94587
57594
48300
91559
9518
20313
37031
87484
12464
77769
87046
37165
77242
22
9856
26774
14485
74818
62464
36730
73203
58724
53035
89729
23748
42711
78974
4513
43308
13924
61255
57313
22716
73765
19718
50922
55359
4215
1019
44139
75313
48317
22022
80868
50390
68922
75602
47106
5858
28052
17980
3569
721
13399
72954
56751
33451
16934
42765
85238
31613
84119
94431
41470
80949
56895
72391
32901
28775
88824
79819
54018
9128
42410
9046
1913
85698
32617
14317
23856
74603
32441
31652
89743
49623
19433
3264
86676
97829
94293
11314
21846
75431
40610
72219
22244
55817
95434
49061
10016
88583
28307
53070
38502
81508
27872
599
71407
83093
24883
5227
66497
27228
9672
36084
91795
55867
17469
86343
4396
69208
36787
13623
21175
6551
80356
83407
94768
46146
15749
13771
24685
70260
51932
37394
72639
74265
33505
62750
20921
33311
71355
74258
66052
45135
77231
64130
12598
28267
36867
70773
58586
25508
13857
89881
8609
53331
18801
52488
11890
21842
46804
88937
91627
29773
63515
83678
1277
86638
428
55457
34344
81241
28092
91715
22654
66257
64173
95452
46414
91047
31539
76178
61193
78379
20985
51004
36298
35157
2740
22367
81880
62786
67868
78731
71070
18875
47792
96061
6923
10980
60353
78623
91655
55073
77333
70920
23903
14639
29747
94023
45281
38606
98687
86624
2662
459
27372
36059
64998
62061
86871
15985
38493
27995
44583
48110
40966
42333
50592
17745
14641
1871
61889
23223
18645
55135
14119
60191
8495
49507
98714
2679
98799
59028
94434
28581
62020
8273
48104
24441
62939
15663
39209
95540
94138
2860
70040
72266
13988
92510
52898
42575
55804
91959
7179
22537
8516
15757
72555
47093
82931
3914
99500
15042
34664
2292
75991
82091
74681
59659
72609
66600
70282
52954
38918
71662
55382
58109
32236
87834
41683
67570
67010
10231
84695
8448
62143
62000
91429
69475
30498
68032
21324
89375
48922
98319
89964
81336
64467
95297
46371
16498
87821
94796
82004
37601
72845
43932
85824
47404
88194
94244
58628
25113
98528
32988
91978
41729
11133
23980
27195
20505
19319
42649
35392
22046
21193
66884
81574
68408
64935
42852
13431
26240
47660
51086
26996
8387
15008
1005
47107
64033
32994
56251
56407
45504
96446
32097
28485
37931
65605
33841
89634
33232
4070
19238
77540
32327
26066
48812
25417
91456
26669
23804
53508
76664
17986
34503
79482
11532
84607
8201
93707
48396
36264
80589
40212
20137
145
20216
88606
25600
90139
17627
61626
15859
45076
63917
22680
36497
10997
73010
93150
19283
5941
20554
15099
17933
51441
26116
56306
80678
42519
70678
19169
6640
9561
13214
2427
39068
53690
36119
14914
4223
533
63033
79545
18210
95602
71542
98705
73003
11451
72810
31374
41094
41855
98178
6959
67374
73096
27650
80124
61306
9816
14278
4217
72114
38339
82875
34437
87797
39034
33622
20150
72206
5725
49829
6742
20170
64682
2142
20611
59860
57602
19068
22745
71462
70138
71468
67617
2385
53920
276
99160
11845
67976
40649
69995
71894
82692
20789
54651
67508
48183
26726
19326
21700
9486
13024
17924
94559
73012
78413
5233
25241
34949
9308
90162
90544
96925
80913
49302
59446
61263
51565
39221
13410
15505
7514
58921
57697
45695
4504
34811
68093
14379
92632
1331
31210
89045
4694
36164
3718
89797
24751
6899
24963
6745
97035
97778
46038
29668
22145
776
37389
83730
69731
26946
56724
95238
99154
2788
95762
67609
75537
76068
88023
73087
14077
1494
37936
38256
93999
29982
39287
4037
40213
38307
71916
16280
81322
56997
80101
95099
7560
55433
28594
33931
52027
47699
56437
62343
11051
30660
34502
11117
98986
91046
36748
41886
11045
28711
64858
17376
75365
70909
86562
75662
37682
73747
91302
56536
86477
61019
26230
69479
83630
40146
55634
66312
11644
16525
51042
22155
48190
4281
64625
31819
35831
31275
61836
7573
94330
30812
9315
38139
57051
58103
71900
93426
708
41349
19186
12883
41156
28519
5628
3929
72899
86083
60406
77341
81918
12968
84795
14057
64719
96470
94698
36691
96260
44021
4145
32862
72812
88868
39849
8928
41172
44731
59668
72957
90952
27730
65400
90498
99257
24980
88382
27371
23473
94428
48161
53106
69556
91350
73879
15966
15758
62084
41537
77230
84773
38954
34087
90951
54385
35619
69144
36687
5067
29666
48189
38683
31145
25089
98453
50912
1133
5180
80208
36540
91320
16994
57072
3022
1168
96822
1040
11485
24862
56342
27165
28626
51844
29840
60436
75558
68302
87355
98954
10504
45618
26910
51691
16539
15141
50679
22533
12466
26050
32089
15554
1950
81708
31995
5596
15508
36771
18255
21864
60326
3828
79155
28345
31545
7058
53940
50820
58702
47967
88479
15787
28907
475
97430
87134
86835
59229
44466
75784
10478
6832
79398
85508
85395
66085
2990
31969
29141
26931
53931
44749
71319
87244
98790
59566
66714
79774
35350
37785
95266
34788
92862
92972
30745
61641
41667
91288
82968
59464
1160
40910
30333
65964
66408
59556
30882
78899
39498
88656
1984
83727
34754
28343
71962
25458
55165
65489
32318
63703
17663
70822
11297
14529
56147
59826
75690
77414
69924
82111
73680
88249
1047
10798
41109
602
36469
25196
68576
99781
32494
59663
12533
39226
18044
20601
651
64362
41932
483
89140
52811
22673
59412
54467
54237
20682
41751
10195
89734
86849
84646
8850
20329
64235
36437
29536
50734
75091
74416
32911
99732
61336
79195
17428
23889
96846
79420
12749
44986
55380
42898
40771
17252
69187
81486
56792
39532
24465
61602
44768
70952
64208
44616
47909
37812
27934
69300
53141
85565
35717
98873
2561
90521
82579
37811
22734
87209
83476
48287
802
24330
12938
9743
71268
1462
49978
76887
53527
21416
87180
59046
12023
48217
10213
23684
63139
66992
68185
84245
94686
99490
71532
76617
37441
20448
36611
4855
21362
45863
81961
56431
99047
27177
97580
54442
16970
21258
39271
79764
40012
64453
77952
44446
32824
73639
61796
39840
1035
39041
85363
21087
98678
80254
9760
93705
77831
99555
31606
80554
53104
43899
75588
83211
33321
50212
23109
57311
98025
96917
21499
70868
92131
50111
9582
85719
37187
69791
91341
61216
89354
15521
46640
61997
45394
20980
43457
26911
52808
37563
23407
37224
85096
35132
14071
86262
26265
22051
84739
11991
56018
52350
85674
76045
35101
8645
69093
64182
19321
1490
7505
31623
93709
52624
54972
57423
37096
53354
57266
48674
7
94598
10212
68900
94368
51286
49598
48466
59094
21311
64308
53699
20397
83418
24011
13417
26469
68000
44371
32220
30392
74911
3415
10239
5084
60511
5130
72838
52424
29232
95445
56701
21476
15693
87279
59316
50600
2698
29739
93145
11790
15183
78868
70280
31290
80180
15473
59206
85128
51886
24418
23095
10370
93839
42079
7416
76198
71423
92577
67974
58979
33185
2981
95453
23900
48899
41970
56595
93458
78100
74358
34864
73202
26980
65897
81009
39770
41352
20136
86969
86815
3092
48311
11006
91045
63713
37291
84907
46600
51784
47151
64556
25824
90872
12935
74238
15181
7087
32188
93313
66913
76183
27327
93572
37008
97650
51301
95725
63372
22156
37625
28278
39355
16796
62040
98160
23221
56695
32319
22074
16869
45513
96971
11815
98610
67347
66519
49968
23097
67284
95918
36797
60604
49073
70967
68555
72009
40252
89446
8992
67896
8754
3586
59324
23312
48417
11326
55466
13662
1022
57410
36072
81965
89
70941
10985
54288
31209
65061
71633
6987
61136
36711
28245
978
35988
21369
1229
53135
59349
95156
40762
7735
51384
90155
49312
82297
54695
12318
256
29777
74591
84111
60729
91813
35287
93354
74698
95341
26060
49762
80826
76211
90804
74348
30714
68098
45975
37979
81956
29146
67200
45215
41511
54528
97693
8416
24099
97042
25124
38524
33896
47630
65762
4041
9857
20770
89614
35458
42218
6098
62584
96112
91366
47506
77394
31625
70820
57085
89632
48320
26048
9275
78246
49328
18994
9923
935
62938
51756
64852
32902
35842
99919
54006
55141
33906
94507
53281
45311
85808
23645
28738
24320
87459
6870
42227
48401
14868
34966
52274
91289
99950
79715
8039
10965
87721
36232
86561
19408
59932
42198
45202
32829
42748
97497
94502
659
55552
35382
31241
80662
58370
23966
91332
26290
4661
31121
19726
18302
44216
81927
48448
62507
27155
41346
27348
13575
82648
4939
51263
79191
45538
30413
10279
30489
38271
59948
16260
87568
14048
59025
36200
37317
36794
12314
62681
66511
5119
26272
79667
56390
69609
81513
34842
4304
33718
72577
85858
52700
11496
41624
95792
17490
18433
46116
73104
39616
59944
91457
25450
83372
42356
12946
26433
23236
52229
30217
88897
25266
24619
76397
95423
41706
66842
45843
19533
82503
35030
68760
57230
12852
66807
32487
23093
36712
46466
55266
35390
11959
20195
9843
85141
24654
52851
35905
25244
86578
42116
59112
34137
4303
56679
88772
19777
5375
20984
84106
13899
95188
76621
72791
11291
72553
44695
80562
51467
54395
38371
95806
65253
98073
9661
49323
52949
98291
91583
66190
92403
85928
5713
44863
84928
15195
93118
32001
80683
34614
50267
62561
56563
50886
84468
40760
50222
89401
83107
61981
87202
18248
43585
82954
86294
85384
28133
42844
25306
18937
84341
27359
26638
93632
42538
82389
92293
24120
10154
790
10804
89992
14368
58124
43237
12103
52286
82198
49383
20208
47716
91803
95865
96912
13233
82964
6146
87718
50789
92324
9706
7692
8720
89321
56408
13034
67510
84103
25010
60145
17695
95316
85687
58490
7629
54226
46657
82356
47010
80299
35326
67125
89659
69417
98898
81324
28207
67978
85245
52460
79109
7674
10115
4324
78506
59578
27752
93865
2885
14719
34988
75547
81777
93636
60555
52820
81600
89068
60648
88312
30551
42793
879
70128
34936
631
70198
27849
77709
68991
16159
88874
40358
25167
28839
85980
85322
72520
81326
23009
88586
46848
90927
52778
46685
94058
82235
36740
28928
82321
53193
1097
54548
64579
80665
63172
17621
62574
68692
39678
71053
46445
98901
51356
27298
14220
34421
20324
51569
61875
53788
79616
34432
21887
43535
2152
50915
42235
91123
13310
27784
52495
3604
90163
5433
16067
43933
97330
26788
66004
49688
75915
39866
32476
54714
38438
43861
13309
39693
56541
40330
6046
84659
19106
80231
67863
65431
47816
2479
92326
29601
40225
176
72462
69433
38007
20580
14651
61993
20019
33414
6678
46174
58371
36103
56618
4997
3326
90012
36929
39824
38503
14758
35405
95899
65414
81175
34628
96141
60821
24947
71595
61529
5752
86428
39482
37129
25346
16038
38547
27251
95547
43716
24024
97604
62111
26908
16142
35770
92533
14618
32029
17437
30022
56985
10696
21419
46727
1580
8249
27448
6221
27523
28666
10563
22935
90874
29977
83735
54639
43288
8946
51804
57645
75950
56183
46448
13003
16544
81162
45
25384
60776
28893
80017
84161
33494
45540
95408
23863
48692
31562
87635
4502
85931
94339
16484
63528
39938
89339
56727
98845
43924
4553
85275
77284
67607
40707
49781
51772
70257
13488
42391
22442
97244
89442
29525
22900
73111
69538
3333
36372
36343
12834
58889
37561
85750
90948
38830
92080
28733
21731
7365
91626
77815
62753
23196
53650
14421
14875
92107
45831
9031
59024
40698
10414
75638
87252
81876
26568
18235
20905
80515
42222
91404
96723
81946
23840
53672
93258
58583
49543
33453
78344
99104
42143
51477
70093
83715
30553
80334
96952
54893
7654
80988
4415
5296
59824
55669
91141
56630
25825
17709
80517
13000
29853
33789
8674
47228
15597
8601
51693
95378
30638
5282
66577
30785
38225
7286
26004
76594
1926
19211
80616
5329
79197
51078
2668
50985
1936
40949
50460
70240
6986
8753
31159
56411
89735
29789
78976
61972
7546
83010
41657
77012
99271
24332
12397
62622
28861
59647
2068
50877
36669
70638
11907
86547
45486
36081
39671
11147
98569
57975
9362
74730
70654
33077
4099
11368
13592
24638
30457
39095
40409
32985
2440
30639
3617
86794
43590
13254
933
88254
61593
67699
31554
2233
1625
78197
44467
69912
47490
56600
25807
3244
58199
81303
66788
93733
1854
10583
72290
88629
8965
11716
27938
70067
21169
38557
28349
44265
60188
44711
85233
91907
69807
8208
57892
28205
9102
94447
57967
77636
7301
41503
60257
53259
83631
46004
33926
83767
97690
69277
88678
14416
27655
79501
29073
41623
91147
14321
84648
59515
27306
37331
27196
16612
28882
9167
74102
50359
90399
49445
35664
40007
40509
6608
43875
15745
71490
49789
31077
31769
7156
76560
98045
77055
87978
67589
98150
44684
52792
56508
49812
91164
37600
38377
88694
96810
83385
53284
86636
417
88167
26404
3835
98446
55766
47104
12100
54375
52426
36944
16047
86043
59499
54583
89940
60199
32647
36017
45983
52655
74274
10964
57363
87204
66763
14730
74799
91455
79125
54167
46461
22754
67879
53701
46880
8188
63975
62141
69370
67097
3752
55822
86895
66182
4140
16191
37551
84779
55667
47223
43110
63542
36122
36999
86532
59005
8360
37268
29715
47543
70439
38796
74403
26985
11591
6544
67613
23417
5141
11165
75394
54302
81439
12310
53304
40530
16354
76329
76286
44693
10141
97967
59888
99452
66347
37084
86360
79962
11
46057
66243
14732
94738
76779
69928
99003
55908
47222
29265
24749
97274
90812
92771
41735
81136
5992
65420
78036
36785
84045
86338
63047
21406
82833
71912
63319
80918
9516
96525
89838
34170
68888
61380
31076
82545
33734
13299
91697
1111
4093
64758
61112
4020
44112
73787
8540
4384
2564
25160
82694
52147
17466
12479
28430
79905
60047
37164
85660
17777
26277
29961
31493
33468
48914
61716
20531
54854
17246
36978
45121
37767
43591
65726
43609
98754
14911
15829
27911
7205
52458
71163
60941
33067
66307
64008
38792
9826
50246
55698
66283
7053
74076
16273
81142
58894
68773
72314
45395
48484
40056
63494
56587
16726
59787
15228
29524
62118
88266
717
80241
97304
74435
22291
15050
61384
78487
68810
66224
26453
14079
40088
69815
14994
90023
53649
32050
69473
11779
10307
88391
22848
96362
84471
89411
68230
14034
75410
19550
33257
72559
96179
75488
94284
77206
15345
39445
21321
41856
30525
14089
52248
91075
59280
62644
8545
40552
75989
23420
57719
81896
76213
35051
95541
14816
48060
73548
21451
43371
24896
11319
96813
81972
91926
87385
61630
9563
98049
18116
28051
72101
27918
77396
59718
43369
71307
93130
3133
14074
68739
84574
80853
45182
12901
89301
8205
90120
31333
92071
52827
65230
10808
36113
48859
22088
14518
42798
33310
18251
19664
8404
57036
77643
29015
77001
36386
49001
61927
24874
99404
16851
68180
10773
58315
44443
63877
68088
30405
46001
86557
59194
12372
78998
96809
81488
17463
58006
33240
27613
92386
36677
58891
20828
97483
60551
57825
86081
23285
35163
95130
74486
31937
96617
79858
17659
22379
27842
37926
83305
18152
93820
34768
93921
28564
18410
72497
22580
33933
53063
47497
75871
17968
9385
60211
22856
84785
41210
14388
85571
72622
15992
76126
21401
76921
80476
30843
813
21833
29267
39151
60874
45736
60338
74664
25048
94512
60652
92062
57901
99715
20865
78189
5315
62128
99172
48970
9330
74
855
67846
66637
42327
41583
89569
31992
63783
51403
69153
31133
95272
2302
12141
13691
28751
63337
72901
97391
55143
8864
22831
88569
21222
5698
93159
82043
17126
54864
89605
22436
88393
50866
14197
5676
32369
43720
27756
93434
48113
72755
37991
36389
57576
72090
50439
52491
79373
66573
68165
73556
68298
7046
15094
15425
54880
3337
24021
26312
28263
87643
95723
24261
9252
91791
94073
81821
64835
64035
56809
91498
76243
60617
74007
11040
63443
56628
12188
99674
69353
23224
38590
91330
58333
3783
82645
65562
93638
30862
98654
19201
23557
4095
43292
27608
52232
16276
6799
2925
85274
99274
31839
39440
54955
88595
49927
46813
85033
47566
73735
60105
39572
21505
14531
94995
92563
47865
38171
87453
70322
12894
41863
84991
55118
44279
54973
85908
9204
87796
70081
65472
77248
52137
91624
5530
26711
59988
89076
27406
81506
54866
86442
2270
51963
51676
2416
72307
56159
998
72902
44030
52478
65835
30838
52164
34770
11608
19278
85399
23481
13966
81973
77881
79983
95908
58849
8673
65718
14391
59927
14263
58451
17857
61581
11300
34458
74517
91170
90367
50151
38254
2859
70126
82113
59779
91488
38298
94887
44100
90528
58911
54878
28673
17875
84709
13316
35143
58664
30817
87053
94297
34586
39317
69273
40218
72168
85620
63779
67553
699
43569
72689
90354
68701
33723
83883
14286
39684
27579
67142
98487
99539
10323
39106
44670
11936
69172
33740
17582
74559
17032
40483
64144
44618
49981
99356
237
88055
29482
23085
66083
46042
45083
1805
1043
26475
67688
70196
66978
3784
41444
29197
14138
50462
38429
76927
28569
42027
39975
81692
12903
64900
43192
35457
581
82897
72673
86590
20378
5707
41148
35872
58927
69339
74374
6057
20833
84107
27463
23429
15613
14774
49763
67390
133
16400
28520
69526
43922
99416
59222
45109
87550
24575
14744
10128
12217
1306
67133
31926
37474
9974
21461
68417
86295
72600
49249
67831
87020
84539
77673
44217
26434
95754
66181
26474
25114
80144
46271
94906
16242
34212
35977
85923
20607
58917
52769
26883
27755
32211
48382
27168
83830
14971
74338
87366
30514
95438
2051
37669
47252
57222
5767
2798
76018
53749
89427
1823
43129
75322
41448
97500
93101
34446
38746
93368
1079
43444
31255
49957
81095
30516
68527
11417
53600
64926
72118
6680
69525
37575
17807
18550
81995
76266
69207
13903
98777
21292
3701
20573
61218
95637
6377
6002
27571
47526
11866
50152
7200
71689
95174
56950
42042
74682
80379
40986
35318
85145
34066
5748
29138
22391
57042
90973
36319
12972
86803
66427
56610
45969
56993
61812
54870
27702
37921
75341
1406
62696
18242
21423
50229
26771
64799
23018
70203
36285
91903
66015
70359
575
56317
83489
97626
94040
15049
14338
20224
22973
64573
33584
23328
76221
26159
38495
47635
953
66424
56201
96336
55047
19126
81153
98301
16624
12759
29974
85350
79216
59977
14856
77011
81551
78822
56912
84434
76488
73381
53492
60220
23911
63714
45424
92176
58785
65232
27408
75125
66489
15412
91771
3909
71282
52958
84769
11379
10590
54222
82462
9916
17354
11627
30883
89862
74778
44967
24856
68751
97641
69262
5571
35690
2468
78062
82494
50579
70800
54005
49923
51630
45738
66245
17972
76215
63451
3543
33099
21086
81888
66864
51567
81916
9162
5633
54233
85432
85162
14902
91202
50482
55
70837
43361
82285
24793
79517
25079
31808
65053
57606
79060
8298
7984
48081
22944
98892
71440
93665
99504
18243
10905
98692
83605
60489
79976
1761
17269
15920
23540
19602
62528
60586
99265
28149
73725
52220
57581
96404
28219
84309
57007
10956
85004
80981
69630
22496
91040
92756
76962
79239
98142
18083
76002
59245
94089
99036
26257
93885
42802
95421
9248
83950
90609
5041
2524
55145
79924
20080
1915
89462
29865
6936
56965
85967
77300
50466
71102
24035
57416
43339
53055
78135
14872
44916
31196
90844
74901
59600
52272
45733
87763
81572
40585
44990
89097
11698
75519
5652
32900
68567
12630
75273
65549
98192
38556
55464
57419
83324
91910
99717
99983
55973
99679
43987
93483
83145
45492
79437
66092
7212
55147
76077
49807
23547
76015
85712
99869
23793
3009
33567
12682
57120
84168
79845
91269
58146
21171
37018
92370
85339
20071
27548
13607
29821
53910
25765
70281
13046
93437
53329
48855
46219
26625
35075
45449
19773
39422
11805
13956
72514
49906
61151
60291
28587
13671
7204
37392
80167
31595
14270
61949
57715
92680
98515
11878
24580
71972
15939
12926
10167
77135
41561
53564
15344
74197
51339
59754
46634
69240
37354
82650
6466
6177
43283
25108
28905
49322
1695
44746
54532
72084
95013
76250
79587
21965
77583
21755
79021
11397
8912
77064
58753
35912
28160
36557
63988
56749
73994
73390
23553
53341
72554
21128
98998
97445
14778
6061
41760
92478
52533
4690
35788
26892
90010
59503
97295
55127
7586
65036
74143
47932
17042
71980
81277
7780
19700
41941
64621
31227
87789
49203
40035
83845
5825
13724
24504
89559
4622
13617
92394
26681
1008
45664
82017
70988
12872
82150
48255
16203
20671
84132
27061
83240
57555
93517
61
90925
25546
56091
78113
96200
20623
30881
28719
3809
30594
12823
79525
91432
26348
63
49951
17264
42806
68100
35580
77165
26513
99905
28440
87502
4187
55835
90407
86156
97180
92899
78229
79958
44009
59478
49499
13453
12300
2873
30532
70645
3494
88209
82695
96042
63442
44334
75567
51001
77125
54612
10027
40159
88838
92520
92796
47641
52004
68431
49454
76880
29399
66451
37890
72065
13837
14035
42812
76757
32271
88948
3717
21348
98614
65398
88527
60556
24608
7559
72890
91014
35151
56704
7789
18517
3399
25224
80748
49051
10126
13571
87842
21327
57653
64595
26328
65979
23620
45150
65358
94677
50316
50090
97032
49269
71332
53049
40023
72346
73341
4118
91155
6257
11455
81144
30749
55885
66249
45840
2720
62372
34255
9869
21665
68873
11375
91643
49888
95226
75925
75065
10127
2675
23374
34950
75143
29678
96521
86201
45079
69579
12286
95242
86425
19290
88963
98611
25099
17408
94807
42191
65954
48151
81997
85566
17985
89986
48967
21457
82699
76556
64859
54770
77408
43554
64071
15957
7763
88751
33440
32801
11177
67952
84751
83663
87431
30746
3012
84871
94121
11073
88187
28694
52878
38291
73961
82712
77175
4277
42455
38426
71627
34906
592
29261
63232
69734
41615
23016
70380
30962
75384
90245
8428
84276
71621
84832
44871
97322
93943
29019
36577
9741
43065
87107
25412
45635
48419
65413
43645
57620
6532
35850
34214
35067
50140
46999
78845
66526
13987
15876
17295
14770
86459
34729
81502
6714
95731
94533
43667
57010
44087
74479
51266
99925
71925
18891
89260
70490
15014
74950
59881
90540
72692
53099
7847
36031
50092
39719
65069
96393
28824
22803
55693
2852
73343
29857
43019
29096
45696
30571
52017
54244
37617
92619
95880
33702
16802
96768
50896
17190
56287
54801
80531
6071
23482
48483
68874
77044
65028
5219
83329
5926
25212
37838
86516
22152
96536
61712
17398
82860
82967
73148
73430
52829
41796
14093
49586
11640
65758
92091
5829
63503
1556
4448
30506
72716
23661
69264
66096
32611
85539
61243
73795
31470
3187
22426
15431
69856
12391
34901
44415
59213
26113
57854
5501
54967
2158
29493
95089
18133
46302
72925
8580
13438
41181
97300
44888
65013
23759
53818
54264
71149
96559
52725
10580
3204
1750
52751
79708
30569
23533
47647
86498
4703
57864
38925
2298
31640
2830
36634
21868
33912
66692
42831
78852
94389
99997
27572
83546
83051
45315
67355
12730
81093
65965
72677
46167
44198
53942
22892
18874
42752
99577
38851
43747
35775
65517
9355
18041
67814
46510
90416
15588
59344
25567
86596
28065
44044
8717
99451
52323
23801
67449
57886
1678
65353
48866
84387
76244
12119
34745
54665
4283
10313
75226
37695
13863
60797
47826
23742
51946
39131
41120
24810
29178
32641
24584
36303
14815
22143
63933
53471
13428
71933
38993
26620
75684
47651
82974
43989
90486
8180
88702
18996
93022
76144
18522
78234
68453
45354
78256
20252
35822
96022
27149
3931
3806
3859
66805
75884
25703
16489
18745
31673
46027
44259
97488
50667
88908
14740
91706
54810
17089
6132
26685
67524
69819
25570
44653
48504
67933
51054
20561
21866
47492
54572
36260
71622
58321
70497
38586
17172
29242
46140
78908
87284
69384
25881
20734
8343
22841
64802
42892
15379
71597
86897
54346
66018
73020
30463
98598
65891
57148
1351
35267
10403
92856
49004
87458
96085
19510
59302
26223
20291
91160
87510
55658
90572
6196
82584
72379
67238
93898
10512
45472
60592
73742
85057
71704
120
5541
56294
57579
94173
53764
53786
58729
20598
76986
99052
54351
89234
7049
3106
77153
22300
14814
38428
67135
20751
49841
97296
75314
39981
45070
4802
52071
79182
38112
73484
56819
83869
96539
20963
65975
92242
1943
77562
79582
49737
7323
24020
34537
9902
44883
73344
5255
56448
14575
51341
13391
52487
77610
27270
77198
33394
46512
2578
55204
52718
69514
10346
62754
14526
76777
17967
96028
46950
53108
95050
31124
69048
39018
49626
89194
45289
19871
11664
22885
86275
73630
59696
61034
76195
73480
36378
96767
22109
48772
99359
85240
30728
80690
39989
82149
81530
78213
42429
38392
35312
48140
33478
24263
81074
924
44360
38129
93864
32057
49481
63990
6740
28976
58139
43398
3348
20512
28842
76815
58734
16762
98400
51540
27996
40598
79630
42780
74934
62739
8786
58901
92712
8082
55499
87033
31202
75168
29854
41087
76224
2773
16330
56145
27188
45824
81389
14104
94318
64975
757
1585
76745
46563
82757
59836
31018
62516
39290
39467
69896
62512
68090
80264
15728
22185
49337
88562
25837
29741
86691
69194
89693
68291
27443
40470
46344
81954
26785
33060
1781
42436
75734
5051
80685
43149
63214
72946
7675
54431
17893
89979
22800
76163
28799
97517
66797
32456
84757
56712
2304
26909
31489
15323
71820
91637
89990
21623
93188
98875
71696
52607
48530
18760
68348
90211
23380
53651
71673
32198
64636
94710
84396
13010
75349
25097
41032
1547
95978
28132
343
92842
65580
68743
48295
13468
94975
99841
20690
3450
86732
51438
37055
17710
94899
61717
35354
58935
30265
81695
68966
78342
72826
6817
74132
91229
47059
23973
26831
98710
37403
64735
59374
71924
69206
4499
22776
89737
74764
39052
52604
91271
75006
25895
31978
43013
59685
81422
80812
67270
8799
79257
7793
23291
7464
6368
31521
76767
86061
83978
88322
93488
58748
91187
24301
32180
22500
83287
59275
36804
23539
22104
40461
63082
9562
18538
42739
52740
15326
59811
33663
33784
75440
60575
45973
91131
62022
58516
37734
62643
75482
19596
22212
7324
96878
93617
39986
20305
81035
75603
17524
1892
50919
28686
85600
82366
63427
40536
64165
40170
61594
13095
12636
40124
5864
29933
35714
42127
51097
12223
5778
26692
22736
15191
3936
647
78660
7880
97130
20066
75024
41406
42566
62514
21811
92906
27749
69469
85970
8784
2240
53721
82514
79586
23779
89167
70481
77043
69933
56438
27445
54120
93926
9784
55493
82549
84517
66006
76985
40724
98829
53565
20954
61148
62533
59110
58410
32024
85502
5312
37852
29618
20438
46681
55901
32047
11668
83483
66240
87486
73703
22234
40993
86256
67582
21624
79945
78307
34798
10433
70139
42990
41682
89476
36657
71451
12716
51165
33302
15468
78267
38747
73832
57438
93046
23074
86907
88203
80767
83477
62906
21805
84160
80646
81755
23841
99745
62042
55508
59284
43715
45836
79503
71774
16832
7254
53964
47205
80028
42294
38306
22179
72771
81698
88422
80436
78443
61276
45212
31603
99812
30376
42561
61620
53700
20754
75333
66853
66236
89294
97114
18440
79382
12742
5073
99438
68092
93477
90905
30698
80085
22197
28930
38672
55150
67296
9427
42133
81707
58693
55479
77915
32012
15587
15548
13766
15263
8632
61819
5023
51374
40615
34507
6150
58648
41812
54314
53861
74970
5873
92150
9304
61550
82011
38592
12651
75841
86066
68755
59712
73944
64624
78906
38809
72515
2528
51280
54249
36305
60933
56838
48620
44308
59848
53444
8862
3778
52292
7995
15372
88543
31043
67680
44065
96443
63466
77564
62189
79949
31965
78305
37494
54715
95298
43571
23633
99707
98497
34816
73527
99689
36262
30303
7978
48611
65707
5737
29136
91954
91677
59711
61293
21752
97037
98156
82899
59975
60390
55875
5717
6173
76399
88965
67189
23123
21571
4794
3679
61099
42367
19505
2183
62448
6083
8821
23167
6770
74388
62409
19229
72477
3117
35727
45885
35360
99277
85815
41849
64322
74249
41045
31499
90626
81758
77049
4543
89982
22353
39821
54039
39122
74012
5505
12370
56293
89327
71771
76703
41575
7672
97149
64692
62903
28706
13322
33455
36862
65646
97850
36313
48244
10443
6230
30151
9042
20445
11492
7571
55458
88514
79955
14030
14455
21254
37749
19574
59237
73494
78382
2796
70064
81855
18136
63285
24881
98304
40948
60379
49358
27091
60629
71634
60848
58072
95715
99589
75272
40700
83902
10545
24992
23663
5874
35687
11840
88256
26047
86216
27255
43390
77352
50751
86106
81687
34376
80292
45770
23283
35837
29253
83091
42439
1525
85059
45926
13751
46702
766
84756
23307
65956
27258
63757
54284
23996
12359
93787
71489
11346
52518
42755
99292
2205
44981
88331
64172
52902
76398
57723
14976
54576
46125
81368
3675
22723
63036
35414
97092
22524
48185
60795
77136
95889
23373
66411
80303
37888
12580
65513
66082
54934
56713
38739
42978
92466
3029
60887
6331
33686
17446
62948
43620
35742
3868
93582
3923
1772
35877
60975
42908
72558
27598
42370
88520
5819
85368
91199
95459
66994
82632
59632
6930
32688
31879
16689
38767
52795
61740
26037
17996
3939
23488
56783
20176
15715
17489
43520
32742
12614
6624
23831
83853
51563
58670
1857
62581
37370
69649
68055
75497
4882
81214
52713
89936
59987
13719
2631
72164
2831
46376
50847
21779
68890
53540
87440
83519
32802
74431
99126
22302
94396
53909
59745
21551
89978
96135
49746
85052
97505
29570
3439
24072
42935
22486
39310
16373
60409
91219
32461
36181
99006
61475
82351
34340
71376
76566
65450
24135
29628
20777
92385
45485
15426
10740
47456
42526
22923
25712
2934
26155
36659
46142
50964
97772
56543
86189
4951
97866
68171
36813
26006
69704
49579
55168
24285
25446
40123
80702
23217
42792
67526
31885
79502
59981
38707
67181
16020
81610
21189
90861
12179
76506
6829
72292
72323
77009
85265
69462
79089
21656
13305
56756
93202
47020
67389
68616
12518
28064
12240
78540
23311
23852
93591
46455
61781
32432
19370
36201
40041
74397
8834
24034
39352
18219
36875
61077
47208
97612
5679
15093
84010
62936
26105
38901
55989
72660
33650
86788
13381
44974
12486
80667
21956
47609
55954
71263
77000
51172
97240
8431
47416
45402
32651
98303
45290
39736
2061
56399
28596
25603
67401
9178
10618
25399
1566
95968
83695
85941
75055
51389
78047
64756
58035
29956
32672
22491
75616
38134
95719
48440
90561
67095
97905
81693
40392
71978
7938
35858
46097
11412
7128
23644
20803
44890
52512
46762
42426
17333
55539
46180
28255
54624
6312
88402
80269
53766
38582
14001
75856
36290
40044
57462
48868
23642
71271
94130
91086
12125
78654
21062
28662
66467
82606
52821
74367
98657
88057
33983
46033
77772
59815
60609
32938
93556
4231
2436
50265
5458
80532
62883
40590
64533
79399
85780
19839
406
2787
32400
3104
60851
58860
34972
84004
14012
48697
36960
91144
18024
28845
41177
60842
86111
41059
22065
43094
78933
18866
72297
45323
43929
38340
10861
34847
25883
54010
22771
97525
96037
29443
62830
84726
46063
96886
17268
62852
16000
19266
66988
4823
13454
1289
57985
73892
16595
19369
20373
52241
76681
93969
12500
45047
54393
46534
73881
12079
81130
10402
11122
52605
94791
74674
15782
44485
30213
74153
92377
83608
59790
14718
78488
93646
64027
26366
78715
99042
19817
80397
83456
11321
89938
52570
31778
23985
76555
26062
3505
52598
29828
3435
17913
25110
8570
89474
13199
4697
29769
63083
99808
6801
82479
50687
89958
58266
60005
5100
78629
49955
52498
99236
76509
22326
20676
89561
89075
27267
26121
47528
38176
63377
13212
72831
1427
20456
15592
68549
5734
34508
28487
80293
34836
64507
35208
71432
29658
51102
78544
5457
50354
22038
84147
28248
30711
69882
94351
48015
38222
30666
87723
76503
85032
85690
73526
58629
1126
17526
32512
63148
99980
55527
89063
89202
49818
39566
49332
52640
74783
16691
50278
95848
90046
57017
18162
75982
22550
565
74516
64981
56755
71031
46962
10037
1671
41690
86645
48565
19632
38585
7258
98200
59288
44833
60315
51073
7665
78004
64107
4028
64011
51284
7771
18532
25996
53095
1321
40822
87444
51636
37602
36186
69169
40845
6582
98207
31609
60477
84970
90523
53285
41717
91435
1334
81354
73193
30404
69325
24625
84509
77285
93742
35886
45029
48491
16108
65943
74015
50203
68865
53578
80024
11032
72766
86824
3691
89640
66264
14503
82212
10482
49225
38133
28621
79356
81978
78817
7973
87026
80879
18537
91016
67575
54919
63312
65872
87556
32791
29351
51541
71358
99461
95914
48357
36033
56590
59773
57231
62877
75307
42220
69410
73831
923
39358
9777
82399
4894
18549
52749
56710
9609
3959
52226
21101
95995
90559
11679
91515
88554
93952
85268
72060
99640
87178
92181
33247
18282
12261
67141
15360
31026
9246
90991
27694
66122
71779
27607
73679
99586
76174
89152
4206
31383
75250
25367
26733
13054
37915
83877
66940
78470
76598
73281
45741
28208
64216
28757
24413
14543
70540
55238
29597
77699
22277
56969
39614
63699
49614
96877
36839
21177
51150
16666
44312
85107
92816
51444
8023
76911
62719
37623
96827
7806
43135
7906
32799
501
98763
91216
45312
48019
41688
6408
17444
15051
10684
28212
37176
46748
63423
74888
43879
36045
34033
92471
15224
19468
30353
91000
22795
35417
27967
28511
45376
45270
30723
92952
10508
15182
18479
32635
13642
77653
24528
52039
93086
28501
81875
69070
25576
3557
67847
6207
33393
61855
47658
79225
50671
41326
31725
25995
49546
64567
48196
20970
7605
27615
64876
6299
80859
84122
80860
92958
79658
59675
50139
29394
81892
25091
67807
79394
80966
10535
98559
92168
25733
36452
91033
59729
53728
40647
93347
65632
49938
29732
13517
36585
19049
15442
67475
74177
36989
98074
93785
85705
68952
31143
94324
41911
37047
7147
10683
77214
77272
97187
7807
38127
2491
25172
95546
83632
57087
99289
14984
64994
8933
47266
52442
33612
42639
81763
73103
66381
77606
28620
20240
40313
32060
45888
12030
14537
31479
64695
82513
35342
21810
63201
30218
87328
26516
85127
15902
75764
85866
76102
26770
81372
90296
76363
95185
81033
10319
23571
13810
75628
88205
12401
75615
81028
87776
5935
67927
61116
86841
45939
87620
97214
10216
44930
69764
27186
84983
72458
72630
94760
43805
45469
47090
50727
63306
67084
79071
97237
68909
59666
61190
94639
42206
77353
90783
97479
74890
73618
64797
47725
47590
25723
3381
52602
96612
12793
30063
48576
7036
90892
25930
95343
88400
90791
62913
70418
40348
33426
51242
2128
6806
1638
61502
83230
37537
72108
3732
13404
7891
16231
1156
84821
51125
10925
66448
12499
88710
88944
94329
85355
10844
82510
57523
98907
91230
95312
99159
27189
42712
34228
15786
54737
9620
14915
24374
34297
74673
77639
89018
76450
14108
2134
8128
77322
46334
97817
40279
82394
43325
63231
56456
55260
5061
51433
76236
8600
7337
99360
74736
57047
42014
62749
10261
39115
16349
15066
59541
71041
68316
50498
78283
75505
89556
49912
39192
67765
1409
9023
64704
91675
84841
27780
94553
97101
5473
59431
6128
8309
49418
7227
11018
87801
70095
44035
69033
89436
64321
57821
93214
36356
8413
83914
33529
74989
37053
46122
41189
29781
85739
58812
65360
93466
5127
20898
59658
3807
93783
45106
12996
68749
36449
36055
96851
75463
87242
56037
53180
65179
58638
6062
12171
98169
75182
26947
2714
90413
298
48635
65241
25904
17911
5685
94793
87393
21730
42618
91071
39832
7536
62450
12459
73753
81526
77544
8281
13494
54959
48065
29855
33737
3306
17849
63048
60865
55622
66204
41824
24996
14772
62631
72576
42808
34329
94996
68372
79685
27819
91272
27628
81261
20091
9986
50735
2344
60142
10075
31581
86936
64798
93852
52732
67771
85009
29866
37032
83780
11382
42783
87315
14103
74080
58568
69488
63257
80635
11997
96206
33197
48758
46729
98734
39748
37584
20979
55311
67034
11044
90960
16107
56981
25592
54916
22594
50553
51109
94317
64592
85357
18712
41558
35726
59076
58987
19224
93239
15833
46892
74337
85828
27102
80280
73860
7628
78889
11127
6676
67761
74126
11448
92391
37634
98888
66523
14266
60696
65635
19199
67794
63648
53266
588
70875
98750
31422
33977
51021
20699
38705
25501
43486
51130
85023
65067
76307
78309
90097
91580
36408
63302
9378
14054
82829
88659
22628
99328
26430
84473
93278
42708
20953
85953
52818
89920
58218
61463
14659
55056
39292
71438
11956
67672
69519
73085
33473
1689
62870
3397
61669
50412
83215
10440
94817
17254
8579
76235
40904
65986
15530
54424
78164
72255
73320
87472
92460
78977
27127
86656
24384
50722
36061
10839
85095
15790
99767
41897
80395
55285
18151
49616
19893
71498
90445
24689
84933
17001
14751
39365
67110
76822
72550
56069
9243
1576
43399
73158
68276
81066
94642
51273
35355
98226
90131
60445
92099
38301
12403
90992
59492
45800
29075
11344
11753
49098
94622
51351
74988
77852
44088
89482
97165
80845
94469
95051
78334
92650
99379
66799
23971
20516
33826
25782
62848
59624
50580
67086
58520
19911
59940
51864
22125
22160
83838
28769
84404
68373
83753
17998
69937
82715
727
23734
74785
62536
95651
38952
84682
31482
7866
83075
75175
62484
44401
76786
29918
31912
20041
61729
74927
67947
32463
27300
30624
31647
20661
98755
15406
3194
63489
25672
45615
57955
51474
32358
17653
72969
15292
91541
47046
67934
19489
4724
24767
28510
11043
80157
69304
55651
6232
87409
27813
17738
22844
45937
64436
88244
89181
40560
46362
60192
12000
83018
73056
24391
91746
76016
91839
71477
44603
90348
52003
44528
48072
38399
7895
218
59726
47976
16281
28291
22445
78577
64323
98624
5672
95260
17271
50952
42407
49803
98483
88700
71095
87304
4643
90944
85110
97448
96196
73387
13559
52075
65572
89607
11409
31109
36770
35352
15367
7842
16745
89204
28496
33175
67426
31541
56288
97273
45415
11914
98158
90425
97063
56133
21261
34301
23890
74725
81691
59220
93311
51883
66051
99161
10445
7443
38318
41318
15252
83538
28801
27855
39301
81581
44082
79170
44042
3715
49842
29696
78160
99074
16671
96746
88066
17251
69430
92566
35526
6784
49498
13277
63651
13813
50138
56673
31112
82435
25939
57970
58152
32116
82655
24537
97884
62176
38309
65509
94664
34666
84543
37727
99895
66980
53290
27557
71713
22995
5557
61916
89648
86069
68009
35536
51824
7977
70960
42788
56879
79453
84227
96901
72152
34001
36503
16975
80809
3521
45185
76885
10085
27100
12692
66823
96530
61632
12446
42335
13053
34637
68073
13978
60067
29859
60903
74034
55713
53992
45014
65711
76434
39809
40881
35262
54621
59576
61765
9503
57435
17970
97684
78650
27296
19287
37863
81158
98639
43675
43601
28119
28050
36650
6366
49081
54218
49205
51368
23895
42184
94021
7133
13378
68920
77469
4651
7876
91740
39746
47028
20788
64324
37804
82159
26243
79316
2462
74295
6123
46453
77778
51128
3990
64196
97813
70587
13407
12688
90596
38806
64069
8582
9093
47000
57749
95854
77884
637
21591
71670
86670
34684
81977
26799
32709
79747
53386
91892
3790
87450
72465
59180
45923
17330
31894
78780
91319
28700
26291
63408
41550
54945
70118
80183
73634
78393
61495
93908
81922
62496
993
53275
60852
44518
26990
29685
96153
21019
21695
84996
93577
85389
18310
17778
27497
40862
24447
19030
33164
41149
8425
6611
89988
56824
58194
16623
32842
86586
24128
76728
44838
9105
83374
48778
71940
87028
48091
43078
5393
6357
85084
76108
54254
95011
29663
21564
4952
41614
39342
54594
34530
23683
22223
64334
57124
73299
47325
18383
49372
72233
56071
62931
3983
74215
91501
20996
37071
38538
76056
57956
78785
53836
80985
33801
98191
99014
68876
69134
33966
75834
97597
66628
18218
56892
5024
96504
78759
81447
33000
89562
55480
20867
84854
77197
86488
20249
90743
17418
27651
40579
44181
63607
7014
30657
55995
42809
7094
26553
74675
13276
50002
1514
18000
86403
5940
57907
93491
24895
84480
36247
83178
43301
86016
21664
45933
52545
14359
39024
11059
46031
85966
67789
20257
53476
36826
11603
89836
99033
48026
85304
11599
88805
5065
39625
51528
38528
34280
22999
8564
67122
96939
68144
71301
43073
92949
12256
67574
50012
96107
74155
63176
62867
11052
81545
93016
15900
308
26443
46002
9730
52904
78923
53261
35639
96629
50040
56922
5492
24598
42584
76731
73330
12388
31405
57977
73465
60907
32961
25019
74658
91676
76093
96430
63069
10871
58343
54958
41737
65560
36414
54551
91890
40768
74863
83941
12382
21504
19677
73850
96784
13783
18577
83247
9165
61173
62478
44621
21932
54800
41882
18005
48651
42065
88405
86616
71206
42005
76466
85290
89517
31791
20972
50404
54710
21714
56619
95657
22681
58070
90542
21209
51250
19418
21142
5666
77037
29133
81217
50573
58238
38847
82951
72894
21059
46119
5696
31759
14369
40701
7483
608
25287
58204
88008
89637
41227
12255
4791
17856
55240
79471
53923
66972
79554
36191
24289
29660
89082
59307
96749
31281
16836
9145
8905
42560
37083
64612
82047
5407
10576
17080
18515
62259
3037
72363
21460
6883
86170
32326
90782
96329
65968
38763
24928
49973
61011
567
32982
89245
78400
59715
2382
51896
69577
17629
51483
73568
14608
55166
59008
10617
81832
48580
58510
95570
69095
46248
22414
31117
26863
68919
71968
21066
25820
34699
941
17397
50925
40792
17631
75354
45916
60378
92914
73651
65221
92752
5250
45360
60526
92612
77475
7558
16013
7275
73508
32239
8021
12812
3222
17609
78725
97643
60971
4402
41776
53821
5169
61698
22469
54364
41901
14918
50720
1366
11522
11288
58795
37284
58582
42459
86866
88168
99427
87057
8659
70108
28365
9635
60806
84360
71749
42951
27885
58920
47402
16277
35375
81810
605
60614
66760
68179
92281
43469
4197
73949
73692
71076
17249
63495
9883
45434
903
6436
76513
73432
62984
56856
53803
27679
75739
96830
95176
58692
72177
57624
65638
57613
10028
27728
99733
59392
49224
44267
83071
83302
96652
90125
78562
73660
20507
12628
47653
73023
14700
47852
23745
51089
83233
76377
14934
88972
20582
38532
34285
39443
48415
82132
22495
80773
95863
50137
6604
19967
84476
93942
17244
20287
32228
50726
39447
5036
60805
2219
98645
51090
92106
89806
60600
86321
54482
59653
54362
59865
52141
8961
14229
50918
60978
27991
46929
93586
41937
43516
91821
24958
80827
1859
41741
44141
30800
72264
60152
33360
14375
63501
95932
65481
57392
15943
32322
11926
28639
10791
37970
76917
67991
82348
84776
7441
34624
51061
13037
27103
48717
49754
86252
51937
41759
75807
73849
35461
67786
62472
55333
13543
36250
64888
87704
1275
48703
45821
97908
29874
7801
7939
44586
12449
4854
22409
22645
91991
69242
10382
29937
56084
19785
6725
82697
94372
35551
72147
41931
25341
68371
93507
14116
23383
21215
31662
87250
68697
59949
59722
97008
99032
1873
80316
41200
13377
62284
8372
34452
43389
92427
61793
59479
65097
84722
72327
93924
4423
30139
45823
88367
77365
15441
70259
73033
44556
14992
17903
32660
21676
41661
96512
27539
86474
37792
58923
60678
79753
16633
40342
5841
19547
69965
96201
23163
9554
47341
82629
9472
84380
9388
16405
26895
45261
44377
40333
2592
28078
45924
63161
35648
79019
14279
78458
97942
89050
34323
86783
73200
90236
76074
73686
71320
61392
30628
61110
76277
26546
43827
48594
61772
96110
14692
59357
45037
8934
30130
10986
44771
55587
74930
76043
54523
51057
91293
78434
518
84345
11507
8947
54099
56555
61562
12876
50776
24640
51661
3240
66924
81749
67241
22931
71616
49379
14471
9280
53107
9832
17318
49050
49533
11447
82984
42669
52194
2640
68516
36384
99254
8449
86719
91540
14320
57276
73184
436
78270
32263
15464
65380
30250
81819
34740
30350
16194
87196
59443
43605
11094
94520
2010
15059
77511
59387
43823
75173
26697
30953
47768
32404
69485
24762
84818
96151
82851
33815
93976
13819
27962
75149
27297
90672
6698
17314
28543
81748
89184
42768
51264
12356
98363
76458
4426
88156
42993
59255
51485
26570
97788
32473
82359
5082
65076
87649
97958
71009
29867
79762
19501
89514
39304
77580
97687
3196
96276
53583
11413
78905
43112
69311
79778
13141
94720
59430
41952
34909
55673
33626
57444
69512
21340
97025
17133
82611
27516
37568
40625
70255
95915
51215
72904
71715
53785
78048
81936
88914
7614
70360
63058
52324
30179
30970
67640
6120
59418
97158
60991
73257
10736
25272
88406
15280
69516
17971
44441
88446
50313
49144
23453
1656
1176
12465
17975
44652
23484
24559
61142
81679
8497
62705
10649
53664
70739
39444
84506
47774
15249
13641
51935
96687
33160
19789
67587
53602
95812
59181
40755
25463
58385
24803
64855
37747
24901
94730
48147
35324
68707
96702
91053
64587
40874
42131
68471
46462
62560
93446
6438
7550
96283
25274
40239
60984
89564
6089
46518
62879
56521
92674
13740
79360
25392
8932
8939
59416
6917
23659
65034
40166
2448
34806
43765
38085
88977
80585
11302
45514
51114
93083
13479
40488
79540
18665
42087
18755
6033
73116
93873
58981
58709
37002
33785
49235
43654
89934
73055
13183
35504
53129
72589
92237
88742
39646
58017
16553
52738
2014
62477
4789
85790
2500
80411
70821
81127
73727
45428
32213
60376
78465
56852
86902
30374
55841
16731
23011
6258
25146
40167
11337
2405
33862
49100
4424
18912
15727
36859
85855
95161
58004
36492
52270
48667
29308
80130
1731
50544
49794
25154
67780
18754
53432
58125
46354
57458
45901
80065
77687
75383
57614
78636
50837
6886
73227
52705
33045
7770
14532
32598
51759
15230
67993
41880
74129
10584
12931
71584
56020
16828
11730
25393
88537
19204
37958
74167
11543
43995
65432
59828
17430
72918
44896
88007
36379
50668
54766
16679
57208
22473
58544
67281
498
36005
2081
48532
14087
76090
38474
9053
31208
35789
69631
34575
12290
48963
90084
41129
77851
9820
81290
1789
59692
78549
4510
53580
64547
76017
49101
33078
84295
99657
42187
86653
21807
82958
11692
22710
88545
47966
32693
84172
95621
21234
79729
21363
80281
62004
52560
50451
55521
55718
12166
24722
1905
32678
386
88688
88890
66010
26217
5001
596
93004
11691
79565
88435
59462
64914
22289
43668
68127
41943
27459
16117
83094
61728
75790
23133
91019
92928
29757
55653
34079
348
83210
87329
51493
9855
41929
62170
88566
37910
18981
45130
26286
28337
27398
21063
11619
91739
32194
82975
80428
18944
51452
25319
44
89555
86774
79968
20810
43366
91189
70516
14785
48211
91512
61053
97977
16675
63755
57930
8001
48925
63620
21894
4373
11054
20728
83812
65666
83957
73218
69687
28851
27744
97824
82916
27827
65056
94136
39720
22066
41705
53084
70477
79043
94864
88909
71557
46545
46845
57574
95090
80271
42017
48145
14408
94801
72535
76013
58313
55937
27657
60222
33904
37978
82243
61860
85870
40205
39541
48377
70044
66014
57997
55774
90212
75543
31641
97414
25563
99814
86952
88029
26119
13577
23298
95171
50452
22249
17275
25356
35289
50190
12245
58417
79560
44865
41265
1200
14858
20105
55555
33638
64445
35319
48489
69776
30045
7307
76505
1398
69159
30375
54479
67242
84927
45795
75668
42529
53879
81745
34679
9014
74899
28410
45655
17134
25336
89641
98580
1845
42741
44821
8329
88164
10349
78206
63613
75438
15284
33409
70124
30513
71581
19195
73955
7096
6012
43422
90740
49947
15312
84068
89778
44619
59384
90658
36310
36963
42495
86620
40959
7585
21074
57539
53955
29129
40075
22253
97959
46744
49878
47021
26191
37510
82631
47009
13687
14125
95818
75750
25591
94739
64819
60868
54844
41625
76665
15883
99516
89697
13261
51221
17192
18663
71618
157
30590
78133
77412
63028
27239
59286
73090
93717
67636
13962
63729
42965
49056
87055
90663
40197
59253
12528
51472
27977
17821
48782
52224
62293
77621
47182
81990
73645
75697
21156
88075
91259
9183
75753
40234
19500
33342
17
51193
51255
21824
81461
23686
93679
43518
723
42826
38349
21384
15835
60488
41524
82489
16223
49012
33591
27161
37410
86365
48800
71961
70733
25960
65042
8176
73058
46930
69655
84504
49065
8057
48427
43950
2060
75582
16102
15343
7019
45915
20241
43045
92220
33846
47844
35994
55053
6913
84042
41319
873
26003
12110
95067
78435
69030
13554
68577
70948
38421
40859
17121
4135
8388
71644
81865
26758
41187
72267
51156
7907
96170
72265
75415
13320
31266
77574
33271
71154
97312
10092
33129
15227
52510
18387
17365
56112
10494
56557
77961
37814
511
39892
53924
55291
9401
17828
43670
17464
31674
44189
39183
77406
58660
1417
15705
86060
37000
94902
47656
6347
23899
38570
96375
76960
80932
40233
91237
20157
50169
54444
18910
54417
33762
19109
20296
34258
2104
28471
56812
66809
22828
18681
19801
36383
516
36246
27680
93152
77951
47396
84845
85412
77757
66580
63814
18879
19922
20840
89478
27044
95972
11493
62066
97865
37504
18167
13739
67381
61474
45760
62149
77796
15629
48228
49003
57663
71806
26285
88995
78827
89858
79146
20786
44071
3710
23965
95334
31746
30668
47123
40539
40934
42941
80323
11146
44541
82443
68656
56035
4241
70998
93213
7689
5721
57759
94436
30763
13509
66971
8252
39139
4977
97415
27135
74786
60763
36927
39533
19607
84834
83680
38286
55216
52553
27039
86623
68343
56271
58558
21091
11114
33782
6068
50188
48049
70546
62836
38005
88158
75050
23185
77912
28962
86019
57356
72033
5708
47486
16010
17494
39064
54100
43517
56798
66436
51394
60610
12162
32054
23565
97858
81335
76935
79883
89570
10226
30991
83170
52571
93182
94468
11524
17002
48012
22746
65248
83910
7815
97113
73173
29424
95294
60862
46927
89249
49020
96668
70699
72760
94015
85451
75223
7989
39370
83827
95733
57038
4748
56672
10793
8400
58067
52131
16030
5333
14298
77779
91129
66678
96839
92964
54609
65407
89842
91083
20443
7912
18989
78613
10102
23041
81146
19484
90511
97747
52152
74644
85236
89759
82737
90058
63720
42288
43475
34598
93695
56866
1812
92328
44956
1932
33024
42271
20667
57337
26894
40011
8472
68533
71464
69848
88150
30923
76696
87097
31903
83443
51801
87340
34236
12274
62473
34420
4199
87925
4640
961
7649
97997
49134
71981
15300
2928
58837
77508
62683
36350
7990
40038
88374
49892
73990
47048
84586
72648
40432
95615
52002
16803
21707
42269
2732
20003
17755
80127
7596
91712
56310
88782
42759
79451
3295
98411
54956
27707
79379
14957
42466
6636
82140
90127
19966
87189
91161
92222
38961
64399
29566
62621
96174
78338
56549
1792
15986
89131
19787
58916
45382
41392
57058
80190
79495
99434
50519
54473
42097
15768
38380
84900
91344
65877
42691
16799
67054
75796
62334
3416
81315
48816
7383
81603
77728
10093
5665
44858
29008
78350
85734
40474
96832
41077
53300
29025
10089
52974
57978
53215
8189
55239
20697
91938
1958
55144
66509
12172
71840
52434
77382
18571
43570
58843
25622
3678
44994
40985
35928
3619
4546
50005
94325
7004
93826
77706
70702
86461
43286
92417
21350
28424
39174
80630
29108
11714
85821
7173
85417
13193
88017
91611
48492
54734
69740
61897
4681
26846
42690
93206
2003
66754
66721
13519
16613
62211
24363
59589
67743
15686
55613
60330
98210
16618
93147
23176
64193
19932
418
36988
77435
55384
58382
8852
88396
20678
32254
36401
1825
13937
33595
95106
48498
11519
77788
13812
5259
23705
42094
76327
10993
14504
26630
87598
55735
19866
2127
16714
42928
58678
64067
16446
57346
26954
96800
75760
47522
76446
61398
47411
8194
62575
94100
18423
11355
30437
57398
82152
49223
43088
84188
32310
28954
98751
80781
72126
51635
74313
27056
78121
62958
19735
71081
73306
13127
84128
53994
44431
90768
77024
43481
13880
55772
29056
14372
84576
62968
75105
3083
13275
94525
82024
76301
67433
33588
33555
42108
83878
51149
11813
24954
67880
75689
2230
84254
50080
86905
27960
52934
16380
97202
53903
4912
3702
26295
36064
64010
98252
16490
42107
85572
3999
12152
65514
25880
32855
57872
69404
73082
4092
9861
38450
58839
11465
15305
9781
94560
44272
59799
72966
6093
36907
81246
31450
3978
29415
50175
75470
85054
39050
49784
34383
80003
66380
94777
49042
43122
96133
61934
68548
86291
54130
80265
60771
34158
2880
96063
51014
89093
51307
21377
90345
83270
19053
91042
25138
95055
26899
94799
69188
72752
87380
38855
12553
34179
85982
103
97183
86306
96321
56523
93355
62915
36346
24546
66003
82604
64205
28385
66298
52365
67600
70915
95168
77937
78840
82846
80235
30656
58608
32809
70625
67204
8100
13465
91722
60906
39110
77973
96780
47495
21439
23347
30681
91499
86705
29648
55506
71577
8752
71016
53170
12375
6991
52799
14467
56752
70730
91374
82896
10061
76737
62156
41743
55115
4973
78012
47199
25956
87391
83762
88356
18656
54390
75398
49993
95416
57554
92423
43968
18439
32086
25596
81959
96632
27496
17492
95293
26148
57171
8956
84440
37189
84055
22398
53512
73710
6295
96426
35702
39504
18185
95554
82240
64765
25300
3524
74060
6144
31313
14046
40528
46920
59810
96084
96823
27648
63948
17689
40646
95584
29989
36089
84206
75928
35694
47140
246
12091
77705
20880
73734
86647
5322
53547
13253
85421
33771
60287
619
80694
52882
68252
70353
68711
12940
27947
55441
68581
64986
91143
54682
65682
546
79888
53811
4151
56205
14117
31831
40575
47944
41974
54496
81242
41237
43729
5984
23982
81659
92839
86441
76964
78461
39417
19239
96859
31680
87163
30774
75512
17394
15157
70270
66610
52257
94589
62161
22897
12965
2038
8301
20800
29385
45006
26768
77781
11818
25265
9390
75875
14621
67031
2052
47159
47539
44440
49148
7397
22635
75752
31721
5572
93685
47824
48691
42877
71006
23504
69820
14630
55632
69518
17615
24055
46397
55226
8504
87317
14378
33446
28681
69305
3059
17037
74176
31744
62036
73854
90415
41379
26244
35628
25387
58957
27873
84592
91589
57753
88143
60653
32489
3900
96230
19312
89408
22808
28215
12297
56497
70916
34675
63003
46507
77701
43712
44480
96480
51439
92143
77724
2361
55890
61527
24395
57184
52684
4680
57505
4550
93059
59527
46863
55282
80409
38245
60386
81723
46971
25911
57050
79701
57441
9479
2763
62481
62707
80663
52284
26458
19391
76274
85746
71426
25906
13012
83486
62122
51811
81383
40334
94973
58540
5151
25763
7410
31718
503
92728
75504
3775
50522
38266
9092
66464
7910
67865
79463
58835
13132
21867
10473
18367
88603
3763
13984
38756
15040
26877
66598
85234
32485
20236
39069
12555
90686
71546
86254
60807
16363
73421
49295
85323
98077
4834
70508
28218
66286
38479
91407
57811
41399
31621
80164
40929
58346
76531
15088
68947
31466
77977
16809
38453
33978
26938
8117
48345
38354
30048
67809
15457
19057
18920
71790
68600
43962
33769
99891
90994
67201
26997
10749
84022
70373
10269
15369
43693
17990
68486
33796
99741
88799
13791
47913
15692
96326
96747
24003
51500
75352
78035
81720
38923
64857
60042
2472
40241
87525
73162
74611
60303
83582
21111
97051
92488
30216
15556
55066
56733
93746
39758
22747
95206
97700
76847
14060
74650
63076
8662
82651
54009
84676
49694
34092
87998
18004
86011
99013
90208
49730
48733
31119
41262
38341
95054
60743
92243
26254
89745
3886
39588
61347
94377
12506
26780
31525
89333
5603
29966
44905
95457
37927
33962
20232
79000
72529
76622
809
62392
91775
5379
16872
63551
35963
73382
2295
78385
53595
50530
34235
41645
77179
37451
5309
68307
13615
89799
35512
32892
73897
96677
79304
43072
45288
50030
28194
54374
71956
61690
13872
82078
87909
30004
94412
39651
20576
87070
68147
76698
6056
74928
48285
78512
28352
67024
17538
38580
10700
90414
82804
12570
42660
42199
23440
515
41579
45441
93097
72457
91218
88619
68610
13296
894
28759
8342
58715
69646
79710
37209
16629
44465
65642
44978
74817
2724
39380
97252
26760
90479
81624
78405
27549
84497
20289
14228
81650
13524
73094
12871
82108
69778
19311
69885
92254
69461
96531
83386
36000
45548
46673
25929
47728
58635
47785
12365
49375
43850
94448
84386
15111
55526
89043
81877
74771
64486
64940
89753
51748
70403
64236
58768
15381
96185
37526
95533
70857
90307
67812
94813
20572
54003
75996
5411
5702
91212
79894
32307
11257
15645
76633
21924
26275
21818
93626
36582
71702
991
42286
19609
25857
9509
92198
25710
63705
62710
17984
94751
55340
89893
16492
1543
40405
24474
50673
84407
29022
89407
51013
6218
15342
51314
86799
71306
16126
85334
91807
46196
49271
53339
21626
80717
68218
98850
36494
80447
14283
34538
39917
70734
40736
69605
99826
39738
86426
21736
5785
81760
53098
67661
52593
28468
26623
28018
52886
35145
79351
79739
95777
96730
39890
88946
48220
38055
94223
46283
27766
95035
59674
89226
31537
69411
554
76727
80715
915
95980
23616
41299
56561
3463
16129
68927
68544
17361
23295
77594
17355
87985
58866
94839
55199
57954
99058
40248
92552
5690
62760
26172
45859
54522
93984
52148
43218
69284
34063
99756
94250
82607
40386
4967
70004
60248
51702
16692
89331
21641
26101
37694
74063
89040
57651
14083
34512
11820
59783
54117
36942
11343
10728
7909
64174
45797
38010
52351
22947
34077
84344
24269
50977
90845
60423
32925
31426
86540
86545
29082
63163
5266
65011
72849
77446
55726
70520
22970
65035
51677
3754
36882
20425
5168
34619
32578
59892
57240
15190
9267
8086
14959
56331
18160
52913
35093
39326
40057
19802
87067
45582
43050
40190
24683
26212
88491
38366
12200
54448
92702
26108
54008
85541
82946
84847
83244
7116
32606
68812
16708
27163
41585
60620
7901
68194
73781
53536
79836
74961
67405
4924
23756
45866
36553
96802
96852
36390
36556
93403
6564
59676
17075
92393
64121
87427
21520
76109
96816
40406
93241
54262
59778
55733
32107
24564
90761
11365
14380
43337
15264
2652
25701
61481
66854
94672
25987
24550
79822
5241
59161
82460
7584
58932
8097
68442
31876
86253
29199
70087
46817
93486
31688
49167
26949
37983
57389
62886
60752
7898
56077
22512
75555
24695
94358
6688
54718
90634
98884
61184
87200
37376
78316
55965
43295
25526
96781
18954
60768
8860
33233
8635
63853
40763
78425
71945
45899
60691
13542
31139
41663
32148
71430
63649
96760
72655
74667
93333
47831
9669
21038
69867
35047
13917
17443
48199
42026
42057
3220
70012
67256
67972
61725
3561
16297
36853
13196
99692
91552
24807
53388
83327
22031
62540
41532
11008
27570
19015
64498
39596
75532
96311
6992
28650
90670
28933
24350
4707
31215
31140
50020
64449
74407
60300
68565
28353
36831
32632
55396
76649
14040
53366
18326
46947
77661
14224
6847
56198
11213
48588
37506
92970
14458
29211
86492
68946
12462
8613
55015
20785
81231
98563
98621
76020
4943
92446
37449
94563
90627
6529
13173
84494
82840
36359
44195
62398
87256
15368
52289
24646
32933
56594
56028
90266
40491
39299
55437
4564
96552
34757
99693
40105
98216
12488
12302
60453
89004
83901
43437
41761
84095
53280
46719
64003
78841
59702
59126
41747
14258
60568
99251
45728
27174
84369
64860
59339
26540
95318
47701
83992
63276
52835
91364
44844
68020
41266
43978
22632
58327
90232
90857
17480
93052
16083
32298
93268
59872
94041
78945
16587
10973
42549
46896
20693
40601
98289
56933
66495
13066
21954
31228
66200
90382
23664
25634
19097
35874
18802
80601
39386
84
30879
99177
24713
8020
32160
39722
26081
30684
69787
11209
3741
3665
22928
95898
70684
3504
37675
81253
43294
15197
9074
88418
57982
32885
15241
78874
45088
46852
80485
2552
89440
12572
89164
15677
16453
48198
59560
1929
27119
20012
43093
69143
61201
82930
81091
68791
81180
12526
31335
16976
57735
4567
14667
80895
22313
52397
38680
86913
48593
4386
11478
50490
89933
541
58964
68880
25851
77792
85872
13932
98064
76648
95797
49966
6928
44163
47379
34366
21240
28567
97206
96976
22138
86740
69200
66671
53319
81193
4507
38957
91973
92662
61479
52590
38872
68575
66469
79850
67499
58942
23952
68452
58283
3511
44472
89909
76528
20031
57852
85914
56665
56960
82169
83986
73847
44760
97675
54753
37139
66168
10069
45783
81239
4713
68630
92017
64683
26143
87373
56
65030
26031
51182
20383
18928
85105
1817
27652
12163
83084
67018
31895
69389
46549
39133
77288
98852
85723
17743
89847
24257
8503
26476
44574
55251
33192
6151
13635
69400
51853
33397
64520
29162
98840
10391
62541
40195
68206
98640
16163
54681
14951
41771
71632
68935
11131
78961
84753
46928
17334
81420
31918
15086
62569
83674
53929
35901
17360
33516
2984
68091
95860
14581
37489
24969
39685
45184
46740
67801
79996
59695
36120
17952
42111
3433
11316
3551
27272
55950
90555
22924
35255
15251
44585
46757
53486
44825
66757
47538
43643
74826
36606
77076
88769
87149
32811
44194
69914
69597
16865
74821
81685
69414
88596
6058
23039
74344
46878
4750
49212
57073
37213
26579
5622
67373
32745
56006
34689
14841
54136
56208
86212
21974
32171
67576
48166
81349
39574
48342
44799
83597
75556
99008
67735
88018
78438
15918
35282
32971
16749
65019
51381
44868
80282
31843
61393
14454
14432
41653
89362
82769
71204
25226
65669
4086
21318
49974
77058
27547
66473
47139
28885
49924
42841
32232
25814
3792
14477
49524
30725
48904
68662
37166
26925
64774
35860
59326
36920
10542
20205
95420
42804
13147
89073
57861
16695
984
13547
34602
98416
12342
25623
42171
28825
42644
76118
22642
83687
51466
89086
33884
16267
27646
46604
36287
96314
96266
53705
72387
92994
82731
10624
28967
2555
60165
81233
60490
29488
28777
61087
59476
22178
18453
72896
16541
83581
6562
2842
46599
12802
74847
25209
42911
26956
59989
93392
49138
65330
84617
67080
42322
37128
3509
26854
11609
71155
60452
92156
22098
15136
43964
16463
81160
7985
94301
71050
59498
31163
40877
37102
25370
64588
70729
75847
29004
92424
35025
27397
28632
39936
8156
41411
51788
64243
29676
82926
37981
4253
34578
81556
29028
49501
25739
92643
28364
69551
91663
49116
849
10581
70611
1412
45712
72528
60884
21780
1003
41992
49914
10288
43908
15336
60082
89623
27856
36169
86657
58223
41011
99091
62154
6352
60921
91705
46206
31067
42525
59958
14493
64620
52129
51782
48444
55002
30928
47213
77034
6487
86961
98065
70212
60918
85017
53008
14069
12327
28862
57430
88979
52967
32840
19440
69457
35617
62167
40459
96795
2560
65156
82577
17315
43778
15533
98135
56243
42617
47034
39790
72565
33716
93883
52319
91619
58265
46703
64124
8144
22137
92209
77854
42234
40323
64095
77131
21061
25132
81520
97774
35135
51116
89199
42374
49741
17603
62834
89599
46049
57413
75518
55094
74405
2071
39598
92067
26804
46055
34154
61063
8921
61700
36057
65418
34355
20807
64049
1923
87507
94576
51091
85963
60698
11709
83943
6665
5423
76707
86610
72440
26225
34161
16180
49377
23643
55582
24015
36640
76607
93221
41159
3937
74061
28226
15045
80825
45912
71844
38568
51766
58765
71764
97624
90156
16008
16371
40424
62374
39576
90937
54908
34494
301
67522
41721
62865
28161
91680
60177
86829
89656
89420
64354
54936
55999
82977
54428
58172
43341
22573
73074
12994
87249
86544
12104
56913
63103
53838
40060
99021
74267
5236
23968
12483
53301
54509
4076
81287
90985
17127
24870
38379
85089
39898
78486
61907
16591
76758
9406
53019
3648
67273
1194
92167
64678
85590
78734
5086
4125
82566
10123
41564
96672
42506
33950
35002
7131
90760
71109
49859
36016
84799
78056
35811
48188
5049
87462
72974
95107
33278
78323
76910
43026
54803
15064
88755
25938
47763
13486
89715
76545
49160
57500
56612
57327
94483
15895
8686
48718
508
99886
72171
27577
97954
27726
51967
33890
16031
61465
8854
65303
502
52191
75238
79896
23634
81250
38069
74296
32290
22405
51155
89385
56516
52135
86988
85591
67266
53498
11607
91970
59050
98378
72915
19616
27840
27274
70047
76091
95671
71745
74019
9392
70705
81894
18266
60344
40339
52060
93063
29876
6767
19517
31327
85937
24801
63212
73910
62081
10806
44919
72442
35180
56413
64126
96627
69408
62502
44055
54272
93816
47016
8796
23395
99454
87478
68521
98775
90279
17528
98360
29817
61961
28608
66248
55281
51707
19298
23596
69698
69879
38455
37230
98912
94774
21984
77452
14634
92847
18828
91068
33892
97069
12333
93518
84675
21141
86161
79923
34053
86272
50395
68172
78891
20504
30632
31125
98535
64589
83535
42678
11733
55302
281
87259
96590
8035
15977
97911
77876
93197
44014
99473
27829
49394
86711
67932
56156
7054
60655
25693
15901
61047
12517
57406
79906
93372
7402
34284
34126
1888
46170
99856
51305
13760
87312
59084
48850
70125
56537
76603
74980
59548
66646
77006
43532
37933
83362
41297
66837
60902
6091
32646
63904
68800
68378
39638
79969
87354
13588
52094
31431
45190
74401
73492
22250
55035
25572
72578
96328
35065
90600
43304
87699
74212
8982
24517
36179
70149
66317
29316
35522
43004
56362
83783
47994
62656
14115
80238
28704
49384
15039
60194
11312
19745
16807
253
46891
77298
21210
50082
69966
646
25459
34720
80452
80506
32700
70974
62160
18959
2080
38058
22384
3776
50239
87051
78120
90340
95594
67916
38261
51309
10413
6136
97327
99625
39007
42396
35852
45398
46784
30253
47914
59404
10287
8209
23669
37594
82088
37249
76714
1637
77184
43790
28106
29445
11085
24062
9032
35309
18061
111
6226
56845
30102
83654
22590
43362
93384
2309
64105
94833
28445
36898
11169
68517
57139
79794
63993
78187
51331
75382
43574
88233
80992
22148
23112
45707
15030
39760
58037
26199
70507
7075
94004
76254
50361
56779
74564
7821
57899
34492
47057
74887
52772
95191
52733
48084
95404
40927
12668
66918
37987
60582
32795
17287
67146
40537
19378
94597
60641
8557
29694
51767
97573
34990
69127
1068
31705
15808
13877
28805
99457
4270
94970
90598
49666
67707
82546
29476
14683
48191
31994
19390
44437
4400
93845
40380
97653
95492
56419
67346
31061
68019
47195
97223
72344
97481
9838
42925
37372
27087
63633
42239
29030
30174
93519
84133
55481
36974
1702
38391
61412
17905
2529
76550
62947
88016
31365
92705
82988
43281
36732
70805
16783
95734
69198
69427
23266
61523
4892
32986
41703
85177
37348
28314
31040
12320
13137
87995
36863
23292
39401
80202
98744
5518
31334
5614
96622
79012
23138
48608
68345
5276
58685
61623
14226
34207
39965
52098
30702
80053
29321
42334
14364
58140
84224
73106
99000
86792
89671
4749
93858
4
69155
49539
96582
14301
60791
28461
21985
22987
27363
33490
59994
10201
66822
8101
50079
10948
87504
6225
33729
90122
96947
54985
99678
7874
45777
85950
25210
31955
46710
45222
55290
74727
89926
31872
79992
2130
54112
13715
96442
51958
52469
66346
73079
57637
60700
65319
14489
20884
32430
32880
36602
42419
95556
84381
1093
6490
85921
28762
32644
54140
79134
96272
37628
95961
37087
88729
55596
17321
31702
9670
65827
5284
1188
18568
13050
31267
51126
86332
41383
36526
50890
14462
58337
73912
3010
46081
12760
64388
87415
9780
36148
79814
95363
82026
98633
16282
22343
45842
86267
32275
35173
72144
55586
84028
3007
77473
21493
3571
96392
93795
54277
43794
19153
23636
77971
34463
46931
64289
8483
24785
41948
33109
76913
64424
57242
21481
52018
25675
49491
70075
65998
87303
30458
1883
19752
32701
17450
79131
89456
56750
52816
50510
90197
82706
58267
53485
45597
22464
66450
45676
24104
72248
86193
61369
71732
49264
55610
45625
87417
45703
42135
10142
39262
32541
29087
66345
16305
64249
38882
48714
48757
35223
21158
14561
13700
5592
69503
60027
49530
87623
84789
27639
45711
54297
59021
33523
68504
72066
94017
18068
9235
56172
73047
23934
42342
20490
41214
10221
21317
29079
62288
97547
83520
67758
52122
57394
74306
22011
69049
60012
28259
44673
949
92453
80272
47268
57364
81341
41681
44642
80084
29848
13441
2508
67504
14686
13746
81989
35185
53581
34222
57767
57664
73935
99654
43275
6814
71230
17941
15624
15060
71817
23421
12825
87207
90838
55054
6362
3024
36320
19488
30000
27172
96486
30118
69959
99667
49496
55395
38605
76848
27249
42706
89892
77498
8375
80536
43010
76866
28010
56907
58719
20343
82877
7168
51159
64255
13105
85985
50505
24509
32645
79979
5321
48224
11826
40049
76299
77209
25322
6453
86509
68695
85298
23125
20191
18561
75809
34416
25704
84893
91371
61494
72193
42425
12770
86109
84732
67429
57091
19949
44724
79309
37330
75538
33924
44396
1238
45482
38554
76868
62907
68078
59278
48823
657
84879
95211
66833
4759
98658
44644
56239
15131
91297
81078
68904
302
59298
92494
34717
87187
92252
29616
33291
95360
72489
201
67902
85022
64738
94999
71500
7878
9263
84551
25811
92754
6434
55976
28467
64660
68166
49790
96528
75184
21922
18275
52097
35238
87587
92652
85338
92708
63024
27014
61171
49583
33065
43488
41362
82980
49221
44182
84916
78519
68467
732
44566
7664
80048
73980
70911
67450
39512
19455
29807
63465
96010
5283
68864
46752
6964
87413
77003
68770
54316
41303
61131
88690
77996
78742
20566
35710
79494
1491
93804
13157
22168
61420
97880
99092
94769
2514
89149
98680
59273
21134
885
77158
29815
90371
80438
89123
44191
52723
56814
98560
64381
71434
59962
58501
35011
93246
64378
78368
56412
40059
72289
24590
39023
18582
44078
11547
40479
47762
39918
87148
92146
51743
67986
62599
5783
63938
76387
8979
50818
27502
10543
68898
94966
39904
16080
69612
22221
63508
31390
54961
6152
37469
92675
6866
90159
99469
62991
91548
93358
67484
17879
13472
53584
16870
86400
93104
82936
58721
57295
3460
34562
95422
96303
99493
30934
45663
60640
44694
93189
79641
91969
33601
90792
42905
22121
94557
26500
53434
4517
934
36728
32881
70243
97209
16709
13143
38190
86541
70601
34827
85933
28400
38060
60328
50292
11803
59395
72025
3546
52353
23562
50807
51471
12787
16403
32991
39994
60571
55087
44735
78078
17387
45298
77016
92591
16942
23046
64315
77841
22122
88197
12638
66543
73165
98222
32683
56503
70494
25403
50805
18834
91534
72526
25708
47685
85880
78992
8240
26576
59121
95578
33611
271
37428
65484
93262
40770
81284
67180
42825
79731
24300
1094
43388
94655
13939
95798
70331
74089
31214
1588
26660
43412
50891
92203
8743
91140
13568
23447
97192
58387
8628
3624
42476
30390
87971
86231
84811
42165
72189
57233
6277
21981
45713
17033
73764
18022
74079
35194
84409
83708
32793
40519
84023
28521
15569
17292
28404
32394
42610
15382
82923
38186
43759
46126
75852
64111
73120
56089
70690
1451
62221
54723
85222
45871
16888
71199
27158
35593
43665
89719
77883
90950
47351
58680
67535
29126
33861
16174
48708
45272
85285
94941
5007
39078
4775
61590
4926
95454
63294
76525
78162
89103
86735
63799
46809
21455
54151
6195
95136
31068
1806
72011
66522
63428
84669
47339
49340
81885
11207
82834
90543
15754
24634
71635
6345
42698
12429
93892
99975
99327
12924
86821
3125
85491
19711
39571
93563
95059
58893
73862
46490
10565
9885
84888
32760
19695
10659
10864
25308
64874
19601
2138
64950
10859
91694
40594
14845
93566
48043
15767
87918
52321
51816
47353
44569
54692
11849
79468
99881
9544
37386
8071
94591
41140
1826
52352
33200
43999
107
31784
20933
75351
40100
67876
77092
94163
5018
63085
71227
38458
77761
67184
39754
80906
54811
57810
98182
91433
82941
16154
91370
70499
12336
29856
25158
40083
14457
81265
12782
45727
76124
47072
37025
95581
68667
37116
14557
94426
58061
25342
2404
63309
78147
62231
35482
40478
3711
49792
63025
9051
64809
81507
88611
17410
50987
77994
84372
45670
75977
3014
51122
25818
32808
39138
66927
8584
66696
59015
33600
85191
10246
16075
24214
15980
75454
4932
93930
83470
92399
56534
17548
12725
36107
10164
89267
6904
6495
44450
91317
90463
58254
56527
37929
23213
96765
46565
64839
31830
29437
45316
81085
78975
18984
11048
29651
50221
28333
74728
77555
59277
94046
17840
73825
18528
19973
37119
2549
85672
20060
48450
44885
28754
95945
99129
9237
48827
97756
62612
97903
23672
2509
87531
67540
59768
88472
10420
29194
24461
33814
3292
21553
26904
55575
69491
11369
13906
19982
27978
36461
3671
97222
37567
2074
42647
67973
48125
1456
12154
11399
70675
93905
15498
93350
29334
44214
28503
28746
79190
33500
49745
75411
3728
84457
48956
29161
62601
30803
24000
22323
3169
9584
34890
14248
55405
5608
10205
69755
9058
57714
85226
89319
54411
31558
82558
14511
96733
38374
65531
19064
4081
93542
18430
51521
46328
50875
75644
60207
72221
47175
59268
29282
70768
76653
84749
89549
55853
8833
41618
24056
134
51257
20165
11629
12289
76047
66858
87445
44522
61612
45750
6319
41694
16461
47366
46915
67361
86581
60087
19515
52418
77190
31654
62590
63956
48752
50168
20420
2184
99378
38727
9909
57562
92435
16391
71852
36035
45163
60229
20986
21914
20704
74356
61634
67233
29613
27737
14075
49669
27499
21332
97343
74955
12247
50358
76856
34287
94494
21526
85403
56352
97683
45406
86790
90525
51527
70612
83518
61333
67009
79331
98828
70180
28807
94475
94047
14390
26424
1709
41494
55259
57020
63354
90512
80406
10961
21344
5308
10971
17649
87232
46790
82401
48809
44750
51948
73178
37822
67635
14436
6037
82317
10903
47892
50391
36504
99685
89951
71232
69388
5689
3304
73856
39120
75514
11527
61824
11799
85588
59486
78010
88739
1038
19020
49933
27723
51999
68728
48660
13954
95287
45786
85826
29947
76021
24147
12135
65263
20073
91850
55773
43515
31087
54261
26959
87489
77795
20212
40132
25758
53997
49772
42397
71424
47412
71901
57229
16471
44010
18082
20973
55541
76691
46156
86241
93365
78253
90696
17128
34840
10923
83432
79879
60741
22562
28568
76646
35889
62045
92849
53743
1776
1998
48009
14966
70386
25260
74152
20748
9901
22233
6762
93062
67166
2226
27311
2283
35295
85768
9999
77899
99876
13100
78302
98950
51848
70330
94731
45929
24331
41479
38595
96898
81563
81011
5520
18345
20167
43694
47023
19670
80872
10604
10143
13636
10777
91011
76257
79045
88068
83197
67277
7816
88065
14505
98100
97254
8150
90281
80329
80216
99492
39552
99788
9028
26346
29532
83475
21716
78590
27209
30441
28279
77432
73643
4630
99250
78831
14793
91346
12058
52955
90808
53151
27080
36442
22862
90968
93460
30109
21537
95859
88999
51571
20489
81627
70543
46163
12895
63543
90065
95613
87224
69847
99570
97116
80426
91837
5460
635
71814
83742
9765
63577
24316
27302
34550
54141
42302
5980
41531
7008
50913
75345
51411
62823
62701
13612
70478
83460
15311
81548
54567
1119
82160
86838
95718
74861
86587
27148
16642
51409
40958
48177
10822
71265
76308
28997
34085
59077
21877
51725
84763
97854
96710
26284
23857
98381
56961
4017
50957
63922
76249
82965
59249
49808
20455
26193
8908
96955
1218
28951
77972
31441
49209
78441
84302
72619
32357
72938
65980
64672
12978
90260
42228
32371
39871
58689
17684
12056
83553
2374
49285
1057
38871
7017
72039
62152
53078
72862
8976
32202
17346
86148
5585
44128
29683
55663
5421
68847
14777
36587
20173
84525
38205
56130
43993
45236
68944
33994
73007
79032
65473
28185
15166
46675
10879
34391
25400
42855
34234
72160
77550
6760
45030
99503
42394
67088
87791
57354
51000
54398
22369
94072
90938
43785
6165
54868
32131
40287
33122
64371
75205
7266
23969
62212
35620
42343
34529
93720
20926
73811
80592
1269
28383
84912
40114
90885
48363
35552
34140
43386
54282
19694
19493
72865
59470
12698
87069
96414
44565
72340
11943
95498
44475
93993
71611
824
47634
44685
96387
69285
25805
81308
56041
23277
9590
77603
40122
41232
37150
76189
90678
94680
47483
17881
94580
71903
8536
57926
27677
44513
92741
72484
90199
14736
14110
66084
26998
71190
76175
62973
22972
55408
97549
51699
15499
2444
95689
19712
54221
94668
96268
85786
77229
58776
58149
92204
36763
41659
21205
30056
27198
24623
56446
29102
90028
87764
93409
63657
30799
74148
12679
76999
63254
9226
56049
48510
97709
7056
49232
21447
56777
67836
63602
81754
28912
6786
4828
80422
68740
66030
26519
55221
94362
98359
45897
93127
74985
90802
53494
93675
92896
32787
81076
81305
17053
85329
25873
88313
74262
82700
80319
4824
83020
91964
57176
19182
83413
37391
81577
24416
25528
32819
63749
79915
75636
2077
76844
29120
52020
47702
19556
77897
60000
47409
45081
73579
58914
1831
41967
78539
14999
12210
87546
55891
32914
5623
35592
7473
36335
71063
91280
69268
89687
86341
29418
71752
68080
49227
759
26409
79577
25561
89292
56737
93343
4628
92437
47860
84405
91034
66633
84489
52200
46859
69434
59033
36130
4235
68579
93076
7644
221
64555
8043
62238
61709
82790
82569
82705
91700
17758
30972
46408
20398
40721
42358
23179
70835
17561
84486
99661
93567
26953
21654
54616
31247
54545
35753
37975
60965
69481
8476
96216
69221
66910
90899
70194
24933
81272
92753
71525
56322
91854
70905
49361
38759
99583
9466
70882
18929
52243
23701
95123
82917
470
95102
80915
75370
4533
18563
46851
78269
50097
30077
53356
51470
75076
74758
43618
31891
19250
80145
71207
7010
94676
4816
51308
8391
95839
15424
52791
44843
53638
63341
71034
63594
25456
11993
93361
72794
80186
88968
12416
55742
93645
1996
71520
66397
27222
97992
8220
28663
14614
3762
31091
78907
93607
93422
79342
67822
6911
33873
57404
22263
26644
72792
34457
60289
4170
28888
91630
58833
13009
77719
19039
70304
8780
22106
36209
40788
85410
28363
78896
94474
19887
95959
54414
6365
77642
56654
54446
69530
98028
50696
97248
72603
93405
85337
81483
76571
52642
39633
46583
1221
16329
36048
97382
89553
39828
64966
97773
73223
51106
68044
24277
90166
13002
13161
20923
77736
10862
35572
83437
44840
49944
69677
34349
65851
16854
45403
78799
15128
49592
437
87529
30529
85702
13139
57385
18685
25518
17628
75485
40791
91128
97987
72753
37969
41829
26345
91939
25213
62718
94527
81564
89037
76352
74236
53426
24522
27128
54348
69076
3594
74836
96748
18144
46069
80603
46977
71277
89844
71758
90157
38621
32459
94237
41206
86326
70024
72506
61648
20528
94406
63662
18735
81015
86045
80497
87333
50280
40331
59531
67935
43633
77959
99304
70578
57225
48252
18689
87193
92893
83366
4498
51847
27111
51103
62275
53742
48259
80979
37426
8669
55815
13802
18127
61268
4008
37204
92023
90219
98529
24408
33317
80125
70938
84635
17225
96962
11711
67571
96079
24794
44363
93983
32638
17748
7329
36899
73506
16721
48433
96257
68337
91139
21114
66016
58483
35059
67545
93603
44127
29999
61903
60668
65392
2196
49753
17850
93856
22717
25467
86287
13846
73159
57513
35556
90645
34951
51192
79258
49860
3510
74319
98375
94718
68534
339
41704
56113
25037
22522
87422
59781
96843
35542
31783
98511
47862
52977
92025
82970
12620
59829
90259
17488
75357
47951
1207
2700
14612
24944
79102
34617
62901
46082
49079
98448
3114
74555
57585
70382
71984
84353
17595
81312
62837
54820
74929
38489
53642
54618
21358
89972
97561
51108
38708
12439
13886
22407
56046
14942
14703
30345
41255
34109
93362
96853
89048
4032
6984
87492
57475
59833
51070
92957
20629
38316
96197
37010
5937
20004
27609
29215
48403
84059
20092
98384
20256
73360
60649
90213
82084
6200
66513
77130
70167
30425
97486
22756
18166
62219
39893
20227
70994
83862
15702
53794
92050
83114
38141
85859
41380
17341
26034
13364
12875
69391
46338
8981
32940
14274
36318
30434
43580
31428
53113
9037
97551
1135
62904
70398
55728
27012
43327
23568
40576
61750
25753
11894
82854
97294
2986
6927
93034
12566
34861
24906
16069
70814
25913
57065
46788
82770
30750
73314
34438
10120
43988
50282
18434
55576
24520
18126
81128
31588
97853
52969
18131
84359
59798
76188
61246
94646
20706
97716
53203
12601
39210
45199
74631
48626
45907
40814
65497
88559
93148
50857
95043
55138
68356
36321
3284
18109
66642
96071
16791
28298
27775
1515
32935
40174
51564
47168
12189
67496
66731
33911
5099
314
64441
3040
40846
94571
18968
303
57992
52870
4284
17841
56272
63709
93058
59385
979
84412
67295
83453
35848
40815
16053
55612
5464
60463
61726
97301
64418
67620
54683
559
27988
98015
51123
85060
46319
32854
37222
25932
82709
8917
92986
27522
54286
69564
6280
23209
78669
78904
70334
25631
87198
64478
42652
88358
32009
82799
74121
568
15077
85437
31689
10992
76974
20351
63935
70009
95082
37245
14395
88970
85952
60687
86383
77714
38958
61611
47459
41605
66812
626
32471
39441
55558
53961
93337
94312
33803
7748
46463
20958
25143
42314
16122
81609
35268
97972
2165
11128
19587
76310
46066
48033
47212
12250
13301
76695
88316
44072
57725
22854
10951
74057
92468
84610
44473
74328
50658
2106
49544
80607
63391
25024
6739
82935
65357
82095
3438
65454
49550
54796
37362
25430
93990
46739
18971
29639
62130
82096
8354
44783
3329
39414
49810
22971
9864
84837
75127
87332
83315
77399
25107
31571
30009
75155
51157
48294
8242
38017
13782
76006
98810
65460
71872
5386
43503
40909
75269
32722
39802
37356
46884
46916
85198
59654
6592
31661
83801
2502
78754
75648
99146
50223
57662
5805
39629
59260
98217
50800
77969
73274
3873
42521
40541
47788
83122
59320
93919
20805
26874
97965
80957
90328
48381
52294
39359
86194
178
61667
84249
61179
24989
30503
87008
58340
43015
48774
15788
26918
87152
90839
31062
5085
53670
66622
51101
63424
17420
5404
84513
4422
53456
31760
66663
48108
66113
35538
3562
12248
88650
37070
68950
99361
3583
5643
49
85073
93050
66152
95559
66067
94874
40895
43854
98903
51989
29642
14974
33538
47231
24579
45719
92641
37761
45151
30349
44186
60525
25285
28911
99256
13228
47553
25965
27566
70232
49290
69497
56104
70201
1350
13256
7280
72378
71018
700
53621
92398
85888
10562
71678
44036
2331
6191
16621
51434
6946
27645
84967
59593
65142
46306
34023
15673
26702
37813
78097
26374
94873
39534
71748
22307
96855
42021
97409
10470
88704
19508
83829
75717
37329
27616
90342
29591
50539
78882
52869
4555
91284
47672
84622
54500
49218
19243
6485
72704
63900
49289
59475
26640
29826
16682
34838
13583
69402
48269
27350
49233
33732
28358
75319
22980
54775
12272
62960
36332
43395
30899
24939
72319
68303
7549
81740
10007
40691
77359
5494
33103
28380
44086
44058
92318
5239
5216
67878
20182
44502
5071
69459
49305
34615
73623
59633
50911
90681
13546
94112
2585
64112
24974
54582
21962
78918
68588
94030
80188
77100
93055
33665
37156
71314
21494
52971
84296
58394
3669
6417
49089
99897
84006
24694
21355
76680
4182
90016
83044
14944
54975
99163
78003
60929
42604
42475
3580
40797
48293
47969
73945
61346
19540
47215
98768
4525
94775
37271
29910
19237
27971
73587
79024
81647
21921
8031
97302
88802
35807
95468
52944
43312
12182
9557
91536
17606
28403
81115
57527
85616
24744
95200
11962
54170
6055
65063
30108
75229
9531
38897
18279
96667
93291
34372
3287
84458
67442
77312
5955
60156
17375
51075
12269
87611
62607
22147
78491
78320
65341
79081
55625
51905
78518
28670
57826
52763
33759
9893
64724
6548
10458
84243
25829
51745
44231
41910
10611
75605
98286
98979
95009
72633
32828
51992
22422
22260
55755
90420
96639
93628
93991
43792
97628
58623
90185
87118
63806
94960
54650
5836
38070
10582
85183
74551
75688
91247
24313
54449
3379
40852
3298
75206
95209
45725
24516
71876
41719
23352
20169
58423
3856
60761
64808
71456
16145
61399
88735
32338
58093
46305
47667
24066
65947
19532
1981
92767
2530
90123
57136
50279
8107
33429
33730
13887
55710
98155
26259
44628
59505
20981
23489
3730
34631
4340
573
45414
87208
37118
74461
92170
27117
13016
89132
39650
32435
85434
1594
23434
8668
43813
31990
93498
8851
1400
60347
70528
34896
24199
7335
80309
4611
4466
42635
88142
64227
18245
15444
85438
21778
19123
30548
91208
81930
67021
87188
80783
26752
2473
12602
14334
41195
10132
27942
64468
87890
93700
87190
5588
4370
33034
30618
63881
23275
93079
3351
16447
52046
34520
93215
504
96335
46360
29333
43766
22709
97112
68824
12415
15222
94938
33763
36393
15445
63687
64229
19495
85649
30683
9245
44258
89337
98818
76011
36435
40274
94477
21718
42682
44430
97219
11773
53894
67586
40549
15456
40592
11784
5961
23410
78850
76179
44887
55095
65490
13698
71877
24153
59065
94076
71286
97744
20551
53390
17198
38390
66641
29118
4981
72775
70252
49866
68858
4434
30783
77240
32875
51510
7398
45040
65655
44266
7640
20855
53239
92395
5513
79803
87852
78732
29650
18327
74361
56552
96285
91558
87586
55407
24249
28999
71139
13858
79061
24574
75245
35946
38584
88152
26505
46358
17936
35760
23186
61137
97881
21517
39780
31942
37666
5641
10505
77073
88051
86957
66471
70421
99377
27512
30281
32419
49369
91295
99742
94586
87006
10091
54743
22489
95070
70603
39080
40288
88415
74570
30246
3442
34241
57850
52201
56424
82186
20740
12347
5265
58801
58231
88377
57068
16788
58351
12433
30617
82821
92375
79013
10679
89225
76309
69722
3389
10800
46400
3531
87657
42505
96119
56760
39165
74175
76176
88269
23149
12611
78568
59314
86134
38682
39833
11457
58478
13169
1144
41099
70541
27458
31006
42717
37297
12452
43684
78349
48212
37955
19145
19626
45810
46016
18403
55156
4618
71562
89371
98364
65812
59061
98928
16781
21102
50455
64861
29892
19001
70476
67406
71450
97649
9262
15480
83509
17110
40165
86577
633
46373
64357
22529
49272
70267
34830
15169
60594
87572
85586
12098
85619
11797
71369
17299
98393
37024
42778
15322
11160
57615
56263
14332
51827
46944
50485
58106
89054
97083
56718
83586
90040
24280
2884
41147
8816
99136
58836
4916
38531
5163
95886
33119
73372
4185
47491
95761
38226
1693
61806
31049
72321
19824
57134
48040
6065
65723
77212
84431
9439
28469
91401
82190
74599
71534
45308
59683
79214
41259
32556
62758
56451
31359
48813
98923
2459
14431
95002
21986
43254
93543
31670
78050
47368
9626
56125
55557
64617
55012
26599
69613
78339
79096
74048
21349
35668
72873
40723
1949
89781
44435
44827
86315
78263
9474
64210
19883
89877
47119
10631
29441
51328
83738
11540
34052
12754
2207
94734
61815
64831
99837
41350
41722
20724
96157
90111
85955
8556
19775
6720
87465
46529
28613
7805
19619
25271
27910
91423
57525
39630
30025
64661
62790
19479
88354
7071
55161
48958
78990
37073
71362
71022
84855
55415
53399
33159
29700
39640
17550
87012
98427
66
78984
12316
16993
98445
57345
57543
45097
45275
76205
29304
79862
46151
28972
80770
76977
69707
18065
27747
93635
78103
98781
22563
31821
31187
21955
87819
77886
62055
36924
87681
75722
84367
99023
76666
77191
56173
81643
11695
87160
90875
19040
77265
41533
44535
44792
68069
47952
20555
39065
21788
19146
7752
73785
49849
48520
41300
91402
77925
69122
41498
32959
91048
87
86435
99735
60258
3544
57612
56168
91503
38102
1521
15631
87225
12950
98004
63314
20275
65690
79564
71062
27895
57752
51291
26007
89368
21092
31141
12578
84039
20944
65648
80372
60566
89519
61453
88123
82643
35122
9650
18595
72649
8187
63383
28638
54013
87628
97459
29500
42123
10954
88447
14528
95138
99777
11285
66908
94901
89639
88459
86121
91921
38345
46262
80974
24359
32187
72924
70966
38215
42167
29494
95821
94168
83841
40684
13555
53629
90876
1986
88159
7140
95193
62857
87471
78257
74994
79930
94969
86102
92459
4035
13535
17601
37283
37163
14140
72197
48999
61932
81788
86074
17543
83131
87967
80111
42237
43621
85633
8286
62407
89042
48422
45647
88757
207
87880
83256
87850
50088
28781
96054
8019
65981
99107
33054
92718
87305
98808
87622
19536
32425
42504
66700
34912
31936
24929
85711
1357
36583
44038
6977
93540
645
95769
51629
75204
63630
58210
85879
1349
65720
64342
94863
71356
14547
2475
92361
76280
26696
87630
89251
31464
38181
16827
90697
62276
65722
83159
88777
74524
37035
91156
96468
68421
69223
81132
63957
93099
9411
68795
55312
83650
92000
46609
24452
53120
32446
79148
23608
27801
59190
922
38971
79363
93775
98558
39579
10290
70535
13462
63521
15809
24111
58879
87642
92699
77493
5944
71738
78853
55334
6855
72199
66433
41469
71094
30791
1774
86445
12585
45911
67045
92121
30853
40801
94858
1800
16812
93319
32554
88191
75903
79232
58652
72722
8185
97613
63845
87854
35598
99988
52058
5584
40305
90030
16438
72956
17541
21077
83347
89237
52099
47358
31899
84196
73924
82483
49374
18382
22358
76485
23949
15507
67867
85039
43269
65104
75568
85983
62976
53573
80346
75391
46654
17028
90919
12220
92145
28542
24233
95289
96685
41764
53225
31748
77587
15945
43711
37178
67823
1314
41085
89296
23738
63222
49024
10514
19605
88128
82284
83664
78869
33617
85030
55184
80876
92802
81446
88599
98581
16435
94487
972
61297
1669
93255
28101
3134
92187
37835
83928
59098
51712
10155
57929
70161
69387
13125
74353
17194
58334
29837
531
21309
62044
40457
54703
76305
19938
72625
35649
32532
95351
95411
30324
8460
14960
33296
52035
85223
78741
16779
82081
29472
82823
64879
2431
3954
34879
69476
57598
53614
84362
2418
72685
17678
97934
91584
8651
16743
4181
16964
61718
5235
97045
96386
94802
91348
24273
19244
1383
15385
6318
77019
43632
43832
23817
30565
55734
4222
91857
85668
51045
79589
44869
64632
30038
29755
47384
30049
14688
44560
2224
79796
85635
8139
31235
20644
44226
79985
58099
40693
57427
54802
95273
82627
21907
82914
41416
51842
24649
96914
19380
40650
13611
82013
54690
66928
25140
29657
20471
47638
74415
38615
9484
97577
31602
68158
48787
15335
13028
85217
5346
27299
86556
75758
57849
53925
75806
85727
32055
8191
22829
1875
40182
67930
55278
74844
23614
71177
65464
44130
31154
93478
47673
89336
71974
96039
3612
17883
19686
33550
11893
68530
86481
96599
33721
5700
39026
64842
43116
80608
92215
51074
9844
34398
32718
73348
25305
59153
8539
86415
1495
24444
12582
47450
89923
73168
52189
10121
65002
41315
15497
77144
93824
30849
43685
78474
37753
9892
88816
87938
30302
83995
42740
89095
81849
59090
21568
30477
65916
41285
35001
1516
71891
31513
53292
17018
92052
28790
29218
67826
9443
53892
76306
7273
128
561
75145
26442
33303
8726
41549
63758
24676
99498
45052
40472
60432
11473
62426
4372
78766
54506
55289
48083
67222
26233
14990
7350
49643
90687
40346
23387
6527
23184
40084
86110
91312
15308
56747
72050
45318
62466
37503
58130
4711
95618
91897
53308
28796
45466
99261
73449
17890
53682
66466
5122
28025
20186
16239
6045
57461
51029
19530
73667
19185
14854
50543
96902
94625
85426
52599
35020
52016
58769
66455
41083
89307
90700
46304
70312
77819
28013
99611
64696
86047
18424
85623
40738
89821
65406
71582
56204
45947
33
89001
80997
66819
54023
35159
6124
62752
15332
11863
44751
74082
24322
18172
42347
49150
68763
7118
43912
32470
27307
49773
28281
24491
83048
24998
66902
79226
16524
20872
66151
29749
6816
71249
95627
34487
53537
66226
17043
25950
42845
18494
21320
42182
40325
79948
10060
78867
90480
39813
40397
50352
6963
19246
77683
44877
83703
82858
25882
75219
78781
9573
22896
48974
49069
90494
91902
41402
95642
94302
25289
68694
37993
97801
44221
39457
80307
81376
49718
82035
94924
9009
42758
66806
67173
71801
30209
51012
60124
81176
84870
66094
93725
81856
87853
94064
34941
25902
15179
2110
90753
62728
57787
34489
64347
75375
26073
55542
70002
50347
31017
96998
34017
10977
63509
70819
40481
52139
9890
59092
85680
50555
31925
62054
98124
65752
53378
89915
61070
6559
80402
58161
90518
10136
25186
78861
10919
72332
99201
61886
97009
14657
18556
57677
80448
9535
78398
47003
61319
93738
28560
81395
95960
43311
61642
60744
7779
63359
95229
9876
15922
83599
76940
80015
75523
98215
40642
65764
66150
84975
53882
34911
38665
83415
23877
94267
84969
4480
55258
39718
65272
61146
95803
15590
6616
60608
57737
55935
5837
50199
29280
7730
92109
85189
95844
49132
60961
22372
77174
11738
17574
74423
5337
94831
20231
58121
70715
79674
92055
75001
61141
2983
50707
33378
33044
67889
97075
11096
50194
36921
84176
627
49243
89223
51577
84420
71512
47148
90031
56564
17312
6871
29301
30891
64511
18659
95781
45622
1468
38985
40350
61520
70103
18323
38521
63380
54027
42913
76686
7636
22912
76475
53310
88928
60346
41377
31259
82785
23679
10312
58443
52717
26170
13648
18662
8680
31278
74341
33187
2743
70806
63860
49950
27426
96501
56957
81096
32049
51515
563
11016
86622
7175
71195
29326
69833
94001
12422
33472
92465
1710
59445
26600
49656
45657
41311
34706
52806
31751
25130
8456
40864
35097
12750
45160
64875
76416
88525
59938
48738
12833
11839
87977
24839
94957
38466
34960
22067
98091
126
39279
94037
1968
32391
49151
1847
27242
49352
2088
47158
94145
13986
73463
29645
64469
97696
55808
69435
14491
45209
19750
16704
26447
62923
6491
77810
62180
50277
70469
84099
2772
27473
95775
78325
56976
35335
74912
72382
66713
49404
52187
15490
82287
79445
93828
44915
31584
92226
5406
33902
69044
87858
52084
66418
77593
13755
98032
34964
15160
23199
54380
33598
69326
75919
91203
81463
55564
85850
3403
10475
50624
76631
66942
11155
78397
16443
14509
57449
4545
35130
29851
18893
55507
73813
99588
18278
34510
96517
31664
94829
7105
89286
17013
99025
42784
20175
16782
38397
93445
93559
26705
62597
98202
17507
94848
71080
4171
17035
54627
69327
41664
61013
94175
19582
39351
19258
46256
8546
92544
51742
40641
17419
94026
79282
21176
70847
68140
29255
17378
81428
11061
37865
64337
80224
73922
27160
95641
52388
9785
73711
93119
14447
89155
99382
22955
78173
10192
24787
93557
91570
10917
12971
96988
32648
18294
9072
15614
86494
83308
24808
48613
78489
16234
7976
46475
6641
83649
35926
80022
716
50086
37198
11223
29328
67043
60275
91923
8771
91182
75483
23828
98214
86283
75661
41687
1341
75905
83613
98609
51297
8585
98321
45945
93324
65191
35743
49247
14538
30319
8879
81525
42129
78664
15805
93236
21758
23711
43972
42721
76795
97493
22581
54837
89109
2952
23715
49259
30032
39515
8597
33304
39847
91343
50595
88974
87867
32844
6924
4366
12560
48927
24482
55510
99703
79247
33361
1627
28166
15502
49856
86352
22184
76417
35078
36897
39040
3574
78343
36722
30290
32137
68139
45180
58271
99651
74679
34545
64244
75346
93711
52327
527
3530
35596
51582
54162
42515
9068
11868
99743
81594
51977
82663
85699
15476
27682
64759
86437
41422
76563
13811
74567
27347
20592
30155
21743
18562
32048
67909
69239
31886
72339
17818
18703
28059
56589
65356
41669
84376
86260
75800
63540
36871
23990
67375
65945
91889
59804
71511
41831
16348
53835
37726
4808
24308
42258
13668
48168
34269
95379
36694
52005
98272
26545
58951
6149
18631
7482
23332
32676
34862
36781
9190
14823
84521
26304
7510
53736
26548
7024
60418
76660
53389
91437
68879
97058
53801
20899
21399
40940
94617
33537
61606
91281
42092
48061
50943
29477
75867
92748
87004
83237
34994
95814
13958
89504
34005
41343
52875
2784
35554
30713
94825
47150
79986
49685
15935
23141
86135
88132
95406
58402
25354
18291
48308
58282
84233
52419
28001
19744
84201
10464
79347
86806
4948
3836
35081
4087
27536
98327
88989
88540
88778
49509
77942
94080
14309
11398
4385
3976
21515
22335
49428
60749
13043
47544
3565
16965
77486
62395
13869
93383
52667
86471
57658
1570
82622
43473
32565
72383
41146
2371
85319
47704
74078
48493
93328
678
29188
41074
28341
5619
48111
25452
26270
78532
47019
46513
89445
86086
92405
53248
74692
56470
35497
48840
66383
46711
4701
16081
14684
22255
70088
84141
68828
7607
59650
97666
80083
30284
3070
87591
29763
74762
94147
6109
79338
34090
40293
94564
13224
25413
91079
472
10388
40734
12138
17335
9559
38485
73426
19629
4142
49551
82806
25169
54754
97001
3452
69068
93745
4251
10285
16971
96083
69831
49905
56604
79104
72129
60004
54825
42959
67572
95163
70524
47327
56398
73027
78459
47481
96805
52239
57082
94177
2486
90605
25205
94951
55140
11405
68170
96121
25264
66569
15553
61958
92526
46623
96657
23953
28472
24293
63550
40357
88178
31462
89807
90679
45459
23210
4312
85503
6979
86971
38439
80007
8633
98636
59708
75396
28498
95270
89092
49099
3920
83172
3635
90917
48454
59074
99338
87930
9425
1141
39202
19956
77223
92165
87535
95926
77416
1841
98847
835
66445
70658
67855
5999
91329
2751
98335
6073
92092
80899
67119
66503
80243
61734
11284
99802
50657
52779
1339
66329
640
76253
81371
99782
51988
44326
50638
80493
11744
80953
7919
37783
40215
764
4888
71769
48298
57754
18411
96907
16932
74381
12629
66382
10265
69073
84015
62832
22293
6712
15148
86538
22784
44548
87554
41946
53837
18075
84179
11761
49573
78329
36693
26158
48698
89022
25250
1725
49309
53655
32292
85667
3314
50931
58054
79039
12508
88361
3764
38980
26334
42417
57796
61561
80163
99426
19595
37157
38999
30898
87158
23983
91901
24131
33705
46695
12534
27587
66876
6900
21485
18783
20421
87902
4345
15575
1586
49402
81884
83559
79655
11138
59627
97593
77051
69421
37030
78503
25764
56781
85005
6011
25616
64952
43178
79711
28590
84493
44605
73624
33403
61493
46054
52381
1572
51419
46133
7971
38738
92358
36545
92100
42134
56730
48243
85648
96366
81179
16061
43874
64231
88533
78903
78321
69767
69563
47355
29202
90524
76055
95937
65083
55495
65552
92587
62787
28536
12463
13033
22498
31655
68816
35879
88431
87991
97931
83261
55024
17400
55100
27456
71366
87170
67465
62200
83760
25286
65175
63479
55633
70000
68375
43162
83234
84645
39622
64002
1884
41939
91754
8453
60382
67064
50154
21929
67567
35866
95464
30740
53439
43498
77782
56405
71013
68790
78009
31696
3696
63873
49999
23732
35602
25106
84741
64314
48555
20233
74774
39082
35449
30492
89221
49940
1643
91578
41678
50124
79067
71280
87480
23758
29039
90441
69051
16417
36323
64025
43086
14314
20348
91642
95172
81860
84402
83487
49853
53333
92442
99284
25519
92888
27830
39006
13480
41065
66885
82739
25661
95261
3218
1159
60206
90055
60456
21516
23122
85078
86967
65592
29094
56569
30959
13834
46492
75478
72301
62985
86870
56036
39251
6873
17508
13717
33797
31130
5201
91908
21634
99996
27893
23022
86930
36007
64462
24629
57317
28009
93252
15979
3712
6732
74316
33590
12623
18615
55298
59606
93394
26400
60080
56663
54191
70802
20386
72396
12184
48754
63500
93796
89905
38908
74584
25492
92518
7590
91696
61339
65499
70253
84263
93440
13582
92217
89188
57656
3772
86832
85854
97949
66141
46113
48851
83345
23618
67483
99676
11913
71266
91916
82994
45090
48286
94365
79174
77126
53453
15138
1248
529
95268
16878
77381
12529
26373
29495
29723
20653
14387
67477
73836
93631
73636
2935
70016
65222
97857
492
16078
52748
15100
34223
84115
70566
59906
91662
9853
39348
72830
29917
17050
2941
68894
44354
55941
60588
83831
25016
39704
42849
23063
14070
57377
96556
92379
67488
64880
66958
29131
53217
94343
15928
63464
30369
73036
79171
40799
4848
33471
2786
30806
96703
83499
93868
78176
34722
97073
12893
96147
23137
41631
42364
27876
6675
34288
42581
13
86548
10886
47478
35044
14221
5859
44989
63101
71086
94298
67246
28068
12492
91138
11927
51722
69439
11505
41394
20330
88138
93643
50428
27623
25557
82133
67951
28714
89031
68649
32618
5497
51729
83446
18513
88376
70459
4860
26767
51429
40548
22866
13032
24207
29436
20321
84849
43985
52916
6450
92095
31889
19957
49083
3541
47981
61429
84020
38063
47608
57370
20268
99212
94624
31826
5348
1784
84105
85764
33256
7582
39940
84139
15063
14650
71170
79544
57314
29834
72995
79989
5634
80618
16844
29092
25644
30499
65821
66639
19546
21206
3283
15578
10666
71131
75246
82086
10744
12556
22110
61536
94467
16041
41004
70983
89574
36479
5471
27750
27821
27001
22888
57839
71515
71987
36491
88208
70015
46825
41098
56102
58059
67665
4607
61986
90149
67348
37552
33346
88737
64992
97610
89898
77591
46672
13179
22251
55747
5579
93432
41679
2882
83702
23815
18798
9507
60324
12496
20539
74557
42611
85822
5111
40529
45246
79668
70815
91298
84230
97946
42522
20220
8442
10788
85126
70954
16214
62067
77260
42863
10211
34257
27071
25249
74379
16220
18007
7417
29541
50400
53725
62085
62012
15811
58818
97647
16033
43227
57792
85129
11141
4978
29717
52407
85077
11745
2413
51111
1109
23031
63817
72145
63247
48413
56949
64106
23117
6330
42392
99734
50141
55080
379
33447
21992
82234
60299
60872
12781
8641
10528
29111
8216
56059
50609
23532
28393
28048
43646
83286
88997
36795
79874
84920
82010
25952
47829
18174
67737
26330
91530
97627
5364
94679
11688
44115
38239
73086
56076
96684
66222
27792
63710
55784
72880
1032
74303
36760
6017
48569
68014
84793
91087
31898
63299
88072
80786
27013
69329
9404
5220
25560
43836
54001
33525
34856
61522
6018
1504
28979
63655
23297
32755
99372
71064
60179
61119
31691
3537
67722
49707
64209
52072
15675
66865
13250
36180
74775
84275
36724
98641
10373
9652
50930
10149
30584
69897
40045
76725
74299
93385
30699
92089
53139
50515
63329
45729
79561
52256
40402
40419
78326
34354
84078
35158
3473
28183
53367
76553
1098
14174
4129
81768
7959
57897
94506
39220
24209
91069
53515
79911
92082
71886
74701
64951
1330
17197
72357
84452
40280
1471
52312
24186
36457
22546
93125
51708
83041
44654
31317
6859
22443
28083
61144
69211
3956
43669
19219
67881
54065
29387
67471
72067
73979
39114
40806
58810
67793
89650
53142
11370
80674
61487
99976
59677
13073
10647
95377
46482
17468
90691
75704
1286
96383
99580
28718
12362
51035
76782
32616
17805
29935
6085
10262
24586
76811
71491
37270
86301
84365
63055
12180
60028
83174
91477
94313
48471
8876
94811
42463
9827
1928
14181
3830
31875
28680
41106
43320
74292
9868
35604
18452
84930
93081
44243
19561
16673
48461
31252
33767
68623
8292
31095
98358
88087
27877
70738
91125
78066
15954
85595
88136
28978
98240
72912
1610
18699
95539
40155
75339
62408
6248
65899
69775
54608
70077
72328
84171
96013
21657
8133
4814
70069
41504
78936
12691
33514
43725
38840
33535
91100
87737
48003
56221
16434
14889
44410
39810
15949
38742
94913
54097
58241
1934
28597
14665
27123
10190
50385
48351
59060
62527
15079
15211
21869
9300
25332
99206
11986
23872
6621
61094
24700
60751
1680
72374
71674
84943
40320
65338
77675
49758
82104
96154
66981
37534
31656
92296
92781
50804
94578
47540
29577
16056
41552
87357
71127
18625
1897
70513
35981
77149
81200
12277
88910
30291
2095
91789
75305
3786
29268
93352
71716
74756
17681
11613
6029
19000
83686
69381
57542
7529
35812
26016
8010
53779
12159
39513
3897
30585
26068
29965
75541
87245
60731
58079
46128
2617
59760
1985
41088
64154
29690
58352
17770
35329
83235
89707
70637
85631
59923
43674
19860
2693
242
83701
44591
7872
86998
42183
86095
46154
84046
99370
66157
91632
65850
92022
62735
57573
76949
17741
89948
94583
33480
99720
52968
81316
93225
39204
49965
34635
9212
7531
39020
25522
22741
56394
16697
68719
54205
95232
86062
10511
85098
70574
46
25618
93794
79390
27049
54440
95153
18223
65708
30704
70271
93761
88477
12329
26896
61761
97120
21668
76835
61534
41731
36758
6358
24712
98868
78265
45812
14094
41626
93900
2656
82839
52826
50617
2820
36029
23363
60949
80191
17658
63425
51839
27807
31797
53016
93175
7354
86682
8207
82567
54116
4615
45267
13748
89438
20103
38447
75220
85558
155
95764
75554
19541
25474
78910
98586
3315
21
27390
29900
57488
75018
11395
34560
84839
30931
68240
2519
73391
40632
87614
88767
61914
70945
8623
33485
32484
12051
48171
35395
60190
33100
72926
40048
68299
7641
31129
23124
69425
6324
1992
51654
16124
73649
57928
37459
18014
29727
82415
72671
51143
96490
91787
48109
29448
32610
16465
22547
22881
85926
73243
97186
73601
29447
29881
51346
78415
71075
88317
59369
61338
23195
21383
77013
42105
84264
7148
27785
41972
26933
12096
35709
92614
63589
21170
36367
49706
94255
40389
65072
60123
52727
83843
40061
2429
6027
88161
97998
97906
18775
70836
50728
17290
12658
70890
24507
75709
76770
10513
43961
60320
60036
59616
21105
41676
11324
21874
47739
57538
43959
53212
98281
55323
63568
64275
6914
82786
37359
86536
51239
19858
13079
19584
47249
60476
31437
15882
99182
48831
19334
52704
12619
97783
1259
48018
17916
74886
66095
79804
18482
50000
35365
93289
56520
7839
45755
23282
10305
40922
81119
87112
17622
9601
18273
58499
75189
6808
52601
13213
92024
65896
56436
19011
18607
48261
18458
64887
66989
73239
70679
29398
65522
20635
18212
77568
28240
72832
50388
87364
31315
70162
3651
49801
97278
95505
99199
46014
55843
23134
24957
23119
81478
51099
90879
30201
29221
45063
37816
42794
75992
58869
72511
6862
68157
92658
45435
36548
3238
7447
73533
45401
67134
64503
698
21622
87071
66689
79893
66075
5899
4058
40029
36134
75953
42979
94692
67334
81054
50980
88801
58617
92081
5519
97860
55013
78355
69138
28528
66278
49830
86758
85003
4446
54476
65906
27243
20579
47484
31608
16144
89015
71645
14551
11791
23922
9303
10594
96900
26504
14769
41894
70158
30275
11078
38464
50513
61314
80626
50794
41836
47648
20468
77217
43487
68137
46820
31716
98548
81145
57916
41155
29323
35777
72250
20033
49366
78000
48966
36809
3336
47317
45446
87829
55136
12319
86857
87201
10147
57541
35868
94922
8466
6670
45189
80465
96664
96381
53415
47644
34955
21702
94456
76496
35399
29135
60033
5090
67341
57871
65068
98408
23033
66851
30230
27419
49080
47568
16324
80140
4280
33313
37136
92336
80652
70320
68155
60946
10245
5743
50235
64471
35861
52680
57417
97826
99086
62841
46162
49411
64982
53634
78848
4416
42967
71690
85611
8409
827
45062
30279
60337
57911
18540
14158
85856
26394
44023
22872
45565
3232
87238
19850
13714
53007
4432
62313
78924
86259
83333
39885
68899
91070
88383
90205
84580
60272
99635
63827
74047
61454
63390
27703
50120
87900
34084
69911
94390
18695
45689
43944
72007
53962
6889
14179
24802
29299
74396
10270
54051
86958
9738
24259
67970
6349
69064
3454
43029
79020
88549
4570
32511
60643
56715
26278
30341
44610
9548
18474
31902
86721
90847
35293
65759
51240
3980
3231
83975
69151
44389
53403
14838
38000
31433
78691
34908
51343
67821
9769
112
38078
74029
38082
34589
17371
8971
88924
17693
32040
21570
1895
60281
89676
26364
87194
4688
20101
33979
10660
711
93899
38507
75777
38293
29849
88321
13149
36685
7721
91933
84578
86811
61825
39765
90376
44832
87708
44966
9835
70050
65888
71607
65838
86496
56072
63912
9231
49843
40588
36355
71276
2741
63621
9818
22134
8198
24236
24232
11218
29897
19098
68924
15541
80512
72744
93503
33226
72275
77490
69058
17181
35658
8576
73115
22368
53735
98035
57837
60804
55242
48022
1732
86412
20826
17792
77868
30484
51133
94754
9371
86296
41671
22637
34701
95019
28254
85659
68416
77649
11182
82509
70409
20797
65243
51260
69508
81947
60924
6341
58434
14318
45178
576
2684
70450
19148
82599
81623
59886
89803
11309
7492
92001
50407
21469
29361
94546
13998
38122
83562
79834
27692
2337
86932
86785
55730
91894
26256
95913
48266
40465
49983
15911
22584
68347
94609
2849
65089
23381
70358
25449
92294
33875
49635
36844
35211
449
667
45880
90575
75943
2215
71686
41757
23798
30621
48044
16114
55668
45093
1714
96097
35012
28770
74050
58279
35519
24321
7122
57380
23713
47423
64079
66280
45665
59638
99932
36612
22578
29208
65372
97290
4085
73271
65052
85718
49029
53270
23166
86859
88379
55767
28748
79788
13240
94459
96707
10953
80746
81320
51333
25383
67905
39357
56126
75657
36570
16059
66465
32597
152
34303
37319
61748
15081
75011
77036
8826
7712
46050
43679
63432
80001
66185
95850
56061
81637
58886
69875
51770
55649
16548
52962
75767
81779
6741
95278
53332
7328
68317
3347
80919
28148
56099
55280
53568
19055
67316
37255
23187
24250
19859
95159
95946
29369
61467
57216
24326
21902
9274
54697
45474
86639
66422
84162
2660
8926
64159
97264
74833
38943
39476
64991
78999
17960
24080
99624
47041
54179
54224
39516
25666
36593
56830
16924
81527
44779
40804
34265
93292
81531
19542
23681
8153
66238
56062
50788
88426
50613
18026
39464
72908
69298
54924
50470
34202
40660
24917
32872
41179
19870
99789
72507
88372
45087
99099
58272
71671
61167
31234
34045
73505
10597
88221
41239
27241
3456
65411
29032
51738
30234
88084
8437
46214
83312
64032
5798
79912
46075
59192
81451
51912
2779
89463
62692
62576
23588
5229
95957
59914
1088
77314
16043
2146
89374
11317
59612
81587
33874
59524
17614
69456
10459
28137
84456
26343
55831
28684
61441
10005
51058
38859
18805
58722
65766
25841
90984
18359
15096
93897
20142
96325
13362
87075
52291
53538
17379
75647
39330
23768
23544
18378
70383
75865
11069
48090
84273
31341
76343
2113
21271
8018
33657
45021
36621
38769
22568
96918
13965
8095
12021
32158
70641
41647
69249
2424
1189
21916
81887
24677
56132
65829
50887
48106
59738
52710
74629
74204
86621
61636
40683
11263
20214
83322
60352
11972
31727
46997
15632
52093
75533
91732
70294
31619
37853
10083
3585
72542
1041
36396
82666
63052
88028
49154
79428
66386
88513
47511
7263
88508
25127
74594
4040
48747
96290
9138
3152
62291
11111
53988
1493
20763
63871
7955
59967
54195
652
96483
22986
47109
82312
98406
28604
34761
80896
45759
1999
21508
40718
65661
94662
80259
19047
36011
56570
46392
43700
70677
9538
61008
79302
20366
47900
34281
32572
52228
34163
38179
27250
60200
77464
30432
34953
42469
98402
48162
15408
85348
27614
95338
43368
47864
76154
83726
85133
25718
88275
84707
86974
80488
78642
84177
22399
11476
43350
51608
40010
6705
8682
66917
27409
3440
80126
89544
75413
86655
35113
28891
71126
86542
18274
392
45940
31920
65430
33816
30846
11597
82454
16810
81434
70190
41431
73142
44442
90695
57589
57769
93002
43109
69766
80972
54347
30760
53554
15709
92436
94071
85651
35053
68675
5833
5916
31520
41274
27838
75608
931
84577
38299
61924
83002
7117
96818
14729
5224
35136
88854
9574
4979
90610
56308
20902
86712
70803
45377
63767
47080
70794
56963
49266
36865
95759
5618
88038
49609
58714
58798
95890
11393
34206
70026
78069
55019
65194
82660
9424
86394
28475
76521
21581
18197
70020
3622
60977
22247
23657
28427
60522
7446
67476
21329
69536
26542
10802
77765
11168
12358
46029
18877
48197
37631
97892
19661
39955
38053
81377
77571
47203
37621
36633
21586
46182
53404
91971
28417
87818
12427
79938
95607
2155
83777
36136
82267
17814
23020
29629
95755
69345
91491
48121
92878
49918
59020
29139
45575
25673
60689
26994
43407
21609
40231
23913
13522
51272
81022
91007
16526
87052
98457
84652
41619
78626
33606
14151
83787
98367
74607
66878
12494
85533
67958
57000
70842
90384
56632
64331
96354
55948
10359
7854
54751
61303
2588
30932
14586
66032
67785
30242
81150
50026
10856
7673
370
55949
97951
29936
72757
91718
36427
25350
73208
31970
11513
92371
25726
27475
30042
30697
65126
38526
1375
50436
35015
29882
90737
13241
90611
62250
20647
4800
8824
37613
97945
82961
98821
8643
88741
22371
95333
45785
82224
10960
98762
29884
23086
61397
44120
6976
25887
97927
61403
62955
58133
74468
56369
44627
48709
37235
64055
6003
32837
22969
92731
99166
79650
22942
52550
6489
46364
67808
80143
66008
95941
49872
71778
69075
74018
92210
81157
28672
68679
92815
1501
54840
83837
4382
83672
10827
1830
28305
47574
33747
66815
90549
88463
34995
24357
75594
87564
68845
547
16775
46663
9990
98305
42078
31740
79751
2166
79411
92967
89545
96675
61417
18809
70568
43061
66995
30384
20546
38255
50264
62603
52568
29528
75705
71381
987
85482
21180
20367
91111
25558
13369
11881
3797
90380
7091
34647
24593
35774
7390
41652
60783
8377
81820
35080
22786
73496
65922
57258
96963
59594
38910
4588
2806
46588
62017
94654
85450
97015
47772
24842
43619
84327
71893
29239
83331
49464
90529
5336
81986
22373
66930
86699
4162
44015
36513
66784
85163
80828
38363
59323
78892
28721
76050
42233
30695
84202
53122
53758
82029
54000
45031
70377
84948
73588
87056
51915
69098
30848
68931
51953
90732
79975
25969
64
76926
31226
989
99710
9310
19376
65486
9710
46413
54379
55256
39747
57571
95768
18718
33212
19036
20739
3695
76206
46631
96027
3948
78684
9786
22387
78386
69183
24959
82671
75034
38138
64728
18999
44739
20645
70104
77308
93853
29084
57847
40743
13328
8415
19665
34596
52989
65761
94691
47995
7950
86182
84070
66655
64103
66088
76843
21017
78887
6778
57580
6789
67606
31473
57893
57104
24923
81171
83813
99779
32084
57772
80625
69247
95893
83421
7915
34208
8533
81823
30222
89790
18112
33454
8418
33047
42668
94908
51220
5755
18475
94897
65079
8685
8875
56045
98915
36720
42589
59529
96202
41936
60086
71871
38885
15716
49356
98742
4131
35186
11120
53412
84198
37254
74687
11906
64954
5671
37947
69647
66765
7671
85681
69190
17245
68510
86005
45078
75744
54350
29946
89507
79551
67172
6531
58481
90759
83463
82363
77297
57808
94550
29981
64215
61946
32035
37677
49479
99813
39014
55349
28312
91758
4954
8162
96113
79005
73194
73021
43970
24425
63154
35209
53604
50010
66614
23769
7776
46568
27545
73293
48546
64475
24448
52476
11981
95189
46076
26089
76071
12541
771
38328
97418
10523
5907
87760
88032
32539
39125
7506
98056
24005
77766
61382
53489
23106
67856
98625
68105
92673
3223
91325
84109
31394
17349
44718
41964
52333
74131
90335
42829
25476
96316
18822
77669
1795
25976
69777
97990
36131
32033
63640
52341
38626
71352
81425
93786
6432
63042
31429
54530
58958
50939
20454
96284
54658
73196
95656
53922
41944
4679
62336
24518
61057
45603
58847
91878
18585
54597
4232
87179
27738
83967
51281
28996
79450
69868
93035
46731
8168
4000
99077
29250
36972
70248
99644
92348
79673
71240
26207
30533
38741
6101
24838
1313
61226
43006
16321
98141
52720
53973
64653
80968
28375
17882
80228
95989
74518
75072
38883
45436
95227
25345
83194
46829
98767
37891
18357
78670
80195
52162
46967
38076
11912
30288
78511
69104
46818
47733
69038
34558
66677
94272
59901
38782
69794
12364
69041
10887
17007
49488
93234
54268
36091
21577
12436
29661
86813
91328
33594
8574
81410
5269
322
58131
11435
45862
35891
21580
88193
90302
36101
27254
31098
15213
92813
45073
89021
19173
63833
17591
14883
40431
94167
90436
70926
48896
58040
2607
30675
33573
50349
48571
78622
24690
68647
82690
92930
9222
14616
65699
18137
6115
4134
17611
45509
79098
53283
7270
84383
2085
60011
10729
43392
91461
33768
7732
79319
97615
36663
44257
6656
21993
52314
83904
47295
80745
60934
12055
8327
74301
16004
41381
52814
32859
18898
68645
18206
90966
31393
79805
70274
80761
55215
39378
39303
51397
80733
89530
20424
75424
57296
58494
90059
65189
23693
87650
75534
24328
9807
62585
33521
9414
47586
19612
94481
79964
5640
68686
16052
67137
82886
66147
52797
95245
15821
91232
34171
67251
26268
7952
57162
49436
50034
31099
29463
18056
83999
44932
78911
2419
15818
39899
92905
35229
30074
56540
77909
85992
46952
94627
5806
8604
74865
71441
24073
2093
93374
35252
2108
54074
6677
25671
77616
83898
28880
63073
67063
93547
61427
87467
37316
17497
37528
40243
20792
53243
84697
51785
65940
28554
87435
332
78235
87855
75934
46593
17303
76256
24481
81942
87888
46355
15637
54560
93967
15000
40887
74721
90275
76130
8445
27206
50022
76671
464
89207
73399
88594
60125
88493
15165
81359
71079
209
33483
77151
51689
47206
7960
70387
11590
54026
21632
58453
10911
50589
89169
61091
25001
68916
6488
81815
84565
25777
74302
68308
3946
10645
3183
34831
26144
74849
25369
50763
46725
5765
97536
23599
75874
85669
77637
98218
58821
77911
71343
71570
68399
92918
64633
76379
94460
3384
69184
66117
27340
79613
60286
480
75151
64827
89395
46340
76234
94243
21863
83498
4430
66046
66145
34511
25954
50110
78457
56575
20247
35463
61147
56639
39017
25
63196
13059
46619
84949
92202
43596
43781
50469
96177
77160
52317
51421
4986
538
88536
63262
94159
3821
65314
358
41082
21889
22352
90698
75104
33033
91290
48700
15938
37664
29990
43949
87810
17109
3723
57999
52032
4831
26524
52296
92945
91790
50526
31678
78088
35651
58135
64734
57925
45651
12351
26822
39372
65421
37453
42502
94036
98309
53713
56030
77569
14435
7333
41988
42782
24784
93023
461
35353
62810
92934
82316
94965
88130
88664
34194
89118
10857
24379
82996
55005
53464
77607
51056
12896
37830
52275
90502
64918
72018
56681
21747
27381
96946
8914
40262
66502
14643
45643
12231
43300
93129
2517
91145
6030
44237
76687
59114
45883
45555
25717
75683
30114
96569
25657
22488
63674
75986
86480
42213
86073
53851
86420
35072
51100
74228
57885
41753
87131
66099
14890
41582
28371
2348
84135
75477
61743
7494
84239
48992
99523
4173
79922
98385
44595
94409
44245
8741
10182
54659
24671
41001
881
27820
62624
84955
54520
19679
96475
83488
11874
83425
77139
52866
58502
71219
10600
81576
30069
4927
70177
51841
15792
23753
89787
95732
80604
77141
72316
57368
30975
99505
30028
7460
59372
97586
25768
39931
13150
76413
36527
92838
60672
62278
50375
96358
88747
8344
9922
10156
35443
33967
21301
62847
36024
80889
8897
88713
26824
14141
5037
47188
81135
31146
77620
63398
39731
65626
9753
35498
2084
19743
39097
11506
17453
53398
47061
18281
97369
96402
65755
27672
90395
16266
41571
19660
67479
69765
14869
35077
55060
31035
20072
91018
44234
55601
92524
72948
7894
40188
21693
94614
12925
50162
94596
51364
69248
98288
84205
40635
50102
47304
89127
34098
80045
33991
97110
82638
58469
82717
82134
19363
60502
6273
40237
57510
8414
76711
97578
60618
33176
87685
10898
7766
82784
75367
41736
352
78729
78389
82015
21067
39177
97491
331
47804
56088
21249
61823
47219
32947
34315
26686
25437
83826
96118
46172
29256
90817
9610
97572
33943
15256
30841
3514
33671
51687
89981
66273
91859
31276
24049
84300
48773
77905
35790
86826
9278
35799
26436
20452
64508
23809
66790
40204
52001
35031
50741
32790
18736
53505
14463
4033
47927
11992
75039
53205
69480
99453
92530
92152
95142
64264
6268
98422
53507
61942
39831
21852
224
95001
42501
78388
59749
40939
55876
39100
5295
52143
38319
86554
12738
28727
44355
4648
97681
83706
79636
90234
88389
38688
42653
62769
69193
99184
4414
27956
53859
34653
82701
68988
78241
29132
75053
638
4063
74954
68349
34611
81072
84266
96214
90451
68331
56217
55339
57189
96226
33283
38089
92746
82376
84880
50378
48905
50748
74652
56051
2176
2465
88126
38323
23666
2004
57877
86573
35234
7316
12191
89240
78303
9097
30446
63772
72001
26492
25208
81032
51080
39529
9104
16098
96759
33849
23790
5648
2891
37468
53523
18254
12389
79579
48437
43342
57006
4083
30431
38027
97761
29633
43648
25358
19322
68881
47983
14009
96581
42989
2483
63537
34570
16279
97387
93339
30101
6628
3628
39815
14927
18427
69711
38038
96488
51131
42746
41231
84069
68723
12324
18141
52984
2597
33510
73698
53612
9849
88147
72972
92177
8475
42118
5487
677
48131
31820
78322
77906
13613
75423
42076
86337
71474
29774
12002
41919
5056
33245
6685
4762
68748
65174
10031
50971
31932
96168
69489
15395
73297
80563
27190
14664
94836
21003
81083
72087
30626
19386
38505
41258
47226
66776
62151
95610
60161
91782
1962
73748
78073
97806
60241
53249
82989
60167
2752
42080
38868
17286
51830
27585
84984
24307
63389
7946
31447
5029
89205
75944
51665
26237
66987
33236
59693
14449
28659
56565
51955
50263
76278
29122
5869
15762
24167
86991
49108
97646
38395
30079
1648
8336
67907
81309
43020
73810
3199
10902
99647
36394
7084
9458
60923
22214
81554
37161
86847
81166
26719
75682
55694
27134
88153
10987
65883
76171
86759
91582
93346
14859
61015
95789
37074
82646
81286
13167
96249
8820
60007
99381
19918
19424
49883
12215
8823
33448
85837
35607
76853
7050
4271
377
38430
10978
65957
40990
43898
93309
4075
38668
26611
20478
72985
75116
35489
14849
19580
30540
10492
90472
96897
30220
54301
58999
37593
6442
75100
71336
38207
74560
57922
32846
26038
98629
83980
55490
16945
42300
10238
66553
99985
73757
13001
20868
62267
79642
73030
82942
79977
37942
74016
85987
63405
55574
71123
57671
56686
95658
59106
8237
8080
16683
41173
22570
85525
26587
23254
33915
15664
73716
74613
72491
65021
32403
94832
71722
55799
41035
43565
3837
59520
7195
25316
92122
96082
71979
33970
35344
14715
63747
77205
24090
20687
65712
57797
92871
74797
82621
38337
19423
99059
53829
83055
29279
28959
30756
31032
42132
20798
85629
7314
63969
76116
61203
88915
68660
67400
2314
88600
97221
87560
84809
36475
68066
56284
7848
99272
83871
3028
67485
86422
87599
33676
68002
4584
85501
61835
82527
29229
48573
27202
33194
58011
41073
7564
37272
56909
51454
33596
98748
89868
4542
85154
93811
23932
31503
39435
7450
85614
41538
26541
69632
17566
14809
17401
89651
35277
251
98431
57996
67017
90327
99968
30473
95952
75153
84346
97059
3755
73282
26818
21287
34978
5044
37862
4455
28985
61865
38423
48822
84330
2815
73700
19089
1118
48001
52175
46633
32619
9078
95910
24763
41746
50414
91928
75450
63274
63499
24725
44846
25225
31789
94823
17957
76095
43938
58080
45656
52928
50401
72237
4972
81126
61258
1327
20932
96073
34182
3237
52036
65094
73737
3992
52061
51491
97348
83717
54349
88098
77867
49920
78782
45991
10074
98764
9069
72860
78102
21138
81051
20911
51917
5373
53157
52523
41546
6737
40113
15036
82720
34486
40489
76226
4062
91184
46337
58012
62957
47523
70339
95305
15794
42193
62025
12040
80109
17584
62591
29078
54432
29993
25200
4720
39308
97399
77592
35024
6754
73545
82473
9062
56836
1458
32088
94819
78698
17291
6159
2232
49787
10774
3587
46511
45327
96829
26729
71563
41078
87765
26204
19092
3385
47102
88724
79473
22951
77234
79973
50438
73890
90224
86439
44546
82103
77202
1474
26137
19441
94593
50036
53273
92077
68259
2973
97495
2996
4273
36684
14847
16207
83053
31810
85531
89887
16510
82873
40149
28740
3888
22412
91727
50248
75233
81495
51094
65969
78704
13878
68841
86601
1274
35190
54456
20183
17666
79946
39776
90573
95597
55538
14725
83403
16146
15603
3692
74815
59764
75700
59875
14297
80534
80430
60939
51659
18730
73657
54988
97724
32727
35412
36094
54875
66693
3055
99522
3737
52280
94501
73248
41541
30809
76717
90440
8123
8009
66863
73665
452
23721
15058
82733
81123
1653
31418
32176
58342
58898
99097
42281
40824
74008
97269
13346
74272
34752
35982
78373
90835
48665
7577
89610
87996
78877
96513
47312
25147
60090
92298
77194
72331
83707
82891
41654
56479
39430
8832
12914
44961
15683
43121
28332
9215
87316
87639
37138
32699
89200
61168
44439
57483
6084
97922
32929
97531
83129
95202
11811
94202
42305
43012
36421
29517
72124
55325
45300
90192
40480
97340
57200
27116
35219
25234
42909
1283
52664
93677
47887
26087
47828
85975
37287
38250
31332
50538
17261
76478
27987
16413
40972
94129
78455
71710
33879
36967
59672
16566
66739
19113
62944
21835
62173
69258
25141
46201
39439
41010
36292
63619
44906
85799
2109
87285
63951
17396
98913
66106
34405
64605
52207
99187
52853
15458
6513
56706
42357
13720
40842
46693
9449
32380
69581
79368
24644
40794
11066
30239
83909
13963
35936
40020
4299
65396
91912
51334
90369
71967
35302
29748
71125
48558
25198
94547
39591
60451
6013
70769
74612
68806
43111
66515
8451
9421
27329
27143
63381
23288
80852
19315
59586
43087
77608
40544
32834
31338
97851
41376
86628
6795
11631
96793
44460
18961
81254
50558
72498
24843
68977
62186
70483
67513
18696
81346
18264
69492
12695
66432
21099
92744
16121
79169
47385
40754
40009
69830
26887
52362
91592
20733
24727
40104
5551
91335
76963
50903
68626
41329
88102
60690
2771
80205
90522
23010
7178
84784
56721
50583
93894
25884
81012
95299
32752
78221
15778
74635
25144
73558
27592
70370
7947
23068
79807
36282
59935
80991
92249
65822
40505
2238
73373
33438
79110
36986
56141
94374
17900
40772
18987
26779
86727
48449
75754
66062
70074
64916
59444
41440
47289
74241
50682
16982
85430
19917
44521
75799
18507
23274
76464
9520
3545
45230
76898
84301
60533
99144
93229
54187
26393
91597
95925
45426
19220
79090
27933
99680
81770
50061
768
80421
47077
95939
55483
60755
93191
2320
28447
32736
44064
56631
81941
33553
17701
57420
1169
50497
44688
94866
99899
79439
67939
48047
54370
66556
39109
44604
91258
10994
11807
8276
80560
91573
30966
84164
55362
52978
56098
37798
63342
81911
42999
57223
89363
35787
17501
35524
36656
41556
5063
20703
44945
5021
73614
42814
7598
25009
8357
87665
46966
48846
74390
36477
53433
99123
94528
11021
38048
94804
29072
11178
43816
18338
7879
67289
81426
37882
93093
93938
9013
57731
93901
42262
63658
35207
25568
38563
34588
68423
42823
47759
86673
37860
44855
48289
8512
16619
86142
75329
87697
43396
66843
97204
35828
50872
20009
44765
83328
24617
45698
23364
15351
79786
51482
41590
85203
49798
21697
40850
98864
36244
61685
88541
21472
24286
5034
77579
14406
91318
47902
1294
16795
90852
4920
97090
12073
39256
17237
64539
43033
81282
89262
55915
57698
85164
1075
42273
41353
93224
54853
36964
2813
82497
13775
88335
80976
45364
24831
83747
62
51934
26922
17382
87344
68838
22049
39155
67729
92354
83272
98421
19818
94115
60098
32300
36090
57309
50094
32022
28874
2495
96126
56215
42204
47081
78671
94309
40254
56735
52877
6581
20941
31813
76463
53528
44736
16534
43188
22172
18402
4071
7775
28518
28952
53667
1009
20891
5884
95643
60781
44629
59066
87751
32080
60454
13824
97521
5915
25065
39888
61943
54599
30866
47723
31938
53719
69541
84898
64535
11332
14415
15834
71401
43926
99350
24387
73317
92216
86805
99444
12082
20043
68799
10431
9200
86777
9638
26109
78686
3584
5891
9232
12839
43687
69633
39134
4177
65535
14315
20442
71923
47958
58205
84689
52452
87114
48722
23757
47343
94890
20189
2271
15940
84479
10355
75655
36756
9452
17344
70953
21160
3405
55624
83504
36196
85550
79294
80174
60651
88116
61532
46387
746
75606
28017
61073
94238
76451
50924
67326
70832
41599
971
2115
62463
10715
29649
77824
89875
5851
96330
53279
19056
26269
35134
45069
54960
11953
46185
17208
88483
23309
34504
45484
25907
83242
28986
55848
49895
58873
32695
48335
46537
95482
84244
41400
7800
98005
97364
6182
42136
73746
57088
99992
79307
85976
2247
88278
56567
14588
66759
71415
75721
64440
81405
41361
99204
60318
65787
3318
53517
52221
29269
6515
84426
32522
90430
17209
33083
11928
9387
54637
31605
59107
54882
79408
54184
76715
75218
12282
20736
61508
10547
19715
10439
81433
9357
26147
51837
56160
59769
15850
25483
97674
99630
66331
95504
38552
64720
68846
44497
51981
63784
4721
94376
19167
75545
74743
50853
96948
72432
63282
15518
56519
67581
65670
25348
90633
21703
74184
88040
26823
28494
65270
89113
86976
30640
87960
35516
75258
61519
50006
49607
75181
91598
82723
82195
95928
99688
42779
13122
61989
70367
51092
69338
48376
80277
16130
70791
89399
74075
27276
26499
38548
32953
43497
46269
35436
75397
14912
56344
14420
54688
99910
11557
27663
37185
30895
89588
51889
74355
35264
88279
30603
62201
23098
3391
73367
43200
91618
68558
71699
23737
9942
29275
8014
70710
67968
37886
41460
53316
94194
8232
12126
20804
94779
11195
48411
23356
33561
16458
33030
22201
60875
69610
89465
30669
46176
97316
60740
79025
24851
97095
97794
44658
13637
35340
35749
79505
27904
92936
60722
85725
10158
94242
48114
69330
70979
20989
2307
24642
54728
63071
55498
35862
75052
50018
22100
74867
33456
37232
13175
93487
60863
7353
39149
77589
51675
22279
45737
68151
55031
51598
9038
9400
60127
279
21501
50674
61025
36198
38191
68146
88496
40553
65967
70365
57188
30688
64962
24852
94430
34561
72591
39677
66619
5395
2881
28418
14524
28942
64218
58479
97739
58178
60060
29150
46956
85056
22585
64197
86433
87647
61012
12780
62670
43502
8154
63122
33177
5693
75379
58367
51162
25927
45011
91561
57203
46951
11092
6009
53022
82291
41578
60945
62112
54933
95810
3638
8842
33443
28994
16198
36397
45138
12843
22929
73821
85942
27800
85193
85972
73252
9681
85932
79048
3341
44241
28811
84282
19231
14888
11579
30998
46735
80737
47186
96928
5577
31833
584
9758
84090
2280
86213
30469
34552
40220
47872
96953
76421
50338
71727
72313
19163
12845
67371
97246
74992
20780
14063
39276
98351
23296
16215
69549
68329
89591
7828
97919
54619
96619
33669
74442
47581
47040
10354
85246
59360
7077
42041
98277
73598
61331
10539
40661
22238
97132
88173
24409
74320
13230
63609
42624
49303
27795
93441
91440
59635
98533
53309
63027
49182
43659
13060
70
98128
76989
34857
11884
96292
67713
62140
21512
62383
49712
85081
55754
75025
44897
76713
82944
95672
98523
96428
82893
51802
70740
47293
90631
58033
49413
47460
3216
57429
28813
81477
62248
54581
70145
85055
10078
2730
3616
66761
166
29595
84377
26893
91096
85037
43056
30543
78926
40702
89271
8113
73507
10110
27290
14952
83370
30248
61150
45346
6356
5890
67187
47184
74690
56847
23688
89913
54034
15993
18781
3489
679
38609
15525
60023
4523
37923
80027
46495
28669
63918
38062
20602
78421
52325
34714
14941
55427
36811
96645
25426
86688
12281
4039
21005
55930
6162
44752
2489
64904
43935
90889
65859
34634
74703
68334
67420
10193
45154
99168
4114
50417
88930
73559
53153
72846
28111
25802
36092
3067
69062
65112
5768
66138
29014
49728
1117
67698
67288
69692
62346
42651
20246
94883
7472
24621
72055
67824
4911
83201
48756
47301
67959
14137
25605
58597
82075
89424
51903
61349
87749
43066
6092
18128
16644
92382
83802
60911
5655
11832
81275
33825
97710
11517
55886
27826
30790
27365
61994
98693
44429
64561
5003
88932
3814
11354
81649
26369
25279
11642
44584
20715
34105
51410
59997
90562
92239
89326
48206
94174
11027
13361
4851
79223
9326
5799
75813
47765
92021
38347
69405
21450
66308
67391
43044
75248
57415
49821
82634
82318
74409
96348
26744
13972
39
47269
19717
59507
68395
67244
77588
37842
12386
99725
13696
3820
83897
93673
63639
3640
19666
18035
5578
8941
64254
4401
89828
70517
59851
64788
89170
94651
40201
54848
7699
39799
8847
60567
60311
32530
61770
11156
40857
98553
62026
81879
3142
62333
46474
27601
80367
62421
52423
25303
51899
50710
23330
75889
47677
96439
46321
85343
10507
26412
84552
55899
49476
7555
70498
31768
37252
36147
53771
15454
11563
80595
32269
6401
70554
96648
14706
60196
50637
7153
30631
24371
88674
56075
58396
5030
38019
86255
4249
4899
83428
41876
12717
73457
79124
95795
51390
51261
40369
88857
88792
63397
55132
30454
8931
7393
96769
37263
26012
49487
75064
11861
93819
15545
21364
64273
29929
87143
78963
91078
74699
52290
82068
85102
48596
59148
52503
35495
93871
92373
61279
17904
87400
67705
65449
69727
84650
63317
82981
88412
73308
72645
29750
2054
53541
49780
78254
70147
57980
2726
74759
54078
66040
69813
49935
14690
57453
3780
17759
13839
18790
48875
65751
66393
2428
94108
36571
40300
12604
24096
26271
49896
499
67071
12153
86357
76291
63689
54537
23537
6921
85401
91015
78395
142
84134
27561
10681
8069
3499
15207
99227
3042
84399
27528
59343
13646
98324
92416
2421
95062
19640
97732
11002
64064
28096
89789
90699
93881
5548
11101
43702
22916
31231
69083
49172
30272
70728
81773
8538
2599
71174
92575
1246
58535
94678
19784
41574
29743
15113
85255
34326
36966
76689
48462
42640
53999
68425
35942
6837
66398
53912
60374
35284
97984
73001
58308
51028
77243
46573
92155
19226
85695
32466
13556
2477
97558
36870
35750
71130
54589
1129
99264
69877
22174
55797
21307
84819
59568
22638
20472
42411
77083
6032
91918
46515
12882
16409
4971
69854
44720
4488
94210
72876
13029
31197
52745
65065
50017
60721
70694
40953
36662
13396
29995
64387
75225
67495
73265
63318
63367
93773
5498
33990
26594
16846
26070
35377
25148
18982
57623
74641
62888
47321
54747
3143
43834
61432
93111
4126
77398
31395
44640
15154
26013
13097
59822
62869
2422
27765
58637
96286
60813
44714
56440
14049
78484
23886
52790
76058
8016
98066
91395
39425
11634
19177
58826
40286
5553
3212
97890
37244
69653
15504
91306
18737
27883
53885
17305
99465
96766
33808
66647
66688
95426
64675
29671
12374
42256
16482
45994
77954
11918
17115
17395
68587
75711
12127
24600
47089
67914
45219
12967
94319
39709
66516
11290
67213
21971
330
90457
72420
41095
33604
47684
79777
74003
89259
96678
21650
85366
81534
9288
82802
28655
13750
5911
82754
96789
17362
97184
78278
81473
5535
13421
83153
44145
26712
79759
43424
16105
23044
90114
80057
70283
89947
25760
69376
26028
59382
42885
88873
97874
79237
77268
89055
2526
30447
29026
54829
57686
75009
72427
27192
51615
34475
55029
34871
23310
50327
78462
97847
7281
54418
85115
82856
81616
71153
83543
82920
50567
19375
168
15774
71425
51185
46705
80632
20896
17726
3962
16606
42409
69622
97789
6751
86831
68735
19082
72530
72358
28873
48528
81640
98674
29060
59345
98067
71457
30648
81555
67445
10756
84218
43151
47537
92269
65434
13795
20204
53519
60778
24058
65815
31407
89525
58273
99731
91944
77030
34039
30826
1496
38650
61850
26032
75964
96576
30823
20587
9379
353
89044
75893
35699
57630
87615
81131
84148
58068
30124
86328
61621
70741
16299
31306
1870
92651
75316
86681
15885
65917
85625
83677
31460
79017
65134
54059
57023
36542
78508
3950
512
81757
53520
7256
33720
4138
29725
13306
30606
64919
97235
99585
9673
4605
42478
8073
80056
93115
19341
43531
32960
15188
94704
40004
51018
44663
3871
72835
6328
39604
24965
67474
63183
80106
30784
42034
34692
48900
9547
62745
23825
83490
87331
21764
6259
46316
35010
8887
5580
33939
68390
88025
67269
11294
536
74459
90067
51320
48789
32506
63187
66871
36946
3858
19504
24417
38902
78460
62174
72814
59508
21130
59295
21245
90385
86304
98148
70708
43612
55788
84971
49461
54063
13075
13976
296
21386
8724
21286
13081
66036
62650
25349
66699
57241
66198
96088
66431
63850
44831
49650
84730
66599
31371
19383
77521
32927
71427
40115
13652
40563
61762
89477
90231
11363
39665
13109
48531
51283
57784
46379
18796
62131
28742
42869
50889
78914
59831
69113
30098
14323
27871
4965
17386
67314
65503
4953
31304
68095
47550
72656
19202
85861
82433
28238
79317
11973
66535
21385
10914
58884
69554
36778
66074
2321
58705
40311
54789
9386
21598
91576
73901
42320
26817
52230
6322
38987
61267
75686
72230
67732
92484
4211
585
39988
46235
79099
65310
75085
27194
79559
86105
81112
51217
30100
36051
9823
85510
37896
60927
44810
44144
37307
42344
95678
38384
28977
59099
86825
17094
51197
45295
95428
90923
58421
34682
3443
2170
90756
25368
12913
50732
15751
72803
28541
79486
61784
5252
65548
28517
37578
37557
39214
80776
17328
68961
72035
34567
25482
58224
41296
77267
62430
98849
342
70428
22557
75975
48911
50706
33428
63313
48606
89652
96673
88287
98153
63236
64326
32402
66945
94157
46211
94455
85733
20534
13527
71566
75371
8164
21073
6104
5910
99821
24777
55414
57025
57247
21663
87627
39264
53871
50656
3234
14939
48240
76258
71228
64499
12258
13678
74419
36987
64283
32551
30913
2097
8900
32
98322
48245
16798
54131
91763
7481
60659
30943
89500
92808
55940
243
44812
70052
45789
14022
43391
88774
73124
83913
87865
99497
93541
81601
19908
81380
1764
27500
36387
15374
95579
77419
73929
91277
73755
49115
37689
60561
79132
96491
53298
57472
97706
10650
57494
85930
12360
510
63127
83095
54062
10250
23702
76340
58215
40270
92937
26483
65823
69052
30116
35169
1067
1080
21069
94630
89198
31453
15223
49702
85169
63336
31471
62236
90801
64194
61906
89548
17594
36257
8135
41483
35954
24033
94877
22400
48666
52373
78150
30852
51060
22974
26002
89235
68422
68936
87221
41374
5334
83202
92586
75285
39812
24029
51752
22865
3080
48017
20434
79853
37741
25934
71162
29939
89550
4091
24154
56642
29664
96021
49359
12489
13042
57650
54386
39589
37357
434
30844
17795
23767
27953
80494
29906
88823
79707
62051
46193
95400
7887
79567
81296
52391
55781
53932
22721
93112
92178
84421
40486
65220
77106
85209
37455
25544
66356
3654
79877
32715
5326
22462
22070
4609
13222
26740
23214
74979
89820
38107
76564
59559
42914
56017
44253
55350
55190
65774
13155
30922
793
30559
5991
20967
80344
79510
68789
22985
90954
22579
99176
47372
45477
3942
54404
1540
27313
71035
33125
32282
32599
3360
79943
78127
63072
3636
35424
53776
77946
22556
8970
58594
45177
97352
38158
37851
71208
56304
8225
79127
31108
91778
47447
14194
69509
97218
29446
24661
91480
61742
33568
85498
9108
83038
73744
66358
4960
3720
9682
31560
83952
60268
31083
39119
72940
94703
95603
2559
48115
54263
74527
62199
45237
53822
64712
10039
76640
13761
81464
66071
37626
66608
45686
40971
67100
8513
46836
59759
64039
98941
98426
32146
96029
21983
37710
80672
52033
33775
912
10897
82439
14164
85684
13312
53057
74422
5997
14955
33214
48589
13644
33432
49768
61329
87276
63218
2286
92769
91513
60580
55547
73217
53006
15151
61090
17366
5429
26133
37104
69963
48746
42012
74022
28948
44729
45646
42738
20418
51158
37109
15973
70610
38442
86574
48996
39599
42205
47806
56746
13667
26064
29168
3662
3659
71910
24042
51607
32917
63261
911
69957
66377
5038
9155
19599
20848
91299
44794
14430
84464
93588
42553
9015
37424
72351
62417
46815
77625
49036
45326
55536
1567
28016
18759
95112
62549
23
87589
74526
13901
2457
52812
39449
17660
21290
69463
25267
36146
11948
81734
97052
73830
63867
79011
35707
62876
83078
11414
51876
94032
90274
61400
39584
92313
86521
801
48418
70799
49085
24271
41279
56100
20625
62279
36299
64190
53968
62730
89041
18394
34765
36643
67301
31790
10399
5894
58993
21231
2533
16316
87423
75804
37743
21429
14235
55697
25684
17098
8356
55202
4224
74093
63962
30088
84423
21118
58759
36908
96744
92859
89987
72572
56135
47911
62759
63583
76871
60786
85802
59866
92716
13329
78312
46454
52527
59440
95746
61645
79141
45017
70140
51645
32800
51956
15416
49779
78132
523
13205
62698
40976
4159
62475
73149
99139
70666
36344
31527
63190
92271
76820
18664
65158
76561
10687
89601
42879
64393
8560
65511
66064
81800
95786
63444
20115
64191
46519
46890
71509
99363
98815
66957
32747
25909
44391
68705
7498
75961
65240
21647
52103
21775
3673
31114
6704
63387
165
96241
15707
34016
31369
63368
95034
93425
12194
44482
87743
82106
88986
76360
77686
92151
36713
26571
822
26649
32046
94052
75117
29157
58381
33832
62039
44037
96849
37300
31837
23247
63681
98371
39475
64635
21677
20818
1099
11110
7709
22276
92279
76945
80366
73603
53449
22625
99273
29886
67650
12010
99285
86985
48525
12251
37457
98501
32101
92329
91009
67226
33249
19564
21183
25371
56480
17532
57211
62658
40381
4356
43825
93849
35534
59312
93851
42319
88835
99315
13445
1158
9962
19534
74394
36968
56649
77084
41091
11657
87154
23595
68038
26262
20744
67116
98834
59241
75891
17499
91707
81940
24190
97108
4520
35523
78098
42781
49421
59694
12941
51267
10099
66735
35410
33430
59119
32011
3676
88042
32671
26080
19046
77485
4452
61296
9419
76625
42567
99663
49873
3004
13334
265
88310
88981
67530
9954
39575
57829
47272
98858
67825
63346
43611
72304
72584
79603
21359
45559
11210
1651
75041
96048
94323
59001
41036
72167
95132
43770
69852
41786
99098
52746
63074
80650
33417
36270
54333
29550
1758
83976
57382
43630
86185
99964
75965
98251
71119
55800
77177
82242
98592
36193
18342
35379
16912
46390
77438
34665
49522
62940
26131
48254
20948
5749
41050
38788
56074
1524
85755
37614
57599
50841
32629
30687
88624
39297
18897
54996
6988
86331
42685
40936
59342
5882
23229
21769
32208
71494
53267
90590
23833
29996
61525
2107
19704
25706
58459
77228
21185
86869
9359
2260
17483
44408
53495
5002
74671
71209
12032
70284
54623
34149
98793
11341
5612
10035
89334
92985
73837
40960
35650
50787
41889
90336
21200
10602
10108
73267
81062
12367
50389
91879
97671
8949
55247
46158
46547
81497
98816
76110
3517
56384
86239
28637
62148
84671
26363
68703
22774
23926
53102
61893
71875
98093
78330
81294
16394
22111
30807
99418
62332
98661
61873
55318
89106
72464
85135
37652
86738
20832
31425
83045
67888
66325
16226
63146
2375
15932
13862
36163
71939
14004
33105
82831
62687
13753
42062
86804
74427
7599
9747
86746
13532
55771
33375
72717
13801
12185
54165
5994
17170
86576
97821
56674
51533
74880
16502
37670
81444
16879
98262
44972
58627
83411
17263
50614
88076
29832
61683
96908
68401
56764
65146
47692
25542
75242
65795
38702
89766
72986
11756
43404
91327
64152
63828
59477
70321
96690
2006
51486
63195
55807
55942
46630
37121
21816
5552
30170
71476
48535
45450
27593
46118
49185
72524
6520
68059
841
72569
68798
71949
34490
86335
621
40162
15034
8825
76993
58467
66388
62721
25869
50189
66571
89998
80873
42766
65603
44316
65287
83007
47418
39075
65425
90674
84240
73287
49884
890
46919
49370
81192
81263
48652
81056
29953
30610
69639
32499
70665
30059
87255
78399
60064
78057
62337
92124
5673
98308
58880
39061
90253
13203
98285
19924
82836
70866
86765
63037
5362
47395
79435
83219
86147
92404
67616
59097
66414
82179
187
31036
32576
42345
71406
70372
64026
38559
26512
79944
90073
5781
68430
75963
32555
12530
269
13848
29292
62390
2577
30277
98485
1622
67228
38889
46451
80741
33854
72929
80709
2471
11663
40524
44819
66690
23290
48369
99587
48160
49761
95479
95322
77121
61896
83430
72887
60787
80400
37562
76086
97896
36874
78445
44931
9940
94184
2758
39347
90614
83633
58119
61021
6373
97148
16838
30752
20437
58317
66525
45162
11946
2688
97411
6086
46278
29716
5747
63416
44910
67191
94034
11172
92183
25499
15906
93264
41627
40127
73388
46847
89956
53828
50421
35995
10789
58312
27675
56888
31430
57262
8706
14863
56607
98587
54954
38713
54
64350
32684
28798
28091
73898
13703
12236
12934
77349
36219
49571
30093
61220
65172
16500
92323
94959
7653
87778
59816
74011
9087
30092
83982
94451
33340
52953
9694
6894
1959
92550
75536
6524
35421
1254
64355
97189
96274
84474
47030
10181
87982
72056
33674
31553
38180
73164
18672
36520
11732
18052
53005
97315
93390
1082
48379
17384
74226
51831
49992
7372
84887
60428
24844
51088
86977
97704
83565
26663
53865
12599
17877
38523
26279
75355
96317
92686
51023
39521
14549
82909
31822
20779
77324
85263
29205
57708
45099
80139
13757
5925
9979
16293
60205
89595
20906
37643
2661
71108
35193
32871
69714
2394
46442
10071
78454
89061
74465
7713
55678
2777
44428
4201
42631
90738
77613
48744
77327
8845
7917
38744
23233
56635
94728
52081
99578
28232
4431
42688
19343
68463
59144
33880
14805
86652
66737
69725
98968
77928
37564
36126
25595
44081
83510
99049
18311
91826
70273
39724
7379
91338
60570
50740
25922
43965
47297
71523
39627
24410
91994
38164
65586
4970
26209
91442
67859
81430
65767
47617
21026
65683
73057
51382
72262
71105
64890
75408
25564
9949
99542
49513
65782
81841
59308
21590
37099
85765
28164
72710
63553
54541
97567
37539
8132
72410
63820
22275
57113
51949
37678
62789
48128
34276
55121
67169
81208
96729
25073
47311
38472
69040
24239
19762
77787
25651
46481
55286
57381
49595
49584
2823
79250
94081
91246
69688
56797
15665
53553
56833
81543
28871
73752
15753
24267
78232
14091
96166
36341
49330
27633
49640
47856
1403
56753
40005
6327
24347
88388
81787
33154
37752
87127
40471
18787
1670
45456
57608
34031
32398
66376
40973
88516
28533
11145
54704
61056
46202
92991
74340
87197
52728
2028
41798
16255
50986
45846
85512
57146
12234
92961
60402
4742
8105
32729
37237
71574
48319
71348
28241
20830
741
13370
47791
92282
59661
75159
29711
39705
51276
20957
14218
93580
93260
19669
54894
75211
90011
59029
18647
15144
30646
26417
25013
86297
29462
75892
96046
55367
82074
20814
63248
19934
66729
62070
67790
874
47579
20916
13856
98590
43153
28502
65765
1380
86356
9456
44343
29922
98578
77294
54488
46576
53327
81191
74336
71115
72758
70378
1793
89975
41233
8335
82382
91726
96055
77644
16261
72575
38760
5327
7158
82603
42368
85720
78052
24681
50341
20594
19800
36591
94117
91593
97981
3273
50770
44807
23921
27676
79654
51850
13356
78655
62842
59686
3428
72038
25347
48165
35576
32396
30133
21232
36997
7705
11778
4581
47406
9022
35146
43614
41393
62136
19029
63735
5711
16693
24068
39954
56644
46136
61998
58644
35641
31977
59602
29366
68036
64444
24733
88255
55153
67528
16393
59224
99650
38731
87524
31741
30354
92713
87002
97020
70775
36028
79818
69271
73303
27920
23075
96732
49686
3498
43980
51160
54748
57031
62459
81934
87767
23677
16893
46964
55519
43168
32495
19953
40739
38488
87451
41534
65828
74571
19228
60068
55383
44412
61646
94947
42972
68255
74363
50493
60050
4663
81122
84343
43543
84268
45111
44039
61016
57604
73723
62916
91949
64930
33168
87969
21935
71068
81761
37898
10816
48451
15931
13847
54708
7920
99847
65565
11373
9261
13263
54002
36803
48539
63892
30672
16960
44571
21237
62271
10392
47915
83770
63077
29745
1151
14620
77784
85109
37069
79719
30208
32708
7657
43277
58171
10145
23468
92132
26260
41162
63656
86808
74814
35121
67595
4768
44419
73254
284
25848
24205
51375
38591
9469
4073
73803
7325
98273
17108
98108
61658
17572
94229
23469
92174
34581
13883
32074
50007
34824
3404
71687
18770
21137
13171
75342
79323
63363
48496
87594
10592
3793
41357
16292
61882
66301
22487
48829
95146
11509
82151
26323
85111
42632
23787
13244
32458
54498
90928
53317
86038
16257
42056
99246
7740
63984
84639
63431
90195
61976
72728
80610
85211
65912
83639
72942
77678
58563
6351
47560
67910
54361
59604
59363
71729
53256
51680
40737
27670
80100
2487
17265
31909
29713
51589
85847
17537
22349
76081
77050
70308
90152
72666
57248
52773
16209
1220
71344
30159
2447
45353
90298
45045
29590
56463
60377
82448
25410
70495
3154
99375
8435
20093
88982
54666
8126
95589
52594
28319
4735
5546
39216
6839
7744
13974
41108
75829
88105
71327
50731
17123
74547
98962
3017
37049
9744
32157
25767
3606
28110
38440
37447
42077
37385
65949
70816
47162
72898
39446
50242
16860
74499
34616
12049
46470
97863
28188
6565
89604
46505
52940
50850
53780
23081
76349
48122
37179
80710
1796
31923
80135
96036
66107
67644
1684
56400
42224
37197
89009
67787
29130
90267
28105
59549
83445
66933
95753
87812
32781
32918
99937
98382
95958
92941
51573
4473
91294
45418
57855
56626
77770
49296
52843
48309
53977
70492
52614
21035
37412
8051
948
69871
46601
59128
39963
33001
21684
41693
15983
3377
79528
1506
55139
86223
67437
12654
63606
78630
71370
4803
4046
17551
28039
72480
29128
92646
76321
74021
43636
76442
44939
79477
74834
79971
49665
2979
87604
76436
81586
74816
71453
69881
48685
11600
78515
13067
16157
39010
70391
89291
91993
1052
25680
2579
62109
82377
6367
21898
67124
58767
59223
97736
40324
91566
97669
56902
49076
57883
27544
38959
94574
16746
62207
1122
47549
60223
25442
99051
68515
82130
75361
24659
407
94977
5339
54160
33170
87823
94568
65451
28144
5766
10763
59149
63719
63810
2913
70852
56305
18011
71140
51046
71603
63092
26905
88381
41750
70430
73246
80939
5356
69111
78161
14851
89738
14273
26435
12018
64965
52925
85912
66869
64375
39781
86834
52474
14905
94602
17712
54544
96255
43201
35927
2792
98866
56458
99835
60189
37786
958
43092
93823
22091
47592
72455
55889
47278
85459
39862
74329
45386
9774
68400
26001
13512
52591
81385
79967
34473
21761
92521
53936
12826
75288
66595
75075
45366
83110
36741
96717
84088
52123
90622
93489
5828
43397
77102
39180
48397
7696
95346
38657
90798
91687
92629
92793
4195
14787
84520
14761
62323
64001
32031
46985
4302
85377
8486
21692
32090
40595
41122
11710
3825
82615
27344
77834
46987
27178
56804
23422
99480
328
82066
83137
64703
2574
71976
54208
31913
20743
25472
29284
13639
9464
52185
51813
71124
40629
69275
99068
15873
4160
24107
33155
22643
18171
94106
32334
59868
50909
71887
12278
77985
97702
55436
90383
90015
92973
90182
25352
93092
69045
60026
51700
42090
58091
45681
91773
85197
63353
27285
91092
29562
71218
7279
72920
76608
15660
58114
69237
63472
62741
87109
32973
32159
37154
39891
59282
76418
86227
40185
13536
54067
85762
34062
61713
13475
43433
63388
59183
3031
98948
51202
45302
65778
23945
55277
89074
26855
82147
89815
46487
65794
40400
25598
21376
27182
73893
57201
90144
3582
82109
88942
14327
27191
50004
44918
49975
79402
10962
14166
72884
83420
72215
50430
56487
12175
62822
46329
45599
99445
52619
61152
33316
13658
80567
51592
22613
32712
54626
50700
65725
98300
15814
28823
35084
44645
70369
51764
50167
99986
2227
11449
98189
43299
8581
642
57890
15703
46910
78351
81883
7188
99368
93317
86205
10180
44555
29142
5384
3788
17691
5150
7315
85906
6420
83893
42366
54942
78722
54011
73599
80374
79856
79748
90882
27068
83491
21408
25916
60633
68216
70230
21078
94092
3186
37548
50107
48741
84158
94851
71403
15283
39104
90183
50231
18037
51115
15779
31506
80929
15669
72734
96937
18304
5154
36385
88013
28376
96412
13041
83135
51614
89629
18979
19526
36331
80653
66518
19221
6100
71522
62776
63239
13460
15009
83039
62895
55023
81453
86757
19936
10030
21715
24126
73784
86764
47370
94856
11215
44414
69458
37140
90088
81496
62503
22684
1420
7701
58064
23573
34883
96518
79539
72943
27277
89727
18431
61381
97663
66126
29052
22419
56807
6374
92330
1305
15175
82639
3078
22095
59214
17774
45742
96224
65816
76761
18676
83065
79730
10778
88922
49355
16839
42997
36933
74724
85034
52876
704
48487
75130
64968
75057
65587
37048
75432
75665
1715
88953
38435
67112
12739
15365
8656
47873
94737
42727
95096
8293
88229
32170
64136
61486
12870
36957
66802
44709
40759
18817
49443
22124
44397
72424
26485
58984
42762
58732
93198
63216
25793
11628
59274
78902
38095
52534
32173
68699
24618
75118
53610
41455
18723
72306
35202
22975
46953
81664
47318
67249
64429
45457
39349
22297
94446
72502
34191
68016
87295
70956
43466
62440
51823
90194
43939
14096
11438
28607
99446
31309
70564
88811
72613
71982
44817
27665
58805
31233
46457
29451
57661
5489
68664
30495
60185
3747
70333
3246
38248
43079
92519
758
27435
1606
39250
32099
34942
31985
96019
43678
33893
73122
54806
97631
27687
92889
23902
47441
13315
99131
9889
59294
47241
75539
89290
7606
82431
53856
6868
8594
91127
41877
67032
87298
16917
11204
39523
75948
86124
33309
23526
17161
35560
1925
31634
36230
30363
59546
86050
37920
98588
97844
72796
60147
86968
48037
5157
96944
31856
65447
32814
61124
71388
35418
5600
61068
78250
32921
78948
72231
79340
8624
24243
89645
94192
63700
63417
20166
61846
97417
359
30873
90669
79749
59361
43660
47669
56999
88771
93975
48050
23751
62064
87631
92812
87954
18924
45419
68490
72236
58725
99550
37174
13331
3325
34853
71510
45808
99831
44601
58030
76542
72714
88753
54745
44451
63141
15387
58104
33605
83102
96799
58863
44427
20610
46651
3137
41225
69084
92195
16979
69344
13265
90606
69894
79041
66920
27983
22216
93128
64583
41174
86617
68965
97583
71478
57760
87338
93659
62826
18309
19453
38131
92725
63207
69245
51248
86261
75853
43236
46131
45489
73319
10984
65698
96100
6449
52885
81000
55399
20340
92631
82000
55756
93029
95564
57033
86145
35681
15235
40557
22207
80457
92444
87908
40596
97146
50928
88732
39520
8488
81739
84031
89000
71045
21121
98565
54944
35082
94200
93351
40047
28691
50256
26382
95233
17514
8316
26067
15654
48988
67286
20466
82269
18791
43880
77157
19350
8300
30643
79285
91316
63488
32444
34536
68981
24045
9264
2669
80714
36725
8282
75481
35149
18092
60613
50492
81945
42095
94923
93176
17487
42257
60433
62059
41044
76759
29426
20583
63483
15394
54546
59752
62074
11171
35265
30378
63928
1280
78898
86997
49392
2926
60864
76454
90933
93732
95942
67026
85757
95740
33754
35346
60635
53793
71798
15827
32520
45957
17226
45443
68446
35138
28128
8447
53375
85440
32779
35657
61402
56157
6143
56978
73230
21342
10510
31531
87323
24092
8099
16764
49971
68877
93587
65364
25134
33515
18222
64793
31812
99386
24071
56015
15576
316
41887
63395
99109
33135
70978
53023
21310
51972
13502
71849
20858
77651
5532
8697
28514
81356
23379
57791
4285
60670
9317
61555
96505
88863
47727
10727
50876
73529
22360
572
51377
21337
33696
55727
92173
72725
98023
88827
53396
88693
34505
15072
36798
94820
65978
11966
80719
12085
87963
35092
90842
39248
50296
6044
87321
35469
98088
12373
49324
44842
56162
91834
65804
54408
33547
12707
46353
52824
41306
52159
37879
39313
47781
98824
92562
59966
59379
10294
30591
34449
86680
40271
25189
36765
2750
9888
79413
78774
24543
53468
81339
75878
62181
10173
27690
88865
87965
99562
19090
35438
31575
460
70598
16182
99543
25538
78978
92734
11623
78144
12007
34952
19554
32182
48689
37536
52234
24605
12111
27129
79361
20141
71762
27979
40296
25945
54610
1565
11396
34357
60513
14539
84679
9351
10228
6950
14601
5148
46144
25441
21646
88904
97697
61344
13104
38258
18653
11070
52648
57431
9846
49046
44861
99329
83017
39231
48615
76818
87558
10267
58900
58452
24907
67949
94364
40520
62090
22433
54295
61004
38231
15630
18887
13069
15641
55267
61818
34764
83590
38849
13584
62981
4833
55518
21963
25822
12663
49482
9644
72202
63109
60099
83500
86779
83309
4914
27974
98121
89214
58949
6015
73829
64102
75489
24588
43202
83014
40344
30399
2186
66256
49147
38846
30338
88067
95513
84674
31779
1607
27034
43984
50160
42148
12821
24535
78468
15370
80537
16488
62228
52669
71156
29285
58259
28806
91091
7754
97138
17605
7384
10015
67456
88519
89475
57684
31274
15565
9403
45515
6075
89451
17625
31478
62898
41457
71929
79535
30780
10283
49398
87437
46086
46812
2701
97988
74087
84704
93948
71997
52354
26851
21825
39416
48705
32482
2994
67250
51621
73347
12113
20914
39395
97200
55738
35290
44638
70801
79016
47956
26573
34750
27578
30965
7986
95124
496
98753
93369
64353
79337
39784
2642
55617
28765
30810
31782
28609
47302
54344
42952
14393
6418
52505
45432
75268
20613
62924
45743
31211
98451
59254
14645
83169
67563
13489
58832
55194
85598
35562
63879
76122
76889
39335
6464
70055
35083
71985
62669
83190
19613
18650
55882
36142
89884
69199
22181
46415
87898
88267
52668
30859
37508
58694
97775
84422
58083
82387
23403
7747
28118
41559
58175
24577
65960
36206
72450
54888
13828
3170
4930
7837
41758
94840
92860
93730
86113
67342
50403
35836
93166
57730
20027
5830
93370
87031
24672
85580
69574
27181
76000
2433
28600
38972
78237
70205
26629
79742
24014
93247
93233
74856
38196
48836
58298
3686
73397
57206
28720
90958
76273
1530
30708
76302
16823
66260
83177
10418
76287
75012
21466
86265
47167
20400
92644
93799
33530
72595
41188
7047
96212
59543
52731
32039
55524
49538
88871
46241
65736
56911
91610
76324
70572
64673
25780
18153
99460
43783
97767
22623
53884
47676
59293
74472
89386
2297
63098
67529
27796
20513
77557
65753
17896
12490
90346
7407
93619
57915
37475
65997
25128
53154
8078
40179
53676
51025
86955
81540
39794
77794
85792
96739
76805
89798
91770
11680
58326
63527
67291
35416
40657
97602
57161
60164
18143
47947
26420
34926
8104
9926
42173
90022
80511
15871
44811
22825
58290
72587
34843
72709
26246
22757
26510
41476
95514
3116
80893
62304
71409
7783
96247
70036
19262
92923
33190
49851
52112
38600
80287
1591
58691
70812
79666
83859
20308
61990
35476
74507
10516
69932
12666
28648
19073
39756
62999
4788
55388
41774
66939
94645
66261
67131
70268
84477
27809
13477
69694
31516
43664
9409
31349
74711
46098
26722
68840
66187
643
72536
8374
54672
65824
664
82491
41709
94287
85374
26506
38403
86772
77836
67942
56298
51402
99080
58811
25770
76639
3086
87165
43600
4169
39145
76893
50337
76675
64341
10441
21392
72968
94491
451
20288
1073
37759
38183
19154
62203
71117
80927
47779
60577
14326
59736
49569
12420
59139
17093
5422
78171
11834
77133
9495
40731
47480
61367
12907
2538
74719
85548
27428
98918
12804
46602
22853
262
55719
26232
81008
92630
18657
87686
99178
22983
31123
71181
50180
87609
82689
17657
9797
20017
67837
43640
90419
95044
26684
7620
41344
23414
67984
7366
70981
41598
26790
69371
88844
20621
85100
77516
90873
99714
97544
72976
46472
7374
71691
43639
44387
33772
92266
6583
29204
58775
61256
56313
63226
39978
20799
21555
99730
31059
53656
45125
32667
45784
26849
69350
36873
39676
21360
74187
41872
28453
22132
67164
22564
80525
68511
87732
39382
36631
93925
1664
85326
86349
54252
91713
67852
34869
24477
39212
58029
98964
45175
59763
28197
24074
1903
27660
89761
78796
7080
81743
17781
66389
3964
69442
36822
27546
62626
44795
5004
58077
64463
30226
57912
99509
733
73518
12960
45956
67777
21007
68283
93030
71989
45739
25053
1663
32706
54044
82107
8048
92211
30958
14935
57779
68990
54283
13773
91579
15825
49588
49455
21830
83606
28432
55330
6203
40917
99072
62930
90926
85916
66877
78190
51829
74067
24434
86323
78304
40705
5878
92449
82278
78873
84815
23382
92340
61061
26326
81660
73009
38192
99252
52828
39288
66076
45207
48129
78231
26083
75464
22599
53531
71315
68437
48093
14921
77548
95489
34801
79599
24687
14938
9845
80025
28895
92166
56476
22996
17619
6122
16887
48837
52180
33682
71850
11589
81835
46440
57361
62956
92088
71800
53288
98310
47063
5359
60121
73437
88952
87577
31131
57360
6953
78969
3539
17203
51754
65691
40900
71785
65084
16906
49388
71431
69395
47730
79745
19397
19764
38404
98544
38074
65951
46375
66852
55991
26418
78755
69154
97163
78634
76582
59922
43208
79106
38818
64977
32304
76460
27183
21405
69606
65351
14371
68138
62190
49806
97017
79663
96098
67407
69482
81480
96929
97876
27004
63468
25123
40843
82002
18385
62356
87483
5410
90379
97349
78637
70325
90551
75687
81846
99151
5751
67900
55181
91735
66049
81107
59055
62564
19733
73333
48953
7194
75133
15944
62780
99614
69133
56894
89416
41419
24404
82155
33914
1215
36405
55636
37135
58066
80960
74795
28220
97952
27913
9928
30422
94932
62480
63796
2657
74851
95696
40476
10877
7029
34406
55197
37408
64060
53315
52473
37820
34342
672
66711
3989
65907
39181
60074
18501
9930
57342
89422
39320
79644
34253
69010
27203
20197
28963
12771
30083
69372
43803
63726
10481
48410
81803
19160
35466
20036
6549
36550
39013
69587
71741
41684
42185
54321
13690
99933
2151
92876
49527
6802
79434
34704
10469
35222
77512
43504
50723
80822
65455
84483
70159
86250
32679
57001
19719
34525
1181
14365
33038
87191
65551
9899
23426
99690
69232
2874
68747
4846
31031
19528
32374
86935
26194
37775
45684
96156
97299
55236
53073
96880
83028
47389
66764
88714
17455
53442
22159
68752
83188
77430
76062
82887
48749
28612
92366
59547
81281
73000
84692
85181
55270
1983
37052
52921
14157
65048
45217
27449
44114
26339
44306
45930
25411
79193
23043
82708
24213
25190
38602
78550
47224
78092
93662
22105
85759
90473
22817
2228
29444
97404
66866
84364
52127
8831
89720
65886
22429
41656
50016
57316
18239
25084
60242
42850
77366
53379
24893
12062
68519
77715
81230
673
69594
4228
5129
14855
78605
45303
35226
41396
98806
2968
52121
41716
91814
22538
57128
37737
33695
11442
52218
4493
43635
79112
95395
59263
24521
67459
31935
36145
96173
68523
23687
94171
54326
43039
52205
60313
13314
528
65607
45715
29923
89762
26033
30994
9564
8063
67679
62062
4985
33381
11113
16661
57281
88590
15330
70722
43229
27701
82042
94723
2139
83214
92512
94689
22837
65308
5974
72670
43797
98235
64457
34333
85960
88121
175
55990
99211
83839
29655
58799
86729
53252
55292
41670
72800
7062
91914
61727
10260
9210
59905
16949
14980
46426
90607
57746
71842
76984
29556
51024
63604
72599
93644
75855
59555
23511
99591
87748
48928
3800
68449
88283
2683
74716
35502
51186
37023
96011
56857
7554
88547
93844
67079
97419
76678
46961
57054
86797
36950
16377
45717
66166
8916
63079
14059
39044
91601
62483
82883
92729
29932
85340
42987
56323
2583
18447
80556
77252
27853
39900
58249
77301
10658
62046
33956
61497
8170
24466
95304
91198
21792
7193
32822
73719
78675
39752
84628
35280
79455
99263
60420
30280
34795
9546
85538
93629
32784
55568
71869
41125
89239
71323
15586
8359
72688
47594
24756
88127
21644
73981
23991
33079
64030
73999
889
98231
31697
89596
29945
39823
33739
48474
33229
18105
96165
90851
38916
86447
62998
20223
71492
55988
94536
69412
58034
34339
81665
2480
5172
80211
56771
82259
80848
28969
32377
56063
19703
57098
49627
19986
60010
5740
38398
10601
66943
25754
8130
73109
34555
58740
70894
788
83241
30429
58363
67335
4987
33253
20264
84508
11351
64640
23646
91315
44246
49021
48727
38086
34268
88580
81270
77331
83009
55052
57180
63902
39143
37320
34760
31186
97256
41563
49327
79240
87060
93072
55487
84917
45806
5924
3198
44622
44126
91856
76577
10109
92033
1457
6673
51235
9782
46665
44649
65869
97229
86311
60312
37342
74700
96647
91038
506
98355
66770
39448
68154
52917
83383
37058
79612
10010
89848
88231
60798
40308
84357
24986
62609
18915
18435
49407
87066
97606
35967
93199
83026
65825
34583
61639
67415
18329
16206
87211
93371
7409
57474
20600
28282
96537
22933
1966
59030
82912
62663
10682
51997
62751
47161
72243
93712
74211
9082
8465
8727
4146
18788
86098
12809
30487
13629
52636
17471
77167
13231
80863
49447
44080
4539
9621
12017
32761
12785
48331
35939
11130
42115
57322
80210
471
38984
96318
50520
57289
58322
57548
49339
84806
38075
59187
45203
4227
48984
45596
62941
61987
2079
43245
27901
96397
85495
67452
93565
65190
10573
28848
37417
70542
97031
13557
23821
32987
12522
64599
6539
28415
1804
22355
52348
3573
83647
26687
14190
75093
86836
92846
74986
14016
77840
47444
81293
18521
22611
6697
31896
72163
23660
41895
1730
53874
34024
11984
73671
59538
92926
51632
89289
73561
58965
46469
77497
75830
74636
39038
67764
15799
83337
1328
32280
56000
11467
29776
17255
9184
8464
61979
52417
84274
11598
3515
52677
59902
80446
49492
4603
16732
58458
44097
4176
38992
92664
25485
6747
23830
5786
25220
82532
44796
89222
50521
22421
63584
4219
39173
38268
63974
79406
91572
38813
17348
39507
80458
16786
54603
77858
28872
41341
6354
94097
39039
98920
77470
33288
24905
4667
62088
15110
98159
4454
35115
8246
76096
88988
88211
95269
57304
25915
89910
61041
61134
57143
34122
66396
65654
42049
60962
90939
2975
4757
52166
64189
39928
57566
99524
36100
5225
55986
63123
50306
67745
88691
34710
27527
20503
14566
23937
63018
71610
19108
13716
76255
61975
12371
28256
98010
39438
42619
14749
91105
76659
6771
60265
71954
51504
59812
91121
23257
12398
3375
84116
38715
79267
95557
55341
15785
44707
34877
11357
55936
90603
51015
6864
29502
77472
91913
28080
29246
79393
29799
8839
78440
36717
8192
13774
22528
54812
53557
82461
53633
47256
51079
44681
93418
61518
61995
15742
41467
60419
56011
40301
96754
13961
75845
64963
37414
76331
29297
12838
65062
6849
49373
53893
12260
57619
227
35876
91443
92245
1104
31701
81952
97241
3180
2897
4363
9750
15830
72080
4574
34713
98442
56655
87689
58388
33565
46624
87544
46682
43732
78746
59542
29115
53446
82986
17825
37758
53660
5310
4785
61923
33589
95336
7237
70318
89840
19368
23454
26796
32108
11750
58048
75414
60558
1426
65596
24951
63887
79588
16648
56759
45817
51129
43356
99860
18793
59346
80149
35944
14784
14180
43103
60356
64804
63638
62596
21048
92790
52926
29104
98617
44220
36329
94944
19841
17626
19923
24885
54161
79291
34177
97354
37059
74628
69763
65405
6652
21030
29858
13255
67379
96510
29245
55327
68479
24573
9764
21100
26086
94197
9309
15012
26562
22814
55071
12648
27269
87581
53417
29325
93961
56178
23259
49603
7330
57921
60203
95745
95609
52893
64820
73797
16519
90138
14961
82178
14723
43041
2192
49114
94628
83121
40714
2126
22440
54962
24260
49220
4346
30110
74364
78136
34923
63555
75622
67744
73045
75621
1023
70073
72789
31998
65892
23870
10739
7900
22799
52095
37006
1071
53897
34184
61675
49494
3987
90344
39051
87049
5355
68469
27668
88462
22668
8094
31107
84446
72341
5845
68382
1827
57646
84419
812
52546
85732
22936
9229
47896
16789
7808
58339
62280
88945
76494
41978
19793
22480
49449
86434
98039
46775
14685
80482
41695
28833
49956
20563
85012
8788
26936
71922
50983
13504
90358
5694
7120
3288
67721
23242
56107
3875
90785
98266
53002
67675
18390
29779
11718
32477
15691
99561
77837
65611
31947
50824
59115
32418
72333
41902
14755
55082
99804
14904
40974
65984
41242
46222
68176
72682
44102
37438
92072
70197
29160
14143
69591
90391
95128
61069
47178
96421
19421
96070
65826
58472
93915
18579
90393
69451
55003
72220
8157
25475
34976
9106
76706
90230
52136
63866
55171
69260
85296
10652
55059
64302
5290
53886
30670
26421
91848
15941
28756
72881
5298
32355
56778
21510
84284
11538
99617
50185
2274
76544
47777
58422
96313
31712
21273
50195
39451
59908
12655
81291
78946
88245
82901
18725
87494
24718
54799
40443
98732
43957
32124
85264
12133
7499
65116
72318
25893
90943
33864
31072
26688
27620
26416
25258
36973
77999
13458
92875
24406
53592
51806
85305
92232
56235
39241
2716
31002
7129
66491
19593
50481
50099
37618
68651
98480
54199
9240
45851
18930
18108
69065
35640
60601
94713
85656
47314
32739
80747
88642
1184
69241
71652
93568
97897
14936
46223
87983
93956
62785
4530
29744
50714
37789
62788
87466
51692
69191
23528
59118
57833
27683
90317
64040
25283
42011
73809
68571
48545
16368
50291
49472
58234
41038
60762
39107
67979
35612
45005
60631
73801
22080
86421
67089
71777
44875
96312
10609
44012
5876
33007
83847
40612
51179
6701
25318
31806
17180
81050
34488
99628
72601
64029
2648
64140
14857
70192
86713
63534
43445
74663
64421
3453
6807
74288
51579
63972
96279
54118
66950
91486
4198
28109
30705
68632
46409
46276
55861
65416
33075
28158
21008
94190
91577
36757
34866
72310
52209
86539
41809
93338
89622
13229
28982
11879
10422
88746
94535
80916
4836
58050
1062
66328
90225
51168
80479
49942
23685
62245
9619
94380
9115
89173
41521
5774
58528
50379
30198
22515
4179
75368
32867
49907
69517
27287
89325
74802
44798
15333
26798
75515
69673
18621
33207
57101
87626
40495
63838
17988
22715
81387
73487
85143
39160
55637
61501
29391
69970
37857
35493
15017
83335
13518
37831
2372
46543
58071
94414
69110
74855
52752
53783
70901
43102
49908
46203
6893
55813
37397
29712
42695
55154
66584
65618
91937
44753
21211
77860
50063
54711
90460
72750
82117
6981
45396
88718
87266
89977
83660
10906
77907
27643
70571
54922
21398
48807
24429
72073
13080
29811
26707
42067
74448
90483
32798
89902
72471
6468
86379
95973
93848
57881
66128
83589
71237
33464
32890
31207
28402
93777
73861
22792
70885
68514
88715
63816
1402
57501
84127
33213
14495
6589
93610
7217
39172
53864
67059
72909
24615
8337
89100
54927
35985
60482
41305
50686
53353
97740
70908
26794
84691
8861
32517
30468
17034
46564
51082
48400
36032
83344
21543
17720
30304
28713
38142
34922
69951
66399
6723
9255
18429
70649
96456
3955
71680
35627
84638
19910
14389
55078
7994
87264
11037
19747
53677
90722
44256
59101
8572
92194
59956
87674
36399
90221
23455
30135
45544
51316
5146
36373
91714
77210
39733
89801
44758
44787
22764
35176
30876
61516
34888
77380
40789
18824
21509
72448
33704
46622
40321
68030
66973
38462
11296
98885
6264
22192
67706
37144
68249
76137
92707
68413
35548
77236
58806
17775
66627
34732
68086
73741
37587
55248
93336
77350
30371
8234
13692
88831
95396
33377
32626
49519
63564
96774
37546
60665
34003
71341
7305
6879
90319
36144
21303
91223
9684
69735
88139
33929
91521
52208
35748
8639
73521
18215
59371
33019
44823
43534
9938
23834
92663
41770
82853
39045
96252
26325
18286
11658
5900
22093
36629
75210
42615
66794
57264
92667
91554
41934
76512
1688
49597
87534
3322
77389
11167
13471
6202
23418
68012
73684
90158
88088
84919
97955
91946
41672
44374
24304
26655
14671
73541
5959
4127
10559
21858
21901
18807
43474
46381
63898
10380
91409
39459
2086
23369
3555
24985
91886
68910
55364
35007
5885
46608
39560
8427
69375
37100
66234
79767
96188
56137
36776
62580
84823
81243
29381
97397
9571
8366
60531
10819
30177
96
30620
26559
64504
34721
47795
4683
55172
95739
67961
72788
79424
87629
18443
9803
17103
6077
4659
95558
1061
29730
4650
68135
87405
89508
30329
90484
9595
12476
14210
74084
81993
74484
23979
35218
4453
81501
37854
88184
70851
96099
52688
94893
88469
75301
12714
73512
68681
88640
8481
16307
44159
45952
40354
6903
22458
20394
65785
83554
84470
27810
80087
51724
7057
4287
7799
81529
76572
8654
52661
74209
57549
21216
43357
77692
96208
96288
78418
73820
20585
81492
36208
84306
19555
44398
62926
77161
32592
57628
36013
24490
86954
53123
46701
43146
38842
75699
6695
32209
44829
46091
74086
57395
93917
17672
48192
1856
26934
74735
3697
57724
50967
88727
875
25103
69265
16991
90422
92807
34373
42603
33110
20881
69697
92553
59789
42427
23678
40599
51117
47229
3400
41012
3342
57553
4479
4464
82826
2467
2914
15832
46280
57071
14928
64138
26098
82783
17994
13107
5791
70111
83577
15989
15356
6901
88370
11841
90757
41103
35667
82247
96129
14037
67502
6881
56289
75077
7247
74942
80034
69466
63481
86115
13303
80788
26395
12493
54152
74372
25165
65541
57675
52277
15266
67123
65647
56986
49877
36806
90643
25505
78080
8773
95742
98397
50126
40455
38853
96693
73550
28239
48296
70115
39481
64296
75923
49881
77304
65226
45720
79289
26362
72116
29771
20657
94162
39894
50089
87116
79467
23835
32896
61807
58258
87526
70997
7183
84120
11806
44299
83047
33459
93078
19181
88395
21220
78807
81726
28635
20656
622
96352
87140
61105
21430
44620
39147
27700
92869
61436
3230
20315
83144
62437
30642
615
94296
62802
45103
32748
56278
10772
91389
71278
34832
87175
41030
47721
24505
394
65119
20938
83101
8644
48315
28243
38093
95252
38837
58156
49385
51960
75063
16493
28075
21680
70525
56109
29302
40807
5817
65563
19831
30570
28179
79995
81869
11888
35323
75808
24849
8595
52634
86594
48239
46594
69222
5118
47191
93451
92805
86411
12685
50386
30185
50721
39774
55777
28980
35907
7934
90007
53452
63716
29971
44623
4207
13995
50098
64558
55569
18209
9721
71641
52376
39540
76156
90377
77207
65908
38953
66047
73238
92536
17585
93615
19381
23088
55477
39049
55254
61954
22490
20187
30317
14247
53890
29925
29620
89785
88345
60859
91326
63541
20961
41908
26196
79700
32622
34282
92005
55157
26084
5206
1696
27063
29453
41789
49169
6265
17926
5045
56938
12728
11446
65705
75929
72325
97136
92368
58158
36609
64280
18079
27852
62243
15449
74589
69455
66531
901
2027
53744
8863
85775
12516
60441
6380
91006
12954
88100
75540
99790
65103
77221
45007
67498
98103
23570
10124
13226
16096
5370
22612
69849
73927
25511
93435
84225
47850
50294
37364
41425
65313
57972
99880
29899
62747
56889
23308
30344
25679
77828
76265
2482
3417
39402
5278
64715
18890
33389
33982
42800
67140
66662
93300
37687
75491
42531
56302
67428
30014
59603
68079
53741
22081
52897
17939
48987
85752
12161
350
65950
46480
93672
90553
22807
442
18957
582
13420
59839
14084
39578
66449
13640
31272
37315
54505
90685
69645
7242
96888
36671
26039
26677
5332
54913
51490
18396
12147
42887
85408
53570
70475
67926
67062
58243
56120
28943
8748
52613
45226
60818
41217
62369
32948
82232
12987
56709
2709
18284
5115
75217
91800
10407
686
62757
98345
98179
10815
56688
65636
79035
72864
29392
15026
78170
56252
55887
67048
25550
75743
42569
907
24356
23144
47217
94254
37517
60467
68048
76219
18559
40377
63211
89211
4354
48138
34539
92784
54012
31039
90894
6602
4993
97319
56893
34961
10038
30973
11573
3160
48969
67399
76841
58770
6397
17521
40572
9306
86424
28743
55050
7903
77702
89400
47846
12214
75528
10522
85919
26488
20332
78643
88470
49572
62097
37379
5131
57531
67796
20519
53678
40466
92047
87130
63970
40703
94607
78146
25633
13221
13581
81528
5490
67480
48706
32113
58188
62298
3491
67069
85577
69034
26973
43163
6888
87246
18905
76032
83752
68056
15215
60309
6481
42884
30824
77077
63890
17307
99043
84740
79105
49207
38310
19760
24816
49350
69011
75976
93980
45455
94488
71198
22830
14355
25649
19527
59780
40562
58503
19925
60280
99530
14292
97456
41918
84666
48917
26842
73551
69307
28744
6311
85435
29894
67098
92141
81024
88925
84373
72463
80606
76515
77471
84535
90045
21421
50322
54148
69419
71536
26870
27246
26401
48058
94729
83269
70933
91470
17055
4360
9220
91860
90772
37380
15262
64686
75106
6250
41471
13304
38990
81111
56547
87235
73904
33672
5242
2893
25192
11828
2780
84053
32691
56780
8625
10500
73872
65884
81431
33419
16338
82290
1550
78960
92273
57845
5133
37659
27508
95169
43224
71631
93020
13160
71569
49325
62418
46411
46546
92825
59262
87103
1048
25330
58857
75107
33839
1765
89136
88891
19882
54450
79374
84553
11759
50961
8996
76511
67781
68619
65937
48460
23367
57329
70599
43622
13162
71661
56518
61283
6768
69521
55642
53608
47133
31700
96943
27252
26300
36289
88385
58316
39969
30462
69532
15756
56373
105
86856
15936
55592
68256
24377
25721
16801
4314
25944
44381
47253
12899
82520
3239
71608
21110
23037
63991
83245
10384
58936
86718
71330
25034
32692
77418
6433
57879
97859
85935
56299
36112
35251
56275
549
16988
35068
12227
31296
66231
66391
87877
7563
11535
70493
84140
60306
39334
87517
80077
19143
71253
55836
18884
55639
16171
56420
92797
14139
75005
59007
6672
86654
79880
38647
59933
88268
1264
49241
57109
9342
82020
13188
2236
45611
45556
37402
4065
75207
5443
72158
84153
41707
23818
8160
52959
98620
97306
93520
77558
61544
9313
58252
71948
14348
89538
30305
32865
58013
11277
16651
49991
6286
47532
32734
26349
24317
34975
96413
6315
57561
2705
69100
39701
18970
78880
71507
12795
11347
38896
86217
4108
98392
74119
11082
17843
87879
70633
77316
37961
2521
29327
67434
58961
6321
83116
49460
16767
80513
72889
82792
12643
88506
54042
91829
17870
14738
87085
50182
4161
36627
11429
32442
11486
38793
37060
68199
14556
53058
478
26428
83225
25423
48975
92976
19543
82641
27542
28642
11196
78687
99506
55603
6546
65466
50552
89299
27892
76982
80392
74969
40775
87013
14825
23514
70539
53692
36951
5361
66583
14954
21281
1713
19045
26847
72749
33743
41495
71708
54950
28379
78002
24560
39590
93173
24295
22119
15681
4105
50420
79459
90739
16360
73479
36673
13911
25469
34595
74218
30735
85524
29862
41817
29355
89502
87092
28233
80564
94867
1973
73366
52051
91555
38088
60827
23662
47901
63096
33551
91413
87341
83423
21882
30727
92362
1559
47787
42693
36411
27362
15706
34817
30403
40833
23065
91428
1946
44464
47422
10252
17722
6040
31761
76873
16628
990
7896
52838
63067
30796
53413
30910
17332
81958
10972
62134
27563
3141
68128
39580
3805
3567
70845
94638
2811
75442
29973
90137
33891
40178
88045
18997
91225
13628
7787
76522
11980
60950
53720
97657
22696
1746
94753
19052
16655
48920
17224
86702
82693
29679
63054
2244
76452
52819
51633
60112
68552
91649
65238
21556
87893
72906
42790
95585
77680
33049
21959
854
9943
96637
93017
85307
40125
81045
32308
8621
95120
84390
95358
83089
88466
11772
72668
88765
58666
47342
77208
35615
44376
71656
17506
30885
10589
56788
59945
54425
16425
11143
70105
90651
25867
5835
50901
26698
65244
48470
62048
24664
30149
63563
62623
65545
2554
68022
66683
37821
31927
75027
63785
10351
81966
22553
78124
47978
92504
46308
9687
28646
30521
914
39137
29992
57537
22953
71036
35758
75651
14304
53195
3033
13778
78412
34058
63934
65301
35006
18888
26190
47062
216
7597
90151
33581
7858
45372
64691
99226
48814
83455
27042
15729
97956
87220
28599
74757
19142
19972
96009
65326
71043
64545
69059
18132
74921
52991
80725
51174
53048
10316
55179
62943
2132
57882
64411
66091
15963
15638
48354
28421
37739
76033
94098
3733
42981
26129
23523
27265
12724
19431
50904
32794
97160
20952
97512
66274
9453
2878
63525
58905
20415
88622
80670
88183
60516
16538
71065
49246
79202
96235
1507
76037
11311
48830
75879
25695
20636
14336
48457
41862
67237
63116
11648
82220
16943
66962
61789
25252
88894
22952
31396
98646
90329
92419
65363
34919
75737
9804
15760
12559
50218
45706
10044
24194
83160
88228
13271
53824
62016
74282
19398
32899
40891
28011
55684
6758
2558
9878
74248
81235
25586
68123
47593
37063
70146
18417
77966
84329
42961
43728
8719
75757
54758
20463
46860
90640
20819
42069
57318
96081
83591
59089
31754
6918
27789
70092
77803
18909
49925
61176
27704
868
79496
42265
66341
53493
61113
96515
27736
68109
94898
6543
45284
74966
46399
71870
67443
87756
36597
28336
2083
97530
76831
44215
66259
17760
33094
760
34247
33949
3219
75805
83175
58803
52657
79010
65865
58673
37277
64073
72276
7308
72703
56584
85427
1568
66640
41388
32977
43848
32082
1894
80923
6014
88257
58331
73166
3891
15139
74326
19833
13560
58088
83227
92491
80846
87545
22868
84579
59840
94524
48710
11482
37487
86858
41643
10968
11234
5479
55964
9771
35016
20909
91205
33726
49251
61909
56658
70041
60857
31366
62110
39130
23622
65167
72840
60656
71304
33093
14737
28162
56826
81688
26730
2007
15658
3714
38712
98878
67677
52254
9130
11677
90207
72208
85535
31523
48021
78552
24171
82517
90826
15475
83297
89248
67633
91976
83508
68362
86915
24248
26520
44732
79118
27373
35768
31770
92387
84449
48080
86286
25533
41945
27518
26335
15496
86741
77363
83368
76209
44873
64261
80847
49078
70035
82662
22886
60473
70515
33661
20771
54343
41054
25641
63688
51701
90056
11556
36058
6217
14146
28178
85961
54768
69484
98395
28236
75441
98250
58994
80060
3570
82595
58107
9759
51929
24987
4725
51205
76763
83375
59017
87959
49590
94371
46789
98190
47074
22606
15074
20201
50792
23837
56422
74309
92411
21272
70838
64222
82800
86048
12618
90577
42650
39970
25150
85714
11206
18543
60078
90017
11459
39176
70319
67534
38734
79422
3115
83459
57112
66232
52499
14642
34197
27460
85316
14291
56065
3176
34989
70424
20360
2557
32813
89398
65529
86359
52240
77232
5273
72521
81889
63531
64020
64419
57679
54667
46147
14407
90171
32013
49262
49744
44185
47501
50689
65717
36325
28260
80542
3774
24038
94891
32150
10342
82555
37635
84033
80874
47400
81602
42744
19566
61311
23668
37418
18747
25842
9645
3274
12686
48469
36891
30813
80578
10975
95424
75789
14947
82064
44637
4572
62744
87054
69846
75618
24836
23346
24421
63560
14342
97725
43427
20844
12385
49279
64785
83279
38249
93778
19183
43485
27180
97440
76125
71937
80470
64034
29402
4896
65768
53237
69859
57092
39611
204
27171
28618
23398
62884
84665
78516
18373
27374
45454
82404
28187
92321
15672
29051
92347
15297
77119
9939
15293
70120
97152
41914
94732
30607
7908
85589
94857
4132
82335
70399
88428
25436
48348
4439
33778
82480
68868
45148
4538
26153
43032
99511
10442
66934
93230
19458
8037
26739
20435
44346
48721
46177
2026
1701
82810
28159
65579
87561
37919
47998
5542
70841
93305
85166
26132
20668
61037
44342
40513
34700
11248
82726
14182
66703
41930
31268
50529
67436
86865
97982
94038
62155
94422
6949
70986
47376
93676
71905
85643
79508
97925
23146
41888
19032
97731
24499
93036
54881
54211
30694
36400
92962
64031
47333
55075
32453
38921
8885
90971
77008
46452
69024
9061
54363
96523
2962
82813
77742
59706
88502
41674
94716
9570
51520
2157
85331
30359
81402
9953
54206
56492
71473
71947
19373
70518
25539
40130
35306
27763
42681
5565
96656
7081
8148
65640
14483
1049
88202
83295
16684
90616
41700
67634
20094
74852
20904
79504
6896
58667
13415
27478
3344
48634
11030
35821
18236
52562
27686
25156
81262
59856
81886
46979
95295
53873
19702
59482
97779
35086
42156
28636
47138
93490
36561
14280
57504
4239
18851
95167
77870
29720
23078
93805
52422
33980
49989
79961
9499
78700
53072
95827
45191
78337
55110
54478
35243
27465
75639
21578
78909
66590
20120
32922
9542
93511
44052
83478
9189
57300
1927
58191
30504
27320
30612
5808
31152
89859
69790
54090
93904
78023
49836
73221
88113
11007
20352
95986
40710
94345
49869
1424
30252
61504
56079
31749
93140
13327
17449
50742
20712
59830
10223
17886
42628
40202
97307
13101
92968
55924
73842
41655
25030
4559
19427
95701
77057
89724
97242
18050
97313
13057
45858
77565
30046
61273
31312
80413
18089
84319
82637
9976
64551
13649
50488
86246
98372
58087
60150
63043
54663
70640
37344
58400
91772
78509
40236
6138
55051
37543
29290
20206
8677
93057
68370
98977
68524
60517
59195
17369
47374
83857
423
17149
6338
65627
52675
29911
39561
30627
49750
17441
67848
68429
1320
87493
4052
88669
26759
2722
76539
66207
15427
20251
37709
5185
10427
10502
31814
85554
6192
6700
11872
90713
28571
45985
87726
74874
20849
92467
99973
57464
36197
9350
34557
56012
88362
95991
79891
92831
91936
41718
46882
26641
25262
31150
53351
11353
9247
72416
40040
46197
97213
20590
21603
92457
32417
58096
49540
25951
70065
48034
74511
6448
65802
5328
29044
95038
57255
48301
23927
23092
35315
17735
4369
7222
69907
71285
45537
88157
57029
94736
31566
94542
36601
62689
74141
49747
5574
80268
19976
42353
23972
45188
2266
98778
66825
51642
91996
26637
68478
59869
15634
6047
57321
7857
30622
11077
7707
92676
37293
86651
357
63876
43173
23832
88109
18536
50927
5448
4805
82610
5794
7423
63272
94955
98468
36105
79358
3313
52906
72392
90767
66420
77351
84203
55209
93304
55512
14735
981
42856
77650
64263
76336
73566
78538
35343
28780
89154
55789
55026
70458
93779
50037
40242
15519
23190
34914
28995
71802
42842
62370
8313
90187
51478
58137
52480
66567
77979
12061
79293
18552
71069
38117
79659
66148
72743
26482
13235
33972
2194
7396
55856
59325
75237
37796
82939
29888
78001
78680
6782
26508
82531
58332
83692
29360
73088
39526
51869
73555
34608
33689
1993
19575
45955
83516
44148
47991
93703
93363
2898
76551
96481
74437
33087
74750
45380
12551
58155
50532
92565
29016
65393
30128
85369
54689
63421
99101
41043
57142
96139
18842
74384
23276
11682
51711
47388
64694
89723
30829
18892
48695
82244
27812
37339
37236
64891
14198
55459
3918
7493
28481
81133
27711
91752
97082
86179
99854
14402
89066
84400
58181
18906
97879
69669
79768
76337
26890
16776
88568
48767
60076
41144
17641
37967
16331
13184
2399
85968
42388
55961
97751
77537
70097
47664
38774
48696
455
38704
78587
55426
31951
98410
36641
99601
9530
70290
61373
88005
43719
10229
18792
90428
48234
62893
92567
56664
93245
47452
37611
73853
61185
79519
75849
43062
69803
94699
67303
43438
67862
64134
3969
53658
97640
51164
29612
57349
32724
76157
50688
67550
88902
6790
88398
75954
46786
1039
88630
69956
41528
2091
45440
49396
65875
30919
72211
16558
6088
74765
31604
31720
92235
19276
11270
88296
11494
16147
9591
28830
85123
38232
52273
26975
28344
91
64012
89615
67320
27882
34638
93622
78015
30589
77982
86024
49528
35633
15180
2804
17422
36938
8596
7248
53834
95484
96256
68680
31225
76106
36790
95466
7885
32652
54726
6788
84083
44224
98904
17238
96465
8528
69853
88758
15055
54524
73585
84374
8935
84804
52794
36644
97470
95838
87838
60139
91852
30037
76922
74115
88071
74655
31973
36231
87326
29182
42512
31559
82425
40543
88284
47152
76651
50312
78301
96980
34121
80925
40395
9489
1096
27708
30917
72022
37762
76895
21306
39538
54028
98283
25451
49934
61166
94682
32333
82824
8944
59182
96506
2998
82209
37900
46183
58820
29736
96614
27924
84492
80654
23706
30362
69185
69256
4770
94120
80300
40391
88760
54632
55635
86218
49871
97568
54615
72992
15562
68905
30358
22329
7083
40156
6605
41428
87267
28523
93157
15516
32861
18086
12548
19389
29362
89247
56309
10006
33760
85592
765
11415
8542
72729
53189
48346
23559
92440
90372
79725
96876
2677
53420
55820
4236
49451
9467
58977
80129
93686
72672
77393
64572
46476
87348
1526
80475
27586
21025
99965
48797
69137
75473
38057
96192
99840
74597
30685
1734
91633
44118
27219
96979
93107
98955
72857
27632
64821
28103
66184
88097
34320
53477
91073
78149
79718
83934
16634
82832
15524
96161
98911
35258
29861
72847
28389
91634
99110
36786
55130
60101
37841
57271
54756
61844
76284
4090
28764
98183
17618
6142
57521
95078
3559
40905
83263
49649
27375
84009
31816
22869
16424
5187
31181
3535
91745
21712
4995
25740
66366
77326
63157
22162
85796
27430
60910
98500
70151
9174
86006
11075
50131
66123
628
85045
28357
97494
63575
55386
31616
75457
4320
68598
79246
83714
32924
14126
97849
67072
73796
85602
56376
14385
65198
52100
6668
73974
96452
93913
91884
66337
12586
53808
76587
24405
50746
44657
79270
31060
238
7341
21219
46587
962
33202
35570
92406
397
12986
35396
21036
64415
1466
65108
10222
37794
2879
38024
67890
16259
73483
41474
65465
9476
47424
99736
20432
91122
18481
88813
98917
41234
65704
41600
58963
42895
69522
69623
78595
29880
26075
68015
64257
12708
70989
83310
25064
6288
11420
11817
54270
44077
76357
80969
2965
99149
49922
97005
47367
92364
30041
31172
14344
60029
68758
94787
46348
64997
66717
76131
28652
39294
23808
42900
15221
8283
29343
3870
7897
41896
14014
61421
53262
30081
40073
49559
41427
73519
4484
30909
80364
38825
56085
22230
95407
92787
50495
323
51720
73286
36118
33885
54675
13893
7078
1843
1284
73677
43550
51285
4194
522
84743
42448
78514
52015
62487
52615
83688
5424
14571
24017
1353
87135
13411
74913
11568
71998
95626
60039
14120
38194
46404
15838
38770
71411
58442
22877
10122
98792
94215
74498
63921
70415
98573
65207
58424
81847
46494
47580
52113
42943
29249
81746
20746
21808
89522
469
7214
26624
76167
94993
85178
64135
89174
48241
63482
95412
61448
68149
47431
87487
20482
3769
19851
72850
98022
66109
97155
57306
62157
42166
86568
81017
85984
31065
80170
51820
42949
8398
49735
13476
42482
81642
87072
63271
29794
84279
65554
32614
86970
199
25075
12735
29100
29672
7018
60075
85529
18181
51052
85479
76433
95979
59974
67648
18726
52770
80196
50625
63015
85686
25254
56450
59186
22977
12334
79441
28864
44985
32020
87999
37393
66175
49811
49106
56274
43374
98874
36074
67656
47430
12208
11390
74908
77631
286
32078
69887
13068
44173
21801
18017
12035
93045
34715
87011
52330
50398
51525
2439
76636
19003
50586
91500
69732
99903
45055
99324
84588
74592
69840
64775
36985
83696
1183
1917
61514
56525
69683
83401
94841
69665
1155
24109
29244
11441
71793
64933
51995
83808
68324
83164
18626
73070
83435
21880
44378
57450
18966
40919
79076
58853
76120
92881
48237
47299
16283
59039
78184
32293
49817
89039
68403
37932
62519
60439
29099
48464
93250
48912
16908
70873
8525
82848
40275
33913
25863
86798
28592
39089
66959
80313
86042
22285
38678
5763
13764
37091
45137
5953
54630
87120
59662
55249
85325
24319
80037
81063
52485
53522
6154
71885
23594
82365
50112
90353
29438
14843
74225
40679
37493
12734
64435
57257
72091
44192
77634
1991
34542
64346
70657
46687
89814
89158
75917
70861
18204
92843
12022
72991
78982
99405
45535
54054
63608
20283
39421
74831
63189
43148
79633
18362
50640
27721
54048
92319
36034
1717
3957
39897
47300
47324
38667
61583
24446
11180
51558
90673
48271
69000
69465
28526
60660
77007
84019
62699
87755
75706
81925
58120
11685
58761
23619
264
32698
55446
69377
96763
49317
1597
40034
46383
67637
33648
40944
8079
32831
30146
50737
22169
62732
69548
48542
975
77109
32294
76113
11307
96951
72336
56854
63966
64175
7568
17232
69510
35250
96620
19171
898
18882
63440
72809
30282
73625
51313
75199
34476
71152
65354
5263
58659
995
94917
20318
25771
97749
95573
18601
82864
91222
1272
54098
56883
8665
65811
66395
74178
61535
52610
16719
81087
95418
18098
52766
37800
93259
60637
18584
25577
63847
20591
81843
53937
67438
85898
34392
71439
35108
55602
59380
55422
48929
69216
74073
45671
81299
78728
89232
71935
80387
20630
69438
84997
64905
20650
43722
23462
79635
77046
46700
42277
68708
70788
22857
23105
76914
60155
15924
71942
56375
84555
1240
10571
26274
9094
55081
31183
22845
20713
25359
93216
20964
67441
24527
47756
60810
79662
33664
20491
75835
56416
99158
34175
19776
27662
17874
24532
25470
24105
39258
36851
86444
24382
47939
34067
34612
78252
10052
36366
71074
99001
14349
96828
9487
88859
53539
13605
36234
64873
14628
33221
26368
81955
1377
48372
40368
9137
33632
90594
80014
22889
45938
68485
49239
17406
60553
70388
6579
97819
19721
33294
1415
11659
51144
46538
86817
24834
39496
34048
84415
51859
76562
53447
55445
76406
83523
63800
37120
82098
59141
90850
80509
72229
76997
60171
88677
29123
64748
54664
54465
97147
71000
10457
7425
45501
35330
99608
77264
27936
55896
52789
2841
15019
50531
98238
33790
91471
16256
39463
48755
86157
56388
96681
65237
5604
98662
85281
84259
34632
66538
31815
80588
55182
52178
56531
81038
31258
12387
88761
10040
75959
68994
40089
60855
87230
23802
10086
50599
54335
25670
5750
24981
1325
5954
79723
71960
22332
36913
2058
67901
44818
750
6999
65494
98398
92182
24462
79872
89402
35021
73029
60058
47362
60879
26317
47904
77004
95503
51998
47943
4593
64311
61826
78930
5691
3977
91972
8807
45378
87443
310
97190
21605
50384
94719
54795
15338
20900
18644
65188
31420
59026
75165
72746
65989
95213
32455
61845
34749
97542
41016
53661
27551
80338
46052
23933
42687
36099
58198
85149
57799
14294
64270
75797
39071
47153
54259
58656
90728
80380
27193
51386
7587
23765
91031
32571
27321
69054
39195
21167
2717
46260
58703
27275
90487
74024
62983
32529
2050
62608
90766
38589
43853
41484
83278
14000
86369
93019
61298
18471
49177
84094
73736
39967
84453
8563
10831
85390
48655
51865
95250
38433
70033
31188
80648
78331
87516
54168
44716
33700
6160
41338
97685
95427
89360
62229
98940
99655
68160
35832
54319
36937
26079
49931
86197
84166
3259
68354
439
79111
96870
66895
77584
92760
150
18554
8103
29234
2354
4449
2403
29674
71189
15255
65236
41891
21274
43511
14331
80692
1029
48628
29526
50255
94875
81666
71099
15685
21484
90840
63897
88744
10462
79222
7051
6910
96264
49466
63311
17015
74192
48950
47210
54593
50450
44070
83387
1699
72082
70028
35320
51526
12288
27413
18225
24875
79256
26052
60706
68554
50895
16340
13885
44496
80288
52856
60777
81727
48173
85929
32123
24290
6381
88420
56693
92159
43769
4587
31745
59456
18673
36483
64094
62468
5306
76813
31919
22191
25199
98971
78311
99809
56186
24354
55920
46680
18063
98332
3672
26192
59175
95198
96060
93499
1813
35805
14002
20846
61694
91674
74693
6465
56890
78652
58870
63996
83858
62971
41520
46797
13805
15205
77920
59105
48344
35959
48027
97438
83352
4610
90
1824
38762
43745
19264
69781
10415
80112
43358
21957
56766
87968
73965
90130
34199
9039
78336
93689
47180
72627
90299
54564
49206
58117
90417
80883
46056
81310
550
43820
18846
3123
53533
45953
17024
86694
86675
45573
71205
82237
11310
82540
41196
80420
42694
20460
87236
97325
38348
26856
81570
69706
53953
39559
24651
81711
3164
86288
43703
43795
58828
23771
10107
6278
76411
85487
23545
67750
4282
18407
60459
59236
84234
84315
34744
74318
61424
39093
90482
33805
30736
59721
98669
45675
73338
22672
89309
41284
70918
1822
15433
68498
81950
57127
17586
38091
59996
87023
7862
49652
27899
3159
59147
38326
43230
11055
48082
84523
34310
77775
23500
18727
9514
71334
15301
3682
43706
28264
75468
4898
20778
22131
36472
27384
81283
73613
9158
57090
91080
38510
42430
70828
76210
39492
5292
21122
31330
4693
32574
969
48235
53167
15822
56196
99556
84363
47383
98740
90538
10306
48523
66188
44664
20702
71297
64155
76793
51530
45361
24628
22575
97194
12143
38302
64287
33463
71188
35864
94942
46483
54720
23322
45038
14478
78204
12283
18117
83887
78758
32950
13593
28922
6090
46527
17895
17359
8338
37446
61018
66665
70122
13376
31456
74893
85747
90315
83349
57584
3002
15112
78677
6103
63780
32637
69967
66649
22605
38764
43907
48835
99953
39404
97996
90060
91608
78364
18398
51887
66350
92634
75798
2099
36496
28918
53156
78376
34055
818
92262
53567
41130
70531
94599
84974
57102
59939
60908
64544
9848
92263
88291
60745
98546
49268
16843
49548
16705
94532
22600
84511
75344
58348
69978
29203
53948
47110
33487
98756
509
47471
32008
14303
35499
17816
21545
96193
65929
11431
3257
95187
69523
49708
47503
72350
62642
33018
70207
79283
19487
64886
69717
84071
12897
7845
23433
24930
36529
70545
62427
27621
32042
63722
79993
64485
37306
32103
28586
33398
67718
58496
95134
41220
35830
66644
23887
67568
82294
28623
14183
368
63670
15602
95730
51009
3122
83152
32184
13898
35671
30542
66336
49699
45077
92164
69291
64899
47240
43680
39785
57292
2525
6669
15242
12908
88542
97102
25207
36501
35945
85954
5475
36840
15849
59993
23673
91186
67666
95562
72783
10701
71547
91421
92803
97691
33076
28500
77908
58150
74278
93988
76837
20371
61705
99771
5688
37038
40811
26658
43177
63971
11903
33179
56368
38551
67590
82762
69336
67918
68724
97225
62179
73536
61086
5958
93320
91008
80098
57726
84663
76164
9772
2946
3213
7459
94338
51588
3478
43142
49489
72617
89642
22836
97480
88558
26622
47771
16904
67077
92019
653
52693
7015
380
8250
11873
1058
71184
85016
97040
83450
90297
18377
4475
5114
69279
29417
27560
75291
88258
51879
89032
73225
73863
47036
90106
58287
75544
61613
48316
81482
52957
24587
86440
32003
82728
5171
46946
44400
47045
76089
40063
17897
30308
47120
62661
63357
22047
47462
91453
88512
21582
50073
33124
364
18364
25418
37711
80359
65882
13733
32548
26906
26235
90216
95583
31861
14922
89783
83157
32856
24999
44682
1621
83298
58438
20816
959
74505
54280
97262
27268
76939
41691
15340
9941
27881
11057
85662
1590
59853
30738
89224
20207
2995
29563
69180
16724
58842
37388
58571
73411
63554
52380
76150
36649
31757
99057
1673
68333
28320
65791
46635
75931
33413
45873
14917
68017
40065
14363
27199
58864
38981
47663
94256
58049
72919
78139
83784
75471
2117
7262
40747
92129
49631
37188
95271
90914
25662
26671
68885
25899
59617
87407
83879
85839
18305
59954
67971
64721
18155
27939
41293
41446
63132
49502
67573
37262
89670
13797
64882
94186
42438
24283
81068
43644
83925
84548
17955
55545
6654
34227
41051
15052
42141
61817
1612
3496
48383
72123
12813
9181
44375
49582
85258
66023
98373
25296
54405
94869
50174
64491
79779
67592
45661
48954
16103
13307
71134
99572
20185
30181
97004
82293
65120
59304
68578
75520
63498
49667
23444
39697
45256
67176
70037
79864
32728
40776
9668
4966
21534
43064
86209
84519
55088
34851
28739
14128
43900
20943
27602
60966
85626
67917
14232
94420
28224
45425
28034
3642
32434
22738
33810
96560
82121
22894
94053
36701
1851
20982
40957
75693
94936
13217
94958
4508
75487
41271
73358
9767
20085
78027
43607
18442
7110
55645
84558
82292
31483
17674
37948
25039
95026
21890
74383
19116
64995
3455
34496
19446
40897
20172
87652
81109
61512
69604
26085
90490
33422
95451
67265
46988
47147
68595
73823
10801
52561
34688
82675
73138
84294
6282
2513
4178
53066
76990
74710
72052
30402
33506
893
65444
84505
49173
97750
72623
50988
71637
89895
64461
76860
10050
48025
20768
66031
10670
46449
93178
50546
18246
83658
51304
88538
52396
47536
58369
68897
131
19080
2008
96923
33999
47260
40620
42255
18848
50554
7999
24561
28062
67315
75597
12890
42040
47143
38274
14871
28731
58174
38042
32305
53216
6363
18583
59309
26353
65800
75513
14196
91956
99574
9567
46558
75331
26806
11741
72785
65187
8728
83773
71560
6553
10217
60106
94896
94915
34620
43918
75499
94991
16436
7066
43235
73673
93066
91769
48907
46447
41612
76182
91185
97429
63134
59428
78847
37057
68601
5325
68522
98145
89581
87081
51371
65721
39465
12404
36402
59980
27407
22012
77074
55111
16125
96005
57609
25625
9312
90021
11047
48327
47881
23375
68762
14042
48394
45518
47363
95784
4103
56143
99055
75987
18232
53026
72020
20983
53012
28921
82400
2103
41417
19253
70506
27394
48456
79684
61207
27085
39868
85067
54830
26792
41041
24067
72964
46636
74884
22572
73721
25406
6176
98935
21382
90410
12773
67815
58983
26532
20104
60021
10495
29631
71744
98549
31711
49770
25870
65100
8269
28309
22434
84439
51120
81187
74163
64007
4338
15276
95481
89141
47439
88369
60298
88146
22566
14663
57556
83019
11381
3193
59303
82952
46806
60295
25074
38748
22229
76861
68901
23113
4968
56935
11358
55532
64417
33610
54559
80121
11330
47713
1528
12249
63764
67594
65743
68700
14676
81466
80821
52174
57273
87036
22801
72531
73552
51449
75070
7297
35168
83134
72967
75087
25313
38220
3553
13503
41965
51295
2373
19217
66811
88248
81197
62766
90029
64742
99529
48024
22346
99056
26557
53451
96181
80835
19940
25471
89523
26901
93620
21229
83400
56800
54299
17898
53228
13049
97446
44742
22968
52919
5158
91785
77623
97835
60168
14848
58939
30494
56359
61101
98496
56576
59143
83532
50360
45560
71810
87840
38733
15189
12069
75873
13528
8000
89537
38766
49861
50323
36521
76078
57166
40808
70209
78493
64824
14536
99757
29825
45319
68292
61755
98276
10332
83811
1199
18322
7711
34008
37962
21559
2305
80398
18740
32344
44631
78826
98626
21000
88817
25448
2566
44957
60793
51224
27718
82079
99752
33011
88154
25206
63292
21588
36248
90564
98329
56934
33546
73195
30662
93693
64668
50457
50369
84781
589
89834
23193
58682
37989
3968
25569
52899
37278
18771
61570
16855
66725
78181
86165
40144
68908
99648
55328
91093
62672
77429
46574
59297
94219
41107
74043
29940
68569
87658
40752
58237
11144
90043
65614
81334
43354
84175
21191
65307
71408
92054
38886
84265
25503
69929
14006
31579
89425
98787
58772
35045
65218
37381
83675
13448
85962
58427
17061
41837
67360
56598
69385
4374
53202
64641
37569
94039
48737
25494
23543
2755
18544
57212
53385
95552
60307
65885
56276
36187
63459
52810
55594
43052
62423
11970
69001
83505
73099
83484
23930
59315
35601
73038
72194
1869
61434
71839
12036
83013
48979
10408
27170
61953
28098
69173
20302
71647
1937
65972
46431
39242
35656
71061
84944
29430
13174
75951
33183
57291
4358
44417
91150
81185
79180
95869
13633
37411
73400
10546
33692
61780
53823
68159
48395
64713
26127
11237
31299
202
7817
47833
63901
47891
52775
57816
19085
24023
59335
63924
70703
59716
60444
23139
65249
77751
11601
77339
4901
51393
7676
49240
44726
9163
89133
62717
24324
38156
49514
7970
98704
72759
77388
27493
36914
12312
54657
18958
58562
3997
91786
3013
3963
82187
13620
92503
32189
96547
94945
70672
12198
71918
46942
21750
63590
3623
19725
34237
19279
9829
94843
54982
25640
38370
11561
21978
54177
42238
74677
28463
11099
54918
72911
24542
36515
85425
69406
52184
90374
61202
37371
25628
79206
47659
72735
6199
24156
3130
52104
59436
14773
36322
1650
86660
88608
50884
8368
92014
4602
8951
8519
39725
60537
29644
1487
5047
43948
30552
44763
10284
15965
63385
39328
6759
67733
37974
12694
45589
46189
22992
14109
18416
35245
73351
51400
47558
91446
10843
59442
41330
18397
88791
42047
54879
86526
8287
63297
8498
44119
32604
32666
38263
79140
14189
36110
79984
72541
85731
43036
68494
73504
3157
83540
23897
14553
98643
72296
24415
73300
95999
4349
95165
70435
72175
77525
96519
19018
97508
89565
40464
50908
66675
18843
45534
50392
2704
72519
89255
96724
41592
2379
79231
83989
93637
76477
86015
50813
42579
43786
73067
21365
34250
54883
17811
3593
86417
88046
42348
65087
44013
33268
24262
88498
73498
76954
53473
76369
16312
13738
21795
13047
62146
47281
5658
93322
23736
22961
79982
70720
55912
69750
80220
34762
81457
68131
5753
3323
74104
40733
32623
66741
14991
3252
4685
33901
86770
66351
31242
43027
48541
38039
70655
52524
30119
625
12224
31658
50803
97799
72356
14717
88725
61853
69002
13971
23964
63182
83150
45195
98013
99402
75255
37322
9194
52831
10574
12009
99185
34655
11327
18634
24773
26511
