100000
18486
7640
59291
22977
33705
63272
47172
55224
81893
84159
37602
53095
71532
7405
51667
73721
54547
56344
37578
35474
19015
93486
87579
63081
46706
81284
26317
39715
93457
8955
22337
69364
99872
15574
56795
37081
942
79501
4583
49072
18468
93805
52342
30902
96111
72080
48678
86350
69143
96698
55056
48238
56568
95069
84150
43875
31942
28920
49833
85436
49581
50102
54695
53543
32345
12618
29719
79892
98361
32502
92846
99763
79759
24754
45597
51483
37178
54313
2258
96362
54425
89748
84298
23673
47782
58125
16004
51485
61120
83642
35098
2986
30293
14111
55531
25698
41883
59236
60792
40681
1116
82892
62936
43314
99147
79771
59125
31276
3597
64412
68449
87652
10651
53653
39542
86238
23515
98323
16280
67936
57261
82300
60604
60045
17559
4418
25312
2605
34710
8131
37412
64840
16221
5468
4396
31381
92545
56074
41217
87775
82304
60032
78331
41151
70308
84939
35679
54544
87681
69660
26971
26067
92337
82552
19924
16144
89203
8868
99323
33588
14034
35659
43312
67401
71159
96355
52039
34778
76770
71901
65993
64310
71280
88156
14319
63917
35981
22159
92892
27097
37554
3267
93321
62735
92169
39235
28198
2271
63229
74167
49578
48940
17684
36548
30005
28644
77052
44393
56643
84117
16858
42216
85136
94466
81933
37696
89373
41537
55977
64841
28482
803
81750
42604
16641
7417
95981
81468
79851
55504
14779
51214
98376
82321
91495
29720
53385
86383
16983
90719
43488
87145
79736
12554
23740
45707
46228
65321
71564
6968
34341
70867
81742
13430
91775
5033
94360
87431
1991
60299
60261
30412
99074
47348
26337
20381
57155
56099
15772
21039
38724
39107
33818
80482
85505
93035
72382
84808
57208
31367
51359
29376
55917
43157
73259
1124
57754
28537
887
36057
64793
36436
71377
60233
51846
75304
31745
55064
17178
14255
43891
57019
32439
50737
69640
50578
87912
8211
32568
59088
44410
72498
15559
39933
26110
41668
5558
78145
9355
5571
22061
36915
35992
49501
63296
89096
28304
31801
1829
19803
14537
24667
51694
99597
34208
68450
94005
1613
48171
50441
30392
21791
46731
20818
83410
67085
58763
47180
52785
77992
78492
2777
21179
37112
68802
17433
95211
11326
56050
7490
90523
57174
98738
66200
3794
9094
92771
18799
77384
50124
54421
4015
27762
27315
57446
39607
32761
42336
29576
57290
17019
21011
20324
57995
53300
55915
34534
87001
54807
31770
26300
90991
32244
97315
44768
32680
45843
76074
17984
49485
12691
97312
17528
21090
71775
93566
11044
50486
59549
4845
76050
73727
57501
61446
27980
11630
60053
59388
39991
79444
33764
90832
32312
85228
7214
91702
16743
60776
68865
64353
38583
71608
78740
57970
59543
18711
33912
18581
57797
65782
84489
61288
4800
86441
40476
10573
81092
4745
633
77299
70411
17723
55292
39802
48656
26655
12930
17266
11377
14549
14103
10045
25069
52990
4049
60059
28384
56468
36758
47315
83368
75893
13749
28395
63363
75587
32203
9310
63638
25473
51474
30627
47210
73201
38781
73768
92454
44775
28337
60241
75130
13455
95881
20967
22889
74002
67733
55945
63967
54403
1297
29767
1338
41056
94705
78581
57549
56322
39887
43047
55113
54478
12212
47218
79834
40972
86110
52846
8241
67196
44104
57642
11689
46898
36108
99740
73162
60157
29180
6595
64795
59229
6854
25163
93419
4668
551
53986
29614
94202
82028
7771
74758
66006
97005
34833
36774
7083
77816
91780
44109
18285
2800
77014
54220
21981
95645
63292
2868
13845
9471
91564
94048
84861
93108
75660
90406
79847
37296
73454
37018
76360
56095
39622
13383
74883
41540
69696
9762
17864
1975
42096
20793
14698
98107
73373
53056
83081
60810
61460
82721
45037
53353
46322
37723
64037
32424
38808
88790
11108
67672
74355
70971
91133
85329
20194
2747
56482
68298
88871
81945
76730
13764
33227
6713
98923
67795
47652
59589
52347
97288
58529
8284
50992
71196
28059
43354
43439
57633
65902
93693
13467
79874
62880
17548
51142
61496
88100
869
34681
55613
28212
29398
79324
82075
80544
96015
10671
82737
60084
66414
15829
98132
63030
29313
88532
37763
78859
83050
6203
20860
56245
91376
7931
24525
74681
2360
60031
7369
11735
70910
490
66215
51741
23458
47346
96736
29428
21719
54729
80761
15206
27451
95510
73076
62079
25584
42986
83651
63117
7736
29716
8904
57838
20041
18925
14949
56921
33841
12541
28611
60669
78010
58816
72938
95972
22285
77498
24701
15272
81555
99625
72110
42252
25477
75911
94946
51083
32672
17800
23068
54999
68360
640
70378
64355
20889
12957
74716
90215
34450
61507
12829
51126
72481
10016
92901
47141
58765
31380
50474
28052
62464
58247
71147
72273
34666
72039
26230
98113
86449
73369
3374
90753
21903
31166
11045
91657
99757
69333
41159
21057
89688
93975
15466
6740
61888
88576
9671
91652
24715
61235
45171
28268
66661
25610
83221
36399
17987
95018
93593
56964
57826
9884
58953
8277
79101
69260
18086
31783
31042
44436
86299
32078
23435
86612
20308
25971
60940
11854
30868
55009
19661
42089
70986
52386
23265
75572
28202
80614
73525
20526
78531
1525
25680
67488
9640
63355
88334
21603
22976
61349
95443
3689
10944
98582
87371
86664
14229
58820
27383
65479
23080
57020
51305
39689
15949
26643
83791
93505
19513
95593
26120
22491
29335
99820
32668
48882
67181
6283
26714
23509
2861
9695
70067
9730
51908
76481
96005
9513
7311
96358
62981
87709
54880
70586
80974
90762
46787
82365
71806
32463
8177
81611
89855
3994
95122
80276
9288
86487
40472
37893
77164
18328
1512
92123
58468
81453
87396
52377
50054
66147
1722
30358
73027
21566
14729
21883
51928
42028
70619
14688
80184
28838
34091
64517
10459
73189
55757
65997
21713
48659
22192
98317
94822
21233
25318
3699
82672
34954
53245
21426
62214
59378
2423
64017
55240
26429
5929
77482
21519
84983
67341
32230
70524
89931
45748
55151
95389
99092
76095
19251
91729
91935
56001
16056
44847
44115
40320
96039
32536
60683
5534
21901
49395
23003
76323
35673
9021
82771
68263
84650
45482
26835
7448
31594
77405
13409
17322
91988
76983
38615
39226
14993
51094
60330
80334
46708
18434
18571
73035
31055
63327
66318
67583
48921
21281
30832
96226
18263
52172
47759
4593
52502
39490
86456
13577
4328
33696
43465
88280
19838
26148
63663
52063
95634
42393
89910
76760
83110
90453
34916
26100
93159
64928
47586
94785
10836
37075
80278
56563
93827
6910
31692
67640
25863
33307
63591
80596
84176
29225
42902
60148
32141
3924
34302
34345
88958
70615
49721
41037
50236
45464
7078
42898
38939
27493
89452
11725
68348
99730
27141
65377
97746
41379
44368
71328
67233
17054
2463
85041
97793
53785
16859
27463
85073
67393
10838
73255
93303
80509
48870
63316
68703
21943
78670
24388
74622
96918
70099
14637
55568
76900
9606
8661
35291
85281
15720
24797
32852
52663
34364
54813
61805
6989
20142
37618
86269
64524
10950
34852
77419
15997
33868
60870
34077
39037
65251
98551
63376
54063
65255
88533
86293
39857
51324
29809
25062
57801
90731
51527
91825
29721
47517
75831
69152
16749
91954
88123
80421
72116
86134
76337
35012
754
29954
46376
75511
23855
52672
23788
15010
9454
48528
54809
88254
70138
22292
37331
12039
18376
26136
67445
34255
99890
10359
37102
79615
65565
88659
71846
45125
52851
7928
29177
57554
72669
17712
57187
62266
65470
88449
6710
15868
53520
12724
75697
40382
23008
10034
18280
45898
30872
64099
98358
24144
51733
10956
21445
26948
78068
33151
64497
75409
31079
49818
51585
55225
44814
48290
94184
71900
52735
478
26064
63290
47553
35368
63766
16317
69414
35449
43176
47242
32114
61873
35344
46983
448
99505
3618
87800
38008
48765
65405
64088
79346
25842
9265
74201
92982
91992
42636
33387
36752
535
33759
8814
97364
83457
38573
73975
15865
2264
92733
92305
28575
37758
64796
16237
25775
83324
95723
25340
81772
53152
34109
73708
51647
68315
68041
18235
38744
12101
95597
80411
57432
76699
44643
14973
17326
29130
7849
56183
3476
28697
91447
51534
49145
38533
61835
94956
77286
75439
36946
55011
91267
2879
3812
49102
89528
2966
32515
92786
21033
28378
48532
91227
49933
20681
7978
60184
82258
7164
27162
72952
38464
7678
53316
91030
94179
15533
54081
94905
90408
69684
18649
45675
2241
63554
55909
18065
26886
48580
94288
65371
99261
47845
14308
28522
124
44550
31494
83689
3237
12873
49530
45462
62304
71955
60483
16752
4888
16968
17328
35065
9156
65879
80786
72863
50433
87950
98429
3216
59204
6041
57340
72271
45181
62223
53289
55403
47147
7600
50518
13803
12775
49910
29492
54154
39835
85540
88335
24043
71130
9952
54082
64491
61895
99107
88670
53919
27881
44482
9793
94532
57365
63895
6047
34777
52200
34231
69382
9682
50314
67317
68372
70399
47246
64129
83055
88676
24156
43852
65179
16813
86595
67458
81419
97802
75680
91214
47935
91206
96433
26645
11145
10240
62147
14073
81541
47576
52750
55667
94380
57929
71923
22792
35236
55139
61299
16192
11405
22498
17004
62613
92317
47376
31499
17222
78870
5846
80908
15065
81828
74145
56598
90008
14977
37822
94562
80178
69515
63636
79951
54978
5218
47462
33412
97708
92553
4205
59548
51208
26434
37193
9746
21642
66775
98834
47664
3552
37740
40294
8387
57471
20656
52748
96240
50335
30967
79336
37831
8657
59225
25185
96040
40655
41582
4597
6969
85307
24392
23934
48483
71185
91475
1465
84344
20866
6886
65236
43635
65199
4387
58677
25822
75934
67144
27466
98952
12820
61462
47554
4852
93765
74207
60983
73023
55450
85890
45324
13223
13144
32205
36775
96688
60498
66413
45225
14395
8068
59154
55540
90073
29873
64505
87875
48301
80074
63149
66019
4722
1089
32893
36770
58305
30581
29699
12361
41035
3140
45166
18923
15312
57824
7114
76825
98227
61129
4513
67335
46276
96307
7970
7176
19621
56438
50888
55939
63547
10197
74551
99476
79963
80590
90607
506
75283
47939
80627
2518
13620
90498
32837
3681
96368
95532
54042
23362
52112
43192
93338
4268
68939
37505
61179
9286
12507
12037
56298
27882
41374
34813
91005
76852
75221
88111
2318
8077
12937
59227
70555
90574
93357
21838
88796
20877
14574
76091
81587
74230
90038
24968
78409
65644
46569
11016
28872
81510
90880
7050
66583
34821
62749
21600
92325
75635
21434
89341
79549
32514
16659
7962
63225
98997
68531
95119
59661
16640
66399
33997
31749
93542
86931
85657
36314
57557
74958
62257
68342
41436
44972
99683
20868
78741
40448
37781
34070
48405
8133
87842
74523
95381
12734
68722
69997
12480
62699
80574
59455
24243
88446
24415
44677
23422
2839
61814
66520
47130
54988
24135
39113
865
31950
45147
6267
25583
40799
57749
46769
92118
98280
1629
5086
46959
5680
67854
27002
84210
20489
94676
98519
95986
41778
17955
87063
75028
10618
6142
39333
51843
65005
821
14125
27379
47751
34295
11085
18007
14821
61715
84308
44190
43581
68878
96921
35911
7889
62650
40460
47952
38754
30528
90339
84653
68734
96417
54583
33298
41746
33418
13267
72354
99081
66595
60531
65864
8845
53938
28497
11093
3717
80801
15381
50738
10997
62850
45018
33695
80499
8712
47961
88332
28674
77993
92610
31929
55325
2635
74679
76792
11272
73888
92133
10855
94671
25663
22840
7956
53536
40245
75650
51668
48572
17022
69047
27969
28554
89841
60455
99346
24801
47479
51738
20684
1504
2362
88124
72265
19672
20195
1712
50854
27905
24591
49424
57819
57231
94329
85962
9897
27181
57474
99723
3064
72047
47458
6519
5283
97306
52533
66081
41224
90916
91557
25928
19875
93329
33609
82780
87465
89964
53310
41876
71454
35914
81028
94095
72742
14894
53365
80663
69814
86812
4240
40714
88391
65821
9717
37917
36311
96723
65718
97040
32059
1679
95146
2253
54633
61190
57190
33675
27668
68448
40086
16198
36853
69105
71938
23510
74317
98547
84330
12568
65763
14660
52882
89266
52508
75944
89086
29967
16005
49066
23864
93759
35132
43158
4375
44811
22875
92187
67859
54901
53848
58899
15869
35338
62712
20390
53214
99194
12859
2425
49684
2395
3569
8861
67524
90918
65776
69857
7766
81530
62010
83122
99649
67375
44459
95870
41571
76245
96887
29579
38177
61830
65984
79896
95529
39091
17891
61850
85062
24277
31981
29934
79937
43717
76478
22046
31775
39273
31702
66524
98395
31442
53693
5130
27778
2363
37013
97607
61605
52473
66493
20916
76491
50169
24546
32478
3033
38532
94461
67920
45685
30694
9855
58632
19087
51276
97953
40376
85789
70214
49391
17188
98009
81291
54899
90599
73779
14116
19943
40643
4464
27599
82249
21050
16825
63931
74164
42279
73605
70209
26531
56955
6057
76258
51231
5375
82173
81077
41455
53172
15269
81478
31984
7067
78185
90403
33529
40070
21275
15823
23015
43786
65191
88966
3048
86023
21100
16821
21457
92963
20990
13065
71390
32131
31127
91735
82274
94774
11033
18757
99198
32473
99600
71916
71696
78550
88029
39945
20569
60645
36727
70002
91153
97956
78840
85202
37523
87764
74763
96609
4155
14855
49258
61651
49815
49180
96212
69446
91276
78186
77048
29395
51089
42061
99349
64818
69087
48716
17299
4063
75733
10865
77731
62336
76000
87081
72657
93638
72092
87741
47044
92068
61537
70718
48090
17755
59932
34911
412
65858
25619
46292
70812
2448
68296
71140
59964
53058
38612
51008
55556
4460
63386
23290
83813
65696
6242
18344
22294
28637
54434
57407
2980
38506
48000
80028
58764
63118
65943
21546
61674
37915
60300
79716
6706
68565
50907
57205
71563
57450
64829
38634
61169
66190
80994
36859
80585
73129
87513
44799
55924
44164
58128
99000
26805
18317
30773
65550
18894
75846
89846
94710
71675
35909
63185
44581
16202
76521
50080
10740
52881
10082
76340
23415
67016
76007
78593
47208
26519
20130
40979
23603
94661
20496
34788
96733
98892
85089
3604
36949
6398
54266
16111
88330
56944
23961
33380
11189
30667
96450
28096
8038
66554
41186
61263
86557
40225
16544
32900
2648
10238
31822
74634
5370
24964
7108
99308
21252
45556
17664
97616
68125
42917
54395
62328
90240
48618
72152
43591
66347
98752
47177
81276
42994
59586
25804
68335
19934
13684
8273
11624
7658
99922
32393
83614
78466
31260
27992
77849
32319
97363
46698
71580
37347
76753
39555
46170
68628
18832
23328
17693
36987
18454
74747
30116
391
57843
32939
84118
39046
38636
21936
5909
68136
81743
87755
84318
24938
12296
41766
65878
86009
31580
63472
59774
48645
57044
9982
47566
75442
22229
10937
91665
42461
46094
33295
95111
77135
2397
18045
49138
29897
72367
38686
69374
1714
31597
7593
16701
77733
76659
93438
58261
58143
47225
6852
51289
22777
34433
89137
28665
62827
70896
7806
77517
29276
49092
126
56061
60985
50468
6369
20679
34413
36972
31637
5579
97042
63605
33678
59685
67846
76376
74606
79665
10427
50823
85365
29874
72476
71420
729
59605
35286
3316
87003
94888
3958
63119
79586
28976
15605
68576
38884
16073
76311
82441
1632
27197
67981
24749
98760
39184
43856
53538
13149
92122
91397
10234
779
57349
2217
5552
30950
86513
93143
73835
27398
91395
867
17992
17592
95419
76378
24902
73588
34559
32372
40694
29247
11825
24585
62389
91453
42065
43246
4414
24680
51086
94259
42184
65203
27583
75811
78817
80712
16783
74366
29347
57638
50749
17527
63005
53147
10772
59984
12137
53216
43453
28140
21899
10114
77247
27922
47874
61054
82866
63820
17791
50617
15055
32481
94594
75121
28381
90594
61559
61818
52780
57477
54981
29830
26446
94287
3112
97284
58115
70778
50187
14221
37066
395
3315
40249
79842
48896
57006
44075
17297
80352
66664
46493
74984
43966
77342
82020
23197
25218
9023
97873
38758
4422
87497
51989
74253
41443
95203
18590
9445
50610
63103
63769
24208
99369
69331
58861
72815
48036
74273
8815
86765
95924
62139
76036
52973
41598
77550
38283
1217
26910
35602
84891
3538
51710
41606
5044
45695
89326
12520
82710
742
11260
78881
76168
1166
24170
17096
57781
18438
91620
79373
75908
95301
90182
49926
68375
9136
10746
51468
34640
91231
84790
62914
58704
72502
29759
49597
48783
81974
14955
68443
38923
46227
88076
71992
70401
43388
84354
90055
82149
35816
57854
62857
23211
67702
19514
63323
89064
46716
23857
61200
71008
48434
387
23699
75040
44307
9846
8431
18433
8307
85651
69942
71001
28095
26275
2486
53651
36344
69665
68105
39763
26538
12233
45720
37787
35812
68615
59514
9893
88199
34172
96709
42183
44784
69619
64323
17924
99659
93917
3746
20248
13289
85320
59324
4832
72018
58850
76180
47384
22764
88849
16663
59214
17953
10851
8905
69758
53664
72197
95573
10973
74134
24391
80469
86961
9303
80913
11106
47481
98531
1001
22553
52443
37198
2034
68556
52224
71966
1694
28081
60262
70449
18469
75504
47363
89924
3992
20778
76779
49130
66298
45653
1004
15926
58777
67302
53025
48139
64551
11128
29153
65900
54103
51514
27968
67506
47117
84453
9587
46269
22209
16781
69174
26126
71802
30666
56636
98830
55140
98251
52435
27313
8428
40575
36203
75396
4507
96896
43912
81088
35142
25781
58117
14224
20411
59802
87199
36458
5056
57229
11692
4427
56465
14253
51404
47151
29432
37503
23605
24022
74967
4657
17543
23714
37378
14543
86470
45523
85775
94722
40526
41477
17577
95105
86017
46039
73056
68232
22861
80534
43805
75684
63680
53432
27324
8640
55923
38235
21572
33774
49592
54908
97264
74913
19336
54176
7443
53907
85224
85016
43156
40431
94458
18971
45715
64742
33630
63349
45801
58389
72386
38823
3504
64835
88395
78905
98075
35882
43800
71457
28058
81564
77841
57482
72788
4551
54104
13170
73173
23916
56306
74363
62269
8149
85339
2115
23555
24888
95917
88550
60061
23561
42850
99950
8573
69860
53833
56209
905
37336
87782
72653
49337
21103
86876
66446
14313
70827
64446
16661
33090
18094
98810
7669
39904
86598
34732
6169
60285
39210
76636
66242
76949
79722
57863
44551
6545
76045
40837
46643
5217
63205
40816
22987
29221
36260
88747
10306
93572
86127
65492
30287
21213
4439
20650
36383
18522
69670
1110
87975
34063
94856
71386
94760
90839
95730
95696
51114
34210
54693
46747
53052
53585
37076
86919
35492
74399
96908
27100
46424
70804
85314
47752
74337
90269
53508
26582
90930
81537
68039
8510
9490
45204
13701
8848
87091
78896
23133
88596
79151
80744
12365
2080
78138
82440
19693
54815
95747
49669
21514
70733
50274
29110
72304
33796
17405
89101
81051
67417
10648
26112
98245
86494
8931
12606
28733
9483
19098
19132
16506
50573
24386
59075
18780
81294
97092
68710
39497
19923
29424
65434
30245
18154
57360
14617
56549
132
80645
46664
17053
2519
10161
49363
30277
6697
95908
9603
81671
70959
8168
78935
74701
47528
61172
63011
55868
21187
99330
44256
92611
88163
97512
70758
60057
89320
72109
64637
60817
81631
94034
70324
12461
5189
50379
14495
90244
28460
34673
85078
99044
78128
32984
69106
62465
17020
84850
35495
56047
33504
14058
38924
1219
5992
54747
74283
47666
18444
37424
37507
80325
17171
79926
40127
49522
23681
55312
1945
20115
60391
75595
16438
82549
15782
17320
5908
49940
86684
52708
15609
64825
36840
70255
53398
70115
86373
12362
70108
84320
77007
31113
53304
74782
72533
98205
27573
78102
82744
55355
44640
82264
50352
83669
14603
31624
18958
48187
97369
28866
61417
54603
29197
59174
45586
80898
97261
76536
7742
90021
53127
34418
76725
16207
8422
64072
3808
93585
64715
12643
27749
301
56899
81993
26703
70885
77140
91199
58870
29916
98352
61566
7216
9971
4070
25622
2912
11892
83595
86522
52824
95483
3442
76749
41164
83149
94707
42825
41471
26522
71156
7243
90560
49775
34566
57936
12786
87276
40987
64100
39032
28302
53321
80238
93612
23238
95089
81195
78225
78123
30794
68857
55585
16999
85380
65347
63351
81888
45413
77631
19376
67943
83868
68285
61245
45189
384
27461
5946
89524
62806
29776
92791
85371
90417
41482
99885
72474
15051
74922
71981
60769
10614
96539
69992
7510
86226
56483
38071
61940
57222
83599
94321
51151
64488
55155
27744
74596
2575
1508
27544
78335
58665
76211
33827
2704
87292
5207
77231
48962
98480
87215
12872
45635
47498
82301
51139
63740
80052
71848
59279
23558
25151
84002
72647
40146
5124
83789
96828
26081
47608
98550
78366
75391
18726
95841
25966
23276
11730
58473
99550
55761
91093
97678
3806
22934
16009
94099
4500
53142
71790
96173
61237
39394
9304
82902
76942
45290
5304
34853
53455
61766
68515
53506
83785
99846
44751
30742
33901
36066
54299
6453
38053
83335
7138
86246
59689
38109
18893
45900
39268
79705
49840
36025
89634
44193
7589
27494
56087
39997
21863
41048
84097
11236
85979
6655
68926
66755
25717
67189
29590
67557
93557
24598
58376
90177
10075
56375
18262
86969
75897
8839
58213
68311
21810
50200
86675
31735
66638
15352
43931
67033
71703
63998
63738
52230
80565
10282
55582
3446
99983
21631
69832
25279
92023
24614
19626
72041
37000
68216
53969
8727
31115
74300
81145
55389
7263
17456
38838
18347
95339
36826
83928
34895
16451
37460
28431
93709
18127
11164
98987
42527
10822
30363
40307
75202
37409
26271
68984
99986
3648
35014
68724
43232
21338
2517
58140
45347
55188
62808
29786
48268
95202
25023
37951
99525
89837
47281
68031
32612
81922
51366
22965
59465
35001
18415
14486
85271
76660
83217
257
6558
35418
46310
54490
97419
89339
92387
51703
73752
49000
49388
98917
29410
89552
45557
2961
20152
59643
16012
55779
57614
78036
13308
98935
11861
13569
86106
671
38139
32302
8899
10058
72774
12417
40505
39558
67578
43322
86463
29835
95958
18853
39693
82352
35916
84545
47547
15293
63108
35073
10693
9554
86540
12982
54009
21284
17844
68973
58278
60814
90311
7202
51278
39306
12853
80502
80688
3326
73206
57104
10565
32435
68739
50548
74386
86208
78775
77595
89279
46966
33620
13499
50781
6424
10698
91973
11348
11992
50851
56530
1717
22668
69776
21223
61247
63320
12452
39748
11152
88246
95144
68958
13511
85374
17424
31539
51209
93910
40836
18493
13973
38033
71604
80206
26970
92383
96591
52170
33230
6302
80778
92767
82711
60620
30085
82951
25433
89523
45794
94235
91311
50188
2305
59043
94372
4432
51433
32326
9885
92926
89568
48075
37063
39081
75703
84085
32970
89669
43560
44134
4695
39791
38311
58211
37713
30639
97204
45831
93924
17949
24122
12609
93888
46865
4847
77921
8793
68789
42275
95736
16695
33578
6836
84914
66234
68247
15145
90047
90982
51574
13822
52467
69037
31722
59137
99117
35757
57463
5681
79940
20209
34067
62108
51970
50056
29666
85210
47550
38580
5161
74727
84164
88839
349
9437
58204
57271
21110
46135
58538
67874
8929
69321
80302
93898
77253
84989
95224
65799
13517
48436
53793
12426
27088
20675
80376
56150
42249
19341
70965
71634
54151
21407
91683
91477
87153
92589
42100
26687
62280
41601
17535
86203
27459
27962
99924
29388
80422
84218
30305
59193
56190
5311
95993
17246
46878
991
65639
4883
93512
33807
68995
73349
63121
48634
56660
20995
81365
59596
82165
25927
16699
49757
40558
70476
73953
37048
11379
77930
35732
17451
55132
79712
20555
45031
31548
71428
72303
8519
16303
34224
38149
64734
45343
72675
62101
20082
62628
30850
60472
61676
33461
21669
58564
63669
30312
780
56851
12869
7642
10371
53697
37452
40316
14813
5903
46855
94813
86589
10367
73530
78728
20274
35031
70013
49396
90134
71817
56832
70134
26040
76643
17894
73329
35597
40226
32966
41393
4914
38595
55138
4321
62137
93535
60511
48333
16959
77519
54984
11091
99915
46349
5141
69652
44136
1669
77693
75011
80324
45090
1063
81685
59478
48277
43254
10724
90535
49298
94990
35283
3600
80660
62160
68287
57438
85007
91606
12172
93240
4741
67905
347
51333
674
32124
3774
77866
96
4425
52368
21725
62112
79839
30683
30184
97458
64090
29057
32674
81757
60939
92386
61061
78641
46413
59930
74693
22970
41297
91115
71251
66387
16185
19954
99390
36325
34476
24018
17618
12043
28503
93301
44567
7878
43398
641
90710
69125
94890
34975
1710
47746
52074
15422
82319
52015
78037
73863
88695
42407
85870
29554
32523
23965
11519
82246
94806
9669
38529
25656
65525
34497
74581
28476
48010
17127
29826
93226
69195
40017
50551
4447
26936
19926
19479
3895
38624
39687
78867
89822
39307
78885
42220
73567
11896
84446
25588
4019
29793
46242
77404
38673
39885
71958
54086
63921
36745
26188
62969
31650
55116
32647
14514
88105
69897
55877
57039
57551
73363
38318
66366
74047
69340
16618
32588
96121
13232
34315
33160
52341
1332
93023
27985
95377
65751
51224
33937
8518
21249
35441
8321
8656
82941
50438
28965
63994
68586
52012
29409
2706
12282
89002
1291
85185
24861
69194
61855
84854
50182
38978
63293
56146
37501
35411
69048
7130
53169
66264
68391
44277
73598
83719
33717
95294
20751
17917
11459
79279
98083
73872
19097
97565
60533
12986
88492
29355
65968
983
91537
32874
51425
21076
48592
1168
36956
8488
43113
16836
29690
34883
20774
51513
72683
50213
80750
62129
47750
45722
78689
44052
3524
89337
2665
79500
35837
30265
62944
42305
95315
87705
55176
57692
78301
29985
75938
88641
27417
41492
29055
51162
73620
33462
76816
41208
31816
35161
20299
43072
16238
85760
52820
92005
35984
80041
59677
16195
59726
62575
28367
5624
95213
21231
8225
70626
84731
73923
98600
73586
49222
36340
38418
40359
72880
90283
50765
4072
72708
24713
69509
1597
75827
1858
79791
11791
39672
40152
2327
30720
37215
13819
41068
39047
26147
14072
68725
9586
69628
45126
98211
64186
81194
40882
60214
64400
84377
32691
15593
53872
3097
89530
72294
78869
73225
43086
7637
39404
16580
90857
15540
20515
17803
68440
98054
4788
52073
81980
70349
14849
26142
87150
86089
74517
48247
8100
73544
77085
62320
62723
40651
82337
70980
84162
68392
40218
98186
51787
69033
86975
36152
71047
40440
95126
38682
96631
25363
41227
10183
26226
4194
36881
41680
26207
92150
94601
58158
72681
9756
52184
70205
92364
2911
8919
34438
15531
71590
22863
24959
8575
69186
64945
62662
87984
41161
10965
8023
43370
11084
63443
97931
50278
65061
61762
61719
17212
93722
65063
37010
11167
89723
88501
81440
55363
3519
86116
18619
3587
66394
4951
74379
33942
16418
66861
23061
76719
69076
46669
33537
33592
15
18346
28589
40290
13607
90709
75872
88944
31327
8804
25684
90445
65975
85753
19754
80841
16292
46802
47974
98507
10149
85761
30805
61206
66077
99511
25640
70343
43146
9870
17756
92079
29015
57945
48133
98840
93085
75810
68555
10386
62626
2445
60703
24662
86101
54781
1834
24101
98482
66630
69057
94886
86759
21497
29062
75413
55875
26192
72499
91898
11190
8130
80132
80852
87845
63615
15501
606
65007
49596
58051
7694
97898
20525
60016
10610
91818
63402
85937
54182
64616
18934
3136
48435
67485
70877
8258
95566
91804
69706
2358
21380
97147
76087
51005
66232
74350
41580
6069
87578
55088
22394
7857
28766
25088
10988
65110
6770
86395
59958
53467
87000
97276
66377
65178
24115
66647
23060
4856
37056
66279
81905
428
27159
19836
44315
4881
62920
12066
24895
20189
82546
4319
61435
67957
52648
91464
56421
24168
59068
19508
98513
6715
50560
80781
39086
20374
52589
70258
4077
53138
68078
79589
59373
47657
53680
44853
5321
61321
85240
24731
56743
5035
28919
66560
6921
76222
8763
5104
37752
3754
94814
16411
1938
8099
10063
70225
57547
35166
94234
38766
98336
51542
22044
61165
81912
44513
30366
23312
77045
70291
85779
71921
12616
70467
93335
83311
12907
54682
74986
40038
50237
50193
2827
75991
87666
12110
52351
23832
16166
81406
85227
72758
39448
53487
5913
95180
36038
40909
89108
15766
40879
97160
68625
70081
42352
61164
62302
46948
33783
68329
61155
82119
50195
54638
78529
6535
29784
91329
3577
56252
96842
99601
93775
84643
88950
64238
58968
37281
70307
88819
46106
83087
14902
49850
30496
43167
74987
70465
5235
19125
23954
82774
12562
27020
86455
75643
93431
19481
53235
72253
20611
85321
38400
61671
374
69006
27514
12695
87045
67913
94463
11958
31192
6560
4648
33795
41475
76383
49606
41266
3225
94392
37682
35238
96775
10208
19385
16133
46393
54308
64933
26544
28618
13806
97316
29922
85289
46086
97158
72390
5896
1096
97372
52081
90867
19123
7534
65969
19192
71480
32061
32143
55429
87805
35865
97494
27757
66085
94864
96448
857
24096
20466
22154
54188
25598
50086
38659
96505
13466
54802
9656
66302
11373
6975
81348
76200
18232
47434
46597
9872
22899
61568
87468
24258
23472
39285
49789
43013
46270
80997
65188
72338
22071
55033
44411
96875
78875
52509
27833
93466
70561
77534
61100
83144
86732
66289
16466
67131
52250
66884
12322
66860
11580
55402
68205
9834
81573
62546
84007
8963
65273
52035
34556
74853
88103
31956
44416
63233
3762
15448
42791
74026
38180
24287
75782
97977
75061
44817
68439
87262
55678
22127
99638
71485
55223
32848
68949
69118
58702
78198
93042
85207
70188
44296
23138
71440
248
46318
17778
9975
91739
82434
49741
2081
99215
19815
50891
88567
45703
49805
96642
94966
44915
62397
71531
38243
74187
17783
68916
52311
5902
23330
92697
78762
80620
73830
26370
71431
51875
49115
11250
92127
31119
91006
11717
7227
79259
39734
9102
96182
65052
97118
15611
29890
87529
50828
63522
77241
4156
95359
96178
65355
34387
35076
6698
98739
3573
8987
73075
82834
5285
43822
44400
90835
99399
85954
8324
12532
1269
38399
69686
3515
45233
90150
62839
16980
92605
6339
52577
18803
47397
11862
64721
21285
18795
89466
51335
48226
4728
8704
35289
32275
5838
95854
36375
60693
86369
12778
5928
7292
33413
16673
78707
21619
90746
87933
99175
12469
66176
39590
62869
1762
51256
39633
25344
88733
47491
30467
85732
86332
89698
63401
8313
18755
2372
79754
92959
81790
46510
73183
1328
40828
68729
24076
66479
7075
21823
40931
56702
67582
79341
16792
53927
46596
28726
55220
23942
63842
39353
48063
34829
24176
79465
29658
19790
29543
55335
61378
45307
26352
24521
5381
4690
23627
16815
78182
49365
83735
75102
77501
50681
96438
26681
84086
74341
40030
8689
21150
89633
54178
88253
25865
2847
77360
13420
50210
29342
58008
42848
95171
13900
53066
444
10786
94003
65620
77626
71443
79480
51355
97841
52235
58375
70159
90456
13052
80375
13634
48832
31992
44662
46628
6254
88393
90157
64507
21085
10758
48015
81111
12948
23747
596
8711
97712
5633
33850
15676
88415
35780
68504
57184
97388
59233
54184
19560
82237
4898
87046
89290
34588
52951
19546
74221
86670
19142
75165
3502
25229
26433
72901
90733
26051
35568
91466
82969
87189
47248
4733
90716
57093
78972
95085
56996
81781
80447
89766
37455
40633
5372
98293
86314
17646
63644
42512
92091
66531
60686
9859
46199
67112
35116
41795
85569
77288
49054
60098
1658
96968
76910
70899
54198
4035
574
10930
36579
12501
32995
4723
62800
23521
77313
14877
93939
4198
78060
13555
51719
62353
45215
71385
28357
41493
13671
75036
65643
39899
66363
22369
23945
82669
13424
1117
98005
46626
76186
9691
50389
59060
56529
14183
92899
97897
253
83175
56712
57707
45876
87718
99742
89209
37981
89823
84841
9462
65145
2235
51540
2814
86606
83667
3132
38390
93533
77230
85190
3672
98408
42785
18003
37729
34222
49159
30221
11329
2651
15722
58895
13797
96606
81187
3115
73180
80227
47228
3817
36103
92295
68578
43242
60141
92580
81486
65953
79231
32475
12564
27906
96680
49971
7564
18290
33923
94649
2186
49342
34003
50094
67624
79528
71278
44126
66330
96543
84267
81918
5099
50039
46426
88170
61619
77120
67870
68918
64890
64810
22895
69292
27276
80634
31322
13989
40151
6225
28440
62652
11660
86323
14625
72061
42545
15374
87961
49595
40037
80725
16347
43484
25256
71079
58607
77181
46142
373
91110
63070
63501
47669
97094
67426
15138
4747
83500
56863
61183
15732
81844
11023
807
34533
45388
31413
35530
56383
70119
76827
39455
87757
27524
42327
81749
53552
36772
21614
70583
71435
19475
53842
72969
9566
59146
92753
84644
5778
8286
32573
6438
32066
57009
23490
74781
45631
44103
7465
39690
24982
10416
84691
27350
51515
13500
30393
35789
87813
93252
58240
60229
59427
9169
43297
60618
59451
32294
75845
79241
49647
31160
5865
61042
51141
56158
99714
76556
48456
37103
55811
95846
99906
49631
37931
46753
82871
80006
97481
43285
59186
53482
27193
93296
78577
83490
26574
60986
30328
90361
304
51304
49990
33910
44908
58619
85475
51937
50991
15304
15858
69548
70951
63582
78232
81127
23995
29620
54574
4859
67933
35251
90158
1485
57595
54412
22770
14418
58969
7521
30504
82749
12071
98996
38507
68212
3751
63538
89551
80438
92817
67511
43648
44819
66535
65946
96665
86165
53868
32548
19420
71724
4220
963
15735
9711
42078
79544
9719
26879
88077
13451
40012
34148
30138
40525
99809
78744
31905
73195
27834
38564
86509
58352
15158
1697
20430
36672
55900
50539
73051
63198
55506
91725
19464
65923
44526
9750
49084
40176
17219
56442
20894
14937
22416
12111
98424
56253
72612
57388
14413
13827
48547
53340
77470
41085
93448
19904
85058
27354
12593
83630
33753
20395
85823
57869
51795
29455
54863
24878
78989
9828
59665
66416
67951
48002
95427
19106
86342
63222
58502
72992
42248
40677
68658
3547
42953
51021
43862
7643
84173
22826
70087
37783
86837
72142
91352
58163
63380
71364
59648
37663
22
30961
55884
78813
5129
50707
52521
23843
25705
42171
58095
38885
75013
67662
56837
4519
52572
34658
44822
92711
96141
4475
80209
59359
37242
4905
67974
50089
16962
50760
56027
85055
49790
68778
83425
65555
95608
9014
19084
5677
7270
93224
51042
69225
60473
40715
45945
52658
18092
13746
90768
24914
40703
41730
52014
91989
84894
19720
90830
44948
79924
77436
57528
45701
5196
85011
55940
86636
68630
79219
50754
84386
32136
45071
3907
82102
91848
76171
7479
6654
3078
30369
55332
73068
59446
43219
79517
67044
79080
27185
41777
2731
77495
96699
59479
13273
34317
11043
82045
96546
63183
15802
47598
48646
27502
4430
26861
27186
33916
87618
19367
92049
21431
21490
2278
1981
2647
56378
36214
65209
66185
62665
95995
68252
41081
51520
1547
25168
70379
43207
26930
11837
79186
78746
12421
56269
4517
36481
16242
34859
18489
1735
45271
65140
35189
53112
52626
63978
13197
31793
99072
2818
64218
65774
97356
40261
63843
48600
55579
56715
59902
11877
45259
48713
83327
22234
27144
41732
44998
98381
85730
70795
39432
74857
49936
31247
25880
72580
84345
80344
48001
64345
48205
98419
53308
51357
10484
41781
59567
13821
41705
47895
68254
80161
12466
59433
12989
59933
32978
63333
32117
59038
93778
75315
44486
24240
21485
72818
10236
28735
48800
77679
38199
63849
33336
12207
15532
74815
83203
75131
30176
78610
1783
23006
30309
9007
24985
5662
46879
18364
58510
17276
59708
28666
89251
86151
95243
87279
85724
24458
71957
30987
95625
78515
32382
73005
56328
51769
70577
18528
18037
79540
22350
97440
67291
12131
5815
50141
63029
16083
22385
41422
62538
9644
7835
69141
83166
66972
27768
92240
88949
53089
88238
10474
85486
10423
45568
36454
51915
60132
53685
81832
61987
75789
76386
97277
81532
14090
54463
69980
95210
65197
25501
99919
21304
96856
93861
99579
85977
58385
70707
68788
64038
30088
62048
53165
12679
41962
69975
62399
63077
62718
95385
6443
26167
76027
1177
96172
14118
88353
79160
42729
57691
15522
29507
34419
52123
42945
96589
33400
84029
57515
93098
7536
92284
69846
55446
2498
43204
77047
85944
24507
62164
73944
56362
1496
99652
23072
84977
50422
55538
18148
34459
63347
80015
88578
79785
8083
93915
51565
48481
62032
96726
52056
37318
43262
56504
59201
92879
35809
93637
8103
53745
61555
61400
83153
85076
28209
83275
66970
87548
70874
30787
78248
47824
19553
49144
5604
56650
4024
5825
16603
21484
17604
90411
91392
87425
69403
84473
62210
55708
18352
5881
29594
56392
69945
44280
16703
35221
10631
11880
81060
60661
93397
61803
82121
53688
92781
49425
51987
84220
54384
55192
99904
1659
75728
41055
40312
33532
91182
69341
41349
91032
62319
21196
21640
79103
18788
29807
83654
99894
46109
90505
72483
68009
79814
26287
41850
19902
17201
24610
86492
58113
70147
16212
13878
60189
8776
57363
80451
95606
18631
7351
80361
81955
29479
66333
82002
27555
12941
92751
50838
19698
94719
91294
18664
75603
94853
34704
36202
85140
86354
21606
50203
93783
61846
78281
79492
51217
66577
94895
60539
15075
16397
62373
77799
27566
63148
30638
92190
11779
1092
62340
63886
78891
78419
75557
17964
62140
74981
76522
16203
97968
59574
91594
83496
25233
71547
17152
58575
21157
57064
87510
41197
67209
92345
71116
5574
44639
36769
61258
9681
13737
52952
94144
97948
22339
58842
67931
47392
43737
49768
19742
62282
73268
10823
88593
65238
77366
76860
13432
49415
60312
7830
68036
62726
50759
9429
492
28024
76149
2098
85734
99646
53832
20614
26004
17312
26262
46824
28790
83469
29084
98701
83198
62385
7706
41406
29019
23257
33941
54599
12583
25713
90090
74849
86357
93428
10892
23184
57639
40259
44130
62791
72398
86774
35200
63430
80122
3239
4875
83124
67615
60663
75066
63039
47305
76633
51255
90957
76291
90364
30416
45952
50239
92785
69708
5590
27054
60433
28407
67183
7571
69498
54783
52307
2836
33389
83330
43030
30260
20157
19202
91784
54407
24724
58572
9895
51489
52506
92709
17760
35182
35535
72836
27307
12526
20378
27217
64311
98675
25530
63057
80318
44749
65618
43954
31333
37615
81197
78903
21982
57049
12229
87535
77927
25022
68791
15930
43284
24636
31696
92540
93814
18753
75953
97393
10070
54955
74062
70975
28822
26958
69926
88633
79075
32711
75658
85192
19091
44823
64858
47356
43721
61881
36556
64254
35355
67601
49981
4590
38610
34141
26553
72030
45714
13312
94877
65647
72786
11114
94972
8864
49195
18989
7000
64848
63781
27221
64445
85920
41791
75060
66396
80186
49641
79477
57232
99426
9448
22194
86385
83207
30326
51685
86982
39141
30545
15173
97859
24154
60973
86498
86860
88740
57182
26745
23979
75205
47575
74484
36041
89583
92587
53537
74538
34042
74324
84741
56485
84767
88230
90528
16725
8344
30217
9929
61877
29380
74061
88980
52100
27457
66676
17057
79383
12524
16588
69856
35742
72378
86985
85801
29343
32889
27444
29425
67767
84136
7704
49266
89481
96500
23923
34430
40584
37805
68460
66491
14809
34377
63935
19718
80401
78823
69940
35781
66160
74419
33739
36390
65933
60822
39663
74086
958
42656
86573
21102
22694
85338
55245
76925
63516
77442
81533
60405
82706
55839
76592
39602
20863
70682
41500
90446
62056
97083
75617
4132
93069
59061
3264
38638
44072
80508
54348
70876
40342
72877
29677
35511
71825
91384
37465
28103
49443
3121
6540
22419
5209
59796
77803
99780
89427
34471
67037
29560
40896
9882
43849
31502
62878
94083
72072
45513
50773
51546
19599
80092
17571
96993
47027
48373
65123
19652
35067
88994
71410
6308
358
54389
3060
56831
88915
39872
99851
68643
6657
71502
22982
32537
60966
25399
17315
29109
32383
97568
78514
32519
54385
84306
41672
23567
13912
57279
98831
44264
69817
16537
24793
7133
19676
62222
17396
9297
82191
60494
99862
18639
24269
4873
57008
46114
99111
15354
21030
10332
53376
89550
27995
45493
91671
79548
77612
93017
28698
36420
3888
81883
21326
6388
20551
18467
74438
34894
64617
21638
44938
90525
56624
38034
42075
64730
33582
28371
4197
65653
5523
93522
34564
16313
32603
24174
59379
3697
9843
25002
51201
49355
11220
70073
16644
87549
3461
27168
69683
22912
58226
52979
4456
35357
2896
31762
82945
51178
72286
33201
65239
86310
25792
70819
17994
93474
30541
85037
98606
80921
9325
32026
64061
13630
59981
33775
54111
59111
2786
10245
9044
27038
76066
38090
60729
87682
43507
20820
51251
56336
8876
11063
42765
60328
40384
86349
90778
2412
37970
45914
28001
58251
84069
42485
20655
74272
61581
97383
87633
63308
45438
26851
81836
36382
79250
79801
43390
42887
80615
39959
86608
98575
36333
22757
40620
3184
96497
86052
94289
55639
56927
14093
80481
11271
54540
65412
107
36379
87410
53510
21646
60876
89920
22273
74103
66779
26546
61229
45075
94299
75296
2965
43324
6086
98210
30102
28007
61102
6959
75472
51044
30049
10857
85883
31371
9232
38352
14044
37762
47864
96955
15366
73878
61863
98133
95212
134
48028
78895
42731
49484
39638
7833
51614
26102
16811
23302
30118
73325
70314
27617
99874
60880
49860
69094
99900
97012
79299
63184
90684
61050
54800
61265
27819
11551
33998
28899
38992
25324
52065
92777
80196
21130
82016
84825
95551
79471
33525
40973
31948
30165
14497
86058
30920
67022
64991
69966
41179
66239
2056
57235
64110
19987
46720
96185
66291
89062
5919
98443
93916
37977
74114
66125
11319
38478
28012
98344
68986
46605
44986
50671
28483
39685
33056
11168
35152
35964
28788
16548
62660
19945
70537
61414
66805
93789
4614
13390
69040
96253
50185
10850
78094
93575
63727
34335
5393
71405
99320
45729
40209
55216
65634
92865
68189
84250
57389
83598
45237
40707
28411
49465
41095
76597
47490
24133
99702
88321
12610
76648
39215
59782
97970
61988
80292
65573
78311
19548
62451
16365
78508
14010
98399
64081
47400
43397
25457
12350
82369
28957
27083
29381
49779
66299
77491
25554
67787
62166
83332
64214
39000
89636
94576
53322
97528
93999
82231
6190
63002
73047
27784
56633
9001
93217
27874
3913
67366
28539
70660
28002
84414
60177
65333
2013
97816
19020
10318
50350
27529
51080
70312
49872
95086
34136
11350
82505
92578
40965
95465
78773
47577
4915
98728
9252
56924
54727
89792
83460
58843
13675
68058
93396
52717
5021
35328
35214
6926
45086
71845
49215
77171
23214
50036
27577
35483
74071
70098
87954
15595
87100
60047
15401
11227
19381
720
24932
47299
16312
67790
47099
15713
5389
90534
86676
67617
44651
59019
99773
42105
96135
66088
72687
60058
30813
8819
43275
76922
50159
65891
63748
44283
54559
50139
37284
53765
81979
34437
18104
9509
18730
57952
26666
13366
13765
4989
20217
66651
23858
218
25912
82418
48047
60388
16905
34624
54163
47639
56738
97663
53944
73192
74824
23125
17769
66307
18514
29121
23590
93294
66432
72660
8569
69372
33994
13303
77332
72083
46595
44601
64553
76207
96580
24457
78362
44095
41155
41435
50223
46813
54594
37167
75864
55649
66809
29438
13509
10569
22789
10192
93146
72575
16218
27756
68731
95166
32739
52077
56103
70705
37431
73151
52690
38747
23813
99656
94945
88440
11604
95277
68599
3416
84094
35518
95549
59952
61644
56659
80809
70535
67539
51713
18669
96572
94902
10475
202
97564
19867
3110
40340
71812
35099
94677
35218
84611
17120
19612
4764
68614
6793
15345
62268
88835
31506
76775
74259
79599
13788
83431
79455
13375
25559
46960
84600
8841
5309
88116
11734
17355
12594
59533
98991
36415
6691
67510
66511
6957
28124
65991
48087
25043
48830
87333
33009
90293
99061
13557
49147
51254
22297
60917
19786
97482
10524
70915
82964
13048
43304
46244
1705
96095
60097
16076
18637
1073
29026
33857
61650
35562
15876
53472
92372
17563
19152
25458
12972
14393
8590
10455
73470
16430
95265
52095
18594
92086
98400
57654
73330
73876
99267
43291
47756
40275
88515
21135
46232
16135
346
21973
79955
16846
296
85984
79144
65694
54501
60109
90248
81881
40128
60276
25879
99303
10252
19121
14420
68037
59445
81636
43760
48284
80775
32436
3181
7435
95083
61285
76279
15384
75954
83737
82280
27230
70686
2900
63866
11982
8926
83754
19984
88094
37382
23894
73559
14450
76656
56023
52944
89682
26020
90740
64823
23891
38411
76948
35237
62708
82389
15421
71494
86793
17287
29866
19629
7939
1400
58748
42356
88373
49409
73912
76611
34810
35690
419
3451
30483
58057
18107
65505
96635
98147
30430
18230
51354
41362
23562
65642
26216
94809
52196
1639
63066
21118
16928
52344
67216
53417
53279
16984
61195
38925
7983
62454
95779
10843
44774
11658
2882
83317
58450
49955
94567
92264
79732
36249
48794
40192
95990
93628
93561
66656
20559
12600
10893
19782
10391
24235
3234
47294
16414
52933
96220
25866
44849
25184
71135
20481
21210
56428
74613
54870
79478
94189
59469
50795
68638
68506
93167
65475
7539
94675
77493
19929
11941
30732
61820
43071
26304
66935
49820
29179
39290
64647
33873
40934
57409
99012
20188
1020
22392
15201
87592
46079
84829
30490
41544
4203
42030
49622
98123
75106
86614
49305
66225
16000
69967
69762
56133
79713
14155
28705
985
55114
44949
17151
47240
51744
83444
97506
46617
30442
20072
2500
70130
4183
34374
90441
64885
5510
68001
86392
84715
46233
1448
47757
80895
84315
47809
37036
24090
73990
48025
6610
91017
82091
51535
61569
48577
99741
33195
5415
14665
53184
19308
12108
69850
61318
94386
99494
11816
85939
58818
24160
99168
39711
32151
18935
4187
98467
83079
96128
44276
5497
33788
46875
68774
28010
28519
85070
35611
40809
83282
9013
66932
43115
72888
64789
10244
41170
5377
1257
95715
41536
22379
73389
1033
78270
99066
87501
18305
21557
14364
3878
79768
48725
68174
60135
86235
27877
19789
77352
74878
71739
88541
20570
71976
73728
99365
65504
67129
49150
26083
96772
13904
98193
69669
77185
63045
25922
39234
12523
86370
73538
29149
87090
4491
62833
77863
3666
86223
80091
758
10005
5561
40124
27446
45164
98729
14473
89149
29253
95721
98328
41027
91759
47940
95576
91013
48122
34001
93546
66459
57359
611
77144
60131
83748
67361
84554
36365
4889
26792
15790
62631
44087
55666
32286
34693
11622
8798
39874
48470
87192
41508
38420
81873
71834
31312
60190
15091
14818
47543
61706
59649
42761
53644
53164
85049
73868
43130
75125
7002
57380
59260
83118
38333
22469
17274
25945
92105
19523
9106
29374
31330
27722
1050
49939
95639
40735
79737
39934
16889
52
70647
90267
41647
87109
81192
74287
64974
28713
56990
19764
52384
84235
78582
62745
63061
50371
85521
9825
89305
78411
45300
47992
7493
16624
94869
40046
57582
44921
48517
91708
69547
99758
83365
79591
88846
78344
14050
74564
91823
33133
73570
919
28638
48745
40749
46575
51301
85463
66855
77355
12726
9633
79579
99879
88085
66398
85101
33505
61838
41022
60354
41458
36153
82146
57943
40079
45532
53727
90641
12217
50434
46186
4192
72740
2380
67994
49574
56759
89647
61691
7255
31646
36743
4470
13698
69672
17645
1724
10984
94639
20678
55636
60081
14649
64570
24138
26404
54080
6686
12741
77391
56086
82256
66130
84227
97525
51600
74931
85068
24530
56973
10922
16350
64504
76595
21875
14646
25535
77236
44271
63053
82968
17358
42572
24417
4068
98567
12841
29936
78327
76958
51388
13016
7197
24563
60398
13576
68003
93002
79779
9632
66101
46616
46833
66269
34874
4633
89872
30991
9619
74440
85065
52596
56705
68563
92533
66978
25856
96495
30722
34247
93176
45677
88024
36473
77068
16322
75859
44761
75249
70901
52759
41700
89696
85484
53176
37754
62606
84906
99206
60818
67408
94482
79278
18030
9453
65537
13153
32736
88344
42158
12001
37415
44045
46347
71656
273
47320
40524
59144
16658
40970
48275
5944
16232
53613
5934
14529
62666
52702
5923
16957
11000
1451
11677
29312
34440
91310
29907
85135
87053
68588
93919
40550
63318
89489
70891
9813
18135
73226
64862
95183
68398
17554
4335
44119
12234
32740
90796
67724
54048
89521
749
59165
46295
6101
36443
40770
70328
78373
32872
11989
37932
57467
19176
48318
48037
31324
81594
41115
72706
34309
97358
93951
54739
28000
28420
15368
73714
36368
42084
82117
82809
34466
74090
42536
6528
4957
84323
472
44113
40054
76837
76158
8680
15349
56513
81407
88226
8897
71361
81359
83844
19759
40999
89928
97285
36292
13287
21343
36673
94020
39146
11104
73967
72081
29143
4408
59645
52134
35997
54039
43913
82188
31561
20726
39767
59321
1917
39144
68931
6466
71819
45040
86283
60022
97121
81718
84105
32051
35722
38852
48127
81622
94609
50294
92405
71349
64990
91250
72183
77426
67837
65882
21319
62832
51702
20487
59712
69385
7930
74429
12051
14532
13473
86427
35988
71229
48633
26301
9294
9358
95523
10797
75323
96474
54259
48723
50683
80695
80577
61424
20208
13422
36489
51584
53650
56250
90568
5413
24612
58932
65421
10699
27538
58123
60617
1964
50321
70014
58760
75400
80180
56096
52600
37806
68073
82954
85994
73563
14218
38334
75832
93862
75695
10518
29271
28545
48111
35810
96707
82374
12027
52203
19611
45735
50580
6548
31347
89783
67119
80639
60253
99045
18993
6364
78556
43123
50769
20887
11939
26395
42621
34150
4382
29872
52667
64673
71217
87194
48879
13584
13068
40177
21647
85815
79688
9353
35588
36855
59314
26276
4333
65569
27860
73938
79806
15736
75734
29418
5514
86443
10113
30143
19470
39626
98797
24159
31818
24594
66486
75535
29641
77244
27375
19303
22182
74652
65407
46640
47190
77492
60611
95817
32491
21116
33708
21562
59327
38574
64958
1589
50135
32024
37548
55206
61712
21265
143
22056
56435
76429
42506
43815
15347
80896
1212
47573
93677
20690
37023
73663
86635
11847
15429
18611
2379
56735
73008
81450
59850
89663
53073
42760
33888
6309
13233
77538
33457
78977
34052
35803
22547
15052
82325
31425
89311
98985
54430
32209
62764
69889
69969
29086
80228
5782
85096
14344
65685
20329
5463
8679
26074
33215
69190
3438
77108
56055
85956
59794
12024
73199
68276
197
96841
879
79234
1939
23668
54051
62063
66477
31575
97625
57075
60259
71022
28449
71990
65322
46399
71557
54183
44162
32769
45344
32311
70544
98501
64058
97928
91880
39109
75486
93787
8070
2787
67882
23573
73366
512
87791
53804
21064
42046
52622
45186
73412
82478
74466
7407
14608
28161
83532
48617
33666
5541
50623
27190
23196
39256
7565
12988
51691
91624
47769
33448
65920
16250
84
46899
92344
3357
36280
28292
58680
19751
3613
23705
82645
60950
70820
56447
41811
21575
99258
88173
48819
34687
6927
95240
78518
84951
16277
6356
17508
33720
87558
57915
87197
67376
93183
24068
60283
29779
17871
85710
98805
9858
68632
58145
74406
67045
56734
39351
6298
24687
24808
66817
87323
13493
76051
88243
12284
23087
79300
82949
30688
39089
24937
51250
99484
34572
83968
89786
37077
10594
59391
3073
3349
26302
838
79683
38734
26334
44357
88129
65280
46446
42865
86835
9477
59463
51493
20713
57495
71402
95450
34402
92290
89946
86125
3761
79910
72000
73406
93400
9879
9534
1325
5566
74869
9137
30016
86274
80978
46868
89559
93049
3468
59819
1121
41401
12073
15485
41050
12004
66354
89289
66025
1155
86560
30579
9512
25965
18220
65689
14944
24330
89328
8623
27621
73879
33200
37643
49303
41450
57699
73224
68426
96424
84236
25854
98320
43080
60318
89708
50536
21221
91716
1255
39446
56018
42619
27560
71951
28171
65918
54312
95348
78118
51066
27392
7656
224
92440
43360
41031
49692
34446
99224
23082
84429
30771
84576
53027
22883
48970
84077
61109
82756
49389
39717
72375
80165
26556
90862
48259
65590
49673
23270
94250
33072
52470
99932
21360
71462
42950
23366
51247
44532
48355
51397
91047
25837
56067
3849
69739
9507
82253
59448
94340
23267
79575
14655
9338
19273
5637
12113
33752
52447
54538
12080
12864
5071
14767
75321
9263
50087
98879
39750
45039
4451
90256
25944
32908
61187
30804
60860
44050
24127
94030
53159
58214
11103
72987
7584
96283
60928
24542
26135
56226
93494
51104
95919
65771
43451
32111
86875
3959
50005
59778
97015
81342
2608
54715
7098
13972
56562
81426
56574
98180
5822
7705
55399
53309
40569
80728
66024
22638
64207
32306
68475
13009
99725
1563
75828
14875
7596
50198
59614
70433
78111
59026
71979
29467
29323
96681
96865
99831
27151
58688
2144
73398
34524
46121
27861
78733
76715
74276
83506
81951
90902
42525
38114
61204
51580
48946
50898
55323
23462
38518
26720
10348
934
98938
19808
68781
49371
23002
21857
37338
92762
40567
4388
38697
80711
24426
11763
87851
22149
84223
2116
92782
76743
12516
67087
56463
8274
36312
9953
85769
217
95607
61723
65151
74270
10351
97726
34292
43938
59000
8671
48089
67226
51287
84802
99907
12712
34996
25746
1626
27269
47655
73920
28896
8295
59485
37832
37457
46620
71767
56745
50858
1836
54142
53338
90644
85108
6358
89097
20038
23629
86824
31672
54554
36888
64819
91865
97154
3702
53577
13544
24447
84226
51824
60423
58256
21894
37510
75058
92726
569
39031
68077
79888
16727
62447
93784
38799
58874
92149
71499
59874
21367
34949
27576
85048
56581
68083
84687
54920
34111
54965
26615
97774
18634
92301
60153
79726
21880
71157
2178
42364
66720
30432
52629
95949
76276
547
43337
33178
17308
63038
57841
56649
75817
2725
6008
10607
51745
49272
49810
41378
43510
65340
38435
31531
79276
22482
51611
39347
33514
60803
81400
13166
16992
30067
55284
52325
33684
69053
20770
82966
29488
47505
37241
21158
70457
4646
18648
16623
44906
97474
15627
98489
58728
64997
59627
92794
19762
51665
95679
62031
80980
86407
35948
61166
28177
97962
51578
9529
82920
25307
95784
73696
31262
4347
48299
87258
30524
4702
65773
89535
27830
85739
91459
41820
66137
50328
62291
91388
95900
23226
55260
52743
47045
88015
54564
96880
71321
44937
23359
46180
39673
31827
32420
61453
86511
89376
13597
10538
76618
50145
11060
90686
14385
25288
1734
4435
32551
51692
86227
64133
8179
82947
38713
69580
32883
37608
45974
87434
73520
33036
11419
92278
68485
73214
3995
27272
75622
77710
56128
93726
2236
39101
37335
94996
89819
6097
43121
83419
86692
82072
87439
80884
94303
14094
72764
79931
25102
94552
78496
46604
89664
67414
10643
72563
14309
18078
76855
81295
58165
94158
11160
882
39713
16884
70505
23825
16620
13799
57116
22191
71096
53781
26414
68772
15472
60647
1184
75350
38981
16526
78274
41859
85275
56229
49686
31748
59334
25109
55098
37310
51481
6916
11849
14811
98122
30648
88268
13363
65852
82174
25460
90783
66443
26717
56648
97441
15481
30472
59525
40728
45549
18900
1892
35402
24071
59046
28563
1799
50012
52234
51370
53603
88244
45873
15618
82772
39858
62774
70570
50463
25198
85992
66542
30041
42871
25636
19212
90905
88964
79622
95011
80560
79443
20000
14693
55753
77546
96756
31001
87483
49309
36818
79333
3840
62289
88209
22341
61464
74263
64339
68493
27703
80476
55259
70731
7684
5301
55034
22646
67396
71768
18073
44471
13358
98354
96100
11370
51841
40457
94375
71950
72784
41064
60263
20243
8580
66392
69682
89276
66959
90416
48485
49284
75686
8244
35207
4000
2805
35165
82823
8818
89385
97570
43676
5038
77617
3721
65762
3902
71821
89887
90748
53658
97594
71338
45092
31379
70724
20230
56112
14783
99572
971
86248
36947
23698
28928
95546
27523
20372
57050
2802
61322
60527
31293
51940
38707
17968
33276
2803
62501
33975
80367
11949
42494
18809
52636
78906
78865
43603
44982
12522
50469
97167
43089
83253
64118
73600
79467
94025
32619
38710
86704
15927
42881
21952
25902
75022
42207
9164
83926
87136
17720
53415
90348
81923
52178
42523
58186
1968
99899
90062
55322
64929
24893
39472
64108
23547
25117
54294
16487
54236
52936
53406
73841
18395
64321
30093
83947
84787
25280
6168
6222
61565
60371
12374
40598
64157
2698
54196
84048
60430
54592
70480
55999
91215
32941
70116
54581
72682
21852
64347
24792
6577
4266
96167
57796
41233
42579
4278
27081
37529
29696
69148
13642
3523
68608
30705
36378
70265
71897
82738
95120
40110
57126
68002
60267
76085
4911
13338
68110
46570
64076
26692
46818
94297
28493
58917
22411
77577
59212
69929
23655
78561
37725
84009
62071
7781
37799
52755
58107
53961
27201
79893
78305
8732
57563
53826
98814
14108
28786
78192
4162
9637
15148
4645
28595
98322
35898
70809
97734
42651
72103
60801
7778
45688
44158
15975
56459
78149
25789
92891
55099
92338
15991
24408
7477
1298
40591
84724
88838
95070
67354
20118
76742
88589
7020
30618
42860
1972
8541
38338
26371
48869
24765
70933
69043
54321
20222
63017
65383
66244
74357
4731
37200
31781
52646
31543
1840
63735
94757
89380
26394
57520
37784
40831
51002
75257
15169
20334
11628
84918
46368
82299
66616
70015
65843
65186
54409
77022
8005
24221
86063
7745
47419
72585
18386
71228
1307
33875
24854
10228
60603
27820
54840
97163
27048
95907
61690
93652
72890
91912
31266
36416
42251
66261
62293
24268
5800
89806
25723
23502
49472
8743
4325
61945
36356
69963
22334
23938
53324
12677
88352
4361
56049
31446
83676
33849
36985
45964
10006
61133
33677
16216
23205
69063
96480
56016
18963
29550
99798
61494
92298
20394
85168
85926
52031
47539
39582
70665
50534
46279
89233
65156
84818
99202
6817
36456
15002
59687
81275
956
70538
28722
54492
78696
41405
9611
43135
23009
16339
99279
45293
32752
10678
79170
67015
47830
90396
44720
4641
18221
34997
81902
54260
14697
97737
83746
37316
86090
13116
48252
72202
56436
6450
48903
57967
71464
50418
5605
54410
7275
17042
65645
57294
68927
48104
59009
80938
67253
83236
74252
48541
23688
38381
77059
32782
61827
82542
94747
18396
18129
25845
37466
93427
83537
23826
82500
63923
21639
4734
9485
34642
27091
8850
20578
90515
36046
24182
40040
17059
8534
74692
18714
72658
34270
81637
14998
10047
57579
43777
5978
40895
41983
20028
12761
93732
4043
46528
77338
58530
31343
95326
91803
11056
57625
24534
55381
58504
45541
26482
67830
13140
73729
21743
41633
91081
72895
24493
21742
94385
8311
41657
91605
46735
6211
44138
15626
20069
15327
45917
56461
86341
36827
16301
82970
49161
65313
64583
61866
67130
5553
14834
27730
34762
69859
49226
42936
75874
58367
61421
92800
74513
7607
71244
3032
25555
35180
89150
801
40517
46848
75989
28183
92432
40939
60951
6823
9057
79395
5804
488
92489
13040
5289
71439
22681
37743
21290
68951
57179
12249
9399
91254
51262
13732
16263
77745
32038
99070
87526
70435
6103
80520
98799
18055
86963
8026
96439
36471
41714
38351
52026
61849
24650
48684
17232
23368
34548
66139
91108
68991
25587
31469
89114
42575
2078
20159
27548
37485
23620
44766
10541
92927
24660
37405
60997
82030
54083
34241
13427
6800
70071
15284
61186
20449
846
3941
31408
93365
34660
54398
37230
55071
62426
54175
61208
19263
57013
90211
78571
43366
37876
39019
20731
45279
76655
79725
88232
97936
18569
52681
93877
68875
43467
70303
16798
2509
90007
27488
99660
94094
19454
59344
77344
98707
42122
76661
32982
7716
21438
27037
28587
59461
53124
91956
16722
2065
45157
31537
73317
21891
27173
24252
26360
20913
14386
57379
67599
49893
8909
26672
66466
64160
11144
69319
77294
74605
90113
75024
26087
56845
23793
29734
96532
53569
15012
85423
41013
68564
86665
27266
49698
48210
18170
20315
54467
70468
7122
79337
111
56902
66247
52387
39727
19995
77754
16714
66905
64464
88599
36635
40317
18886
70407
68259
5156
69386
76447
18180
98896
7772
819
39675
86211
85147
50164
55741
78737
90622
2279
63846
3191
30337
62761
87763
47049
84637
37988
56531
27505
27569
90318
69426
10617
9910
37860
63667
81215
37490
5094
56707
61610
68606
80397
96459
25991
69343
64769
49759
89160
64395
5980
99855
62444
73907
16888
45968
89916
13314
38926
27401
13145
78687
79290
99239
9283
32520
23847
91350
30772
15834
36876
14612
40347
19426
97017
77762
30161
7127
36297
50740
5126
6276
65107
71433
63623
61375
76989
21990
89041
43677
24953
30569
33475
65424
88470
59877
69654
40269
91300
60345
94424
76273
81943
63248
75720
49016
40395
96789
85538
52578
7305
25341
48406
75138
32912
34049
83370
22737
31052
2351
99739
57343
37435
8721
54643
40449
47684
18645
80687
61544
83241
58174
95931
61952
49637
83921
61679
3610
97538
76716
64703
66548
73799
38297
80321
76176
98747
13708
71947
12805
32700
8667
31387
88525
96034
96643
51887
88866
14722
88489
53315
50047
88172
40949
61024
35996
59297
44641
90937
11082
8421
27849
77996
89835
2685
38216
14186
690
13659
22924
63546
95567
61613
55754
25514
89762
41515
25898
5581
46935
41810
48074
19397
61149
45838
83790
59412
30109
26525
59035
44900
57538
9121
98774
82519
85427
13180
42172
48768
96009
84603
63201
92425
33191
54560
72520
45207
69954
31556
65356
2602
71295
6239
68518
66221
62201
48666
92028
43728
86539
12184
63383
21489
39071
50450
61294
19772
4125
55320
54441
47764
22409
32221
88388
62831
77298
76363
32561
47831
89088
51862
49883
71190
70552
69112
38458
70612
41717
85945
79742
1625
91741
19667
40004
55257
39252
18538
56974
14192
16943
67312
65510
70023
27327
85814
22664
20379
61904
89014
4756
14974
77168
62938
62765
70092
83909
28710
16800
73664
76878
2850
44408
25082
46092
84729
33354
31116
4091
72496
51598
34899
74247
82470
70173
34648
15433
50724
38198
27236
86233
46822
461
42726
99360
37204
79565
54392
62659
14029
98811
11001
25238
19390
44939
91731
11893
81758
31607
87246
37566
30761
44522
16329
89666
44124
57693
2906
60944
99142
39423
75604
57649
29739
49915
57669
35940
1486
25744
97391
91918
18718
31810
62757
54271
56068
13028
37339
36032
91905
95535
14924
73060
46761
62194
65385
53500
45768
3385
49378
79947
33428
24143
67483
35266
17497
6054
27752
21077
54137
92571
22874
88940
88039
15761
48780
80618
60326
99509
89469
83691
4958
10064
64252
95600
7273
20005
609
35316
6108
75636
97184
54822
36539
84512
16163
77326
64658
53377
76341
26875
73647
94222
83580
79522
98950
25652
42017
90233
765
29346
37236
60037
33064
89558
96188
25486
40942
33815
54605
80550
79427
95072
39453
69139
70950
48877
6907
95807
87999
36897
63346
42041
50506
25755
64333
81581
47679
36682
33078
12901
63434
76404
68374
69338
23839
85885
24669
25931
14956
27759
56490
19433
65323
26150
38409
79773
14633
87914
86094
52686
59540
1223
79424
72182
55092
28905
57473
38530
69948
80507
67889
87355
36832
65127
95022
58799
92728
64568
27829
31535
68876
90529
6712
99926
37676
76526
94322
70938
42119
7166
93799
48837
34444
18455
67103
89587
74791
61019
32811
55899
90658
26358
64426
47088
22097
18615
25632
24944
16351
29399
97926
9740
94141
67007
376
56758
88014
38868
51265
81531
66872
6693
46143
14459
49096
97741
46992
23970
69607
80656
26116
16953
42439
80260
87990
96601
87356
46895
16751
72897
43319
2345
77982
79314
13795
80021
91659
90904
1731
94556
20049
60048
82889
22092
31245
3693
7579
95115
64480
786
81911
27848
24993
82196
92912
57304
15645
69467
81124
90084
74574
44528
53264
42501
5801
18044
66824
80525
85236
12876
67562
43662
58365
49218
45761
44429
46377
30996
87717
69501
26974
33743
94923
78735
20728
77015
28944
43948
54
77618
20468
88390
61857
16468
89323
24975
16481
11089
92349
5821
15016
30487
40518
29191
36366
3362
51716
42261
10780
88744
29423
18503
26865
55836
9413
88947
11040
75368
42893
74021
2834
59633
440
87193
70266
58087
41359
38143
67565
84898
13867
76684
28651
75183
63856
42331
63835
63164
20182
92613
70128
95500
59868
14542
40352
90556
36335
71062
20009
23743
17867
62205
54966
56352
86564
79401
77810
58686
92601
2012
52968
904
20963
36270
56390
58491
52537
37838
56480
5115
33224
41988
30240
62772
16262
42411
43809
40160
36423
49510
6666
19195
87017
57833
33052
52732
59926
57787
83017
51023
90410
42303
34875
36492
7088
57646
59322
18131
56719
29470
69747
2571
60273
59056
69841
45134
8842
38007
80407
42288
92410
29016
91883
25406
67012
51063
43986
88215
8564
20762
66999
69019
47060
48621
40950
54639
21113
92192
39248
59531
79428
17146
98476
51550
47778
94147
30728
29755
29456
26103
36097
6071
82439
8106
84970
76055
62186
9456
71904
19198
36350
35630
29138
91781
65254
58778
63579
57672
95440
83967
72132
35181
60453
53616
74694
71123
73601
35310
19476
78233
40363
80743
32474
65457
13469
76296
37027
25001
43419
26564
50622
63941
98777
47889
92452
9728
47699
78049
68006
29913
30904
60700
53041
42857
78304
68860
38656
57138
20007
59198
83809
43751
69505
23004
88290
96637
11261
42563
33658
38654
56605
69132
80081
46246
74143
52621
68194
85382
68771
93569
17353
99667
95116
94257
72766
49800
39684
12631
90455
85515
3251
79724
45969
63770
89718
28817
40377
89212
5125
95671
34656
94258
17400
69794
27832
99896
22373
72059
47354
80637
28334
20179
11198
74154
95485
67796
13460
92496
64050
32836
41408
27898
24689
2504
34851
38286
84168
27297
90993
33335
48771
6708
74156
41984
93982
19428
63357
15275
82148
15387
28405
65865
35746
97823
4934
18942
61178
65245
61298
44339
50053
34825
24782
37482
52859
85368
94542
20573
63484
87551
11884
20657
95246
59671
76162
45888
77658
50040
26186
93539
54627
66126
90978
75258
44691
13221
20136
91479
69759
32784
74865
64546
64638
50096
12109
77699
90379
27058
26881
26462
30770
51991
23580
42899
10129
56180
72632
25969
93290
2655
89039
92750
83341
31864
62895
33123
54894
31904
97974
66082
55398
35901
19346
35329
37789
24184
16931
47725
1431
10498
63959
49613
750
99928
49142
63808
64970
97192
21416
75830
17692
88126
84792
13300
890
29232
14112
50775
11187
70161
30766
53011
15200
94835
30317
87773
62703
77510
78866
52946
89037
72785
617
25827
85248
36351
20419
27476
92773
61359
17113
70941
86901
96282
38609
26751
8489
54235
79592
2174
76343
98254
57035
28112
21427
40810
59791
75711
15106
25452
61325
58832
28188
78142
78241
99694
26993
83111
81143
50784
94769
87735
85213
54951
41611
68714
23737
45001
85649
48552
18199
44029
2883
28601
32955
46584
98717
88002
11105
49544
25401
43647
7953
79595
6795
83141
40975
66263
666
1093
69725
34600
78777
42650
91318
45349
71828
14692
21471
63325
37443
32068
57422
71939
54172
53197
10875
87939
92334
77043
89453
72184
2368
4380
24783
15432
21730
10067
11681
34793
43309
5329
50662
98056
42883
20169
83121
1252
56414
37426
10096
48499
40841
86184
68698
6126
60119
36427
60824
40744
65834
66411
39714
49738
70365
43837
25506
60742
96768
18602
18804
46096
56928
58977
83584
59766
61082
47601
59638
99059
33245
46826
67276
38134
88327
47430
51686
57326
3205
47542
32776
81769
75048
46603
73402
48279
46099
33096
2355
42060
9684
51091
7371
28193
63558
24065
4269
16034
85712
46539
10868
9896
40632
36997
40687
26883
2676
37373
8701
13615
54015
77461
90955
88323
90893
13618
69032
75436
15157
95143
9440
27206
82601
75990
20548
35062
67004
33084
70135
37928
95910
66357
98097
1876
48557
74756
52126
49367
91312
60036
60523
7551
77194
82614
98584
97221
24023
95525
25805
94122
50882
69516
54774
45316
77651
34716
32968
70181
48134
46268
57508
72615
56213
50847
25876
14984
81686
6751
65624
288
57173
20253
63654
59078
19992
96285
45670
47854
22283
445
62054
10374
49212
21787
34694
35715
29215
51610
28370
56434
30439
58348
96241
43528
94930
83761
14417
78463
66084
74650
26521
33909
61993
69938
60417
22180
38336
10582
12760
64760
39877
32011
69532
6245
36566
21128
656
75239
20171
66979
67758
82201
78052
36298
29219
98003
45029
40769
93899
55778
47
12246
23030
4017
41011
62394
8632
60787
65897
4750
71035
15586
33378
72489
35744
18432
53039
95720
2342
47391
38966
68044
38819
25709
39350
35586
18904
38508
1884
21556
25599
3608
55609
90662
34422
79265
17281
32196
47197
51470
13914
2646
43753
94986
13042
64030
39316
28300
9222
65402
4086
62274
69502
54413
98484
22524
88709
25692
14379
16602
27017
80134
70296
86707
63023
32738
88855
41885
21177
80279
71107
99096
38332
63653
97220
56792
41182
64189
88127
25816
95216
85177
34969
57556
28663
24443
5225
12356
30941
50382
46385
82008
99300
59888
57600
26549
68728
58227
71670
64502
65695
40120
28042
55981
66192
47273
22478
41950
13175
20325
45678
51805
36102
63255
76962
80649
58271
29504
19894
58032
48240
23726
87841
51280
71899
5421
63685
42355
13628
30828
91255
52331
90344
28382
32238
77091
20057
12664
65509
12076
84233
92070
59459
74540
30988
25638
46634
82574
25970
25582
69014
13811
40923
33045
47497
97066
73439
26651
42741
79176
86601
31130
81020
90627
20767
20959
70922
89820
15648
94922
31815
48676
83237
86911
77721
63271
14870
45870
50503
42928
97702
21685
31780
64453
31361
21377
74810
1296
31660
63266
3914
71370
86799
4947
4720
29328
31658
42561
12440
82733
29048
73186
76072
47029
37171
36290
97820
86142
54127
663
6755
84693
6749
17669
86750
73401
25647
2563
63035
55543
7611
92534
91358
74080
61523
76864
2661
10337
64755
51904
39051
36063
2000
58031
36953
49562
10876
74239
90333
41008
60846
42934
92320
42959
51650
47444
72848
52373
31742
37005
56452
74485
68809
59383
41666
80079
97575
1147
27438
86444
7620
67975
76641
51328
73371
36557
10355
17979
36318
17786
81058
79701
11742
43738
2974
29669
77390
83995
62267
46533
921
6145
30167
5578
33626
85999
32369
42021
30027
61701
50938
29508
9800
59939
72537
87759
15239
65500
86857
41662
43866
89327
11245
35160
75588
89206
97729
58823
30726
38255
10587
51510
10258
57449
10910
63498
85010
53949
59918
98560
60225
38095
60200
10316
42401
47887
71974
1733
59587
59080
95700
2678
70591
30370
37266
7368
15792
63491
68712
34770
54634
81203
61884
43052
80566
71621
53534
7173
63390
27613
51547
56777
58258
88524
11468
61521
70855
93443
30597
75111
98614
65264
83071
5849
54791
90517
24061
78743
14351
76409
65173
76349
32884
32602
51160
55436
17507
87580
50373
56042
99889
86823
13710
29193
43519
31366
308
64714
31512
20912
12897
19570
79493
84711
17259
33033
98052
9764
10036
27395
74343
92319
67234
7697
81771
32937
16499
10002
5110
37748
68283
56244
91285
36053
80503
29580
79957
98174
92468
58483
1905
25860
50597
87082
5100
49244
71091
15126
75739
38340
39328
25874
53596
34862
6881
26514
34509
51781
57688
14736
50290
80117
67179
20541
45142
89498
82736
91974
65449
85637
2771
49804
85983
46001
96708
53173
93097
86337
87254
79026
51129
46181
57221
50758
47519
76243
73624
2259
34971
20187
25748
52226
86958
62949
80867
75462
6454
86047
69088
70320
58378
83382
74395
52365
99458
92646
49996
71145
10683
47183
2637
77827
36844
53033
32989
38142
42302
21220
99992
8607
89093
64661
12058
3313
29789
10278
4279
91145
32799
31391
59700
87768
43523
97359
55895
50009
97304
62529
63007
45955
40224
78521
81015
57892
39534
19139
55747
11648
63701
75902
39739
55395
37034
49736
85496
99418
21567
97783
75723
8272
64020
78554
72591
43422
67734
94620
75542
34667
24490
12890
37669
72664
55186
38244
6888
72436
62262
7753
86804
13724
57853
30673
32541
14829
64643
74975
42224
28719
38942
11258
45852
37212
33931
40474
56653
91755
32216
90809
39450
46337
17226
9352
1182
93270
20100
82362
64963
58414
87509
75813
14494
4040
35331
51058
99291
25250
71700
74439
62158
97270
18613
99208
63992
29079
41453
79347
88052
92371
27887
2609
53078
89967
18222
13707
97807
97166
81310
74794
28028
94591
81649
1804
1390
24855
9630
55169
35476
95423
96225
83277
77829
16937
6404
18254
98000
5461
43594
61416
22518
68227
80999
86303
41639
32157
56819
48325
15770
55081
12821
49238
67577
62810
4652
18046
65059
83259
30713
40664
88309
35585
32818
93706
46784
53792
84366
15923
47654
852
47674
78549
19757
97900
46900
78297
54329
28844
88765
18821
57124
83554
38727
91791
66981
70448
77479
12701
59499
79898
73497
58751
80910
41236
72650
46273
30172
94067
54095
96938
38773
7397
89224
57484
16152
28283
81008
93432
42391
50257
69597
40820
86842
99353
25657
72589
19722
70848
33986
58029
4311
49989
2293
59978
87540
64066
88914
45489
67782
5981
49878
3784
23529
73154
71460
2727
18140
90227
15889
66013
20838
3215
31375
65166
2925
40835
27735
82101
24768
53608
56123
23085
33869
27909
82406
37976
29032
80582
37814
94251
86682
92248
93712
81268
36718
99841
84421
38522
7415
3901
7621
86983
33890
12595
7874
12367
8395
42469
79684
51409
48515
49176
63664
27705
83477
2767
2641
93890
95244
13217
13602
88872
73943
91171
38787
16170
99047
42108
73999
21868
16958
56283
79130
61556
96270
83681
42972
62789
39198
20433
63796
33541
48849
54022
23046
64813
52202
27195
68235
41697
22768
75533
66036
83013
84221
17722
4808
94993
23433
29385
43427
54879
68208
44235
10884
98112
69742
3435
54318
57745
68260
31687
83123
83864
42156
31915
26721
89131
70531
51073
6811
12807
83471
35698
99686
25951
14524
82625
69328
75777
37864
48374
53924
11201
32549
24698
65673
46646
34959
24803
28106
48581
1108
34406
27534
23853
64599
14291
81032
84487
6787
13359
27031
45912
63239
25081
10189
25553
1517
62567
43700
7013
51353
3622
50981
69729
4416
97274
83348
21714
33006
89019
99968
34823
75767
58234
97
810
52925
69433
74640
91888
93470
56240
70360
49497
9705
37293
45214
17282
73666
40698
57486
15961
52475
12884
83019
23447
35735
59876
86410
20954
14496
52661
83771
38651
47922
9989
33187
85592
59535
43117
6619
17189
16786
989
34803
86217
49654
68981
7937
49385
47393
63176
38347
33289
6491
27338
10286
95201
20627
56418
17446
11796
83608
71204
10387
59904
3420
16201
36353
43785
79076
17227
51672
62768
319
88047
96493
38842
73848
95295
46947
20282
63607
43137
47475
82527
79029
92324
88193
48008
61510
91748
50688
24247
19613
41665
77202
4626
93426
89331
83998
30512
56718
97520
17066
20488
73867
72739
96837
98691
79323
73137
36343
13510
56929
47701
32093
64456
63417
23596
70880
99795
19990
16243
80641
15674
91374
48493
24686
56124
19503
2510
70370
58585
40596
2886
93018
33709
81987
37901
22827
53166
65723
66963
4831
54010
11140
2985
58584
57971
52050
2210
53194
24513
74285
12448
86054
80330
45326
98057
87317
41067
57990
87201
23224
21608
92700
60954
66348
2673
1582
7486
56664
12667
123
23034
97927
88971
1770
72624
97617
43472
29992
62068
91288
99832
47518
40621
33419
53060
9312
7456
75976
9089
71013
8560
27281
95825
81413
48670
57197
21731
2090
90646
86333
44600
20225
31503
13769
8880
64253
18790
29831
52306
45006
41925
62769
43959
46087
94272
91485
77807
82870
75488
3948
76485
15890
37952
40201
12337
19515
38429
88628
52398
20201
20001
27337
14814
85138
82144
80834
36875
86295
21375
54927
3308
61127
44021
62237
52831
46624
66689
91713
33972
32084
98445
29419
8614
68759
84471
92699
1692
89650
90003
63971
84039
93368
85200
91432
18689
58580
66537
620
70317
64893
72395
75721
49382
62977
10630
67190
79602
34234
99433
12418
39186
37959
93160
595
7111
28246
79392
22346
8887
42519
94459
44995
55724
17140
39485
88499
3928
19933
94427
32529
25211
17379
44434
42230
59670
10726
60163
39756
90368
50413
36725
35337
5364
42937
46454
90080
71187
8652
29882
92830
12277
40552
32054
62116
16413
20775
40256
98119
17982
54125
68042
16386
62339
68765
99170
59424
68808
19610
85270
65670
74660
15092
95681
59181
63261
6805
83993
6050
61522
15427
92097
66827
30381
7205
44445
11008
69812
31037
68571
31934
77416
52534
21915
10516
71765
2930
72119
37147
5349
44402
58979
25490
28065
8357
53458
4544
64358
75234
19701
96519
78566
22288
53594
83600
42842
65303
86942
82988
69979
22727
2407
60009
3203
36907
72420
95809
93136
16041
88365
94300
27867
21247
33627
63231
39658
97036
91681
14043
18178
46650
27546
38115
32428
4442
63496
21550
79680
13860
9036
72670
46743
5596
80020
62622
51707
87120
3056
25620
85892
49476
9805
44552
77801
33250
98722
94396
69518
85157
92997
231
14063
51982
16103
45050
8559
88574
98848
69714
57195
99288
68253
37433
81288
82038
53017
99310
82526
39678
22810
46037
36209
76451
53386
82840
72453
8302
63559
3676
13281
43576
38169
56521
92422
89672
13479
65775
78338
74510
11629
91365
72372
67571
97801
28500
94177
12382
65534
46490
15804
37937
93246
63032
39349
56230
51496
706
90184
89673
30132
84571
41854
43181
7811
7655
89310
51889
46766
39368
35589
94318
26905
40164
68715
4109
81516
92040
68236
40916
56440
16676
4910
45407
32673
93308
48839
53359
83826
46578
20473
90945
71461
80709
6565
36688
29288
97397
36291
67653
88040
12924
1773
28850
57576
10483
15167
11053
88798
81518
2581
74067
66771
16188
84588
31621
34504
73449
43610
50388
47231
82229
45982
37397
59008
1413
46834
55592
81545
89168
87852
48648
64093
67406
28830
44123
85788
60221
41358
12607
68913
61457
12950
6104
83238
14565
78878
63954
1552
27693
91635
76423
43408
71808
58489
10056
64766
45094
2212
95187
5332
17107
96714
10872
66998
24762
719
30441
49117
62026
47948
91221
85875
14609
35897
58505
77053
49594
47885
36856
84903
38294
14616
71356
91861
15901
56905
58866
32846
82841
89296
72593
81332
57918
81118
20026
50655
31739
83278
84294
22221
19131
25192
32922
26811
36508
24433
56084
15243
15799
49163
91054
37402
65909
81738
90808
42533
89473
69524
20211
95905
75545
40297
16224
61249
92308
35437
77346
89710
47239
35225
12118
4619
43335
97019
41628
45616
85342
48071
72043
3131
90356
57136
75311
45704
40378
13178
35491
28867
81735
76548
41338
25959
44850
79000
84915
75422
86430
77615
79098
97076
56135
98553
44101
13311
45926
70611
50713
38443
93337
42517
17423
22181
69551
8121
95768
13019
34531
5277
88985
25556
62005
44951
91788
16473
12844
19671
92574
13851
455
39760
55435
55457
68432
15985
4717
27359
49880
37890
23319
88437
62972
64292
13017
9621
93041
85009
77853
78509
12949
87415
26478
48965
36861
51819
79590
72073
93868
94263
64004
80494
55736
47351
60024
68516
52957
40812
73760
26732
94132
85094
80049
87307
53464
10996
78537
27370
44927
5495
75565
38077
92546
46724
37388
21362
41592
39129
31636
2963
46858
37546
55253
66980
98758
86991
81236
61443
41118
95667
81217
402
1115
19539
70196
35710
73641
73
24787
16252
28772
34040
78586
10342
28452
70643
67799
97724
27258
72049
40314
26488
87374
31082
78213
86080
45650
12380
59179
4030
8583
99414
34900
42280
21682
52911
29349
20505
21565
62843
15171
10591
99615
75867
45434
45361
20428
65913
8618
86779
36330
65726
93882
89803
92586
41214
64900
64830
26575
80053
42452
90935
34594
64136
42955
87074
33936
81333
4719
86319
73426
24952
20415
60610
81205
83836
26983
56516
63661
39372
95415
34297
64384
3054
55771
4691
55280
73680
59449
95702
28201
32289
4153
43428
53885
22967
32177
21979
4274
27062
65041
24552
77057
62515
76833
3103
53209
33806
78275
85273
15253
39972
67962
87795
3372
95665
91281
17115
833
34886
5861
71352
36164
8209
21754
41467
50611
63523
26278
32176
65519
81416
99446
72196
59115
15064
7677
58682
56914
54868
1421
72214
21174
60277
30064
28658
93
88746
96338
73883
68676
69908
57766
84904
16682
43015
58858
83336
47084
71540
77414
39325
34238
44700
87561
7301
7763
39501
895
19957
24822
12756
61004
4066
19890
32861
24031
65097
29921
87200
21539
48749
25853
99410
11074
63273
69158
87870
39785
81292
19204
81763
9784
75419
70849
29353
94032
80644
43902
75291
44252
14986
41896
70141
50945
68956
76213
30039
43586
46328
79415
60967
30532
66808
40405
92447
35410
57982
84375
60654
99788
45475
58134
52068
8078
62432
81626
44490
83713
84749
14167
95287
49831
13345
97116
27104
90980
16763
45168
74729
20888
8294
20841
80808
2153
64678
98934
7373
61721
10549
44624
29680
1456
56733
13115
55222
82556
54483
20078
45498
68837
73430
86689
16530
43412
64407
37863
17721
80523
16326
28916
35487
79227
8206
82689
62540
52198
3522
6015
15588
22690
8639
50471
84708
54650
21712
32678
49625
85550
71257
78083
92423
24340
7814
20080
47643
84189
57963
14304
19884
50235
89
23385
96870
28853
83769
13119
54884
32558
63442
81503
36265
89620
94023
65455
28605
16213
31141
86897
73984
13459
16297
87419
51872
92955
32845
47425
49812
61961
55659
4140
62553
12319
76402
78739
71009
42611
32127
86239
94727
39683
60325
94004
76843
1983
59790
39499
78747
45076
25937
72089
72234
97070
12429
68093
52625
58102
45351
47621
52741
7085
55920
65278
40945
8642
14452
40953
61941
2055
88399
4490
80532
42498
24608
8544
90482
58634
99802
38468
95223
51081
50023
23135
53512
76355
43666
97289
66804
37186
19812
15671
35497
6139
4415
80281
44580
93392
31865
78176
36510
46889
85267
76365
12318
19116
32488
91463
32815
68525
48438
12966
1194
20835
25445
51684
57548
42905
1599
47715
41558
76940
24171
1210
24050
7769
71738
47808
82471
92971
97307
65450
89510
8612
57623
42691
29781
22465
24239
30586
62047
72442
12773
72651
77794
84486
81243
56088
85918
36605
37428
98912
15521
79111
2833
95504
46129
78414
24370
70492
37302
40366
50106
73655
17663
83041
39069
36862
97418
32794
49875
70276
99293
53498
56072
38700
46585
87259
10545
31989
47726
26283
66383
21054
98082
58938
11613
2644
15109
11575
22551
16535
9181
86882
80038
24049
87728
72211
72189
74001
14088
87991
28085
17198
31695
99219
48975
65779
91571
9987
78487
15019
23307
34293
8278
15270
35900
21321
84245
85420
96555
21542
1164
83140
10011
51501
42820
81580
93845
66478
80069
28326
59773
251
94218
3246
54520
78383
77496
55423
98422
91245
11553
48742
77562
67751
96487
85777
338
47033
47196
68642
66810
5409
66044
66990
26018
57651
1283
74999
60788
13850
34568
27175
14583
84714
45793
17573
93408
35503
13679
77088
78563
71164
75308
70841
54549
11590
27071
6825
62707
31659
95290
35962
59617
30258
16032
33579
89190
44179
3278
46383
59002
8242
96871
72249
22707
44181
12908
26593
5613
59136
72584
61822
69499
24344
84946
21855
71640
76392
55534
95260
93101
93966
30276
26260
88453
44262
2111
95562
79177
5774
96334
22930
39159
76581
4293
61882
41597
27671
38214
53002
15050
65978
54830
39204
5663
51822
96533
14181
18431
12492
73539
84689
92801
25667
86051
51642
23436
17690
5565
73013
32589
43132
54947
60710
90188
22204
3576
13976
91259
32010
51690
75148
72329
38789
2035
38102
37538
90424
84954
41699
9427
62913
26219
15407
42817
96807
68427
71032
54676
2907
68607
94724
21593
73285
78513
97507
2474
56191
47923
21376
22108
21303
75198
6093
82200
93170
62152
63747
73167
62251
63422
99380
89821
83004
2531
83269
36362
73633
82491
51413
86105
15255
39356
21997
37655
47090
31699
77518
70994
3243
71930
63328
23816
72830
31850
55439
38703
50849
96560
37260
49652
30254
82398
50098
40648
68313
3410
18009
69956
2503
72967
6107
52414
75634
67611
54214
72648
36984
15369
91815
35929
7247
6663
21895
79914
2645
17419
80617
5957
61662
35274
34152
29926
7886
39826
52935
95251
38266
20717
91193
25758
81165
2751
20117
82506
88161
19768
50137
39270
36171
32043
70556
29430
91320
5971
82515
2029
80831
53987
73478
99434
10509
86874
97806
29646
40024
75135
52790
49559
27683
16179
79651
38817
4778
78077
69989
53412
37084
61806
92600
94496
95459
51210
22512
93464
61161
30445
1156
75958
88685
33066
83160
41203
88104
81354
48398
73812
46127
76928
12569
45055
47768
5172
52649
32716
20610
19813
48020
72486
12997
49095
84575
70342
78962
38940
11778
81146
62215
42414
98187
50517
40326
39371
75195
7328
26788
72940
35580
84402
87382
70824
11626
4713
7688
89896
15856
66839
36010
10
7641
2891
94892
81386
37401
9296
83318
86952
1671
46513
90837
77174
86869
89981
41836
62473
3388
1604
18782
1244
4607
44431
72812
81434
17168
47476
59222
93299
47072
76456
89569
13953
24364
44879
53220
2739
98650
30960
68480
86495
25770
79361
67997
76778
37432
52441
74356
5420
10439
66235
45501
96120
2458
22686
87883
74476
98878
47182
51030
12470
70925
90571
34877
23798
21003
59253
63418
68080
39217
29345
48372
13257
65767
41012
54232
39736
76488
25186
83524
38712
7084
45656
66694
519
99213
98804
20595
54007
54945
60750
92975
22186
45906
33716
60370
59450
12368
17524
74554
99287
3098
87077
3460
47442
17920
48360
62641
61902
77823
93293
33086
420
72075
96753
24621
42328
75570
62541
75145
57046
9961
65193
20733
40026
11235
92981
10832
29833
20101
18719
99247
85308
36837
44613
46257
87859
73378
96065
20636
96033
10212
73884
59709
98633
16975
5692
42653
65326
57071
85346
52515
5362
32149
87910
54458
40522
27873
22094
79217
84514
74012
91096
85704
39746
43596
56450
8359
68156
33674
61750
58871
69184
45949
34957
57661
71583
33244
31483
69104
4084
41202
77435
83202
71967
21413
32533
26641
88785
81567
34472
87070
53253
74319
45726
67704
38956
41282
1008
47557
76121
56075
80271
60730
30057
42262
78302
61957
21244
20040
31373
32082
11434
74946
6179
90046
51796
43910
85245
34794
42828
41484
83264
22298
35339
29269
48032
90253
70050
73407
34415
83885
53247
15866
63765
19402
92633
1165
85392
71342
84297
67048
11703
56573
34221
33426
59477
43985
41814
72837
79821
85864
45074
76073
15764
92928
86261
30616
48642
99358
63511
5756
2459
81496
79032
6263
27692
61355
82856
99199
54699
32271
83878
68365
5699
84893
94471
67066
73029
61783
79321
36866
49428
49027
77889
2429
55878
79875
82953
56260
19320
24353
82111
21860
67709
82407
12386
23102
6213
32819
22616
49980
17743
99671
93873
13105
64899
52356
7946
13967
22323
71311
97892
72042
45082
84917
78196
52262
17179
32489
35306
46835
69709
27241
2273
69920
86344
7699
86302
75984
33284
29597
95828
51176
93084
76577
99805
71885
64162
94499
58515
56551
50255
55789
40754
65729
30338
18956
90652
39374
52940
88526
16043
58198
56755
98564
64944
43019
92594
87740
88401
69923
88644
98214
98657
54066
18930
57842
11953
31668
19075
75875
73279
86936
18284
45476
97866
6390
92722
14190
57748
35112
39092
93174
88178
58446
86645
53206
8300
71513
35135
64126
75118
47603
25130
70440
99616
92408
64653
51792
48638
24658
53691
32091
9273
3062
40311
19960
35385
49455
10430
7258
44740
98163
55925
34229
30754
65633
24209
2559
62255
50720
10656
45645
45721
5988
34938
80190
58355
6976
63326
62775
35957
79125
78242
30147
97335
72930
19575
67927
32829
85331
7380
37042
82820
24173
177
52639
25984
86781
1643
28988
44242
56475
35610
74206
8071
6633
3403
6640
13987
54836
18197
97136
28521
94383
30011
29715
93009
68191
32882
28087
25161
95032
99043
44690
50307
61266
51938
6060
14230
65692
4018
58735
93123
88013
91933
38752
85557
8363
23245
56918
15227
92877
55735
96017
20534
4405
40529
89479
82113
23344
29319
65581
61239
22849
48986
33490
78438
43191
95654
25223
65170
57940
23225
39263
61262
41627
52430
36938
2778
88877
90512
61975
1374
2053
83404
42819
99216
40238
95049
46095
18605
97215
56527
36525
69667
89995
4975
30712
4005
95489
4966
25727
71524
52974
62221
37145
68858
96911
74130
63974
49823
61812
54369
68307
61791
58454
60938
52061
30544
53592
49077
90192
63244
88581
95484
56518
52834
2610
5222
86024
91691
99966
20895
48182
44291
57645
47478
4945
50289
46354
11503
13932
31040
40410
52058
79547
9951
5471
6290
42664
35563
79978
51172
82709
60422
42016
15495
8314
43705
80106
43056
40597
95133
51731
9575
66029
32936
71297
47095
13553
48108
49550
57398
82212
3675
10074
96621
42655
2005
69437
4288
16318
63933
59919
89107
84075
26229
72910
42197
70532
47372
10804
63270
38830
82425
50743
1746
8470
772
38215
73485
99180
24
99715
29660
21318
11843
37564
35657
58940
93336
35379
29584
61483
90735
46986
7352
6775
48006
64401
7757
39795
56364
90984
5297
51365
25608
36624
87433
3986
51506
84621
4053
72970
63364
54350
13186
20807
51260
26069
51582
13124
23721
82537
41701
68572
59676
85792
86549
43407
26353
14114
77897
30522
49005
66076
56280
18397
26630
10586
23971
99844
24254
63815
30735
43817
25897
21492
860
31348
41579
62629
71548
47265
48760
50903
51103
64447
88355
47229
85762
18478
96268
1062
3093
83677
40516
75171
19325
62368
51537
6527
8789
97705
50288
3572
66157
26820
48380
65384
16767
76122
76723
90313
64415
52888
28447
2494
17134
37158
31678
81706
10319
55782
51014
61040
36905
35479
39104
13094
88906
17461
38804
53991
73337
65040
91431
22363
46320
18597
65794
44048
79359
58865
67092
31730
58286
15153
63650
42315
91859
36364
79644
63460
3027
3830
88317
80857
44464
43547
20667
46184
39838
49184
55994
79294
70575
10232
78742
45314
75676
98188
1814
46557
21180
76880
73218
10213
36545
12708
15818
5713
47071
15981
19166
74224
68055
57570
51092
94098
30388
9960
61449
49749
54444
88408
22620
63520
75301
61617
7232
91882
48631
96113
49937
50575
13893
70814
16730
6430
45764
63958
7388
8729
57367
70944
13748
48866
35458
62431
65720
80971
67169
83185
32094
34767
27840
50429
71861
60915
69320
88643
67618
43894
98417
11257
79330
98465
84420
98360
10496
37950
76620
42539
56676
94897
13495
9628
43260
74190
60020
77118
13236
85861
80961
51899
63265
1506
43741
29769
34947
76993
21904
75191
55115
79696
9105
57698
38450
4609
56936
83587
55699
25219
8347
41263
30058
41557
71961
93057
24219
255
39999
40204
57643
63041
27484
53229
8773
29085
47144
93203
76711
18418
30505
18725
82366
17155
56114
24537
62135
94545
97345
42688
53448
26309
20077
59690
65362
53555
51742
73506
66672
93971
57960
67521
82671
95410
84111
28129
85098
46378
68845
36908
82154
35334
23454
93958
23156
68904
43432
59134
78890
6869
56577
56201
54886
62078
87440
26662
3904
95655
79372
10991
47985
15439
55307
432
81981
85149
88993
53225
74802
34791
16082
52901
40966
21388
77125
91335
89030
58035
4312
71641
89576
94900
73038
86545
80557
22263
88467
80093
69494
19284
58684
53624
40745
43031
25933
89868
85618
55706
77766
46350
85838
84516
661
93762
60910
25237
94528
884
32946
66178
64709
56806
85663
35469
11790
37891
45809
53896
79704
4546
75491
19624
56756
76885
96104
85700
64211
41193
47337
77896
17609
87477
35029
5382
63946
32791
38323
50906
27329
92579
44304
29178
22224
77867
54590
19184
45587
32162
30189
49734
65067
3195
46304
46807
66847
91533
43172
28635
63906
1571
72953
43180
12806
318
6238
19723
51009
90804
98891
78730
48350
90204
49211
86753
91186
30071
15684
79748
14202
98603
17234
81928
27069
18436
22853
16990
45143
47681
82477
76229
11673
70387
37340
59231
40379
29695
15566
75126
42504
75342
13087
16607
59742
47955
4176
97844
38410
88822
74116
12104
18833
93465
52114
78011
75168
51635
25114
59765
4848
70754
69473
83801
70137
38528
46943
40133
78288
89156
88176
29802
4599
38054
33714
26477
12534
22472
46110
84581
71333
82683
35394
87016
84605
19209
72922
64802
18379
44932
39958
35030
11306
59776
44839
84991
71067
67228
27053
34721
49921
10494
57295
40619
99137
78772
59438
33299
73991
78548
83188
1414
32897
93977
71072
83233
98213
43733
34507
16157
54219
23322
14899
35720
11975
38660
24586
44005
11072
59203
70243
89801
66208
80697
99014
46701
67671
82427
11461
73400
62939
12921
62428
32398
25217
40325
4688
37265
96925
23163
246
83873
59539
90708
55185
61729
96053
62763
22357
40202
48623
88036
86062
76397
24977
39924
40509
13690
49956
95526
63251
89898
73187
39011
85754
38824
24232
4793
22052
81568
67168
31944
74128
38874
75295
65214
92059
46390
89446
18391
86262
72334
16966
67486
61519
7464
81339
55748
4034
89978
79157
61511
21336
39137
7927
21081
83455
24817
12587
8296
79740
93222
27199
11223
77423
68883
95598
15268
98316
59126
42340
94010
82015
74336
6469
55499
38913
20
8455
39825
20306
36482
34963
44702
93670
47950
62073
22835
93581
38876
70113
85388
70417
78816
38592
95622
56145
67841
41412
7096
42282
59062
7663
38477
38657
76987
44018
73915
30781
77018
95098
71596
28535
27005
62776
81403
44311
29790
24790
8829
62144
31051
57180
39519
75274
16129
79195
4154
64378
49511
85919
57903
62968
27554
76084
56943
76862
50635
17627
1581
24809
45550
97690
92303
62798
9482
13439
53044
28777
23576
51631
53082
93614
85083
28962
67024
81509
31841
53313
97455
59517
59599
75271
5220
77449
47483
75064
20039
58182
73043
43833
11095
30535
14551
28571
20145
31125
65050
1152
747
22503
28233
93153
89155
10050
58297
77272
51932
62516
86738
7135
73072
26763
45503
66814
63904
53954
43173
62762
9654
3946
61611
42918
99460
33939
68332
27382
99736
22639
37239
69003
69927
44536
9580
30681
45621
11818
74490
27298
13578
99595
99481
51601
20730
36367
41387
56052
22135
24880
10433
64852
22655
17476
3473
92442
25020
31111
14972
49524
2215
55110
33218
40106
88425
17983
30030
27810
59884
14953
21786
52727
36587
39615
66251
27951
8160
21469
93564
38161
31415
93157
58320
13256
31741
88407
84845
55931
21035
944
99974
86828
85196
39853
53836
93552
93390
77973
96995
28165
90697
5586
12063
41823
99737
49170
25216
77537
36565
74783
16554
55575
27227
95980
36114
23244
44012
45788
30702
55144
19252
35919
14042
71142
15287
26350
5380
68419
13853
47035
46476
13188
68121
12561
10831
75851
21337
99441
20960
78151
22267
64380
66995
15726
25986
39947
29340
32174
14927
20385
67554
55537
56083
35628
93883
50351
95288
26554
37199
95487
96594
78606
75184
26780
55601
44705
89974
94648
85602
54114
50113
37095
51567
43773
77749
80919
5862
37062
18175
30314
6011
70937
51643
35704
46944
91306
26097
89989
71207
88205
61632
45835
3838
64749
59441
77408
13776
21835
79326
53733
2566
84244
25049
60181
15456
35347
25291
47008
82641
97862
43159
4174
65851
85406
83739
17139
31046
54545
24224
21968
60519
89442
52287
8153
81433
5467
70357
64644
71075
36978
13909
7237
22452
88827
89172
69163
13945
21029
37973
97750
57036
96878
97025
84064
65244
62894
85543
68804
75950
36201
96946
8235
1173
78205
3252
4882
50555
33235
8960
40870
14936
73166
65910
76114
5024
13761
64054
22862
85553
61920
50090
92289
80043
507
3492
45097
1280
9008
84121
89134
71155
84950
55843
81228
16486
27409
6344
57566
51146
30640
3361
69886
82578
70010
53299
38469
50756
37965
29400
68965
86754
52391
20412
30676
81173
21758
87357
71261
78852
22437
15302
63262
6673
1855
32002
46482
60634
79536
79844
77149
2422
60948
38238
23577
61878
25364
8410
25086
50997
56892
85000
73355
35021
73249
69564
83555
60712
82609
40189
66397
96359
65122
88067
97430
91212
29310
26224
46415
88539
25199
52739
71332
3187
49995
54516
20228
42202
94391
4981
33896
55617
88764
26201
26516
10911
92595
91004
73511
88794
3317
95631
50297
56406
8772
83751
24557
58072
72015
44176
55427
56311
46655
68405
93462
73036
69540
79301
58631
97205
80289
46582
65754
69317
80547
71761
21706
44114
5738
43835
46817
27090
33377
79258
62357
78502
52460
90885
84417
21832
7768
13027
50605
93932
48619
6617
54247
8188
24291
39531
29644
94598
70473
40217
90186
1574
75153
40237
33601
5745
91165
6368
96029
45608
2989
3828
30793
26377
45203
43958
54717
49719
78812
34822
14038
98817
9734
58139
8015
19941
40232
25204
67855
16632
71408
68115
60495
47796
49602
97026
49089
30571
53810
85205
95262
83072
4190
5155
99608
66196
18134
15909
4988
36662
27673
38622
48472
64365
43281
76142
41457
10821
72702
86680
18819
4280
83971
22742
6631
43984
12428
8443
33199
70403
81751
86200
11535
24477
13566
3480
31007
11835
1958
7420
43844
33198
20332
83536
21432
6235
21277
49549
7162
81404
24730
70229
40339
10272
5606
67116
26561
28078
72554
90507
10290
33484
26677
87880
60394
87833
69835
29314
62183
99783
95538
53065
50870
29698
62365
80718
16307
49711
28442
66730
21059
34103
74161
56357
70909
63715
12062
13251
49529
32284
3947
61804
2269
20409
10779
40182
79505
72057
57877
87293
60762
18890
56505
4272
34945
78340
74113
20580
39948
25718
78308
39417
75794
1367
99726
60774
90098
85727
93291
41036
2709
15285
10344
29066
62677
94678
7689
32826
78402
34708
11299
12521
76375
81070
62866
87966
82294
5353
9210
50010
91109
26806
39601
9132
87964
26917
46908
90307
46958
1776
898
24881
13014
69590
10979
59968
67604
26998
50214
52378
99471
57636
17185
39014
94456
4746
30294
60451
43202
86216
48487
61242
93900
89222
92810
13053
44997
80683
80216
96194
72251
45408
629
19326
81491
31109
4037
77913
93548
60268
11744
27585
59664
37736
82838
9722
15948
46519
88131
53131
60245
68667
62341
37887
5487
12245
96603
42168
42867
40047
18618
40007
73905
11117
3258
36505
74580
44965
69826
31546
90608
39243
59149
35791
86345
5440
26034
2728
20517
81720
9591
80364
35915
78016
47899
84789
81167
18474
18440
68950
39643
85797
74267
89161
73221
96451
69054
96221
2851
65632
71488
56989
67547
91071
48049
23263
70701
79610
53160
70131
62603
66073
32660
56559
88553
22109
92230
47675
83653
46375
72576
36227
31432
93279
36142
63019
13498
51371
12180
51740
71781
15410
71404
71555
16874
70738
43081
88731
70450
51179
43618
29097
4463
64995
90521
13881
45579
33393
26799
56788
76215
57659
72523
42639
94384
95338
83415
47942
13735
56754
34834
87732
17481
51641
84461
82194
76348
2440
6541
37790
58628
20732
27515
98384
62466
89983
82018
5466
34110
99570
49929
56591
25096
45426
75426
89117
96211
91506
11238
7649
23335
26871
59415
95405
4295
18205
67661
6731
78197
53224
72235
82464
52301
96889
6411
50866
46884
94066
44236
11795
40842
44220
5701
44412
83426
17539
8259
51609
50761
44709
49560
69458
25891
38207
5319
69166
95138
40588
13096
74949
25850
69965
91700
48022
7145
47500
27142
25208
27818
31564
89340
48826
25520
39021
55901
23393
32831
29654
1126
97484
95357
856
42858
35335
57418
91754
56286
81698
8728
76216
25417
87815
14286
38326
65474
81768
58879
75631
23507
69612
90488
13943
85053
15742
74644
2744
5343
36080
32128
17699
39634
69994
11477
31983
87635
39856
20064
9470
54367
48786
29166
32625
45576
24403
87590
91790
89354
69389
33654
99023
9707
94462
24003
55142
32359
55396
90001
9174
88118
81812
63965
70279
52703
50104
77357
2624
48828
41890
20337
63141
71306
11855
34075
11244
33715
69228
64134
60167
66064
87275
19244
57872
3042
66635
36841
51888
85794
8117
80856
50511
42667
19364
73418
96844
83883
477
45806
90126
10487
41897
78622
97282
90374
31168
36279
43476
65295
26469
55004
64484
8199
7581
83120
72810
59606
64692
66309
80968
40383
64939
88096
59719
28377
34836
84776
60623
86294
11830
76689
67338
81952
69425
23574
52927
19383
72140
28599
46523
84629
9281
83309
41913
97334
53098
73735
21793
17097
98644
32907
29078
38964
16027
45803
51390
48598
82668
85659
94379
7804
84181
58923
32726
14959
27720
60308
51011
62725
11921
56983
37182
93156
67958
94513
46178
3536
14136
28410
62217
10253
76097
57958
15891
38454
63048
1142
6257
23517
78330
80404
60970
85622
70375
93629
36865
3936
52633
91043
33095
74637
17403
6247
77585
77196
81050
3104
18708
38987
65364
64185
13548
77664
72574
59216
487
19462
79285
87503
17580
32899
47223
39994
76143
6088
60522
41210
26292
7519
42966
37745
87164
69312
63905
87802
47958
93231
77415
52141
99797
43501
14023
55405
77019
85379
20249
98446
31927
35762
62090
46175
64301
7508
4959
51195
91062
78966
72566
11124
60421
62474
94336
30480
59034
35370
57828
83585
26503
39681
38596
77389
847
88457
52439
72220
88863
21415
84695
83075
4939
62891
8329
23765
24013
5675
1192
60304
77368
75981
21709
26747
16474
14888
59651
51087
71018
59184
61292
81766
28380
96817
4441
10807
47733
56961
43699
27245
5576
56234
14669
99402
36543
24029
60832
27987
98208
32135
90645
64389
55407
59553
11131
68932
58661
44441
56398
64285
74626
45746
82593
24246
42550
22571
54891
97677
10057
45371
30255
7614
7871
96004
96054
14991
34526
87332
10130
46609
84152
23720
79200
26962
10691
89749
90790
60080
91020
8619
6483
70963
44732
17086
59278
91422
53654
46335
40489
71432
52434
96593
60313
62198
51487
29092
23222
18724
20997
900
71826
13021
34712
79635
76818
36432
21309
83212
90670
31218
37587
25952
64315
88538
21734
95589
29100
58427
61883
54020
52369
62935
22238
1954
89381
50540
56059
30410
17084
47187
17269
75429
55658
5910
32617
35204
45971
12126
7342
238
78144
42698
5504
93256
19527
26819
28816
46221
73305
83684
53202
98607
43823
53001
4811
3366
54300
60909
97952
35640
84198
65002
63307
24522
38086
6265
25541
93682
12168
8159
84340
92921
50802
56814
45068
4649
81990
84577
88257
76457
69694
12185
60258
89127
97064
51029
56025
24383
1078
37324
41285
46331
78183
54119
99307
67749
26279
18323
94304
23078
46321
7140
20519
96064
56829
54023
37319
56416
67182
11215
70330
2299
90741
91548
70550
61497
78199
47015
60987
89674
3546
95741
6902
49189
36475
37899
76877
4137
61553
56085
44622
40213
64912
79201
95926
97132
38480
57341
89401
35309
92809
42313
38384
66870
90659
13832
56901
32219
62376
18441
71602
82342
75114
99696
60138
36694
73914
70213
80693
81168
88832
65541
24288
70298
29761
55157
6258
74218
99793
58381
40241
75450
95257
78173
34134
39025
26758
64041
10513
27946
22001
10933
24236
65501
90004
90277
21263
35528
55086
10674
85088
77908
3667
39618
31404
25905
20772
95253
20701
8310
10434
14374
50785
43394
29917
27622
95657
71543
66544
28101
28324
60765
24366
48425
27535
13286
18585
22851
52606
28451
26
47056
17116
91343
22275
37122
85235
63957
7231
32202
42600
55360
43723
7107
41981
71195
6515
77474
63368
31006
46141
26934
23481
52048
32566
29463
54892
29469
17532
81063
11555
6593
78264
45387
21510
56661
27748
90219
92675
97972
9516
94857
69634
7104
47742
5984
41295
9287
64201
47460
34745
68799
34177
80931
99687
66601
57568
90261
34838
72902
67304
32121
15576
67140
46283
67467
92019
84022
5458
34740
5792
44876
4385
58645
48779
4651
31826
51478
28548
6734
83976
83171
10476
79608
7906
67348
35092
25756
76020
61251
26341
62096
43454
94696
20402
15247
604
59484
65431
23084
78360
52518
34158
32755
49449
36138
10810
14632
64851
2825
91304
2435
65798
6064
58983
77548
53973
41543
17392
54775
93137
36226
79297
18276
70903
68589
13542
16802
64487
8180
27231
32513
31464
19886
49259
10795
20781
50896
40713
49353
24081
81011
61571
40071
71248
93634
36884
13416
15034
28475
80568
84824
45899
25327
97780
135
17333
29308
99421
18435
22195
95787
42318
37203
61787
51623
44468
49236
10137
57212
3106
70171
54126
43602
59440
44321
50660
77210
2045
95619
50019
68397
15786
2228
59371
71111
57214
20773
21617
19528
75714
83727
32343
27122
10727
14544
85536
9060
14799
74220
70025
89747
91334
15228
38374
12967
84131
9528
16379
58811
63925
81202
54998
55390
41187
36044
89930
43134
90156
70329
59318
25527
77183
98659
97848
55570
44844
55045
42415
76300
88824
45946
72364
8720
56455
69206
41568
18424
65660
66663
80567
20588
45680
32049
42117
15864
60197
27118
46238
22611
22129
89420
63772
7487
5708
39570
78224
50927
77870
31078
87890
43636
61217
99150
1287
32857
42277
38605
47582
12887
25681
93000
95055
26770
16719
89023
58309
75141
7681
71353
73933
27779
45003
10178
34536
61357
71807
2190
48479
25617
25021
65387
72093
10619
64256
10917
24545
18006
33556
81087
58988
70676
50308
12685
75136
1869
21657
79411
26495
67938
52744
44688
85910
7309
6437
56652
56917
54689
13939
80254
163
90664
83015
63734
28903
4226
89411
6112
93499
39098
98007
97656
94911
56248
45890
18561
82936
30957
32109
57959
65137
11933
27310
73924
2765
79642
58276
17938
85584
23340
55249
14623
84884
17774
23358
11126
26419
82718
89369
52463
4309
93012
33047
29042
61971
24648
10273
12013
76703
69362
50163
52837
52552
45080
73684
55494
39352
64914
12300
66367
91831
61273
46497
17404
67242
36966
97527
4823
10310
9162
80195
51469
27322
15425
75887
17307
70539
22610
79552
82466
41121
81144
59506
39784
83547
79646
47087
35105
29454
58591
64257
30559
41400
62670
66060
51767
84172
36467
21279
53574
99157
66546
68344
50376
88414
16154
67811
67268
99263
17443
24649
50191
27101
63
71963
72820
48976
28358
54648
40656
56714
18617
19896
62633
98364
21393
69813
72458
61154
89527
53282
95599
46371
12081
48356
74375
43845
64262
62388
91041
58876
58435
67204
50393
50944
61272
67731
60093
2203
35794
12511
83560
43330
4930
22733
92911
39670
28881
62363
14638
13227
48614
54723
74736
56998
81502
13041
13351
38171
43933
60017
95193
48095
74633
91749
73391
48982
69543
11900
87948
13224
25668
11
88270
11920
7653
92547
4807
19897
81850
61720
52101
92270
74597
62423
62052
9583
21211
69987
75362
3190
17303
35222
75463
22130
36544
12134
90485
20300
1708
38593
2507
2848
65940
22824
37560
77203
27170
20244
54719
48217
30458
22856
3450
95197
6523
18417
87170
70673
10650
4369
27925
30321
47089
3291
40364
16061
67560
95574
22703
45059
16427
39834
48183
87668
61341
13720
97128
57591
62630
32639
72604
10432
47308
30290
80470
39832
47503
54678
12983
75948
45705
51085
75956
42457
97201
51215
19199
20575
23823
45727
48733
42672
24400
28703
33168
32025
55002
43410
28277
59950
1519
20349
42371
14648
17455
52821
7392
8853
479
13483
26440
98169
13672
74479
42161
46808
89993
55478
83907
89470
69262
99997
69145
58420
7349
44088
73477
55007
69285
41784
84324
91262
5477
12398
14405
33048
97365
87505
68132
66528
34181
88522
34903
62021
8441
61890
85316
75646
92340
96322
56878
46978
21930
95859
23014
78425
84602
44404
19129
35122
39662
67452
92784
38248
78500
49682
78736
8029
16108
3421
28562
73489
76649
3619
93619
44133
29883
71277
45398
79738
33894
28700
72790
94215
11322
77809
44250
43870
21156
57128
72570
72532
85623
69541
11376
66674
92021
49630
32601
42981
17257
17414
3331
38936
81801
24190
43111
35202
38373
54372
21516
35862
27542
77592
43139
37579
61485
14804
1351
72849
96998
89395
16814
91161
96207
82033
18047
38042
76425
36664
79407
78957
24345
66169
82236
6207
85415
94652
1872
41821
17832
23376
3364
42442
78667
62232
70659
344
59861
12718
54542
88137
32074
3458
12338
21636
97140
98968
11737
85218
10825
23607
94006
64663
12674
80659
84958
18742
54741
90754
68314
31962
17330
19826
9126
38358
29287
15101
5832
99768
51734
55864
20809
58579
71772
82005
81328
19537
87692
72777
56046
17719
30199
80551
22771
66556
33623
99769
96890
1521
75288
54845
1067
46573
63241
85809
70792
97228
91378
16475
8463
87831
20469
73724
31893
62805
47477
88028
47832
54764
53761
30866
28236
54296
86448
9713
78096
83088
12160
99423
56262
65675
69355
39598
94484
70737
9678
12843
68557
48943
68855
46828
14847
55324
15800
10136
23656
98394
54486
79334
41996
6826
69754
51272
88459
30870
49586
55956
38570
52319
63929
54754
33352
83568
70355
19424
99961
59762
63574
47328
31443
47495
85680
64243
7782
69335
65406
27846
92375
75790
95136
44548
57555
66662
55430
38204
63499
38546
87808
81780
14530
93079
40211
66894
68394
17502
95472
67448
78454
71451
3170
24785
68569
1085
66445
91387
61018
90323
37484
35653
16521
59386
61524
65152
60684
83299
85599
50417
91587
89353
96146
91488
5102
42221
29004
50162
40095
38844
23353
47146
70264
13911
71788
36596
94045
99284
7668
56933
60764
56493
32649
68494
41129
59620
10626
6538
87637
75377
65104
50884
86811
42478
36288
91055
20095
66129
27800
59168
81814
89561
59275
37470
99531
72745
9299
46097
9450
42522
7386
63310
64589
13012
26566
31549
4455
29231
31572
50423
82040
79546
54274
78179
62405
39913
7303
16159
24078
43296
68497
53054
61734
10237
18420
89719
26385
82346
22563
10464
3809
25725
79222
92125
73025
88412
31407
83
72223
66186
38701
20280
34558
2550
51319
33657
71210
73949
31129
66177
35044
66201
16291
40948
95614
81880
87864
39469
14406
23268
44131
62766
21099
22004
12
86188
22865
14509
84764
63985
68471
34207
93509
94464
79753
31167
93683
60775
4075
75432
36996
48585
85989
81065
71224
60206
88477
17566
31725
56644
48806
47799
68128
14052
34285
82438
63254
83432
98450
37177
83951
71427
63078
98306
30701
84379
32048
54146
40108
98414
81467
82896
16164
65686
58862
46836
92932
68165
89496
59354
70717
93477
18336
18355
4093
81283
39459
33409
69183
83067
40308
90774
95002
14851
52715
72144
80876
27345
96644
8802
33621
16299
28143
72939
73804
36768
56876
26904
28800
77293
76198
63562
7249
76812
67985
56894
30243
71382
13249
923
59416
86613
41432
72157
79063
79159
71360
69399
58335
76015
37473
79184
30877
94341
31511
27900
41534
818
85876
41447
3596
23417
74175
46312
87900
42632
29356
91499
2587
32945
17267
84936
69621
99469
87589
3196
5855
54116
65257
55703
80075
35775
25137
58360
83857
93121
50259
14455
60805
73397
24255
97918
44004
57017
81704
25065
26631
85930
50954
48237
80989
67584
96735
83397
39120
743
80745
61899
95304
14749
43953
95963
13320
80506
93711
46692
76388
24042
88192
39522
23151
22968
10877
15445
79601
84428
94359
36538
23296
72534
40935
5674
8840
72555
55840
46756
64294
49866
69455
49253
72056
62710
15222
77310
76325
62350
1716
88112
80664
43473
60033
36924
66888
88171
77845
61732
80677
83355
41438
73505
59264
86846
14758
78171
36794
63228
14262
33945
81079
60903
13463
10181
14946
85409
31238
1394
16651
58738
2177
37274
35032
99604
34671
82123
90373
87237
98723
21537
42582
47881
1389
26710
24311
42088
63191
66371
55054
84922
46560
41073
12311
2414
6131
49403
58649
76064
305
27978
147
13074
23089
57883
45078
57291
40669
79965
96564
50601
29081
85361
70261
42727
77728
53988
51356
46522
65068
59492
69888
14540
40867
70455
8687
88305
54213
61753
42067
42974
16963
53349
73082
54228
76284
6100
89299
33492
30264
46289
26797
34329
3645
85852
55085
38075
48748
37791
66561
1180
33951
8896
10326
5963
96376
68596
65868
68580
9398
95409
23260
44312
96296
3363
95351
19587
24305
939
32705
45502
58901
17659
63275
32599
72582
22800
99735
79246
95349
86706
35011
42136
43179
80552
31064
12316
19258
79909
79044
61270
69039
65524
25504
53183
53478
95488
31056
48747
88741
41234
20979
26487
26104
39282
29360
31170
70250
51657
62489
69307
59369
79420
28971
71148
31837
79535
70897
44183
44685
83725
35025
62801
96954
92956
47424
58937
10961
32720
85348
74915
41583
25987
92511
46090
10938
27711
97884
60382
77905
66763
64967
50151
173
13372
17343
4841
29515
88341
58626
7288
31460
81972
73665
23459
91162
88920
45117
38836
73352
72871
50736
69240
43248
37333
43788
15597
72317
12866
39220
17586
92414
33351
42777
90284
51831
31751
63424
2401
82630
67659
67000
74210
65012
7715
5037
77663
41345
82839
44000
82598
88885
31268
18532
27208
58114
56724
35532
61086
17870
10664
80665
44337
65174
85343
2664
58273
13104
11125
85568
94476
33324
10194
5817
48774
66454
11420
66429
62509
55507
32827
55473
4697
84547
64791
50355
46786
26559
95129
47978
89592
51912
90386
89870
72526
53985
91651
48979
2381
97127
57676
96177
43917
91985
96222
36513
40109
30413
19081
34857
57254
79864
18075
96192
71285
60454
92061
47074
15376
511
62488
45740
62901
78107
33022
10407
92747
91484
875
70843
95374
2909
25469
59598
37961
41826
13174
13026
72503
75023
65400
88072
56663
87701
31369
77835
76766
54858
68679
61337
26896
34999
99713
20051
39241
62519
38078
99356
61226
80065
78050
60975
87461
6513
19213
29768
13025
58588
65605
43906
18758
98897
54024
43536
64258
77969
49542
69027
20643
27842
72227
8161
18169
18979
86722
55498
35517
15958
23191
83712
9495
67718
64544
48102
66673
7747
88175
98629
61240
65622
7117
60480
35878
90437
37692
99574
48737
90301
62382
78726
22698
15469
46544
94402
10438
44558
55141
29368
65081
24436
25139
57810
1701
57823
78686
34366
97198
37862
40538
96930
85722
26698
19806
53217
22318
1237
13565
79630
75860
19585
120
76117
44294
18330
62675
30829
84659
82611
91674
76931
78768
62571
62536
30094
1072
99375
5068
88987
91923
45144
75211
51616
91833
19277
53601
7298
42333
89644
32500
14398
2152
89858
43351
56101
69216
69555
65863
89164
64619
18103
52817
58952
66896
49666
71467
5267
45834
85856
63757
89553
51543
1038
31790
39864
24052
53560
15218
56064
79670
49307
15717
23804
48587
50030
8298
91155
49766
29628
18910
69394
90105
81571
20714
91687
19010
98521
12467
85563
7023
72673
96014
12575
78081
83413
63997
23564
11433
46851
94096
52281
5703
43944
7635
65747
1352
76351
86251
84130
20119
10304
67844
20146
64289
33921
8513
86570
72326
55373
26878
42829
43496
96132
30404
59116
55100
51589
49588
65659
30624
7196
78397
27399
41817
81437
38124
64605
64555
73826
8577
72064
16011
71763
18465
27915
30391
57328
66836
20741
82997
70726
1245
14135
32957
63465
90315
35061
46574
3705
34550
4457
33560
78761
72638
48654
24909
84495
49889
92287
60034
61330
68170
88431
35836
67726
89913
63206
19565
54311
42109
48012
24747
80790
58156
71599
64554
2598
94706
86741
82523
96557
49571
46656
68823
65952
32368
36750
53301
62654
62248
57153
54359
64751
39513
92180
80116
10659
6361
809
43074
48996
40298
70167
34910
47999
22695
70790
75052
45368
29107
717
80843
58745
4962
23337
2025
14667
73858
12475
77707
15041
24777
39495
68141
19211
48428
69905
83596
52420
45778
19810
74733
3621
53459
73853
57800
88817
36546
87142
14
1883
24986
54510
2780
25335
58928
10230
1906
1645
57878
24230
21167
60142
49806
39749
16261
94465
74643
99653
98836
76312
24363
61960
42369
66666
94256
48842
98114
82207
99071
70760
18696
84200
99692
28421
57631
15430
87340
73810
62535
71793
27435
83247
77929
47227
28386
5276
29329
95189
40137
96460
38439
95478
82664
13863
14872
80682
37885
76120
26748
87205
88297
27500
39253
63259
29868
31545
17200
23665
78682
10815
27187
24351
98447
13643
58802
98146
66741
18852
2570
49584
57751
27497
23707
11589
79284
92718
33263
88933
2923
56979
34551
26551
67208
40546
62793
81398
10360
23453
89377
11121
70594
97605
26606
66925
52877
71544
54915
45318
25267
22531
90793
7357
30435
61425
67349
60403
29167
35471
76217
11137
3169
74209
52348
61158
95718
77561
35519
26647
52970
62580
49765
34547
67080
66473
85888
55717
55371
50398
62729
26587
4630
53140
11181
88269
78569
7993
11538
72343
32378
24723
69244
84613
53682
47485
95977
29161
34545
49599
82261
4391
53362
6891
91368
79777
87103
37321
18218
99004
72248
85295
65363
48893
22057
28702
28162
24852
21215
77040
32748
96835
47766
24349
87555
25909
98928
88394
71216
90520
35776
47112
40804
76913
11438
21287
30360
93676
58890
22200
73719
34196
68510
54819
95765
34763
35599
31567
22846
96444
83668
99945
31885
27891
66915
34907
1393
70076
85082
44856
65739
48730
33733
78894
69031
76899
56173
58300
23210
97302
78436
31091
32288
62161
79781
98929
71409
39786
99438
40907
45374
39295
75251
37600
91375
33647
57500
13568
30992
28712
80474
18251
66686
63098
33334
66048
26005
11732
20623
94748
37854
99969
26540
17810
73986
79449
16829
40962
11922
19640
35321
8154
13648
46659
63732
6997
62822
49742
69728
18650
26493
52057
59063
14277
34045
67345
13680
75482
82621
16114
43045
28074
49149
10730
81641
95283
10672
16431
40818
34744
74371
38006
80598
9321
93920
27924
85260
22412
96279
21998
19487
1893
63780
6373
84707
6496
74454
10701
97545
93261
60869
92725
91847
77425
91373
28884
9270
57276
88895
85741
13200
23145
2265
4498
46164
80527
39988
98850
62258
63106
85105
501
83150
34994
41479
14548
14425
73212
28097
60452
48923
56595
86879
67213
93895
6628
86735
19181
15853
95590
6984
45012
35326
62872
2141
89056
49380
63524
57862
73287
65413
68059
22018
25534
2336
78255
92885
42510
41581
64608
22543
38056
93988
77226
38178
49156
64328
89793
14463
46896
18860
11647
37418
67258
92648
48136
55862
71757
23212
66759
45250
79706
40412
39254
20692
89897
45839
58396
5111
85904
75127
51606
80072
25465
73784
26281
9856
23441
17841
70984
6848
33824
54065
47204
95475
95020
26895
13169
70491
66475
64403
534
9955
21409
32390
80173
10086
49843
12852
98580
55594
88566
24791
95651
20251
56867
30863
88031
83626
91293
15929
60352
76061
81257
90242
26130
89278
88660
77817
52849
15078
79439
68960
72468
26870
7183
83459
71151
70484
44147
20604
45625
14773
80391
31615
20391
81925
94968
38097
36578
19504
7950
1031
84433
69756
18820
26463
285
36927
96694
15261
31028
40796
35271
43502
92039
17576
66876
48834
95636
60340
92838
89141
92199
81592
96669
82885
25857
39796
99009
18293
2565
85370
84661
53231
9091
24683
32800
68246
75398
53621
67651
60646
64557
73833
56266
54861
85386
65508
33543
96354
53135
82404
33469
13612
55234
89389
69730
52185
39139
97151
14786
42076
44330
46579
93721
21273
29676
83745
83045
78426
79741
53336
25331
25721
90743
19287
61926
73640
53435
85393
86264
3273
35028
30912
8883
70319
94043
91252
57758
24487
49905
89321
33871
60468
54306
66588
99627
87319
12403
42878
63128
62605
30623
61499
67834
57072
73678
27637
55612
97861
47032
62458
61162
45624
67864
86268
91380
25444
52296
3834
96130
55990
10949
22338
43914
27549
99748
58216
71060
58674
41531
85104
68345
98803
60569
66152
86380
26669
69091
85607
68917
50419
36433
52060
82863
61456
94615
13073
13861
51784
67995
26109
77666
13812
98743
87667
70408
97047
25121
3903
1054
87538
79458
38392
76901
3633
57652
43033
9379
84638
1270
28258
81961
92117
14175
59969
71335
44094
49154
60282
5411
31187
32525
63026
47079
8380
92132
57799
66633
97256
95518
50932
83215
16214
46271
10676
80174
46621
66067
59127
32269
12780
58498
16247
62128
31319
44422
42992
40450
54317
29077
60168
53046
86061
25537
30764
60890
22995
78223
52840
66667
67498
76777
89549
11279
60508
59189
51327
17547
79714
11199
49842
56861
99376
13445
49045
79220
38642
20938
1460
781
26982
20790
21040
85520
18165
62179
68065
41609
39454
54698
57789
52008
42470
17637
66957
96893
28467
92742
75314
70122
17447
31338
28196
49315
82488
71584
47833
81349
86543
43880
41926
13758
61752
48488
22212
30977
27396
6413
16364
46515
52976
76939
3352
23947
51374
37450
59346
27509
57513
40230
7654
25752
13106
50436
56012
46964
17729
65578
75525
5178
62656
46015
67991
49572
97805
48910
68815
78828
3367
43990
30513
33846
77267
4618
15921
34096
98643
13055
58609
40519
21363
27238
30985
27926
88062
53557
24473
26228
21004
85654
79789
44710
99461
6423
13036
8374
8097
96903
18360
39647
1329
63366
35903
7524
84093
82932
56873
38848
1610
70627
20834
99386
42229
60849
87695
48911
58061
12086
91610
33127
10920
47843
5273
50167
812
92463
58720
27430
29824
66994
42204
71705
69378
5001
90100
76593
48186
97241
7441
44980
81103
86033
41270
34274
61867
3553
3342
51258
91129
60682
13020
41734
88406
37916
10526
85323
45391
6449
89692
88513
61915
21168
81695
47031
81877
51220
77575
99115
71249
64193
51000
73742
97173
247
62011
22342
95142
85832
28804
43443
52241
44790
16378
66949
7670
88374
93832
50739
7574
11403
60146
77403
69056
68012
2274
26261
26697
85027
68051
24682
34882
2832
29001
87286
73404
43012
53670
86659
83637
28893
45176
82535
42253
73091
72394
97091
21230
12489
38883
87173
60101
77394
8749
84930
80320
93658
2759
2613
86377
37190
16654
68169
94432
74072
11916
28910
14921
26775
66506
60816
275
85899
35642
90366
93927
52618
64104
94920
50783
75528
31886
38308
94485
49247
14110
48608
97188
40155
5061
53490
12747
12010
80723
22783
38113
14435
169
18811
20536
88220
59878
28767
6870
82588
34337
33728
96641
76916
23345
81787
91586
13293
11161
75705
77753
33103
40897
99002
23252
37092
39981
75770
20246
50943
83362
2229
95624
32122
95840
67343
47285
73273
89949
36644
56820
63165
68800
13296
62518
54716
33662
46842
43511
17736
53981
31584
8469
36792
92160
65566
76575
65260
5765
97318
82602
23838
34000
66210
70351
88033
38188
93145
36995
62717
28734
23896
86135
43245
36206
53283
43701
44239
75835
38059
13452
77396
66534
4147
21644
67708
21799
29774
46864
21163
32307
17662
62113
41360
32332
64728
8330
39977
18916
66702
48620
89908
24540
6215
51753
16794
72296
87672
9344
71786
12263
97475
94291
88983
53692
28727
19506
68582
25413
71587
59707
1748
57433
96852
72215
9535
13632
34127
13360
68029
68429
33348
14523
33268
59452
92536
18411
94514
85583
99155
75582
17998
28641
97323
76628
6901
97937
73459
78417
3222
89122
38227
82411
28706
56349
71874
61391
71373
20437
30605
39811
19373
55207
34776
75201
3804
77933
81629
76320
27423
89232
47698
3887
76309
54893
95942
33313
44763
19541
33993
66750
75281
65801
58490
52998
66813
74623
16666
47656
71334
33438
32504
4076
20729
29028
94285
10079
88397
20806
15888
22559
67026
48228
43183
29679
6887
29733
13417
87223
94284
17500
2010
98091
65181
21162
13689
62954
52822
25958
34757
23753
80570
32763
54322
11684
11113
90161
39288
36854
34657
12152
58232
12711
68188
38501
28981
77798
59102
14402
94548
46437
39471
19669
1195
38576
78970
53170
33551
71291
40667
16638
44504
16434
28886
98615
61921
2296
57226
88579
11831
14794
93792
67637
74959
85591
93249
74427
98161
18329
6855
33445
53888
32679
26663
58405
25972
77031
58769
7350
59017
97013
89699
82332
85026
29422
16485
64917
62634
33364
14431
75889
73234
35163
20768
3382
76453
4606
2614
27248
84984
50052
97401
85052
76053
66889
40426
2597
59836
13687
3287
9323
3092
13146
77629
68623
76067
60358
67829
1356
48450
56058
22402
14205
14731
53533
26980
96068
11915
84003
63468
77349
8381
90714
56880
77406
1471
51689
80899
51226
65065
27320
37686
54134
72610
93867
73504
6177
43598
43217
67314
6622
60396
86073
2154
64305
91226
69693
50241
52174
26902
2650
95300
58474
50687
30336
90771
54365
98181
77986
60121
2324
3639
42486
18857
30780
35561
12638
19568
43368
52206
50211
27912
451
74246
23802
21780
14819
20310
7502
99022
62807
81894
38462
91906
73889
13405
3748
50157
69124
65299
87522
16142
14724
26421
88346
65963
14628
91465
2159
28217
15290
72693
21837
69585
91249
89213
31382
14880
95914
20400
49533
80147
15142
84480
35345
41547
23484
20265
22306
89642
43825
73393
67680
67775
8871
63876
93227
90763
42465
44058
87785
89623
46516
48643
31967
88331
81652
54231
70652
73816
44157
20014
43170
16679
11967
78673
6410
98117
4082
70818
15185
72399
82937
26294
89537
87328
30224
47508
41205
18014
44828
64280
29160
68478
88419
66790
89192
36310
22552
81543
66920
82357
74329
6089
51167
46306
13132
44864
81650
81841
51204
14327
89520
17855
46040
60866
86699
36676
24155
15550
91705
97812
75278
49938
94403
33565
68500
98029
81179
30974
90595
4334
43481
82883
49491
82422
34930
32110
42480
57679
61969
6354
13462
55801
37990
56969
73174
93192
54014
30031
98578
4256
80927
68319
89265
64325
28584
8713
87399
88816
94026
95711
11619
81831
77012
82798
97380
56053
42826
35228
52483
52132
46721
35498
7842
48727
79521
9392
12932
48498
290
87520
32471
36562
97946
94701
22468
90015
12504
31169
34268
53272
22626
42564
5025
31334
46697
71503
25817
63830
62691
71933
18138
89482
39848
30656
24931
48823
50670
94063
11081
24083
28208
62087
54963
25075
26454
22985
53100
72270
74826
78385
10198
11529
12603
65807
40988
10760
33071
84387
72838
81713
92331
24454
17702
45560
51047
24012
5286
63034
31467
61808
92107
67472
89799
35354
7172
41454
6278
36389
99169
63962
89514
12241
62321
75759
33671
77947
54710
46479
29038
39396
67648
76287
53332
85701
10200
11853
13560
60178
42789
60946
65521
63246
81574
38919
57686
87245
70093
80749
55954
17422
59113
42464
61363
78234
11013
12235
35094
87556
95396
82169
14840
50152
60576
63153
26765
14336
91150
10060
98298
59423
68053
81016
88617
55549
27979
41589
34068
56082
48566
70175
7907
29239
4079
89716
27556
22672
14456
99685
60485
51057
94725
17378
46733
67894
26362
52462
82663
5749
25193
79868
88441
62959
14212
21258
50013
40402
39942
87334
22084
95005
71245
20269
76971
83479
65182
84675
23883
79402
73117
13382
50505
88078
22926
1518
66258
92930
72770
89781
71638
5601
37757
20250
34610
27210
75203
39414
34100
29821
74537
55669
70683
53502
57491
87947
66760
25803
52773
6070
82799
37537
13248
16777
40599
13605
79600
47661
16393
93113
51607
74418
65640
39960
82694
96952
22190
95805
28297
51400
70568
12992
88283
76731
24503
41532
57583
19165
70699
12580
52516
24098
31328
25016
67760
40250
35036
76872
51053
37590
59720
60980
85933
23876
26563
55983
59413
18082
90163
17705
16098
86353
72336
69358
26382
88730
24819
67707
37837
23760
64660
31731
60998
17686
21598
66801
56137
79945
29246
53086
9178
29920
47192
29787
98151
69899
24800
1295
76495
18428
166
71215
89474
61333
86737
81191
8252
33308
52362
30122
45836
48384
25917
64738
58480
47602
4056
9826
82675
37702
64277
85166
57818
21853
84702
31286
71859
39728
659
60568
19310
87353
62893
20983
51168
53746
70678
77084
2166
76160
88363
46102
14916
84852
36149
48564
30120
38035
74671
11263
35945
89234
74932
1844
48772
56136
59286
28642
66456
97949
14223
36901
20641
54573
3304
47908
49350
98731
17675
7964
38262
36761
21925
9254
23406
46682
19796
35923
96387
68145
43795
92897
38933
76206
78193
25883
17676
21622
85066
5248
4558
18851
6500
29217
83670
19644
14491
67211
60152
76238
68465
42199
93117
9259
33040
92619
16143
64949
16
64700
36305
40647
17065
74189
36086
77325
34260
54450
66118
36323
91391
45642
48889
80782
56647
33296
51516
94991
75541
73460
56965
83356
66985
33782
81552
80485
71264
36779
12849
69408
12781
38424
70911
16871
55191
88770
23379
46633
6849
10768
72513
23000
25297
18151
98142
5429
89777
36370
63749
50931
24009
46018
25484
17876
35577
94454
14036
359
15636
89555
50956
10925
95975
87411
67660
62028
50254
96478
61379
30454
59365
23
83920
16490
75575
7289
19734
8004
25106
21866
52218
81166
86517
64542
22436
83888
61663
59100
12628
96720
98932
2275
24978
10138
64876
22013
4885
50804
90164
31519
38397
98311
46765
88208
20632
7836
87043
35740
92100
5784
7903
90074
3625
50166
68331
51238
58205
76706
16875
42344
56140
19752
96189
38602
77279
89274
26795
70423
5363
54029
76179
87866
98347
81702
12706
34243
33243
33898
48799
83863
90995
39024
3139
57245
4941
31908
26202
66329
45363
22314
68743
21242
32888
37208
12060
28939
3394
87302
41799
55777
87122
79711
43055
91792
62173
30680
92640
31701
2520
80733
52865
81643
2677
46073
12883
99642
91715
58046
93188
65444
44159
938
2806
68154
63283
43660
44654
44577
44593
42779
29230
24167
66545
18673
79998
90551
18560
34850
61475
25871
70446
45775
32932
71593
77910
49228
63493
78578
54210
8418
56907
66188
98543
4327
52298
70102
62416
42977
33444
35456
17063
17215
24946
99732
51818
44985
99241
76994
1233
42585
79873
15482
18974
84327
18995
62803
87634
76744
19344
50810
33698
24069
42104
13931
66450
86028
17183
31145
92740
91971
73399
81420
11903
24737
75166
24825
89891
33287
68384
68025
62438
98207
93662
22564
75757
13794
14703
6392
67649
71168
22371
1800
47362
52247
53218
92151
47276
41174
21436
6210
77225
35027
78555
19680
85768
57590
32732
76616
5451
39970
33262
75945
57677
6689
91677
95894
69801
59662
26624
45818
71619
27537
39818
53069
90815
14505
63840
5359
3489
4739
3758
70884
45535
6872
23716
55025
74137
33809
74041
72206
62435
38816
96936
4078
86776
87632
9142
41045
57014
80194
55018
9917
94904
36485
65836
68886
96048
5063
16356
79135
67036
36618
79960
45821
3276
61207
80398
91528
19488
97728
72531
9365
9541
25051
51199
87678
26959
12509
68850
58523
92804
44835
72369
28566
69085
74813
86585
26416
3146
49772
69380
20583
43068
61035
31855
6374
48945
72149
41928
99398
91124
79833
91660
57887
36484
8413
95719
85231
9812
43301
11601
89894
53024
23794
76062
84665
17460
27528
30555
51447
397
41494
99001
77945
82263
18096
98994
58864
16120
7659
66498
68851
76235
28815
82559
69602
85005
14258
83617
16097
91874
82504
49260
54595
15833
52812
69205
37830
7069
75386
24739
9499
32470
70091
92944
72623
57498
52857
76155
49249
1690
84311
90092
88705
40954
56142
92464
17087
93750
86784
46032
69659
76627
13810
46827
35388
36689
56634
95327
30857
72595
90651
62510
16582
75664
59692
10202
97994
32358
70826
88144
91600
34965
80866
74607
44657
99473
81553
16174
40080
26010
59439
93104
33174
98974
28980
17518
59839
11929
17360
17034
71929
51121
79841
96105
99949
50088
91980
35231
64964
55232
37851
31164
5595
94656
59585
47040
62403
94070
85511
2356
86502
54656
90056
10365
44155
75842
81036
57377
72159
2530
33297
43764
13782
65359
64114
59896
57215
28076
19044
83092
20215
25392
99954
79830
95664
64078
42707
23100
35196
34652
16864
38538
35018
77276
88216
65908
40334
46928
37189
59171
12885
62925
4874
69465
45217
1909
69818
50644
71171
7323
10634
69757
47375
41385
54494
15454
60056
77957
5573
62950
50483
40494
94434
30083
10525
36519
87101
49294
69690
77678
66818
75672
47163
62190
60922
15744
89163
53392
59271
73016
18609
15035
52832
38499
40147
10158
30141
28652
64824
90031
35084
40407
13187
49664
86483
46845
16354
61948
28811
20532
14909
38279
77177
78615
4330
26542
18484
39961
3831
66866
31980
58726
51222
42551
79519
84836
64518
15037
63678
63662
8369
51620
22986
94049
31527
75071
26225
49188
47422
91009
80535
73508
46021
18723
67034
44981
26984
85519
67716
55880
65216
47737
65473
91439
81489
9636
98541
55212
71389
12968
15556
58913
434
59039
58270
66668
25447
48681
86729
97522
85182
43128
84551
69135
6497
1230
18400
31279
44742
99050
55845
70904
15400
22717
26022
63495
50779
83458
72104
99951
11859
26953
1959
26523
82627
49311
78559
4625
37683
58798
78033
59907
18382
29117
68378
8222
70353
43058
64420
1076
3589
18681
96117
98749
65369
50715
53905
5428
14602
19658
7411
54138
99295
96670
20328
38491
98238
35362
55638
82960
4759
80742
35252
33018
76432
28068
88671
94078
33146
74621
26991
18772
75232
63987
52215
31025
37866
74966
94353
73518
49979
96502
60671
15780
40785
90687
93831
55077
57157
11761
3478
91042
69034
87421
44922
41433
65410
11418
15333
15649
34799
11075
89049
36134
40657
30626
81345
14866
64425
93922
58563
36999
94795
19841
26919
33137
62136
89347
4021
5108
67789
5339
20539
78062
40617
42997
56688
24075
56495
92279
27380
72855
3560
6589
98110
17147
30079
69833
4022
63557
91737
74305
10420
17967
16128
15248
68709
2050
97551
7064
62049
28555
6835
27552
86139
38004
78506
38355
2150
93496
49230
8377
83700
26854
41570
51688
39481
89962
21257
61049
93204
94103
77111
72158
85188
616
68411
87697
77099
8465
44592
35733
20170
7809
6120
7009
95616
67875
86760
75193
66014
83137
37233
70176
61366
20698
97182
79129
81278
25289
57052
54941
81506
88624
95822
79288
65382
7897
43641
63805
24742
77476
42287
19122
72257
36963
85723
91472
41394
72920
76035
39348
27602
39149
8744
29267
65404
79375
65222
68522
38408
9066
74770
2113
18319
58689
99276
39865
10116
14713
61230
46752
40236
15364
76093
837
8649
18647
81149
84175
98410
9806
95637
28782
93781
19620
47710
33536
98067
76574
27471
65582
70576
70223
44503
33236
64572
11905
77259
53141
33116
65452
49295
68629
44350
77328
27139
61345
30856
87595
1112
24504
50403
82940
19394
79506
33188
90012
56988
91582
21342
11718
49799
71528
29993
76802
55886
12553
27342
13800
39595
33839
81784
84758
64627
83567
92542
98418
72236
41751
10673
81727
4045
43429
3283
67697
85356
74019
86112
94055
13789
20637
16039
88405
94490
5600
71952
81569
95131
36003
34679
77781
28194
3465
95662
2454
99384
26174
19298
82181
25367
92292
42420
1696
32735
30110
83046
55603
28051
80369
30073
97786
48917
86554
279
97294
96403
69862
32494
89886
57630
2170
83777
1023
9064
52330
13438
49783
17747
21462
64432
48403
7666
59350
46411
47005
95717
45192
48685
77646
80107
19321
66723
60813
45022
87378
36785
73132
73562
42642
17826
37054
82705
2712
96827
16621
8653
76151
66057
31863
50384
13032
610
12383
81321
76838
51325
88867
96414
27933
83390
82536
18058
61051
98313
87065
35583
43035
40788
58038
87663
92484
23405
98677
5742
89863
81002
96247
4683
33344
57504
60514
89462
41728
10510
91685
83047
9788
17579
20220
50267
18703
15166
85785
66788
79542
73791
75505
81525
85283
40480
25981
67135
85549
38749
75443
24740
73387
14564
85072
97469
41726
42222
35759
13386
76527
23797
69243
20174
64521
53051
79009
297
44428
82926
30418
60457
75381
66011
40362
55152
97629
39188
8166
40186
56699
76307
35734
58989
21872
60559
63058
93616
32985
83633
15677
10144
65350
92063
8379
26340
97911
30339
24961
6676
88044
7139
78251
58960
97706
17916
5131
23213
84385
22122
10331
20094
92426
94164
1601
16973
98308
98965
91934
44533
69522
82137
52657
34866
68829
85215
30687
23572
15809
83443
97208
74460
1176
40750
36990
36533
36262
27674
18036
47078
78423
22140
13092
35324
38693
77246
68415
65530
18369
59460
40100
25703
84238
48550
87690
18855
76193
31808
76651
71791
59743
24241
38046
30921
53530
47057
85137
29533
65777
17275
86624
50330
98621
39583
87874
25495
77960
23817
57079
67812
40686
30084
22289
88411
46728
87598
62155
95053
86908
27305
21532
42441
43988
53015
59218
31198
44606
12068
44007
67056
63797
25940
79840
82130
213
95081
72962
87982
28974
18871
96976
83716
18350
41764
43871
50833
79172
30433
84504
13007
80200
45197
94016
35359
87630
62345
33834
65638
4224
90775
81721
91636
31280
30531
81940
73058
14989
64176
3592
56094
8468
62484
96544
83491
20828
92067
10417
12423
35016
6456
48181
79021
25833
68245
71011
67392
68897
1358
78455
39065
95060
57880
26654
52719
27075
76635
33000
74006
64694
45640
78280
21718
90954
69816
8604
54796
92427
93155
7774
80764
86836
17872
73098
80717
22470
17952
74891
41724
73850
19740
43789
68341
14021
46635
45234
88738
66238
54481
5762
4686
21300
35424
86877
20260
69279
30593
71953
22969
66660
53922
88673
73021
4738
13423
99326
30609
34066
65994
63492
784
62244
32807
13005
14582
97059
92663
57139
42538
89225
94130
20930
66257
76602
83552
52382
27389
45928
43362
94527
69874
42466
95722
34165
17048
52566
66376
32622
18458
162
96722
3180
30046
5143
71911
58830
13072
65057
16626
5398
45447
39346
20654
41246
62286
19028
76961
26183
15904
74144
45598
85655
73761
79989
35576
60957
90268
88274
33526
21225
82071
69878
94644
77551
25633
53013
2475
24568
60428
93129
17626
74411
36890
63908
42365
81483
95147
45762
74718
66553
64587
1779
29744
82521
95256
34395
23324
98780
92218
19222
55196
88707
31300
92096
1334
11860
59082
85472
15042
58011
37246
9567
76639
64859
94245
44553
11576
47880
95112
58611
54625
6186
54728
24393
66933
71201
27172
22897
32724
13661
77759
12308
89016
19239
52844
3134
1323
2016
86362
29643
32399
76739
90677
92969
80078
50263
13203
70988
2455
19937
81376
73904
22307
37768
54340
67147
33618
52449
8616
1263
42933
94977
43962
97766
6822
61041
60557
31823
4834
38271
52807
2599
3627
76077
10514
84804
15908
41595
35947
93859
59208
84608
15022
20019
31233
17503
21645
77869
95630
79788
66752
59625
76930
69117
647
62842
66770
45333
18461
13151
91137
99465
25765
52700
78220
96144
37031
53564
34790
72125
30671
89020
6231
75162
87772
90153
55397
55263
35009
66106
40592
93597
69096
30878
52128
62151
90110
50202
67325
41485
81717
97402
4039
89180
89843
27397
67400
89497
49730
48569
97103
54013
50310
29498
13561
12176
58119
86115
93606
79973
52643
82199
35155
66030
25225
10731
71698
19333
72388
46213
12389
36009
71752
73628
63167
71227
16471
91950
72407
74014
48031
21212
27209
46911
89577
50878
10849
24385
1196
85506
14568
96892
41564
5597
8011
51010
56908
23886
49372
86025
96777
52829
27811
22755
5224
72840
60723
8586
14876
96264
73248
66059
35060
48687
67550
81606
95503
96744
38495
98454
73763
21804
11435
48629
14219
61602
66709
10505
34276
93482
80342
99424
31287
43141
40743
18362
4909
68479
4819
90752
94984
17182
86340
9875
24485
85150
12307
44442
78860
11396
3931
48216
97810
48455
30827
90237
8769
33967
86038
74861
15202
25446
4612
99248
78292
76136
30354
17784
70536
31148
86747
31698
75337
97030
27440
50215
77588
10424
63175
32644
88240
69981
71831
49704
92366
62984
75340
70034
47853
69198
62495
51317
43102
17959
74899
26496
39312
58644
48669
56667
11194
74965
72691
76203
38427
16093
57558
8675
8725
34122
21785
42037
22529
21509
45823
51157
90070
76083
46379
54751
63338
7503
12559
33449
69893
52472
3865
75174
77074
83112
98018
79328
83953
17465
28278
82815
45133
28280
32796
39476
86538
44894
40927
7011
56891
38002
63612
65629
9545
4195
81708
65390
4134
4955
69901
71336
63960
35037
99201
9822
74955
96695
49062
75383
88523
50632
71322
62022
40199
40381
74568
66557
90030
25547
31250
25615
575
75093
74117
83301
12288
28878
38360
55660
96087
26403
40478
56189
51456
36878
43395
12226
66375
73120
23867
7481
66194
15177
37135
93135
911
48310
71755
73296
50192
25260
91140
46615
66464
20682
6462
63566
56999
6762
83154
6116
85795
74015
93473
80067
21767
21291
2200
13538
35360
91048
10043
55462
28403
27609
78095
55193
55272
1495
68579
23909
81683
73894
68872
2404
88627
90346
66034
61224
68767
23114
16998
11172
24753
97280
72779
2311
46353
5294
75481
60982
63604
73790
62971
4284
71978
57884
71760
67839
89475
85061
70068
60165
19696
18481
72960
76596
3411
42499
46929
2249
12833
5683
40065
94587
81645
68717
44062
6098
94186
24301
52089
2580
4954
39174
27215
8358
9309
72988
17596
34469
68575
73309
4344
36704
62498
78267
26833
60359
70761
82850
15294
27853
50158
44598
40401
94278
99477
73725
4672
3962
70210
50572
68267
34992
27871
54115
36819
85222
64839
95258
15006
88735
71176
45292
58730
28284
21072
93447
6554
38163
82218
48719
61089
67912
3720
46913
77153
80141
85461
95989
35815
51285
23879
46901
42254
31574
59148
97649
61175
33969
65106
65527
16147
38935
39803
76489
54289
75871
67810
23693
42240
87762
8901
94228
96109
57146
33855
6621
7868
30196
82727
87449
7458
12323
277
69894
15851
92585
25310
97311
64831
37123
47019
19328
11439
21745
54553
95613
24199
57143
2811
14326
27277
14789
75004
12446
9334
97009
93091
24040
46494
42381
96558
69704
86162
7223
85067
94233
24116
5611
18543
43243
64744
51454
44868
62404
1784
27309
35401
48507
13322
41809
20535
45528
91915
11080
41175
464
50399
16785
69780
21988
27343
99813
74237
43118
31769
89445
49526
48677
1125
90107
3213
86927
79216
79459
77221
38897
6624
60196
49830
998
79378
29259
73164
29145
41524
3301
60090
78276
39461
96853
42440
73121
20450
22596
87491
36109
79780
65018
77260
99632
4924
74096
76444
49657
62915
64610
82041
8420
31538
83482
91545
42080
34779
3339
29863
84694
98802
20344
66756
45694
74326
38023
28752
61589
80707
69420
878
80373
54801
27792
94538
33148
6040
13888
22208
82047
85571
41757
3377
87932
92650
62623
26221
93980
19392
37534
78400
27875
70898
53595
62697
36131
36361
80882
58316
46711
4654
31326
87610
6732
49580
86944
89133
93594
52394
49869
32987
93415
73487
29405
52272
20716
96082
66256
66131
35484
38502
59074
64750
85042
39470
22352
13504
2477
47034
37953
66189
98391
45054
34129
20494
97502
4736
42353
43622
76820
23537
15190
86016
86083
36532
83644
13348
93815
17501
35475
81134
35216
51419
78858
35433
80847
18521
38357
38953
24286
41114
25323
13843
44589
56169
67939
33965
61261
52729
29060
92792
49202
22488
72968
95477
11205
12498
86693
68581
32503
11552
70748
82310
25738
80037
37855
9860
86015
92779
60656
11656
36919
26684
99834
75076
4371
7410
6717
94181
69365
56374
18265
36360
64702
97202
55012
63404
83624
83366
5926
2626
32959
95466
90216
46429
85250
77892
84859
468
51077
33331
85291
90304
46794
728
86906
19596
72725
36882
38504
91056
91322
40815
67145
20484
17853
52934
55764
79041
11366
1064
3370
56024
4357
27587
52769
90199
26612
25546
35244
71549
59392
47637
85848
54397
44461
81590
9565
99495
30932
24054
44615
91937
57147
80839
33853
80941
73801
31370
56425
22454
23917
71391
53674
60544
37248
69761
15011
70806
74579
7422
8320
3712
272
89628
23070
96901
99706
3080
23535
64046
17623
4113
77603
34082
5997
64429
21949
46657
18973
45182
44773
9767
30822
8719
91074
85951
48453
53666
14208
51138
93052
92755
46639
54360
67294
60040
76292
42206
27866
94455
5272
2466
16823
20668
77309
11578
66940
59998
55433
68289
70744
81454
88168
80335
33598
95864
12751
28222
71989
83541
51293
8315
82193
70838
82821
35157
86254
82405
70839
8195
13185
88370
17936
90699
81845
4450
71558
97582
28805
36101
80354
80531
6578
95826
64461
78468
21496
27994
74192
69462
85345
76624
31104
27283
42742
23299
3393
37247
51677
63303
88823
98719
35285
53288
60598
61489
20112
84056
96472
4742
93317
18959
61974
75394
54169
16106
61139
65399
42055
2657
50748
71664
6832
82367
35158
1046
19267
83062
13725
3734
2796
77238
514
26002
76025
27943
27657
20304
4596
74348
58312
76650
14510
15245
71052
14620
94410
96008
10931
97257
95041
48715
74349
88721
31812
32719
80305
986
56410
83573
81211
32730
72070
81566
99666
70637
31595
17884
53174
17957
60011
98700
98359
89831
36872
8538
75656
2183
46302
17995
85303
79904
58060
44750
52544
2136
37945
29150
22521
62598
34603
38212
71173
19855
41355
54609
57413
67978
67249
9481
95106
70336
49797
40729
73375
67428
23052
77281
26922
47013
15453
13389
37301
12173
18546
77458
45467
25998
62816
82534
50629
41892
10903
96257
35853
75231
93045
49822
5422
2586
2031
49505
84430
79199
12680
36059
17970
28977
45432
95319
49965
21563
64409
65760
92603
54459
59153
34324
27564
79419
48615
39946
19856
49293
80202
48173
40963
9375
3832
45763
15821
15305
45948
10574
67598
99850
66281
43166
39660
88418
2106
15444
552
10482
53900
50731
82499
4829
67969
86368
20137
19913
47806
22494
19035
19031
61514
54874
58775
75793
73545
30068
19674
67902
39979
24448
95760
86648
86255
54303
14307
47062
37653
78535
41061
92869
95492
40150
13402
60198
32712
95623
44302
11606
51315
60555
44229
8058
51746
17177
69360
9214
90910
16909
45372
78141
95965
37938
89794
15754
83297
86507
5338
75430
37607
70044
56467
22619
30019
22808
51714
42417
42113
22978
36377
15244
40453
53251
55874
85155
66415
71984
13049
65235
90789
12371
70047
44609
5282
27808
6935
90152
91434
45109
93362
87817
47984
63202
76437
55226
7701
46700
97635
47361
70260
24505
21069
71734
23083
15914
78941
86328
12642
49042
12228
77067
28874
36099
46203
32757
91733
4290
40976
47884
95849
94746
8191
43238
64393
12095
65623
53989
32235
18887
16057
55814
48035
15231
18231
42556
27046
91623
63360
56080
25609
39389
70094
19056
22300
26117
52360
31445
84831
13531
39574
22548
62008
1056
862
91239
84106
36158
82361
55591
40802
76776
97317
49949
44586
37130
36050
66075
79120
15578
30774
19180
33383
81576
5516
49400
78612
89509
75737
43632
45935
99873
60571
85125
7180
61232
13669
60852
41189
95000
68906
63867
40097
75372
10039
1932
34908
63180
44560
41007
67887
47872
19382
73701
59210
24645
50524
17848
2667
95939
22724
95547
56122
94252
55465
64002
63646
3955
82
63919
36159
44711
16215
88203
31856
47096
9043
26988
48520
69366
20512
51654
53633
63193
17163
64580
49761
14895
14629
73413
30291
14590
70973
20618
19623
66572
99491
21961
68176
37220
49679
80767
4775
81522
1935
99519
57223
78792
3848
22374
24526
77970
74488
11738
40730
57188
63449
15155
48337
3944
5530
58894
92688
14790
11528
6111
60281
38941
4383
58954
65576
89153
24183
58590
31709
14885
6806
93126
85124
48317
55881
89632
99277
23001
68291
28145
88266
777
7474
47871
40583
42816
56202
17767
82235
47215
23410
3759
37946
90701
25548
71798
75226
92488
23236
3733
95019
48489
51680
24019
16483
21107
54853
9533
52929
93926
25498
90587
33031
3965
72935
65745
89181
21571
74711
37649
29782
56511
26176
94309
2764
46125
69315
45600
86326
45262
1299
60049
98401
83721
1662
70178
90124
55787
35748
3501
62055
65023
87272
30461
3514
24320
87639
24710
97959
51595
69439
84382
12056
4210
45096
89532
12313
31227
11935
855
32708
37635
68420
75147
88000
66725
58155
45558
88493
32517
12156
34011
6091
4965
21397
41521
88634
18525
79053
68032
51348
98708
33042
82126
527
13570
42532
2863
20752
99827
69941
1037
34327
23187
92367
27332
60863
93478
98863
26254
61264
89235
63788
38972
79981
37286
85554
93756
23982
78826
49897
3149
83551
80383
86391
34088
1026
58743
14854
55131
12225
44570
20232
7823
75885
91611
75404
581
22525
18192
47858
71253
58349
14645
7526
64549
27901
1319
9997
55916
88041
84525
35206
17105
31757
38870
50923
41982
727
96958
31925
9908
74889
37753
91858
69428
30519
11097
5743
30106
33844
15292
58189
23944
7158
46677
91128
82323
18114
83816
52380
92516
5113
86189
56307
1851
61995
33088
5445
16929
70953
38166
91697
11453
48055
2288
14651
45345
35367
615
31329
44984
84274
72768
4355
23752
58285
23694
48867
88398
66671
87196
9488
7916
46781
69015
37019
19374
3482
17578
51992
3173
85504
19603
14562
79999
71099
58272
88063
82476
79541
80426
69823
2594
79039
2337
6220
10553
42027
28561
6025
91667
89027
24600
74470
10448
21378
96193
39062
77161
59653
57476
96013
86493
86720
31423
12649
48918
96941
82070
64361
88212
37493
81529
60246
80489
88364
70780
28072
65697
64459
11019
3908
37584
42410
39053
3220
66120
24921
16234
20722
75379
37072
8585
53156
72033
10302
88508
45637
96484
14341
60117
88564
11515
98561
80207
22317
37354
48973
7038
8865
15987
52334
52355
63309
55548
16566
80982
20712
51839
6818
66488
72645
88504
30010
37603
39106
36645
29964
31360
83590
44092
88074
2924
18236
92615
86429
52804
76828
42265
22418
91646
48729
39130
71098
25954
71512
19853
49239
70155
35317
68775
80891
90254
16818
76974
78084
91889
53890
26569
84314
45478
60015
38743
60415
35999
40873
63182
43290
16891
60614
63062
47906
88454
83186
24026
31291
11197
87570
42264
94009
9095
4693
18011
8230
51799
70716
99339
43364
48542
76746
5403
65154
29887
5872
20348
81524
93896
36498
74969
10294
976
2266
41329
60820
86460
44703
32021
98765
21045
60672
1756
50375
46343
96757
85302
87138
88023
51967
49457
55822
73536
53390
78484
3172
91505
21589
15731
89566
26297
98032
185
44013
6566
18210
77665
93866
89238
54757
70766
5764
59967
85492
59674
48589
68970
73344
39993
96881
41702
58656
97621
60597
92229
30744
20093
64082
13716
21507
92965
40891
58268
3
66142
65325
26832
41963
26251
65196
33489
2730
21067
1118
53010
21411
74345
72751
51159
24283
63517
52616
78354
234
63584
34038
66402
33089
42553
48525
9932
61122
31880
40982
63476
45226
29602
13646
8378
60961
8936
14172
99125
8151
86972
37722
98076
80973
80758
8118
56204
18142
73031
54792
25539
61646
36191
29969
7575
8450
56596
46863
95886
14363
84685
75717
23805
17386
23470
33477
14635
8119
74433
72829
83999
12758
23279
91075
76436
91590
80454
7478
69613
81304
93838
24840
37195
69013
80327
5437
34557
37717
8691
58877
15989
28335
61901
97540
26600
33069
22562
43426
35308
29433
83987
97123
462
28479
2135
75339
75805
58371
73242
53769
2290
60674
16493
51444
64204
53554
56862
97248
78017
20971
94964
57994
69072
1083
27452
5357
46478
89878
27021
87038
49050
75077
99285
83778
10548
71684
70797
85259
22131
65442
76123
57332
40875
28234
20070
7015
42056
81114
766
47036
47901
65437
85107
55674
2384
46641
8659
42141
83898
61656
97384
32723
11173
69461
84518
12460
55376
86810
83504
13393
94846
14757
7780
63209
42416
96978
67747
55300
43803
97756
40251
70545
38975
55379
48898
79102
70284
80057
51848
74775
58471
18883
97448
90678
9699
5679
95912
67440
81570
31849
9783
53879
14228
35398
13470
80714
65481
19225
83820
13978
59428
18032
48135
35205
49576
41415
64910
38553
32246
80050
87628
61028
22113
51213
64248
10596
41431
29564
32019
24920
27550
2555
51078
84455
28560
54262
47678
28003
74714
81904
17865
5450
16066
50994
79470
62557
54608
76586
21916
15957
8415
21315
82679
68299
36145
59130
74841
22269
7278
37773
88189
60496
92670
53028
20787
31295
44584
49865
5284
55633
47298
43343
9078
86145
70771
35282
9877
9080
52697
49056
38493
88326
36052
80670
7184
60
13946
93223
52782
17935
11803
51961
57906
94970
62367
77648
48164
74457
33605
46871
22490
94381
50357
80864
47938
25919
39205
52692
53292
17334
54477
46326
95259
89631
18936
30341
42647
5498
79958
13218
876
68994
12463
79557
62246
93804
33181
34512
70
18816
62175
11865
73364
61500
70321
87774
6581
74496
97162
27956
591
65885
7895
789
54571
56567
94772
72795
99027
27205
6772
72106
1211
96223
39849
55219
78980
83742
79293
99429
38320
62089
95688
27864
54078
12836
73896
91867
34232
77851
64782
59758
52609
19642
23104
7070
36922
49362
92636
86552
5736
33660
71438
44241
11449
66240
78470
90404
45994
46395
19814
95783
36465
81430
19663
38442
3437
21063
31881
500
3109
1902
91673
65493
79283
52860
84646
28116
7499
14238
95434
52182
99581
71862
9527
98767
79623
13820
49103
79188
27896
79198
40420
24528
61075
70000
13969
44331
91429
6482
25672
69419
63107
18779
33797
475
58484
80959
23132
63639
81121
83924
31593
63666
26828
60338
16230
27009
31249
41720
97684
91969
65080
63305
14368
25597
62570
30724
60216
34869
45757
85969
78437
84668
39889
3790
98916
78348
77819
17833
91289
47160
73441
87873
40434
44435
17237
76573
75849
39197
82095
45517
40467
10164
43545
88651
24923
94529
58093
17909
87905
40998
16589
57938
71573
43279
80774
32687
5356
47399
40139
55982
28783
12903
98653
22336
24911
37865
94619
89982
16095
99089
98478
74428
41585
2470
52314
8857
88913
70222
94708
17525
22403
77784
81514
91718
61773
19372
2601
85643
10932
35072
24321
11842
20210
73522
62241
43405
41775
57462
33612
50404
65085
59037
74233
64334
19917
97694
89283
77872
83133
37640
85103
46287
14441
93957
73997
20516
31670
33325
10255
38539
38364
20307
72392
78918
64399
13858
37963
39445
90749
51626
56370
36534
73992
7363
69234
3004
94580
55456
4879
26199
8129
34453
26652
93003
814
22051
68803
66171
49948
66977
41474
48092
33762
69500
77741
31122
53177
45440
16531
27592
25760
15116
28861
13347
98520
59138
11352
3161
99035
7320
28450
20782
22173
34937
38197
10383
36028
29635
95453
70658
20554
93475
90470
42562
94129
24132
58701
19692
23640
27847
53553
16835
36320
93603
77964
27433
36259
55336
53698
77398
35747
96010
10022
82293
54768
2756
46636
78005
69553
64146
3885
95125
59889
53632
52866
73228
33203
98134
11909
97073
26156
47149
42859
65649
41559
9537
35097
14726
77038
88336
88149
75657
81255
34013
68782
83100
7040
37577
22163
18450
24575
49464
76558
17999
12999
52677
52883
68843
33585
50718
87517
64237
14745
63837
9459
47000
7569
93801
84132
38486
1720
66140
41005
60947
5298
76786
55235
42086
23622
37984
63651
7437
18132
27644
49094
86955
31649
7555
72850
25154
74442
93991
81267
83174
14079
63774
34639
66453
42139
56945
34397
50566
97515
51013
69570
70704
38073
18866
52671
95777
14267
29417
13835
81583
55694
56997
68119
90297
88195
92085
92532
21848
4899
43945
48777
31632
69778
57130
608
49440
60335
36445
99140
54222
17988
5702
14156
18343
98237
64198
44829
97431
64569
76967
57299
11757
75618
2915
15584
67192
77376
21966
95433
78203
52740
71070
37925
76889
42616
15226
51006
7367
19038
20356
29037
82453
69004
10540
83772
41832
67922
53742
52299
97554
15311
49040
19594
32245
27876
6606
21494
17387
28067
61996
58841
3891
5769
62196
83807
60046
80044
49608
48763
86716
70420
66762
60234
57425
9906
43220
2860
9015
63001
65026
2758
66837
78999
30739
82042
59865
92400
97904
24085
44282
37488
67173
16112
5730
35295
42458
77351
42709
37429
81358
42000
55244
40663
75940
29693
73362
12266
68898
49884
50893
29184
9760
61891
91574
75134
24633
15564
2545
30610
63767
51782
62343
40365
101
52855
99243
43631
49879
16704
3957
27368
7865
65298
20944
49504
74589
27318
37978
1489
5655
42069
59799
32656
54726
92247
69095
33423
31021
96922
82318
77121
85915
90487
64526
70385
57807
40559
88558
1407
22309
70001
31958
19228
12014
25550
29146
1619
66245
95692
75560
30229
88455
28532
95621
28211
68107
89071
10621
72946
91761
97339
21933
69563
36976
20706
70070
13168
60919
13206
31307
45965
10834
30580
33953
67500
84623
79899
44223
56090
54208
78024
8606
53767
67833
87925
4991
69237
27263
27369
29914
72529
29416
34948
4223
16228
47522
20808
27988
65982
441
38895
81190
32988
54331
86029
25443
65034
38915
94239
15608
37553
60809
41200
95541
70852
55087
17640
5563
60575
54937
22922
97199
53527
5223
15709
45304
77593
52452
72991
14362
47113
60162
7329
34506
84141
41640
97651
88225
1395
74978
91619
50209
21548
84721
58536
6375
75363
34331
39362
75485
1216
9496
22538
68517
45718
66780
45228
90391
13779
27279
52032
50305
19457
15835
39694
71043
96537
40609
59529
76408
30661
69024
75008
46404
16167
19314
18668
42998
10919
64516
86986
89795
97939
392
58281
32169
55837
79943
62940
43504
93138
35305
92829
10926
25270
83353
93173
47136
52310
52889
17781
52805
67778
84326
32890
53544
46460
23851
5369
24850
70160
65699
61081
7527
85650
81619
71737
80872
76419
25903
44117
1071
16018
43017
66346
78753
76935
14766
24744
20453
45516
25000
90713
99283
28927
52999
46072
73780
37137
32530
94935
30876
17166
18584
43380
94887
57031
24021
56315
80940
89839
95873
85029
94647
17685
49873
52337
48627
80055
12268
80842
24025
68952
85091
69459
57648
89603
66360
49665
9329
93487
60688
76530
60332
5358
86527
57366
46241
22034
87626
88474
69215
55921
63414
52937
23641
37536
56658
79533
5022
68998
91869
16361
24164
86941
81663
33794
56864
44300
85439
86530
142
34010
94085
95821
75112
72872
23474
95186
86633
17798
49646
58369
56589
68902
53473
64411
70490
32207
85341
8932
90308
35592
55040
63052
20252
28755
11363
26908
65711
73222
18354
84521
22799
61147
19272
30028
5922
13930
57431
56580
62973
19677
72297
17131
92490
83240
73571
80112
31159
54649
3107
81560
18931
29617
71413
13980
79515
48679
90493
39022
22908
32871
13305
61784
38863
72866
50835
60125
69274
10101
15822
2688
27966
96118
42711
53783
17919
47516
55328
18349
64032
68736
6324
1278
36452
12902
73079
49575
62639
37644
52209
16546
46792
1220
91494
34326
58521
60302
99547
24799
79727
13895
85454
52418
86371
81368
91994
82373
55150
61111
9761
28900
1437
32328
19414
47803
7462
2103
65472
88975
28837
76004
6537
90620
47646
46854
34083
29101
85442
60932
34086
50910
77264
37731
24488
53655
89556
60070
75080
74077
18398
19127
81078
58972
50745
42940
63945
61745
11166
64178
6138
760
43283
26709
33163
25641
74509
43634
27678
90226
29783
72424
16799
48147
92198
8781
63285
67860
43041
64942
36006
40646
63531
28508
8393
96748
21083
62545
64523
98940
48397
76565
74938
9186
30327
26809
46796
49273
25503
67100
5540
55167
62452
7390
42513
65136
9778
76567
73165
84716
46774
56261
19684
25839
3005
9452
50770
45682
84997
57898
26764
69932
86905
11294
58906
10431
44807
46462
56670
84739
28959
39173
63065
33427
74684
73797
31277
89111
54851
17483
63686
44002
25939
73936
83405
30608
18847
54177
84902
16050
4853
8246
64545
54666
70605
10632
53875
58159
78636
49221
46909
37817
58967
3730
38028
84712
85047
8805
85430
7336
29248
63564
66303
31389
53290
55714
25164
46222
39726
16538
18672
10867
41176
60878
34101
55896
47805
73552
93341
69535
6943
65276
77064
84905
96153
35183
11343
36687
48853
71350
9703
10705
70348
99554
33414
15506
8999
60136
31481
54053
20739
40089
30153
15409
1551
7624
38753
28119
9596
12422
53244
45932
83979
16816
99474
29535
54661
36055
73704
56454
6486
82513
42308
56208
70193
57141
4286
51925
187
33019
85572
27977
24587
64016
83226
53542
57905
4994
88070
83021
18748
9738
1492
61647
16812
14098
94880
30561
76265
22277
35478
45420
28298
44388
10248
60777
33591
66690
72037
70257
75437
92103
37670
86863
40496
43288
12248
38190
1837
18102
32876
19210
63415
38757
36037
16086
5952
53668
74295
87389
14210
49114
32983
66854
39303
20709
39674
34567
74630
76005
20398
56926
82674
63884
15697
34071
63594
31098
31365
27334
76101
51194
99623
74991
31987
73669
71914
84996
15007
65742
12003
4105
46505
34118
70191
57885
98642
90940
71223
44681
5930
13830
27974
48446
82633
26023
69133
54141
5819
58512
62722
32789
67136
43633
7062
74726
88110
70866
75579
25889
98557
37351
29465
64428
33649
60627
28834
97063
25013
67387
18306
9407
35730
59565
72964
59066
74977
42150
79718
55668
96124
8764
86576
4571
37576
24313
86947
23188
84579
14074
38983
45354
37813
99790
4466
96056
6391
83652
86068
75620
84842
91736
60412
14827
3966
10568
84186
67459
69760
64349
31492
4840
35669
52873
703
91684
51237
2534
61955
93544
5405
37471
10001
56855
87443
1032
93894
33851
12170
36705
91719
44341
56604
53252
85529
97436
46760
80984
75421
49563
77777
45829
5171
78195
75901
30585
68894
31834
80003
89774
24769
53823
94622
69542
12495
63250
31704
55905
62813
89889
97460
54432
89315
38246
94473
7060
86382
55299
9581
49257
65279
51669
7282
77882
51835
96556
26694
42847
1107
51985
45378
22556
49434
89087
14721
42169
23329
69569
23416
45336
88065
65832
41368
35596
91038
95684
30972
82577
7513
9116
26055
11612
79633
63344
69651
26830
55648
65249
15117
4762
72527
81224
5592
76433
65549
25440
79607
87924
26052
15152
24376
90963
29341
8611
62900
77280
14656
50426
32728
95959
65873
70268
81155
95442
63199
73235
36468
63345
24242
51427
36930
10853
26094
28966
11536
11782
74007
34098
15351
30402
57957
64624
52427
43006
37797
49390
62334
56129
92887
15031
77477
32553
80833
85445
5447
39925
71725
32144
12623
27060
29749
73492
83349
45183
40387
40624
15750
11135
43934
58643
88930
67806
38249
7424
49368
64297
57265
48067
18074
94839
18472
43038
43495
25282
3530
72947
48130
94789
61541
52885
9639
8831
47994
30537
89220
37825
78835
90272
5569
20686
20974
85090
82076
57404
75600
41849
19312
68601
53567
24566
85172
91976
18252
77914
74822
96632
13913
50965
27949
12031
93372
67916
47054
82517
47388
12015
40553
93405
80077
47802
14048
95842
38001
9134
32101
54440
49325
60265
60290
57286
85688
17466
49517
34736
48755
70921
15796
95397
44788
43797
38402
18062
18789
64999
84063
17044
87067
99985
76815
16031
25627
82777
36337
13442
52442
73041
5737
44065
5696
86384
17647
84549
46801
75612
18736
80930
13181
70095
49462
63819
25377
64184
61982
22818
7413
77690
92269
24574
65494
44760
23908
76049
93161
48912
14270
30768
31479
91257
73673
92053
27352
32718
16685
32273
39410
76836
65219
86616
14917
69919
76228
54804
15236
70504
87220
83176
69614
50038
23469
34578
13539
48833
13085
39420
48568
13525
64199
32032
44376
68469
52770
92727
43678
32710
96816
66332
20087
67824
28645
95643
75228
80047
17746
98353
82497
43531
94201
82714
62593
59237
89359
43184
33539
19286
7427
39905
58073
1568
11650
65561
53006
82359
3428
27001
38362
9836
93622
87236
48309
82027
46798
12310
98910
68816
25774
80510
56886
89045
41181
21382
68583
49174
70684
48650
58786
89543
79412
23038
60039
20085
59863
87664
60306
57690
48045
71150
22741
73293
97432
1999
36936
60187
30558
45441
90822
15922
23957
2943
5441
47306
24757
47201
67594
49140
42062
9773
82805
26185
24544
73081
59786
22197
39843
48616
70262
80635
56422
46370
32927
79472
27056
10345
65291
53242
4452
22573
44403
94663
24995
64150
45927
18743
5758
72118
55145
66757
89717
12406
24402
96243
43570
79332
10986
10265
97287
10314
98647
62472
24161
69111
4755
44896
12646
57244
48798
10269
24736
5077
19852
31486
75255
2960
77797
7821
32007
84023
5811
49169
56497
56220
40272
32767
13824
49986
35400
90593
95367
36189
87008
40964
17882
72528
98430
58806
18940
7316
29822
26891
8006
94983
18523
60356
14152
60974
54624
53071
49275
90939
7549
49358
74450
52137
63689
1459
34131
48852
87247
98405
7638
81027
83222
65487
31724
4234
79638
50577
50175
42920
79358
84507
41413
82159
70271
33404
75546
83664
60266
63569
53000
30892
43625
80792
48977
20568
44962
75489
93423
6725
5247
67858
78314
43051
55663
93891
8402
85917
178
24216
6847
37699
60387
38229
97854
98692
52138
94173
56004
82651
11334
48357
63969
45403
15260
92883
58691
43483
41612
9475
65083
46866
46435
74886
14595
1128
3417
62077
48767
84051
83977
97642
48907
51700
30342
42334
85034
69275
95109
73751
53378
38862
34898
41758
47342
31209
67684
90538
15328
91894
51391
58800
24125
31165
57694
90013
82666
66206
87095
51646
30795
37706
14624
16667
24192
75005
24918
37128
44832
17351
90596
19196
22756
56883
37735
14475
61377
9779
16259
31804
34583
22189
14137
65403
96944
95836
75065
66997
37280
66390
13905
93964
52064
68261
97410
11505
16087
89953
98041
65076
80251
6677
66463
23117
92815
26035
77359
81336
84399
17075
80220
16266
64463
43926
38603
91173
21523
85109
95100
99982
24468
55448
9028
67274
81229
75517
86948
31998
40126
77189
52557
33562
77092
63852
97657
87051
3199
41542
60667
47414
49555
44668
4188
39580
55936
39408
81802
77873
57073
42201
53403
39646
89845
76540
6052
71969
74827
87850
43438
85317
97386
55574
40173
15221
85862
64119
13852
30022
12471
64916
78767
24892
86276
34891
81446
53233
59274
41469
40172
97590
47494
44683
5453
60145
84305
41243
19480
18950
45930
74404
85771
94074
87868
43605
20563
3687
50722
76196
54531
9958
59905
85462
4527
42530
78374
57917
8309
68699
31139
75980
4584
13502
14644
44165
9887
65101
252
22522
21528
82436
29758
22193
32440
97704
89925
2949
26680
26585
1478
54445
13283
39009
84531
67953
91630
32715
9957
97102
57127
41513
43046
8761
12479
35507
65297
24041
26603
8210
6810
84686
75649
72332
91172
21080
95093
12196
3896
40813
93579
91295
54093
35600
73414
86867
52266
61757
62673
90232
98695
39891
8370
44926
38904
16398
58553
81916
66311
91469
86172
67493
17014
50958
4906
60077
85360
63512
98451
93028
6964
28168
77804
22245
5836
34458
91529
98631
79287
77861
13759
56804
44426
26208
39044
25338
6158
31926
91765
44785
24260
5568
57683
67999
98709
91904
66492
56739
13228
90296
53257
2021
75903
81161
55410
52847
32365
69789
73554
50574
81669
59490
13091
98286
89656
74377
25888
49057
81811
80918
52254
74322
75752
74110
49319
3463
87174
34265
19449
15942
45520
91771
33679
11805
53920
2204
92437
22576
56163
91123
51633
88761
18961
24237
62192
91411
63627
5842
62264
57243
77354
46308
83357
75200
51184
79636
7179
52166
18146
57094
15806
10010
17409
57280
63972
16563
93556
6850
58506
29548
70692
23734
19492
91418
84283
99882
96823
92895
23477
8098
28338
97624
93663
21421
58350
29622
81319
12142
44866
51437
68228
66607
60218
71481
42054
65337
15150
58343
12860
44614
68423
59581
46668
89099
53383
4257
43743
82396
50651
50529
23674
36011
12671
17847
23206
43561
32605
41172
65761
25658
48675
6233
68377
28613
74494
47976
93798
23499
45751
47785
53722
41020
11888
57874
30239
33597
19769
21248
87671
17845
80987
84128
9830
29571
64275
96393
77467
53115
54164
43133
38072
2548
65168
13547
62332
9050
46155
10765
85598
13567
91462
4791
6543
6726
64783
43564
91593
94140
59254
58101
99368
77283
61107
82827
2449
15920
65841
72168
64511
94348
51452
50875
3087
34200
45044
3095
84998
46382
43323
7936
44081
45649
40435
14630
17551
14157
76517
32126
71260
66108
47934
80164
34218
43008
77936
25054
59818
47441
56761
99891
31829
9489
54842
21308
96618
21939
90742
56710
28275
76947
66707
70559
46434
60497
8731
78701
21043
61853
47132
85255
23676
95028
72835
91371
28418
56919
18051
9542
1321
22872
12808
2547
82735
70830
80944
35093
96863
58451
70368
74196
22217
2124
75886
75454
88109
35871
90829
66856
19370
80088
38339
78163
33825
9464
80741
67508
69944
65783
77029
51739
69586
87946
84116
88169
24324
42386
40417
84747
45245
11819
52103
75050
34016
422
79962
78
1396
3164
92660
32112
19673
84812
63155
84586
81072
75892
81414
9088
23541
6333
31072
73987
26322
81898
86841
84591
33286
72809
51492
59357
59308
79677
28552
61905
69367
81218
33926
80799
27078
71816
59966
81375
83931
38977
48757
58237
3399
77607
24406
91248
73671
93092
41946
67750
58926
95165
79071
29878
9130
63483
67138
83344
39821
53020
20167
96070
99663
67568
20881
65224
78755
1016
50889
970
31862
28898
77526
67362
37905
54537
35131
21186
92001
34369
16279
27278
65955
96389
95698
21448
12186
14166
49304
60844
69064
14330
37547
55273
52115
51709
31311
24466
39884
70156
95033
92078
80156
19691
15528
47758
3588
82803
22714
72320
55790
9147
50978
66733
32179
48539
42876
79072
68175
72559
96663
81044
47343
97420
74388
25603
15494
53186
18498
52978
82179
48051
56793
49233
37386
77604
24214
24917
62254
79434
44571
15613
14097
59694
49898
30791
87494
75586
43034
77808
38705
32737
35736
36849
70845
33138
68597
31447
35767
8567
339
50406
86438
10633
45540
13876
79913
54954
39045
75776
28230
44228
66852
12408
32630
51422
93848
89374
38287
57601
82339
92761
85148
8820
39820
30105
63397
41014
9725
77587
30651
93375
66637
22572
74799
29532
74212
37672
11034
85349
49531
24034
3866
30200
11511
50220
12477
79966
82563
79302
75309
34062
21002
23088
81730
39742
60790
42330
69849
87380
41255
95270
16121
57202
31401
94093
85808
35117
66249
6464
50401
98512
82125
74307
98724
68896
33326
94569
47611
49046
49493
6384
13948
44975
75760
82974
1874
75441
53702
39842
88917
44792
16841
43460
96622
53992
2238
75068
10544
27504
70428
12519
71851
76525
508
47703
15251
57351
62482
98012
68164
95812
9804
83470
92209
87181
72147
32905
10325
81729
33415
3632
51751
97696
72316
39605
34711
2816
17741
10684
33636
88763
95386
43168
2008
14303
26234
28032
61352
43658
85013
56583
84628
15912
81151
35892
63232
60507
56602
8458
58423
84284
70517
98843
77780
2138
96645
36466
93631
55354
13247
31083
14009
58571
87557
59312
6284
59313
50073
68008
29940
40702
83080
89580
91044
13808
12017
96044
32392
42326
25500
18497
23710
1796
40487
96769
87251
25226
68844
36517
72957
71152
77078
92201
15001
7803
602
80829
18496
89438
13292
34670
36098
60425
87487
46506
22279
91570
60550
30269
47316
22119
89076
45699
7106
11321
70939
65663
9405
744
29909
17886
73145
97268
50338
61079
18709
79171
41843
68215
85502
54157
67098
94798
52142
81748
16935
73147
98860
48790
40527
62809
94883
34692
2702
7807
16122
95043
26108
31578
34363
5300
29772
61743
93350
70382
29045
56348
71039
43021
76858
67917
10687
50184
87832
89761
24512
69976
39386
18913
72431
88089
46918
71414
61140
27124
37111
67399
48393
10640
72085
60320
92453
85608
71136
85807
32330
10335
41071
87288
83660
18261
64951
46071
73116
97880
82753
33239
67970
84259
28027
19911
26869
87089
59248
30151
24847
64574
60129
93751
62595
50353
39524
66382
46693
40465
39611
35171
6994
70030
46340
58366
45950
81879
42164
28392
23578
22955
40938
59942
4170
44787
79881
49346
27424
558
32641
33996
36771
44206
37583
39740
88484
95962
79977
69713
79747
20783
6073
10054
34201
52539
74688
74894
77796
60513
63684
35459
65099
11397
62261
44744
12750
96390
75399
81019
86954
4367
16954
62000
98690
72493
68084
46541
5585
10024
90148
50787
27302
73313
52517
92058
38581
47916
47551
63606
29961
69108
72808
16820
62233
39953
95044
73250
70714
91094
11502
5029
36418
16099
41247
35425
73979
9998
33374
40385
18031
24451
74528
8658
94750
9831
90131
94919
19755
95520
31717
10601
12325
9396
88693
96446
68143
73937
44578
75063
26990
14695
23013
63489
19236
22745
19920
9504
28776
44875
30001
21676
14389
29243
5686
31778
84511
3657
35374
96604
75524
30792
51401
58781
88201
38791
64448
7797
61386
6244
65091
73566
87853
77919
52751
1933
57729
3305
1474
26138
70935
32396
7512
458
97546
84264
99921
82483
30218
63968
43696
53772
41906
19418
94687
60705
64525
8105
33712
11610
25915
2967
17885
25499
49377
85826
24231
6058
50108
94749
24187
92084
2902
76804
3485
27192
77683
98093
14981
15271
45252
49709
66840
48583
21976
40537
79703
67212
94699
24145
93996
845
48424
97917
50708
27910
22898
66320
90920
70088
17591
18380
81963
55716
34725
17012
28639
56192
95906
71931
43393
23514
53178
61909
4083
67439
68209
34780
87702
54561
78489
47584
68487
68258
75285
16540
82085
99240
92002
64335
32839
99796
59421
10347
61388
1760
39251
9386
38588
19809
18008
19974
20932
6504
28025
15839
93820
22841
30969
42042
89461
75784
16803
37776
84994
76704
55038
80424
23372
69815
2369
98470
13254
1034
27108
75774
63219
50348
94207
60907
51163
35906
97081
62409
63660
64079
49969
30942
68243
12518
29608
44671
99743
89499
98829
71787
19423
99621
26821
92776
95365
15842
62625
79033
84384
96155
73681
45496
28911
24494
67780
98788
68173
77316
14054
28851
74943
3735
57112
99695
965
16496
99415
18116
15653
58167
36277
70367
19878
14394
24064
52711
78981
23399
94959
56590
66141
99764
50679
1378
75322
85900
16324
35890
9171
30843
85312
67675
50764
3765
27506
12293
24983
80513
85606
21821
86639
36004
33157
41262
13667
34198
10970
58501
40273
44764
79114
18269
37322
12938
53775
12998
6599
38085
80217
82112
21854
3732
6733
494
97824
54217
86287
15577
64655
45816
1314
8124
49290
10530
37667
51508
72572
19905
52078
86491
13601
79446
28279
79161
94653
76686
60588
82059
59151
15135
77783
75435
87818
69766
78076
12624
8935
87232
12022
28307
64120
12482
9292
68537
95725
1493
19149
34706
52385
34169
28271
36823
57535
93194
61253
58144
49643
27739
84932
4033
8587
44470
92033
66408
59016
78368
97396
47837
63488
39964
2094
85051
42697
37764
5603
48192
50425
54665
21533
6321
44425
60868
93639
40722
3634
57989
18907
87536
65491
56273
71633
45048
38944
74602
15334
94723
81470
78994
91160
22650
75416
95127
66597
62907
8917
31974
16115
48721
84248
96498
4307
64405
82432
24329
972
70765
64712
39239
9135
82092
76268
88016
85897
68849
90421
14933
72068
84899
17597
63752
16330
94492
31174
15555
6905
35353
14013
2762
65714
20727
12824
51934
42665
43466
39666
37836
75464
46629
14448
53776
92013
71115
60766
12019
52675
38268
14160
60207
29976
36225
3952
48894
41908
41337
49105
46869
68701
48204
27223
78490
22380
86336
72685
5532
9093
42804
87657
48415
89143
6618
26813
84892
4971
77154
53343
667
23161
95035
10040
75227
59668
24886
4506
61689
45922
39839
50458
40403
61642
41418
91141
69820
60517
11386
46251
62532
88130
26335
50767
83465
44633
86265
5388
78418
41480
43960
39664
73840
37694
64413
79051
47269
41260
28743
80484
52292
32384
56351
86883
95104
41344
52489
98048
96754
10204
91063
5419
58287
55756
88032
38461
15257
39245
88892
15353
36210
14782
99679
2541
94716
99636
40073
76674
64943
91178
93219
21698
33105
11764
70825
47863
54980
30836
71956
66483
88991
43425
54876
76727
59872
39847
88974
1698
76796
11430
63807
57507
20074
50072
85611
95169
76239
31736
3659
36106
90649
10942
18087
32516
40002
24502
57115
9157
79002
94954
15917
65571
31866
17270
23625
13342
34189
83303
6973
59576
97050
66285
4792
50273
79325
70318
26956
48766
90362
58589
19141
6172
4922
25949
28472
1772
8351
71182
45021
73928
3518
10418
21391
55353
81998
54702
61151
5900
20202
42474
41584
19981
37580
24930
44432
29595
57914
69785
73153
35124
17933
56424
31767
95329
931
52685
23783
69777
70648
71663
64367
51837
1207
67883
18272
63188
36269
24784
8903
17434
56486
37356
90289
14292
20923
7732
4752
97041
43983
93837
31626
98954
53175
68523
97122
10051
69236
17911
73456
90202
97003
17644
54748
65552
49906
92889
19614
10085
90577
73842
49502
50639
8858
87277
54818
85197
22207
88348
35544
54979
81498
37410
75187
18437
56108
69982
40163
36450
10595
72263
25791
92147
48665
69083
7257
28848
84744
96496
42032
21023
59067
66632
48635
24333
57814
48154
81204
41966
27996
56898
52302
87724
53916
75599
44274
23595
158
94536
59738
74162
91356
83833
35684
55044
85203
50345
42428
25067
69912
87151
20711
28011
18747
96184
40240
71358
66966
16791
14511
48178
83403
28239
23356
45466
58547
61210
62787
73796
44099
99158
75327
46030
96473
51309
66739
27449
49323
92795
16498
40793
94621
8221
20720
18601
54714
80580
41391
30069
14187
30963
95062
71713
49724
14227
29629
45453
12179
53707
89179
26670
9796
5791
14928
41120
15397
80765
9395
539
348
29379
43096
13599
4700
1527
97168
6679
8943
53828
9940
15781
96731
52721
91955
98260
91990
68282
96321
41230
61368
79256
80365
3636
11973
8255
30382
59628
74199
25055
86270
90891
75826
10975
30181
62585
56367
50364
39603
15210
39012
32163
52474
44396
78759
69811
93361
10503
71205
63713
33550
74082
79020
19871
75382
78796
78838
30286
28342
80608
17701
94037
42640
85560
49152
46138
45610
15080
98023
26901
9667
42306
48339
9435
84139
48661
69482
38871
53845
47353
39769
97973
87021
72590
29837
94559
15162
47176
92942
87048
81427
55544
11948
62325
39156
55873
49859
13399
17453
31652
86146
92937
32825
90208
65976
76794
89854
55988
31043
23946
17030
11212
26203
12089
78007
73410
59618
56214
19004
75916
63893
18898
94998
84875
91711
19271
97795
10567
95344
97514
96489
66820
18488
57793
16054
52340
29799
9907
22643
72324
47103
54436
7840
34359
28240
29351
17812
42337
48272
21788
10796
29404
17380
44727
93404
62263
62061
80024
17445
9460
18938
88818
2705
17796
20362
56054
7925
48497
46773
33294
5257
86249
49489
57542
43653
96419
31666
38337
35902
90827
19221
34696
94110
9154
11907
4944
40506
57030
75701
77081
44974
52193
52480
89441
34513
64042
71505
64927
24770
90337
62387
23758
47509
93903
34502
45990
57986
71088
83525
22164
90201
51854
6004
63897
82762
87373
79017
10987
68074
37486
69853
79422
42681
76150
2972
36480
62111
28313
93310
99221
54256
62689
72750
2378
77698
22888
71472
23413
34608
31487
94113
84678
93068
99883
63004
69115
65497
42038
17509
64788
53615
35434
50411
83484
2255
293
38182
37125
71343
8991
91471
40436
53057
74900
89250
3668
55162
50359
93001
58921
35516
41844
89842
63956
26058
79836
21701
27107
66165
23022
93983
48622
40834
32820
11724
5123
22313
83427
291
1388
12886
26492
556
47537
63529
35627
26453
13521
31038
61625
12203
37818
53063
64865
63342
29297
8517
93840
25181
58347
64762
86467
67574
79040
6191
33208
36741
98745
48695
28253
35403
85574
38988
3942
27319
4479
94210
93238
98396
39971
45913
27608
42165
17996
53161
25496
58130
41563
3506
19662
90668
9404
41656
4522
95727
18802
83189
34756
99678
20926
6153
77880
82354
14566
89267
61705
5538
13213
74620
98862
25997
59029
11291
14188
61114
57100
41512
67073
40827
19507
77761
60644
77034
96734
92242
67955
18929
36374
47431
58509
94932
48554
34805
62348
28681
1405
73252
86176
84969
46647
15326
99705
76702
91083
11217
41912
90236
89421
22828
85628
76368
58336
57724
91753
90526
10725
98613
97526
57966
72587
21764
33747
46777
86995
8650
42360
14763
68524
9600
78159
33097
29474
61685
61903
55293
79139
48712
33745
6660
55528
25975
75360
62226
49279
92991
94768
76460
423
54190
23666
64681
37616
60834
43710
93559
39465
64855
97658
20672
37240
93242
64621
28139
18620
79233
1542
40615
81449
31608
96138
90087
42472
14792
72174
53757
51480
58500
18477
56987
21779
81765
55422
72450
52581
69008
87944
28687
41834
71313
22711
43663
77901
65055
96210
43048
96499
7580
52921
89681
91853
28448
55672
49106
76550
5543
95571
5718
41539
48099
93954
33259
99099
32564
15124
7175
64727
40349
53684
95497
37416
25306
87079
34468
99576
88219
90169
56282
77170
77387
9011
36359
35071
81059
52238
96525
80175
6940
17698
20386
69887
37630
47293
93112
57505
82650
96019
46873
90776
90565
91769
75303
11596
25006
89998
64881
77891
88475
15499
2914
21420
85716
33126
95388
10880
59892
44905
84797
93309
92940
1373
74133
86935
45390
96430
41222
98403
39758
12987
48856
58945
94155
90350
27917
40446
75554
36621
3297
13010
76690
50045
86978
73576
74947
11533
77659
50245
28221
46364
57134
42412
92561
70742
24024
83012
49514
49548
72170
69235
99173
92662
70669
56494
883
11762
8508
79867
83501
10947
96988
33459
61508
66826
69329
58961
10017
70341
78907
54518
19151
7660
39403
16408
61612
85711
61979
39271
94761
4199
58828
43971
58746
330
16988
79212
34342
45632
40798
6529
52496
57387
14245
10395
53736
7431
76768
17008
45151
78983
79042
10091
19135
84541
27316
57247
76972
42866
88851
82529
37971
51012
99151
60602
89460
68111
74176
54060
82349
56697
39157
13864
23375
17516
17006
32555
63879
11009
91468
58402
42823
57207
44258
1782
64190
12795
79545
56446
30111
89600
52803
69220
3979
26248
59953
96024
68540
7920
43744
71400
71114
91892
81357
1427
63504
47578
36392
41818
76500
95951
16913
29483
10858
96274
54578
28855
38548
25316
37771
89960
37474
40414
73169
67075
97342
92015
86178
59744
56825
81260
21623
91179
69721
80317
58815
27531
61033
5853
4642
70238
74402
65744
11265
52268
85682
28871
75300
63135
53715
89966
18249
86316
68934
88662
21348
41299
47527
24820
18479
23154
34107
50796
104
64356
29981
81479
17540
39379
68153
39712
78377
96458
75259
18544
86320
85163
53239
6802
94502
37746
73078
97404
3340
44802
32042
33755
79023
7387
2082
72052
86902
88682
24795
92783
45837
52713
59219
98669
73609
25643
78134
28146
50521
72480
57777
31892
55421
34773
30440
44016
35921
56683
64322
81164
38569
24112
66514
17413
35257
40874
26949
85530
39175
53029
53259
19792
5005
68118
31332
73827
3978
72885
86959
7850
21314
5525
15291
42492
48011
13593
2270
75458
93172
87776
13791
81198
11224
70987
80143
70865
4131
73323
53306
62149
3814
3010
6144
14107
6471
12343
24162
21272
14127
62375
19
8002
79134
31860
42766
94343
24973
77220
89095
30895
25136
18623
7959
13950
70651
12703
60548
77307
32030
63834
15670
57356
80135
51351
49962
89771
19329
44812
23685
73256
96318
47632
8700
57289
47616
26291
62273
97374
63112
7898
79708
47290
3373
47549
75927
41684
81797
51673
30530
7230
90573
52186
51050
11437
60441
24966
38175
35739
63813
77932
72269
30659
35431
83911
17028
42875
36130
15047
63550
67290
46611
94480
74930
20759
42831
5517
91721
90985
45072
87779
12107
29648
52181
97126
68370
97090
83893
44518
83566
92211
66026
60740
8670
68295
81374
92724
20498
33880
24816
64251
5434
65972
13120
31331
96409
44991
78544
70007
33070
14353
27250
62013
2240
41268
1462
87699
31936
37780
27812
10803
95814
81826
73861
89348
2091
16296
54243
44446
19022
84813
7672
79266
8507
32148
71213
29147
44515
38814
69658
82266
1028
24206
53780
13786
36190
17129
4784
84732
11574
24298
1815
64794
81687
77515
32507
89564
43947
59300
19627
34168
79066
16132
41195
42758
58220
95596
75536
47150
26119
10210
21354
9129
20896
80806
99203
21086
2604
10951
41296
8775
29794
79673
31183
74094
30955
56126
96176
16402
41058
95880
89390
5367
41388
37624
83058
7102
92011
1289
29183
86181
89272
10852
80521
69436
53281
26873
10267
25134
75492
93685
81726
19119
19158
9212
21208
4923
76080
55104
95557
35452
62644
15356
89487
96345
38675
39757
33384
40947
9041
83602
76148
90286
79404
58404
12771
61503
81287
84509
59752
31900
74908
65375
19359
86694
80823
98345
18476
91398
47296
91551
47303
54420
34645
23326
54615
61246
36781
59513
12993
32909
53913
34632
42208
38370
94447
98014
90235
87087
76520
76874
90129
36973
93578
90934
62559
63710
16690
29877
29412
61622
12150
89976
83060
38108
91589
21843
11295
62563
19024
34511
82136
80956
84470
60891
83991
76555
87846
32479
31099
67944
83588
24857
47781
43239
56675
11541
2284
25686
77009
34021
97764
68240
10974
58648
39936
72886
68637
6851
66825
82024
12505
25224
17593
73104
38080
60491
45058
8755
42814
48306
52608
99036
29592
85524
35828
29740
73688
81492
14778
98883
66166
67612
7717
46132
21765
62873
47206
5719
53434
8141
80850
82600
63507
71592
34305
41927
88716
11262
90504
14943
41421
76653
4726
108
13434
47783
1944
70486
43645
24655
52617
30471
9320
6326
94583
69242
35064
75338
41149
35515
66119
28351
77445
81823
92401
3491
13613
2165
14427
3486
32210
57802
62572
68790
52920
50643
3244
63024
54339
37751
19869
33957
45294
19445
65265
72012
83155
96942
18460
55829
6918
92788
17680
57944
27086
19555
15211
54092
15191
55183
68380
66564
82725
38194
33255
22677
35450
89444
21905
94980
21616
2333
41102
35822
5265
84699
10223
97850
5501
15872
59943
71426
68167
72151
1912
10957
61472
67748
52392
9763
16424
51544
97720
37214
48044
75928
20839
52490
1428
92267
32785
49590
33688
8581
63668
27595
88198
56063
14318
24496
59980
97671
84014
29711
5092
86351
4827
94328
88046
91644
37907
92910
10972
92164
46357
53213
55198
10787
97281
25429
50822
98089
74674
4499
81395
23424
27954
93479
59542
64096
39929
32862
55580
90133
22729
36125
23400
1691
52217
36174
12353
73451
80655
42593
23489
39894
19342
34248
47953
58725
94674
95422
81785
88050
89721
1253
92720
42373
1936
87959
89927
4846
89124
61481
86404
57857
22549
59629
89685
95810
67118
64102
97799
5470
53462
17279
41827
26402
40198
61045
43725
648
87931
51502
3229
95361
41130
57487
42300
54446
66284
3951
62601
3248
5348
20316
39983
87010
75428
88045
55276
6764
1856
62554
71520
94295
68410
21679
94283
96523
53117
12802
94012
25379
25269
22446
97434
58267
71779
71927
40452
98026
70415
52395
93258
13700
81953
72391
55505
68103
88891
49570
44798
63861
29928
89677
18598
23327
83701
7932
86960
28465
52731
85040
88505
5884
3741
82026
29962
25509
45359
83638
62700
97933
31020
33431
48784
53084
10463
32951
26037
78116
75402
41135
65853
35074
71756
35881
97149
68464
32781
86831
25268
58614
64387
49629
88519
80441
99777
57170
100
9438
15916
44973
1605
13802
9903
30259
40905
93833
24259
9075
72473
52180
9378
84362
56545
30185
95792
49008
47568
73851
12662
46563
28064
87188
29901
69632
51443
68810
20086
30634
74840
1247
60753
26502
18162
92359
52000
24377
30924
42246
10814
19580
99347
58542
4277
54576
15224
62298
85589
23939
73604
92993
80066
27117
6874
57712
48496
49101
13908
51424
36218
98619
88473
67162
33256
3500
95065
89352
9776
85017
7676
80500
23175
65533
36784
53703
2535
70313
49107
75263
89959
16040
16541
70638
98786
69281
77371
37531
59557
526
1379
45451
50727
39508
63410
24538
86801
80063
35813
71082
65746
452
44725
73217
61305
57397
47247
4101
90665
19795
90278
52277
76840
90429
6022
73046
64530
92535
28620
84443
84146
22070
4694
57588
18775
53080
42520
38079
5378
3322
89513
93262
29296
68304
46547
79813
25743
72990
54987
88856
77377
53105
10399
59673
46333
90081
16267
74099
47440
6306
15558
88460
60429
98555
26979
81534
9748
45690
967
14324
44450
95874
78299
12016
753
33017
10329
82649
38192
87116
47965
3742
77336
88042
43418
9829
61282
1201
36512
33574
51898
38585
26807
73976
37912
8328
2843
36787
6143
78351
99394
59974
14869
79303
68203
50609
13662
5880
28982
19043
1913
92924
46999
52338
3658
86695
69852
92758
63938
59564
65784
22715
11191
20557
96406
87110
95341
55480
88728
7969
76281
39286
84837
53296
97148
71636
26944
58847
43003
79430
36968
56895
61936
16514
14451
60344
19730
6555
54841
18641
76867
24618
41905
76482
9497
12889
77752
34961
78919
33693
54149
14734
21472
18463
41663
2171
72434
83823
3859
65460
1890
46757
70221
675
56544
1653
85731
98602
13721
82591
10497
51566
85661
17521
61486
35033
63047
57713
3649
87432
4767
37116
42487
24780
20406
74478
35176
40486
85990
16570
56915
1980
63600
1766
37985
31631
78498
53139
20206
64158
40083
82239
41427
81184
14610
53599
32105
9768
98386
63171
24281
83007
9191
57320
82562
8707
954
76531
81463
98711
76107
64113
12275
56824
6255
3210
13901
59519
92695
835
12678
54612
75513
48017
2488
45053
39464
43373
70943
59733
49716
47620
42854
96692
65100
24833
98865
52520
36535
50212
16631
94829
48294
55375
28118
9146
24858
40390
93333
315
77879
65589
32480
56798
1171
38833
25072
20110
94307
93387
25819
57594
6232
1623
61291
2347
82408
68347
38252
94971
4429
28241
27755
33906
82703
22029
56011
45594
66841
17762
16961
42354
49540
83190
97096
82292
66294
27967
45863
42599
35820
89738
74016
86406
46799
59977
68016
79513
18164
95156
10955
34079
93745
50494
4248
71762
56160
35137
48445
84251
39644
43970
98087
51300
88224
36955
43706
60591
64379
63459
52258
58936
51750
40642
63000
72252
12465
33316
82006
89973
94497
80524
99529
98103
37052
36683
91002
6476
13321
16702
49118
98798
37151
50205
81710
21760
53598
76227
56489
15977
23597
58668
12328
36393
34570
58022
20658
6156
40778
97552
62953
70752
16643
43456
68017
82167
69466
97761
447
2919
82338
81212
22381
16211
48270
31875
73054
37258
55887
75939
10080
11530
30389
30657
48209
83024
55269
27797
77652
18511
99943
63844
72622
25246
45783
66848
27340
96659
97626
43987
97465
9493
24380
35582
10655
948
76021
97895
19833
59879
52086
93747
32197
32409
71272
68838
81600
98703
63405
86900
4465
51617
26277
52598
81932
81863
90921
35048
96357
72652
83379
80016
1923
69593
97035
41789
85216
58456
77616
1130
25968
19138
6154
2208
96730
51943
85422
63671
44776
24657
48369
68144
31271
11822
71840
35448
36075
5243
67293
34933
8601
5062
87313
38164
73856
66543
71644
16519
67298
46025
37444
80355
19021
85766
97376
49168
96987
56036
96239
31440
4523
93289
86081
32627
94102
6572
41804
88595
12124
69627
87463
44525
34020
95659
84032
74452
54731
718
29528
78834
32531
70811
7627
81900
5242
98689
59434
10229
14414
54354
73726
66305
26888
63789
77704
61477
17966
98488
15105
35466
50744
40708
97164
17262
72478
22536
22738
76998
55731
65190
62884
78849
74830
59400
82384
59020
51939
75244
29156
42005
65668
66349
48177
13713
22766
15449
96724
96565
37291
46832
30180
95758
46552
97272
24773
45369
23570
93132
96190
63539
26924
50186
21570
35005
4218
36088
53394
81891
16583
21195
19472
69631
75343
6951
80648
58219
54248
81926
51813
10835
73431
94955
97889
5317
13192
74868
47567
30750
1638
98312
90998
95278
52733
61947
60424
54658
89805
49500
17610
20867
645
39937
45883
67793
84751
2483
97082
76688
16491
86421
61727
99517
38694
58252
20861
54416
92238
21402
16969
63839
63536
17489
22944
18016
50181
54357
86866
61030
79085
76009
54374
56611
8885
99119
80300
2004
54202
72963
81722
92291
45590
36017
38154
70237
50065
54546
7899
79484
6834
46091
96503
65225
19080
82726
96566
13866
81493
59457
21584
77228
55511
42824
6262
16396
51288
30331
18152
704
93727
12919
9814
9144
67259
32877
45322
66726
88700
91016
43730
31845
74076
71871
24678
95016
11512
41576
55382
42384
15953
23990
49718
11910
47524
57459
47278
54171
91814
11605
51612
33221
27935
62131
80005
66364
88119
94605
90444
14844
75348
64508
39579
24869
42419
86771
56100
80382
51953
7560
85729
56503
15877
16754
50491
79371
16105
64386
2371
37407
71122
75959
45798
97997
73785
85039
14535
91018
17837
5890
78194
41364
49435
82446
94751
32683
58557
31605
19208
61580
17039
8594
46844
49943
27612
26133
70646
13425
96559
45639
30157
90650
7124
55242
413
86464
50497
13880
58006
40760
93864
27275
83002
7587
60711
60333
20066
87938
15606
1559
59768
77907
82052
78669
14056
21317
70602
49360
69170
69250
77950
63625
63543
88507
424
85619
58774
27998
86060
72613
92277
33182
42722
58475
12098
74070
25830
49710
39308
73941
38321
49556
68109
77669
20034
96779
34237
55573
54843
35979
31353
19062
50498
22709
77322
50852
12981
63224
76415
39218
69584
10719
3122
6707
33506
37476
54415
74741
2471
44238
68686
6563
61754
20797
88600
93641
16395
906
1596
91855
67363
11030
46264
14246
23342
97263
15632
17549
71782
84682
1466
57105
29214
36446
40343
34772
96346
69454
73557
12114
65138
52870
85
21672
58015
33360
69909
44260
54681
28286
68160
41703
55274
2291
52868
18495
17565
16094
95922
94203
15819
26968
8908
32496
11115
36487
26656
89713
95601
6480
57185
97809
96934
28544
96278
28892
30375
84335
44303
47902
63269
66774
31211
99818
5051
85818
79692
47219
45208
35716
84174
36470
75218
12892
17317
58037
57876
94526
93675
55070
89366
88262
25125
31700
97580
91233
21907
10163
57934
20988
18579
83196
26096
1445
23445
11003
25521
87953
25875
67608
25410
28926
8157
46768
35937
90691
25299
61068
28626
7733
52157
21295
51363
88204
46447
41232
59697
47309
97853
39463
16227
77160
99590
97338
49605
36586
9807
870
20973
44409
5288
51275
28979
62682
67247
59894
76022
78294
71801
88498
23207
42034
76839
12053
8280
44719
94018
83049
79935
18157
50392
31399
18093
95763
95207
51723
76479
4467
58896
11446
72381
59420
30595
12219
97725
96265
60186
62327
12549
45011
3391
61052
23029
41776
26153
78026
11410
35637
77123
45765
41052
27330
8035
79456
27333
27628
61184
10899
3266
5114
65884
47936
14361
69538
99328
13869
37567
61347
86432
71202
32211
89183
84524
54700
74453
36266
26590
93370
45844
29129
10419
28055
35088
48212
27242
60499
96431
79597
65301
63159
38952
89852
47244
13110
73321
79660
40806
72781
13214
96794
78660
9301
6400
27844
48594
94412
26880
93874
44293
86053
21182
46553
80746
83904
72769
23730
52564
18744
43546
10511
56276
45244
86718
22598
26822
89040
58827
12579
67743
81989
22030
19295
31019
99064
21582
85964
90469
14132
78712
67218
46576
60755
88049
34876
25932
40921
94510
8969
90734
72973
15377
42778
19148
96760
73055
11918
58678
94423
1215
84292
46883
5464
81094
40929
92225
55622
10908
33142
59453
37994
12900
60130
64336
33109
68386
58184
12976
59914
69508
52575
59788
97416
70278
28329
88653
96971
97779
53277
99970
28489
84442
8878
34601
61390
53515
1483
60874
29295
8444
67199
98944
38732
97109
42706
34017
31355
39547
39957
60794
6574
9466
5924
72443
83852
41495
19448
52125
32441
97593
89260
46973
78883
50584
33102
55831
31093
3520
46047
11154
87956
31032
75933
30841
11485
12922
457
79119
91872
33639
14812
76439
78917
39867
7189
99385
69655
54793
28015
55555
52316
60745
28336
6944
33343
98263
57272
64360
70056
12791
23348
33311
37772
79625
42637
19453
64538
642
24758
40206
86950
81786
65289
62783
39830
15979
48968
97366
24766
47471
74354
67184
14121
84148
16169
35792
10038
4624
75688
446
77556
23583
61735
90946
3443
98204
84129
35840
75627
48246
15727
78430
31986
65627
76576
50645
65027
91192
13848
74384
619
41442
53663
6603
97344
896
53463
76625
69641
58516
16976
47724
60584
93484
87108
21549
33800
82707
49733
5229
54680
57827
20126
72026
4317
133
65937
82551
60536
22666
68613
98851
44492
46535
13412
24205
64754
4771
42662
59326
1213
4704
6246
61376
72385
23948
30449
75018
98034
9374
15683
48460
13199
42012
91650
65636
94851
10233
67703
48787
603
41819
8462
56925
72242
6724
28608
74109
46849
39812
6000
8863
11010
31255
29172
37150
17672
75495
86503
5892
1454
18828
90477
64475
41087
51242
8336
18295
55178
70345
98809
21749
61579
72065
13472
42289
16653
9679
31090
51471
36914
49108
48152
51243
80734
49214
93757
8539
24719
32457
43854
55173
9486
8136
65058
36782
64205
67284
60889
78137
8676
66134
5914
30054
33778
13280
66648
41882
50604
17608
77576
48081
31395
16110
65959
35895
78634
64359
3076
50269
95416
82882
51624
68568
91632
93725
31257
5337
81546
83412
38637
92458
22364
58880
69474
79353
50619
83414
48065
80832
72655
88889
83657
18298
700
64527
11467
42809
71552
69156
16713
55510
28960
12754
33327
10422
37582
67597
73465
13712
55985
48595
98909
38618
88804
23610
71475
21953
15836
97390
84843
87861
14605
32775
29905
64842
50602
22237
65247
47780
92389
85565
81756
212
42763
4161
49583
55825
89789
55369
17697
26073
15229
28170
17636
47610
86437
10048
86698
54123
81745
88306
48066
97583
22671
92008
10692
27376
66743
88910
91125
64602
39121
48590
91410
52525
72300
5479
98911
88842
19227
24935
4535
47216
5656
29556
41745
10274
25779
50800
32234
2320
16058
37545
21001
68390
82089
99806
41937
15174
91519
17649
83052
76314
49882
59777
2325
59028
84045
54939
45295
3263
75116
16611
13742
72731
46177
25950
35650
92661
66315
17231
63776
67545
73805
21587
87534
98001
29991
89665
49916
23615
66049
9530
69844
48239
92374
32344
75448
3650
89174
84182
86730
76691
52332
79099
31813
42657
99425
55596
36831
98335
361
96912
83430
28148
87743
73102
50284
3810
69732
39883
7207
34988
68822
20780
61659
50249
62770
75732
83350
36161
62537
38202
80791
35634
78604
64240
38258
61829
40282
54156
52327
64666
36541
37719
55486
14618
25552
61631
16721
56938
97966
25418
72295
61789
23203
85499
32787
94715
80812
84099
86571
52825
87742
53471
5424
47267
72307
50987
89410
47723
73316
1079
84098
94779
10827
44061
43668
94262
57004
75561
1535
16672
7622
49762
56903
80589
39080
44467
53551
21826
52288
86206
92369
57160
27710
35788
14891
20238
95872
28207
77072
48082
87858
88319
66037
48864
16089
54814
78643
39422
97905
85843
44698
13108
14162
86668
26307
16287
5249
42752
36717
52684
52726
34344
15204
9869
67762
99978
35763
7994
6085
91782
76153
55350
1558
24011
34404
64936
74302
12209
87315
79721
65827
86794
15335
53320
41298
74645
3760
41760
55715
5435
45543
58108
67655
35991
95068
71077
14298
79310
56684
13051
58315
45636
58207
56628
34785
74838
43079
99819
89356
27541
9071
62739
78391
42035
71995
37398
13541
30499
42942
58133
20581
17384
62102
99670
2403
76011
29378
6418
90711
64879
52431
60520
87767
88879
33831
24883
34835
92274
55972
75951
7822
20832
43240
5775
46305
42776
2468
94176
87244
28029
61621
1529
66900
60456
58154
11743
46182
20294
12720
92707
29442
19774
21632
20370
19881
64167
83313
51040
8067
34316
19401
9322
73919
26296
66255
34946
18578
55704
82930
2940
40580
46819
79058
41250
57534
89378
50271
55067
54052
52548
17673
76700
84286
89418
21592
84515
93109
38300
70458
3376
97999
22905
54986
58930
4976
99436
28528
72858
83374
72370
33508
89126
82168
34702
78542
65132
24981
96712
87836
91208
75366
2418
48110
53587
50277
39599
35814
69182
27522
72535
86445
5384
22348
64437
43054
32692
44035
29135
1666
22511
55733
96302
50613
62295
66462
61278
16710
48683
91287
57977
34215
10458
14606
15450
89033
30715
67441
39915
14777
43943
6167
5843
43345
8982
43387
28709
8101
31290
68496
8714
43377
22268
61931
12556
24619
84065
60873
44170
55745
15089
65679
76119
58612
18655
59507
11722
26021
24827
45439
82098
62440
29377
47708
27045
36883
92216
7192
74560
59828
13208
35389
99673
96846
40389
4139
35831
91692
34060
44952
74036
46179
81736
78565
73152
87532
84067
25694
95354
63448
73308
27068
64868
27570
27990
76795
97099
68587
31533
92228
84768
93518
45692
64966
27950
86103
39158
56219
54242
96783
78480
95845
51312
21396
30563
34493
26196
12441
2933
77747
44783
60271
7408
81300
33838
56768
11442
77061
41979
21874
78064
39402
33197
37308
51628
18233
51135
82700
98120
65427
94388
45606
60757
25173
94057
36601
63172
95102
78540
75787
30214
47082
44265
98789
58949
67523
75694
80311
25172
63537
38465
3401
56081
16594
80250
13235
86903
97739
50400
11149
94979
21956
25128
49282
78551
63932
75900
99154
86873
69741
89303
54659
88479
52038
85531
94091
77451
74447
60714
70118
29908
51027
12573
2607
53940
12813
8194
76332
98471
58639
81962
72514
91927
99993
80418
29023
38795
97736
7005
18692
61434
52519
2783
61686
13745
53505
58067
74909
81887
91863
60887
39844
39229
84704
17681
11389
6494
19049
56749
90553
78986
52003
5529
60171
2726
77638
2148
28654
73794
11332
5907
57114
77083
99028
64522
961
77985
34289
5394
79559
66849
94481
53420
60901
20647
94453
85035
54934
2984
74123
66518
25244
17695
48258
47437
84867
2319
35242
91088
31335
44686
72524
66104
6857
77589
61215
43935
32013
61728
56391
49439
71238
67332
44874
13705
81169
14170
27189
79983
69291
1544
81043
84087
25478
53076
73854
76370
11713
95161
6520
88088
62714
86596
63811
74819
91936
20281
41307
74773
71926
7053
3747
76951
33050
211
33432
26781
89734
86658
86403
69781
71497
53433
86040
55602
83296
74612
1481
95429
19360
75514
97022
78329
75267
84840
12359
73048
88008
87092
83304
40033
40758
13299
64765
73811
32931
18048
19910
68210
94268
8530
45933
92112
39416
47447
82444
27518
1014
39095
39039
86998
15331
82226
34553
98058
95177
32193
84434
6759
67380
95226
29898
15168
91203
72659
60367
88292
63438
3292
4813
98168
78120
76345
31022
15937
43767
22578
7651
36369
55655
31414
73795
58013
92183
38396
71222
84968
24989
59196
6183
3413
94439
21480
87810
41101
38426
31081
69544
81269
79362
51597
94924
76842
80756
69400
44449
66928
47776
60992
14890
70083
54110
73676
49458
44385
44692
47841
72929
91202
15062
28425
80976
89350
21980
58062
53846
22688
60348
58
22249
21422
33001
38655
31252
58638
7402
70012
17914
74929
27653
41207
15553
24872
61724
83929
9832
36650
48728
30668
20842
54493
31713
6690
66603
7712
75936
35083
24681
45570
28047
86862
76371
44999
65888
54833
14762
96306
51187
3630
87523
59640
32305
18580
99762
72630
61236
6166
58486
82555
66254
25281
99910
26003
37453
14906
11118
60914
90095
75550
70376
87472
15081
31526
52547
23152
2246
86222
86308
6020
9876
66107
99417
88548
54960
65732
7787
71337
2794
87649
62118
33976
16285
25536
49523
21940
83646
98937
71254
73730
76754
81441
29003
88684
91701
33959
62530
45563
65471
85646
49991
5805
53405
5802
5134
39153
10061
56893
61225
63154
7673
48029
57374
48116
83204
63845
93923
53897
81638
70789
30378
94849
21399
62982
65517
78680
84027
32324
93102
31835
87907
99612
12420
97711
10003
81992
78488
55197
31683
74829
18547
755
23967
76647
67831
40637
605
46201
1704
28389
93698
60830
87308
18593
5101
42540
53442
95012
7018
13059
22991
17814
41870
82573
28164
7864
66751
81265
4488
6594
27156
98674
29915
64920
69265
84766
354
80963
70510
25784
7293
3389
28155
48034
92628
54055
6038
9229
86039
79131
46965
20585
67556
53971
63521
26960
80139
73831
63637
67555
39505
97579
15464
88488
97548
55652
25206
51858
80969
51621
31547
74749
31474
71913
13856
7365
41244
3922
85586
87943
81351
74265
58359
43552
9029
8128
96298
17851
38167
99178
73534
50568
98233
98378
9425
49714
91531
2268
60935
59927
54159
1279
18587
77159
61402
80817
25366
91126
72847
33952
74757
36208
9031
33185
2341
44806
66174
73416
26314
18005
21611
21898
79081
49959
35723
24524
54257
30915
23443
24129
81238
93769
91191
54597
96953
17088
5939
9881
12622
53659
50860
51038
21137
8056
26942
62724
71844
71688
60294
56704
35460
11273
4803
72924
1119
89511
12721
61283
78008
23835
39771
18839
26410
16726
16832
54161
33991
75469
17776
42269
76352
98229
82467
16048
39506
83194
80619
61441
57385
13647
21495
32410
97389
60560
54589
57056
63873
35416
32233
60270
77407
38372
13883
7056
53945
75282
80356
85310
56200
11049
30751
90195
15056
26303
99895
80609
87843
25028
12975
96885
82786
96319
71561
15361
31640
76302
54631
57747
69413
442
81297
81340
8849
8525
56076
32868
71529
97686
17406
13244
57057
44537
72298
91554
29393
22157
34801
55051
63880
48978
47058
79364
15026
32467
26787
57150
14892
78471
85632
21203
91643
19775
52079
73150
79518
7215
67613
56852
50525
48274
3178
90072
36410
10111
200
74780
95813
68612
40227
61832
83451
98637
8308
40144
12881
23106
61542
80322
64559
32539
69973
91868
53840
36954
10738
7758
70784
10400
90707
60632
78937
32595
41744
6716
20784
49143
14874
30043
31230
99976
64556
5350
47232
17785
4302
78720
9787
78546
54933
70040
17806
89943
96234
20935
32189
68646
13694
17607
55581
4047
74493
90858
61717
23228
62
41138
51522
45485
1987
99024
37003
6908
64588
12668
35496
17939
11378
58963
69510
58463
44015
45676
28219
87602
26355
98021
16488
48951
3706
99212
16856
36302
13875
24823
10916
51001
14611
90358
5619
9854
56302
71048
33810
48188
80578
44987
4494
10915
20933
56765
92360
58700
30325
57720
58654
49482
91073
11868
80912
22594
8503
78079
75490
38598
69646
15053
51901
41797
95311
18501
20968
55370
10187
9424
17980
53925
71932
83680
58857
37495
94796
19434
86076
49112
64245
68881
90666
89730
38678
47795
40355
76814
31601
85893
98453
5485
67360
68338
40493
935
57752
89055
56561
85923
41868
25631
36660
7044
75997
96762
97707
99658
63321
18326
12352
22921
80465
86224
53337
57935
95712
74160
37710
16161
35950
58544
45832
19633
15118
82331
41886
43482
51180
58794
30518
59793
87588
82864
20638
53725
41340
4358
16489
67058
72477
13
8080
53347
29007
29683
37366
49901
97273
35043
91169
45301
76708
87474
39692
99731
66609
29939
31194
69121
77509
59993
54396
23288
88692
67006
14853
84089
53606
61498
53724
82544
51347
50962
33761
11254
69685
86912
53284
28043
5938
94976
39716
39274
47238
82279
41128
88666
53955
15638
83835
61626
4812
42868
29093
75420
97377
19100
61433
33247
27102
49978
39150
39127
9104
65992
18768
44789
99182
92467
94896
82599
76487
42146
5136
59810
8293
66650
91917
10918
37173
7504
96854
58097
60708
93515
7748
3154
61741
83483
82343
26769
55620
93025
73340
60826
48376
84115
590
45583
51674
32682
20097
51533
6613
88435
59588
40797
71941
33212
47283
31939
83906
84738
39208
40462
38696
52194
49185
60962
46011
43685
56514
49480
12670
82789
11562
80885
84079
36461
30940
75556
55709
11268
9775
63515
11460
3231
91024
91981
36604
49316
35059
86004
6665
15443
35276
97830
90958
97837
33063
62848
29979
25532
35980
25828
90758
45962
30270
15686
27229
59259
24428
90034
27942
30539
95627
26505
11411
42715
5439
72983
88563
41321
43421
76468
61437
30664
67272
94247
66538
4172
43846
27934
90065
405
53163
52655
6586
94733
55922
18083
11395
91456
34023
68554
4969
71262
31895
40078
16090
83436
73003
54226
38325
50101
17946
96787
4998
16186
5547
73584
47917
39676
98428
37288
85139
81870
21884
30249
66172
38482
3358
17750
74467
55434
27288
66424
86434
73251
72492
19403
46905
82543
38022
89504
87430
48540
81388
41693
99171
26729
52959
1098
85577
23269
57026
1043
54882
79745
73901
93997
15643
2088
9578
82918
56840
6651
85243
77222
167
60408
97668
6920
54238
15235
10170
6194
43423
55072
35918
38882
87827
49513
89034
56536
29714
17504
42423
69359
34620
48537
37069
23295
54305
35707
45188
78442
25220
45025
38267
43864
97888
69895
38850
99109
14371
24429
57809
67478
56671
45978
39052
15812
65125
56685
85191
65611
70453
51267
98296
92686
7515
50825
47531
85587
44969
67628
38132
24716
36889
29281
66436
58001
71076
58545
58333
8752
63926
42152
88495
92808
88736
64135
90225
97659
31558
50369
65983
32006
53215
18596
82336
64739
42049
84589
20874
78312
58558
54591
16372
90118
76467
70168
8784
59228
62053
96371
57384
94361
668
61558
29624
4472
8303
36275
22156
18764
34783
64552
70090
32483
17981
32886
51979
28731
16081
49970
23373
28667
80331
70475
81666
89875
25899
42459
36515
59637
82460
28206
92204
76800
54237
99053
19201
51466
91763
36338
21729
7629
23962
6228
31080
23498
72287
49611
10879
6080
58417
31901
83339
36791
93302
23482
93082
64026
35445
80581
31789
5041
59908
67091
35806
32652
90083
85805
40636
94589
59157
85020
16991
48158
91166
88858
69103
97045
40644
84896
13093
67340
81848
22158
10990
83945
52140
33814
70629
23504
31039
20043
13084
35613
73658
76717
10570
40214
99113
89590
16150
37289
49241
36857
76475
1250
93703
27259
73335
75167
3353
46309
68645
95021
15688
62577
69896
50238
70639
49192
2528
55532
10030
9687
44979
53705
26588
19009
15911
53419
43575
7646
94150
3549
91518
61780
65398
13942
58980
14165
35042
59180
36719
99100
50544
67202
50300
16352
2007
56239
40195
19345
76225
78393
64180
11594
26903
48
48751
5269
12210
38131
37385
7793
57175
81709
96292
83740
18529
90383
19784
35462
78600
13391
54855
49427
34819
82730
62143
69609
13182
55976
393
50356
50067
85879
23680
15571
25786
21985
78075
5725
98349
8555
17491
98664
29052
60989
58742
15215
91970
357
58712
33911
48387
1487
67847
81725
11402
71575
79437
23272
63645
53750
49100
50811
80825
91258
35867
22255
66180
89253
28341
95806
32689
99669
68940
82368
80390
55605
45909
577
3171
42039
90389
98998
72461
44653
90028
41140
91361
86553
28350
66274
1475
18731
94845
26431
3783
28951
64799
13575
61547
34384
51018
11755
72921
56496
23162
88312
83022
22567
98425
89197
14706
11484
32562
73893
52876
1132
45698
88686
64115
39224
78378
12880
66389
51329
91627
5741
80576
86079
38621
55587
90010
65401
3844
31988
16860
63478
13468
34477
41711
83698
14826
99281
72747
79461
63451
19932
31004
16455
28736
76167
5645
33842
88675
89502
31214
12951
47932
82911
85593
27349
82872
3929
79894
80865
37716
92935
72782
83168
25979
23020
75839
19849
77844
16797
90039
77778
62740
5201
7719
69418
2185
18644
42370
38269
49966
43991
46483
5786
49988
58998
41915
28906
33248
56507
74213
26607
92478
68978
35408
80937
76810
66685
82595
66906
3580
75986
98420
59166
82695
57492
55962
52412
16769
9646
82571
53974
9421
85816
40961
21771
25701
26945
15130
33467
35319
29598
85256
75648
34140
38172
96530
10603
35109
76159
32253
24084
91134
24308
35558
19654
16248
43629
5808
75727
86031
37844
10968
29421
5034
93642
80923
40514
95512
34032
70466
55409
60657
23900
35769
11883
10564
67267
37633
32816
80548
52163
33446
85180
58457
1794
27158
62995
88177
83884
18067
59033
62573
19935
34454
42467
24371
92347
94861
92471
117
30599
88122
1593
39559
9236
73607
23663
70048
74697
4236
23739
22608
64898
82923
72131
34036
44032
29854
32865
64097
68611
66610
68749
80104
6458
94060
82861
22864
46771
1522
25334
25147
29203
90624
48078
48987
60307
93707
9505
32355
59805
28424
42879
63389
90886
48605
34057
34012
24292
86066
68023
64934
41334
15705
16343
99860
91232
45331
2983
31676
94872
50194
33474
36536
81752
70246
18914
63286
25257
26471
34604
97701
79790
54782
42755
14951
74994
16006
19101
52511
32334
14746
84754
63981
5333
49058
10886
18240
76709
9262
36935
83582
80473
18705
70949
10668
62596
37006
2100
19655
72834
16692
19023
99923
20945
20004
28181
78971
55865
5888
93034
42534
70498
63863
52862
33670
93186
80362
4980
45853
90405
34069
19318
73803
14835
93314
28184
59982
66095
48038
79108
16910
44226
41145
716
69483
30318
6639
59897
75460
21482
63336
44248
70834
16359
3782
6193
83986
31241
97797
67271
32259
55295
2733
33288
76362
99440
77596
64704
51136
33522
79277
12935
20191
22440
82031
33606
85995
11005
41397
67576
59837
34119
99492
95775
30948
10357
66419
88324
9777
44267
47156
35706
23941
51715
2394
66984
90331
85081
47436
45016
23920
65142
79409
95508
84847
14300
78410
13264
58796
13527
79876
43520
3798
31648
16308
77894
90114
82943
22284
97983
1732
40354
64490
42984
53794
8417
14248
52116
56228
10372
57251
96047
16172
24663
59167
64027
45902
2072
31453
1015
84654
99445
47848
90619
2893
59883
47330
23123
41351
66359
17877
72167
78545
80505
85541
63891
27661
51079
48100
54258
43791
25480
99268
65281
30625
31897
66765
62035
82816
43704
54304
1805
90160
89942
95982
61578
90480
44301
19883
68654
89167
22871
73542
50514
12512
66262
18796
53546
88108
72833
79441
7267
54724
40082
65440
49328
9415
12146
2579
77765
30652
45180
21184
94229
14141
84312
44855
80653
99580
60052
88815
12167
21145
74713
25624
53091
34310
65677
40738
3344
12602
1870
58374
27822
76884
9590
5315
93841
27282
26392
49934
36486
77709
9544
57541
51883
49887
68000
76632
49728
82989
39926
8459
43416
60072
66113
94151
8213
89422
22280
66474
72919
71754
20270
29965
78039
46940
38683
13454
99824
99712
9766
416
61630
28516
6037
28108
56622
72040
86304
62908
10751
23369
55623
34613
73985
71045
69381
10706
8884
75242
71128
85948
82067
90058
83376
60943
78532
79133
46207
97212
37131
53649
92639
78848
50936
27204
55101
436
21041
17324
622
88997
27425
45084
16332
53777
14213
42502
53857
73141
52082
98357
25108
60228
2750
76990
73198
18449
99401
96089
87891
28396
11232
57993
35678
93948
89415
82776
74788
8047
62506
19653
6439
87020
10873
94525
73995
5328
47061
94841
13205
49678
18817
1570
39980
78657
92766
83877
46216
48245
58578
49225
81080
77553
16758
55767
98508
71177
27899
33823
45785
81308
23449
75567
76379
85162
12891
39502
62142
2196
40293
58388
43873
40187
5287
6012
74882
57705
13284
57357
82007
37737
93768
34284
35197
45355
77380
74942
70519
75857
40623
54334
98497
2389
71906
71188
36001
40791
69964
93656
20061
21169
6579
51313
67763
77825
9227
7035
36858
89965
63988
5519
42717
84937
18674
30874
56458
66899
79414
86343
98115
23733
58040
81595
9267
72556
94736
24729
64883
4982
92763
46520
4337
16325
25276
4751
55765
85233
47786
68847
59817
31236
27011
41869
21814
57837
21232
34837
36608
92966
12788
80571
31979
61635
53103
52543
30621
2852
21104
20033
63384
35481
66659
44892
78215
49454
47574
2951
24890
77725
68371
79710
47093
97912
30216
27485
10441
64047
34439
39193
98839
25098
29290
72943
51467
97232
19261
52605
51337
41363
94709
74710
89864
42044
8323
56484
59234
25815
3561
59202
73004
53367
70154
58964
52413
87024
18812
77190
54935
73295
51032
20389
72716
20143
16527
72617
5425
598
28487
79649
9061
38057
80939
86887
28669
17529
31237
99583
13637
22198
88443
68930
42521
16453
31283
55813
85886
42361
64828
9056
78787
14352
31100
95420
7679
4062
7762
58078
94879
55857
39586
34941
99270
59323
7975
67299
98121
58202
94907
97112
29968
81659
77025
26061
71399
30733
95024
26009
72186
7548
98694
16614
1304
47134
63399
42751
4314
68421
87248
53859
77427
52975
12414
24002
18177
74435
68323
19659
47094
96372
25431
51232
85981
12867
94260
89610
22447
72405
808
9152
18191
41489
3867
962
86225
1242
37661
89254
60666
73683
30635
31428
10125
78180
90428
76326
12663
47771
47800
44083
83016
87025
10615
15396
17687
96058
54565
41891
93719
66795
34532
62758
37359
41902
86987
37413
6699
68366
11924
20114
5898
90116
76017
35944
79365
78621
34939
79593
60516
92188
33702
81816
51990
62133
19086
65019
66618
9016
44055
19415
20357
77106
9414
82297
23536
65071
98455
7334
45507
34106
66510
13407
6226
68880
42678
21594
61913
37559
6303
37105
17249
5618
32120
41171
94743
91147
33114
49750
61759
60744
50081
59558
81083
68482
51596
8227
17694
64454
10906
73597
45070
85372
61756
49731
74611
43060
47997
65338
64578
43093
24463
88485
50920
94995
13216
16036
95237
26506
15594
78855
14910
17079
67712
9889
50091
92093
42456
68539
4207
82837
65020
12729
77965
32911
94876
71556
87952
22496
95118
50939
17881
17208
35536
15682
45891
98438
39535
61008
62655
36425
87210
21847
11426
18872
25487
95027
4577
17927
2330
79350
54871
71866
97183
11330
55270
93191
98855
48267
4096
55331
19214
28518
41556
14243
59091
72097
45627
2817
64383
97606
17475
94944
35154
79764
45822
92994
60173
23519
86228
21761
19361
36828
28259
17730
54829
66043
61597
28774
63737
91105
47712
26232
64955
52426
53743
42880
94882
68905
85564
11971
19885
61831
16392
13658
39489
15059
70202
36332
2841
60749
46797
28005
14830
91346
74262
86171
23771
33251
96315
41206
11488
92297
55788
90938
6783
42638
21627
86338
78576
82778
6925
92905
24046
96531
57466
5515
30729
2710
3652
87729
64202
91914
70483
96443
53737
91207
25345
59891
45218
37306
61192
19876
94557
98762
90474
67153
22272
19572
652
72247
65092
8924
69830
53004
92474
20503
60317
83779
15999
32636
39237
61949
276
38793
87041
27044
20996
24720
40995
11495
17738
33140
11385
99098
23544
79832
58845
25140
60506
22179
68379
44670
88281
92501
98666
89950
67010
34161
65300
14265
62942
4492
77918
73692
72598
21498
57210
91194
79520
97336
35987
50367
79486
62083
97998
61257
80887
73457
18137
60222
12742
2784
11298
59374
41528
34304
53756
81630
52179
88582
39705
43002
41519
26743
28102
79968
54826
98042
81180
12590
84583
72048
78814
77989
96571
75385
33271
64318
73686
54773
3517
22996
59486
18527
98491
99312
7652
57257
30076
44466
34354
58177
12213
36595
88834
93072
56002
38555
27972
41452
5599
88302
41845
55120
29687
87622
68591
410
278
2748
83815
86943
48711
85594
77315
91608
51340
10077
68007
47590
57076
54866
20584
95220
68512
67117
64466
90483
78620
54046
1789
81977
92893
74403
14958
46758
93385
37187
22257
95370
59723
67804
13465
56839
10649
43799
41747
54041
74814
51206
53312
80051
90382
38140
3166
81299
19438
48957
66652
35482
67654
1369
54587
56850
59150
24137
7195
26098
32213
86102
60500
36121
86930
50887
42508
10735
15325
40731
1700
21288
65764
80612
37647
63236
27455
88298
67358
14421
44415
70757
13060
63361
309
68237
3259
38670
18068
77770
71263
73080
69347
37244
77306
28293
2158
8025
893
52336
65532
57088
60821
86840
87229
64455
10081
79057
7058
27659
16853
85446
19912
61994
27562
149
60524
85491
62386
98632
13796
19427
50855
88316
8834
24284
72114
93267
10866
2636
75593
87521
78961
82443
79218
70501
50663
74191
89486
19747
170
51588
90210
32592
4878
30970
3379
81547
66323
17000
13834
49935
96679
37898
99114
40884
17076
45365
44959
918
61308
12312
83946
94418
45480
5591
29159
25427
79318
18932
44186
98175
75853
21912
94068
73712
53059
97920
6701
44306
49964
41588
25739
21074
59657
26266
82465
42188
23781
89702
32123
72272
98895
51165
39704
12348
92979
31221
59142
15862
44405
59915
20442
14787
2168
12635
19491
22075
69192
25767
29434
39910
62243
96097
84796
43073
12620
66268
49397
72980
3299
16446
57658
20371
96235
28305
25423
28680
78920
52482
35826
9411
65971
75233
76003
43431
22016
82999
41947
34380
46341
78758
76658
96269
43687
2527
59182
14438
2087
25921
6030
42544
46957
75671
82081
34171
657
12578
36422
40353
24130
78692
18658
42578
64962
82873
85510
10523
15695
54985
80461
92609
92596
71068
67453
96608
97864
91779
49661
57592
82869
73388
35298
24775
31016
11808
55721
85548
73017
46069
12550
39653
69755
19972
32261
78929
78226
77856
81312
10095
86042
43084
56923
42580
27610
68273
14978
15955
68185
28075
16605
41782
41641
97804
45754
87269
22592
31712
73698
25967
54112
86143
56363
88296
40103
96075
32902
54989
44791
68418
77165
65586
19648
95745
41417
55974
51191
35860
63416
97234
13645
38728
49055
75474
11600
23598
61588
87909
34605
84000
72146
7331
61280
52810
97175
77033
93340
93379
82329
76631
26118
85352
10958
52107
26918
15480
98957
74525
16568
81170
78651
30235
37750
28797
58603
14857
70902
88836
56662
53563
94867
27676
71283
6499
74859
42200
33369
91132
56162
66540
99516
10891
9847
72011
35193
43974
45123
43140
96249
97922
34277
18378
81053
20970
26491
80387
59983
84360
84528
30006
72212
8019
24001
59294
80212
63115
43895
87335
10462
68538
7007
41169
40029
89557
95332
56207
16382
79164
23777
2143
31937
9024
9401
63220
73266
73540
42661
84765
54168
97882
45634
8571
97644
70151
25742
9070
30127
85640
83871
24398
27858
52448
60461
40473
6856
27519
83764
95128
53887
38672
22137
2214
13201
58120
12693
76873
24810
85691
89379
40819
93678
89364
90255
14423
58246
69449
59267
46967
37693
32534
54515
36281
45148
26131
77864
28684
70397
1974
39415
21014
75156
80166
26602
71089
59846
16571
19825
63632
39930
79189
41490
51955
32212
79369
34333
79116
49302
57911
50972
41727
65290
18174
54883
6304
74000
97852
58518
72889
58222
69594
23058
11999
59550
27167
29880
41614
6395
78619
44594
59315
90636
71455
20994
67856
58955
53690
56020
7094
94982
62511
21068
93281
31478
50698
71101
94347
3219
64007
62614
72260
40892
29415
80965
24099
42177
29638
13229
16394
99786
45277
1898
85043
71102
5528
66734
85169
58357
91201
11287
9890
43108
77204
78976
7287
87444
84237
23503
42311
2119
27254
8183
83401
84820
68330
351
11452
1365
29997
6682
41261
98283
54919
84963
22434
43794
13882
3593
77656
70493
23033
80013
46280
42687
59436
76664
6475
81001
64048
8355
5720
51350
8282
95898
33135
24336
68233
18371
73326
3876
12803
32425
54696
12085
79606
73044
64669
29862
35432
3868
34372
40606
96620
1158
16428
21441
67163
31625
78946
58907
34346
3439
88924
67647
5254
84285
69233
50363
64800
8364
66191
95563
35622
93386
53540
96920
64181
59092
48908
26315
49785
42500
12255
60566
566
98826
99965
40271
11644
44568
85063
11138
71374
90460
78901
47569
18849
22303
1765
13277
35795
21897
5200
31235
2314
2633
27465
63221
80080
59239
65477
92949
91200
8437
4987
39043
71175
66033
40974
52984
62277
37634
84474
55841
79743
54031
6953
3669
13209
79418
61448
8633
94160
62406
16675
70443
44865
67670
5507
9615
53829
83682
5985
18214
24467
52425
85974
3671
55001
38111
22023
89921
89263
43107
83307
58625
63437
43153
44070
793
48072
20590
91067
25524
67677
15568
94382
91629
24631
33635
21662
59893
80487
77240
43059
38291
5536
57186
28123
880
69808
25551
89725
23506
74089
8447
43874
44112
50719
90951
74722
36937
16045
59800
21361
32348
74609
59044
92507
42926
98241
64631
65073
75209
22143
52838
83731
90786
53901
42543
29453
6536
466
92487
10887
4779
27198
73403
99905
2737
9770
34116
96329
1672
3047
91039
22442
60078
69549
79483
46738
63100
74008
63643
26455
87977
51484
93989
56317
36615
61121
9457
54703
20630
49773
84834
25696
34655
78714
60230
92831
92390
74495
94131
55008
66090
76582
55020
41877
60250
46638
712
84662
36756
8733
35107
325
99033
95823
31999
97530
78954
94106
9067
15072
70631
5299
56303
7378
62534
6552
29473
81356
16502
36069
14384
44059
22387
67055
55502
37085
12115
52691
32926
58129
46930
54906
76401
87737
76492
21046
66971
91142
9184
21738
67903
80413
4660
84295
29685
43977
59566
31819
58835
41719
14430
72826
6522
61134
86191
95710
87203
50243
98156
8782
78379
2849
37947
56612
40924
7854
83271
75880
87863
46231
32182
53719
74545
45247
59156
77730
78356
83845
22722
27728
94431
68069
12804
27831
58783
30477
23956
49712
26512
58994
524
11360
42211
19259
98815
57985
31592
90679
36133
6821
6083
39319
25867
73574
22161
97768
29804
29076
5345
92055
13934
43127
44721
9811
97825
73124
49587
15146
51326
80863
41311
79637
18266
4410
69911
11382
52359
71884
51465
57695
47555
97619
63350
43697
54106
56033
91682
58925
66912
3603
61615
33769
45450
74180
7820
36199
44022
26250
65844
1539
11226
42392
29731
61144
82748
95235
78009
54025
43589
73131
82247
52409
39145
13155
46298
6512
59
63530
50256
19146
12940
97478
28946
83591
63937
32681
50323
76224
47133
67900
15149
98868
91027
32116
91180
18987
17929
36267
61248
34878
12045
78476
8995
76801
81782
27890
74527
60670
91698
36612
12838
74236
24158
10531
35510
58641
60395
94572
13421
53994
43745
30479
22021
32903
23048
18903
94659
97114
87963
24037
69028
1343
31504
50117
61209
40285
56445
39458
33080
30753
14796
27033
15223
76979
75529
94597
46800
12182
14517
93037
29585
93099
63746
19643
82097
33802
78892
32611
56689
16469
37492
49335
20331
85896
31476
62539
83610
68072
60319
16251
48150
80836
89929
63782
12925
52907
17372
28964
28157
41917
52148
59022
74332
21217
19349
62733
72491
40488
39875
82548
3030
9727
56154
35294
47222
28262
4258
66829
98324
50986
48770
12369
66159
41284
34786
65609
16985
67698
19280
77691
48266
35531
3566
11539
34722
76041
76868
28009
16533
58596
94084
71626
14031
65651
99927
17383
73897
46839
82801
93728
63549
84832
26077
9006
23557
68123
35778
86582
53565
83749
89810
17244
64159
64250
58693
665
77465
66939
73616
97348
99909
52030
90115
43798
60303
90043
35512
90352
1778
1901
60041
80787
15262
98926
6804
9851
25066
57053
11057
95704
83381
97846
10636
71144
1695
10679
44539
41593
80542
26628
69671
79228
91413
25214
25283
99153
55282
36806
22860
11749
26169
3934
43235
18313
12192
39181
26938
60793
48570
24430
11634
83276
50168
90159
73765
50140
4167
83361
10985
53043
18409
90889
2866
24008
81364
22948
67805
66517
83358
35051
57511
64657
83061
7598
54896
85120
33808
86683
82800
58897
18770
91669
11721
3841
94801
60133
95305
1408
66336
68634
3111
16744
35885
43195
89319
27182
86277
26152
2993
24708
84873
67142
49856
24970
29770
44770
97754
34227
50886
49896
12944
47047
22095
96652
77597
1285
33860
84192
97676
79566
3911
43331
16964
53345
88762
99343
88503
70632
67372
8039
65741
47907
77134
20897
1313
52669
67344
25308
47960
71715
49240
45430
58562
763
59498
20906
76781
15280
24117
54073
70180
45329
74704
10747
14399
80802
38775
95882
22886
8137
62698
79920
88289
77147
16883
31585
78690
71635
49079
39536
79942
23130
18759
79082
29087
46783
49227
72179
64444
32071
60857
53509
67988
48222
36240
25005
59900
42324
83104
68741
92654
88520
15915
25285
21849
83738
2603
72911
95323
30699
82991
71362
84785
26648
55412
24821
92878
61339
95772
96553
34180
66223
70075
98948
54118
81548
72644
36680
94092
39233
46076
62455
17023
64404
78038
96454
19524
67509
11482
78165
39315
92999
70835
7206
95364
52028
76263
52169
91604
86525
66010
26310
8682
51181
29289
84339
45518
95808
14889
16523
24722
36396
32651
5550
14041
96825
22600
37642
7518
24244
96445
1821
80748
28495
67167
67255
81485
20020
7151
37119
9680
88464
38200
88678
24875
94408
68343
34135
96784
16131
98682
26246
63771
37267
83113
85612
84993
28464
43896
24828
71863
36960
85581
23899
22661
77716
2428
3261
7511
78285
16407
40548
21991
93796
3874
29420
28510
72928
90514
5154
53199
20615
89414
64540
37786
95579
60460
19104
10537
42449
28604
95891
37513
71489
57808
77926
33549
40936
22000
79205
6752
30308
97325
39096
76672
35177
91363
32156
40279
99487
12839
47622
4580
97014
65175
42935
40693
96094
91222
26405
69297
93664
87172
30789
40955
66974
46755
13414
80453
68040
46837
11636
69295
73318
59729
42043
83949
6315
92024
60411
85319
79391
60515
35004
86301
74351
34789
5457
97814
17773
49863
85658
31617
85433
41683
26620
29174
95045
31075
89022
45998
88714
23173
41634
43969
5851
41328
19819
50390
15383
54944
81182
68269
33756
18331
88575
79985
34039
13616
29478
1998
25699
21312
62503
16274
74884
10998
62271
523
67850
2600
69326
93780
90844
33602
10936
92281
40888
26856
20424
52551
13754
5956
59152
70127
15729
85158
23250
8768
27475
34638
19564
58033
85626
56993
32940
67256
51475
63652
17745
48865
96859
20420
32895
92235
1234
65924
51482
5117
51124
16289
90881
57708
69657
70590
59337
23418
54406
17235
69961
15017
74149
44795
67031
15083
10231
22781
51417
30112
75552
69662
76261
91598
73753
52500
55467
78390
60884
57253
25143
60143
45220
72856
41157
93056
39721
34398
26679
10214
3684
39201
91154
78721
12810
15307
40386
45484
2038
45612
2981
21052
5478
31891
13998
21147
64492
85226
39160
66132
5489
39770
32840
18837
88135
2225
44418
48308
44284
76906
58164
8493
79386
34343
96742
43535
11221
7591
42900
33881
67106
92457
75457
72971
93430
67235
75477
5996
77532
7274
43941
23262
47722
81618
21663
7662
66914
73094
13340
87297
52660
56148
89791
51155
40260
38494
33948
18095
44886
40859
65874
88998
52678
98144
48565
28191
7017
56587
8902
28968
7240
56741
83395
9112
17426
99944
32744
40725
13456
32147
21491
17181
27341
70928
29011
59098
68092
75906
66031
21881
16193
69051
13282
52280
45115
29945
23408
67682
11320
21678
54766
20075
42837
1688
51156
36934
95052
57794
97354
97108
53379
16542
49520
13891
39902
8074
7469
68327
51790
79719
93022
72191
64299
70720
95431
65307
23456
42482
64941
70947
83674
84398
44667
60636
36388
53276
36528
59929
82723
85249
17300
59124
75186
23403
80226
4151
43489
79654
70793
27442
42
39747
40042
79298
873
73105
60450
41535
15340
67178
50460
98919
50360
66641
26642
3678
25579
10499
35724
86155
97934
20369
63624
70685
95815
55492
30897
78595
72180
39563
8254
14280
17862
55042
88886
97425
85645
12430
36347
39652
36376
17099
89194
80163
11962
14589
8981
30107
29607
79686
8014
13872
32714
45578
93601
41265
83308
84713
80522
10923
72137
63133
14680
38341
4565
3355
32281
24341
81056
75306
76599
81116
32624
36220
1532
90838
27059
40391
10963
30450
47153
91797
18356
40551
18564
25104
7181
63388
22430
22938
48190
97146
41185
47214
19535
58991
25368
76890
32198
82110
78497
12434
81311
94185
86252
95633
40306
47702
20193
35760
894
16484
1919
37810
25466
24673
54825
79902
82606
25090
14593
4538
41590
40589
34027
10658
6250
59838
8354
48971
53486
97749
77151
8526
56546
79351
36173
43356
10512
76253
87167
14952
14930
55017
85997
26803
6954
12183
98426
44218
68200
98149
48003
32374
38359
85194
87886
55530
2132
5058
51926
46754
28961
91461
78287
34926
44541
37445
46648
47268
32934
70582
9933
83421
7489
1473
35664
85451
7113
8107
90750
35856
40200
58461
28415
34523
48070
17725
73322
64056
95289
37089
61567
1621
76040
77813
44153
31029
32266
95172
31842
58007
73143
67658
73443
22751
88196
72759
23546
83078
27919
49438
19733
45736
30783
32823
3532
17175
71858
48933
4890
50565
95151
16158
6592
98750
76385
38509
8610
65656
61118
48225
68402
12133
83639
11414
61324
53116
59936
60572
45940
67730
99662
35751
57516
3452
17362
35689
85853
7076
49543
50998
52388
12375
99400
18112
24146
63999
70062
65681
57701
26671
52995
76764
52993
77232
38827
74974
4781
22096
66127
22365
65206
64705
60106
72596
73802
47420
99078
94500
58439
87857
73130
88106
27055
1777
3719
43399
13183
53226
68852
57852
52421
93497
48265
42608
58069
20403
60149
17839
49051
74073
2537
66627
49667
3820
27827
2931
39557
26837
13826
50709
64123
16774
32721
96791
65894
27251
36590
11522
70046
40495
42085
98620
15428
72467
8365
56320
11130
86663
92379
94667
86481
91854
85285
81947
94508
86100
65956
88704
43758
15414
71562
62169
18485
25930
5474
4004
39616
29938
43053
32426
34741
13801
67094
59655
56879
43376
43965
2508
80932
7749
54869
81464
27323
16664
55695
96018
245
6917
24727
82692
43420
83529
55211
3736
64850
78541
62586
58443
40928
27970
78003
65212
53182
59430
62494
77005
19906
36479
21586
81254
9672
1576
89322
86472
65507
81958
16380
41861
20435
67078
42989
20984
1573
99634
79466
30709
98511
7918
55181
14800
39425
66816
82109
72985
9821
98766
39496
75742
69
92593
94590
83077
81222
46917
29407
62825
80240
26044
46204
4634
38451
50416
93295
25590
54327
60518
93213
18937
70587
8914
51098
55124
19959
88775
38218
38980
67079
2699
27135
20105
12506
84031
77311
67257
87688
94313
47336
96367
5839
8439
41136
84556
68126
32552
87381
22779
2589
495
82463
33766
46811
21417
79816
5430
1113
23256
90964
15598
21298
37979
41956
61447
44953
83320
23475
38843
82572
86797
81411
73650
22290
60502
66878
18897
58681
98096
23542
31350
60151
49136
35392
3011
5067
59083
54500
91962
27356
55949
89645
44168
13728
21699
38136
86915
35101
52260
48857
92741
88977
80943
17688
55692
68768
93797
77097
30408
30686
61841
29330
52800
76181
89448
71856
45411
33737
55463
26163
74245
43491
43720
42003
33667
21960
20439
75840
77543
44883
84331
64469
99082
87591
40902
89309
67319
57181
50095
39321
56766
22833
1439
49675
17926
42964
13054
39656
67288
33872
68912
89595
66250
85447
15730
67277
86649
89113
3019
60144
96169
53809
16220
9158
42669
4776
53307
63510
89171
94224
38203
84423
72643
69396
22450
52370
96471
65806
40497
52839
67924
94357
8968
34024
42901
42908
66270
39336
68277
44008
625
98566
60449
72036
46751
13729
41256
15119
56224
93260
75609
93893
92614
50771
97836
14552
53048
48293
35063
59590
16334
38103
86825
87346
66993
67466
18462
1349
22583
36969
18798
30303
14091
94292
8045
32623
37209
38052
94634
47488
5526
37884
97459
91117
13590
93718
34461
93105
59110
171
58028
67230
47140
849
15945
30929
7131
59520
43834
68325
28499
74050
91158
63340
59721
78307
57640
59141
88830
50489
36496
40328
83870
29222
72433
27099
42682
88984
97056
32391
61354
27698
51526
10623
91707
96654
35162
55049
96931
26181
26444
77689
46931
25018
39621
4038
35
57465
41632
81031
41551
7904
85934
37029
83292
54279
68050
86989
33920
29450
84657
34560
56502
84838
40138
26451
55246
27726
67788
29033
91351
53951
46915
69650
44473
19944
62307
88805
36939
10227
54616
15623
76110
64191
49417
44105
42808
46107
14715
76879
65318
88487
75215
16406
15939
43320
78836
21297
14275
82894
32756
54302
53449
76791
22514
15128
62355
87980
58586
920
44381
96025
79843
41796
77696
78647
7447
34047
80137
84100
36405
45410
42125
6688
36633
98773
7630
21433
29104
97057
93195
88777
1952
59509
14770
21066
40222
82881
77775
72023
19919
96786
48381
12614
18665
76154
8521
76283
26007
94073
86976
47358
64591
93741
22659
86949
49384
66018
6014
34643
12785
8087
46157
32337
14675
77700
42771
65240
77312
44448
9920
54582
41497
29881
1545
96947
2353
93090
48478
26925
84877
80947
93985
42301
59101
35779
18500
26625
62937
19156
73411
38196
92977
30032
86
35571
20236
67099
14185
73300
11399
83503
23505
86439
60341
10068
68574
86925
61601
18635
13574
14815
43644
20633
71288
38563
58433
49128
1446
79327
50929
51965
1375
85671
99211
3177
77103
17759
25087
96090
72704
93830
12970
21340
9789
12639
58683
46907
63452
19232
31133
47367
90207
54777
78324
79050
7423
21430
58429
99537
76538
81477
68373
47451
34870
7203
31930
89166
7302
56847
81422
40885
68472
89112
32956
17431
89918
61813
44805
73126
33470
19099
62945
71647
74462
72136
67450
68021
3150
23488
16282
45728
89018
70149
67679
44517
27682
71721
96803
75957
66796
5668
58039
64143
86533
90688
37967
58627
89994
62815
31092
37478
71478
96838
76396
82459
18190
11429
81603
68617
5705
87198
70541
57308
79382
31947
65365
45095
44037
99774
91806
11345
37660
13965
45861
828
36398
50378
61473
77300
38404
31791
70823
53297
14500
59330
14297
94244
12181
47839
27687
42335
35651
30552
41607
53622
25714
40013
91011
22794
46236
85528
67170
99482
98435
49932
61160
13410
46705
54593
86920
68853
31982
75932
82503
7403
76732
38210
79746
80700
69957
62346
69898
65538
40659
68979
38559
5904
46671
48630
9549
92882
85802
63728
96577
31898
350
18088
94168
45291
49483
22059
61490
97632
11995
53370
22039
80475
94551
19264
18099
4052
59109
43661
57525
31836
9941
91175
69972
43099
37496
48094
85132
2164
70456
86499
58667
6102
50593
9845
18844
44546
48353
65021
19241
97976
43996
49041
35287
17674
16059
29056
11165
48641
34781
61744
30367
85674
40483
58436
60160
80022
50189
47660
32778
62883
15678
31002
35910
18917
92459
17045
96142
84018
73687
32370
2096
42425
13747
17470
77983
91785
93163
84567
92978
58176
4395
96293
11993
8854
47954
42613
94159
67695
19727
59406
43014
49968
70708
24934
63801
69169
17458
26025
3548
71081
46419
96761
486
7542
90527
41249
55712
37542
95206
51532
74535
67816
1769
14760
93485
47169
5977
59642
63421
30706
33059
61203
19255
14852
30785
61450
97891
86420
65669
3665
47048
9359
3232
64560
13001
15973
75031
42663
23105
27255
79235
97349
48098
50897
66684
89256
63136
61912
88701
62887
87608
63914
93429
57074
39944
93878
76569
12871
62917
20199
49616
26430
31085
19499
74816
58179
18843
85839
87636
90695
69197
11509
62905
62252
92191
52864
37362
32145
16028
36801
12740
51096
60123
29893
418
73758
59398
87539
22509
81025
61471
55342
40039
54150
16281
34672
30875
60558
93754
53481
73007
89317
71572
72827
71421
7063
91087
38470
35259
76029
64098
42610
14671
7888
63012
54487
90489
56106
77234
82785
3143
86306
37106
18678
37461
79393
66890
43474
60481
36117
25034
98838
15538
64060
24595
41044
80849
50242
81550
33027
84001
2865
13476
44231
20153
71917
49760
87454
32099
18358
87436
43994
29122
32076
31738
60471
52423
40228
63833
95774
97560
77692
80169
3664
74401
23438
68848
84746
78788
7645
90281
55426
93929
30745
7604
60383
86965
71536
13274
82163
83054
83306
31871
12252
61751
32277
45158
15182
36886
44963
20446
12653
32139
12020
47787
26373
48459
80064
49453
88894
26193
30521
16585
81584
50977
25923
25745
62110
5864
55539
55583
14622
78837
18070
53874
87937
95945
2439
76092
64778
23927
12753
57434
1097
73435
31516
73645
45508
84700
52393
91553
2663
96810
87372
56698
69581
39040
69284
18193
86175
4497
73446
65715
20393
38916
22602
58221
91517
39886
64331
59829
26306
76477
88850
7933
2434
36022
34187
9873
99196
66442
17197
12464
93051
63730
59991
38348
53516
88026
1081
23559
52018
64410
61731
95048
56323
70957
53662
34590
37279
15192
28547
23485
84871
92825
79399
73210
56535
54897
17834
34919
57806
25666
50526
37001
12592
88186
88318
98038
3615
90854
73657
95902
34058
96218
28657
92259
10457
22791
38973
67735
62966
81544
12299
1403
12065
91877
56043
10654
82791
86852
53849
68293
36120
58137
7155
30800
81648
35643
74417
19882
87176
49349
13887
7354
34592
55726
32521
13194
69451
9406
50974
73599
72821
17728
300
88019
69870
54087
32360
8512
14002
10657
57236
30685
38853
37848
33798
45066
21876
67838
38187
6557
37853
87161
49205
58716
37960
8872
1392
72538
5326
51430
17217
27085
63006
93666
23341
86128
14985
61837
91370
72240
14231
4850
4608
99577
35833
22361
96660
2929
90787
62642
96119
64127
76124
2224
55019
24343
84778
97808
88739
77944
73589
80410
9155
1251
93398
82391
39180
50729
36105
58076
91900
9114
97170
10467
27647
51076
92255
65463
63217
44623
27551
4353
89443
38698
40864
25296
51855
89969
33359
63601
4671
71920
21601
39151
76384
22480
90623
82262
67076
67238
71623
53638
408
815
59842
13478
24767
49528
74573
80798
46316
20139
61465
73769
32314
11614
67096
84410
87669
5572
50840
67425
99039
75670
42481
35520
50247
28995
33342
34749
61963
89607
97180
64486
33265
36678
5707
30954
51223
75699
11270
39527
29491
77625
38382
58319
465
21690
19432
59510
89812
8218
23495
36923
17552
81313
53586
70009
61010
57125
14501
86953
78655
85778
97913
5935
25637
93320
94409
13505
80875
59538
10377
31872
25386
830
79047
80975
72636
19805
21194
32993
99103
17206
49320
31112
24293
91321
96238
19525
88699
25481
30717
66605
9318
90908
19206
65454
1740
94064
60871
95893
11566
36757
83821
22660
24153
16705
79995
95699
17553
37980
74318
87096
86416
51737
81022
77820
13075
56125
25962
41630
67886
37897
15094
43956
29684
95833
78256
78658
52146
13828
30207
19190
73490
46467
5019
45830
92998
9698
973
69573
11554
69880
64640
45977
21756
91183
23404
99849
9673
26899
92139
67949
79282
90851
26996
62648
86721
99815
47774
23120
39548
68183
68182
5584
87256
3695
99122
82522
81452
60530
83901
43144
67324
7299
58884
28359
95437
16844
33083
46045
14158
69971
11054
34183
73705
68412
81954
44491
6809
24529
92934
90730
46223
2366
9666
39279
15132
61599
14941
94973
81946
83027
42948
82492
39334
62947
85790
98469
79448
32453
85859
79147
28422
27127
25604
66345
41167
9502
45353
34214
80211
91185
51573
97600
58063
18342
6687
18656
41731
12545
77172
70745
6006
4403
10065
52522
81159
12985
96718
4514
52291
39413
47394
92434
14454
3383
37903
80436
89450
97744
97611
60155
45759
55681
52323
58618
46734
21596
64915
96455
87464
46829
26736
63173
67990
56978
99422
39187
98284
48593
71279
95239
81825
43036
20416
11823
91661
4437
63966
86578
23478
16070
54709
96935
83316
93935
28695
2419
91625
42378
93553
85394
49196
36877
98930
82860
94509
56022
541
14567
76014
60069
12831
48827
37165
52550
48091
74666
1649
68792
35139
19223
9969
84216
53468
28679
53723
77667
57165
10126
53018
56153
28444
61430
39329
51387
22428
28468
74614
8756
79468
41075
66290
84342
40570
21006
37134
64547
3467
17291
3144
47472
87343
53947
38537
46017
84641
8424
93253
59405
90625
35174
21451
27914
44738
38021
46275
15570
23565
81000
97660
81664
60003
40611
99647
38467
19582
4390
87825
561
71019
21576
38082
48974
72797
91538
2890
71508
59247
97876
379
31049
11913
61201
61793
3997
54457
99744
67623
54722
46098
12336
15176
44458
29542
74744
33883
47535
79469
48861
193
2267
47595
62730
55415
42126
75949
42443
77541
93705
75247
64510
90727
92455
67792
99857
82987
1687
90872
25166
28309
18576
8198
99866
93285
69299
28390
32850
13927
72917
62727
86147
64774
99541
95394
33465
69822
61196
80237
39987
65415
17666
2066
49111
77142
8977
81885
79996
22950
57301
50541
72975
8181
90172
50260
2505
45871
69807
55208
20919
24561
55497
36734
29933
10521
13903
50069
27605
80377
66768
33023
86132
66885
157
35435
53384
79254
33166
70386
27631
49209
2593
94732
75804
28859
20103
12078
50863
37008
29867
66875
87885
77887
68688
62646
24136
48441
82865
25011
23841
19534
44813
90419
16429
71987
10638
43961
47609
41178
57151
5105
26584
57323
72127
75675
39479
82626
33736
23717
56972
85292
6063
29567
98244
88962
36294
77642
93110
51171
38221
1236
85707
37514
37526
198
91330
67003
25421
45696
44629
7783
52977
26863
22415
97935
977
64229
77290
66789
97849
64
45997
28724
88308
10405
3359
83063
93885
99833
864
31151
35386
29332
39861
79251
80313
81038
31894
29791
28215
52087
11028
59960
72366
23035
66144
62419
8262
29302
49918
68888
22868
82971
42943
86917
4610
94208
77959
27126
19173
56630
69970
16001
12294
16320
77004
89491
65352
4141
9037
4549
39975
16127
79974
20661
55102
63793
6871
60556
39236
87427
92557
9348
39482
92443
12918
19416
96672
4935
92630
66930
66654
42548
46329
30543
58166
56937
83294
31768
93421
61259
45273
71908
63532
80386
57738
71600
41010
93640
77375
95740
69962
153
96991
95952
46637
79462
70690
31663
86789
37969
37605
32204
14534
50342
91405
15572
7914
59562
35146
87354
57622
80291
16511
85822
74211
10135
79885
15460
31103
2798
37812
94311
52499
9305
86074
42772
19970
14929
24234
59464
28513
77219
99644
27346
98275
22513
75922
2411
10097
28073
77968
7543
22235
60213
79304
38141
343
11563
6199
22801
54509
87574
90919
80054
21476
39383
92243
2479
2840
26407
3985
37826
50831
26359
65462
15046
71658
53607
82412
60470
9226
76832
68521
68796
17073
4133
39556
19474
34360
30271
84422
3539
52590
33304
43212
17888
31857
87528
96899
21674
26269
40247
54877
16075
84406
60741
3397
51261
76988
70609
4298
3026
32097
94566
23554
9690
9364
42321
78732
45130
24635
29283
34475
46285
26204
89170
26365
2652
1339
68877
53582
63857
11440
76824
37283
72755
22581
76578
12347
61800
13258
8992
53501
55993
26975
85174
74412
40210
62687
87475
47461
29198
87467
51555
256
61043
90024
25107
90726
31515
93714
26155
91139
65826
17969
66724
69797
40572
6381
39578
43892
25078
88941
46702
58573
63716
49877
87725
3029
26141
35703
47878
49839
14071
59910
73834
68393
54474
12281
27468
26605
48604
73870
98062
2522
57772
37728
19451
90029
49577
46116
75815
9213
96020
1806
56553
97718
75821
73740
68680
17908
9138
31557
16344
37141
59047
92936
74368
39360
84897
50122
32237
47572
55190
22700
17416
76173
36073
92597
13813
64068
96349
98209
66679
14716
81565
7341
30349
40380
10883
35369
21697
19293
52504
37394
55910
8562
1749
1281
77502
30144
94755
63447
63192
66712
48831
2864
19203
89129
42736
49745
68047
79950
28660
48535
98406
1099
33422
42112
23216
82217
97190
93992
28054
18066
82579
49808
62507
84539
4569
68633
26777
20776
29978
23220
44481
77141
17799
65486
29811
94047
92710
58408
63812
55518
45815
27561
37730
95824
83099
31686
60882
83328
35990
50830
10268
56769
27132
83715
21792
44672
72091
28640
32487
30448
5083
92358
41871
80996
81878
92584
40941
70815
87180
4780
28824
28551
7759
44838
53402
32069
39789
26400
25035
51403
67588
84952
15313
8846
97346
91060
8828
56334
59823
11695
65880
60694
10088
58657
79010
85916
66989
63444
41089
68437
89977
13890
64417
36783
78503
15115
68655
16449
46464
47633
1505
29291
19483
46853
36730
48523
20124
94355
28413
84520
20135
98166
26212
55798
38907
23647
27360
67069
46146
27677
43457
93354
31269
16839
8753
63037
58587
2063
75331
7631
60698
68929
89185
66706
81073
19689
83209
61505
9909
84630
50620
41009
5787
51969
48591
29509
45622
33381
47332
33403
7810
19843
45893
97010
75354
67906
37756
87321
80129
98159
44023
64780
5549
41248
24990
25290
13940
85905
6336
53710
73002
19865
19133
50250
82003
55759
44298
4502
70315
3321
57954
50172
28836
96313
98472
19278
7279
53465
42123
95793
8060
62592
82394
85214
88452
85891
7755
37646
84553
56141
17374
94610
205
44053
32838
64993
28740
94592
65758
20263
53625
58406
18288
55118
30095
14668
36175
37920
61401
17771
85118
79457
87166
57220
70549
77214
4712
74771
82065
50325
93563
71184
43383
61311
9260
46334
41382
28311
63456
83352
95837
48283
41465
13147
45209
75905
15905
67772
88255
65765
51755
42864
26915
32257
59276
32510
51361
54464
97024
90443
78478
94276
25797
65613
86286
29461
40009
62067
21501
40471
49254
11107
10688
33837
33732
82401
55016
96527
29736
85412
9148
10190
8008
43070
65113
12102
1854
9901
21060
52023
97470
78336
54113
73127
88650
62799
32949
41142
78135
46408
81821
1344
55742
76615
48363
23525
16389
68817
47835
94866
1663
15315
13326
56564
70231
71695
2093
76480
52891
62684
66821
39002
19269
83512
64314
92713
23988
73523
72581
60447
78633
25194
28675
43924
28917
47439
19408
33368
53906
89465
90888
98712
52466
86547
6329
90486
3269
38867
29265
22351
23636
27498
6979
69676
37668
16938
69557
52005
10023
87920
98201
51971
58560
5858
53440
77831
64194
48881
38908
36163
4201
71589
29762
4392
75264
22438
93093
17764
49270
3023
16892
30926
70479
52150
43341
37487
80046
13666
41710
1327
7014
87560
21446
96985
45165
78700
24565
78965
75444
41617
43028
36810
64196
24250
84610
43029
19799
68936
44934
85254
46722
80230
47052
79213
74518
26589
10759
79783
21403
10321
88080
73970
94651
60365
70601
41354
69779
18524
31190
43620
7
3961
72516
59001
25814
61577
19249
59414
88187
13078
1866
3999
66103
55688
12878
29717
51445
35264
40049
59830
68670
81442
83400
24381
8867
23274
1622
48773
6434
78507
21680
14507
79271
71367
13874
40367
49923
68982
78153
92504
10141
52091
32713
68142
75707
25321
68113
2321
82622
60833
94350
66844
4687
7209
47170
9563
65351
73668
17027
93501
52497
57400
6287
27390
28622
8939
24751
57298
6638
54881
29588
17100
18563
51245
85911
98010
53993
53148
18826
24745
29760
31452
33740
32039
16096
84706
19542
97674
93724
25513
8791
57948
10019
10446
82316
50537
81132
84943
95713
19160
25787
24830
29241
85279
49984
70573
85115
67803
43325
27895
72741
65277
20214
76322
18991
8624
91450
92128
69529
48312
82487
72811
89424
67491
48292
62259
30959
74226
35192
76233
36675
43009
6313
58568
22928
62632
80370
52833
88128
96317
70254
2979
91615
29406
65310
59263
78200
79970
27930
58012
95113
97029
15337
40638
66339
17599
96351
74203
18721
55419
81484
36221
84798
61342
69953
50873
4399
51880
48868
68514
50248
63079
30600
98486
99146
15493
91764
8770
3527
60687
52021
85590
94628
59976
54828
93459
64352
11259
32454
61123
97298
21112
88769
99975
58565
61153
42892
21710
5598
38371
19256
87408
61660
38261
96932
30055
85276
29064
93346
33202
521
31729
9973
9511
28685
93811
67027
57177
56358
21886
7770
55686
43492
60444
15840
55117
49373
34149
15965
43608
87033
12486
87390
73012
26808
57687
47811
89419
74244
14403
6986
54776
71327
49025
43444
9919
12571
17327
95714
66645
57615
68222
27783
87691
69661
83581
24355
40854
24139
47349
702
62590
92116
13239
12295
77513
34621
9647
19512
9347
78948
71110
46381
10845
43578
14963
75230
90791
66230
47405
23689
28520
49223
37237
90263
46174
37648
70201
61907
27646
45297
10093
66499
57540
29621
83273
63419
82469
60697
45545
63518
78831
16669
75096
49499
30952
82240
82581
15038
47773
98433
83093
69314
75317
92335
4265
54460
50435
39628
31345
57423
5644
97075
62715
58779
7089
53768
65069
89285
1260
9274
80294
53753
62437
89542
76440
47794
15837
69159
68946
76031
52676
34455
10402
29073
43715
6269
86910
79366
33207
11969
93026
5290
59410
3893
22693
6115
55554
95863
24853
69520
40520
54797
32276
53511
22568
21400
93773
85272
65828
12508
87879
36401
90972
24533
4681
80511
8634
90465
69325
95476
48902
43532
62858
82759
90603
36695
24175
95238
5004
50006
2629
66639
23922
43521
98699
34885
9447
63050
9430
93468
82046
9092
44102
59935
848
55630
43698
29459
68595
26927
35802
17118
7507
75523
56833
21089
59004
75538
28538
69930
60783
53623
45756
90057
35058
83375
4857
14588
65135
81490
27855
6542
24410
5010
81644
20562
28614
14432
42192
58817
25719
55725
15332
4316
17727
79031
90042
55052
55911
46256
79463
23446
16649
74798
15814
33395
6877
76374
71071
4115
16046
83172
41021
78108
40396
13128
14237
76826
48431
56119
73437
42922
49329
22505
92353
58922
44877
79138
32969
39553
73900
72111
95460
35130
5268
10323
32321
2889
59382
87719
84415
48040
98627
90096
47131
21621
92491
27953
29165
39973
52982
74901
48494
17250
48162
97875
41015
43276
3105
98592
6206
7163
28023
23111
55898
97628
50476
30313
75738
69316
40594
24186
85812
76921
1359
23623
59258
53203
57460
48166
82093
76707
15238
73741
39298
41739
93565
95687
21768
33867
1960
15734
97213
42154
9149
13404
21772
1656
82363
19505
52093
60459
60779
87731
38076
38946
37012
438
75584
66440
69218
32183
24202
67082
86205
60978
31048
65304
95602
44859
89919
94136
17564
16077
15567
24711
62930
31674
7794
30163
30716
87721
16003
81806
9865
16657
51268
56051
6216
44319
22621
26439
59750
21667
41473
56509
15675
10748
95455
74541
59987
14594
80517
31147
9871
43772
65899
30757
58849
40984
52210
3067
93206
62898
77303
37210
9083
96833
28071
29980
93965
80103
67634
75975
75910
58026
54166
60538
33054
37685
14147
20537
75243
66111
57217
12364
48811
2718
17568
773
34108
40059
53146
60205
82034
18591
95966
24440
62742
65876
44208
57811
71178
87139
57964
86199
77069
79903
34323
8504
85819
8432
23234
24038
16306
35785
7702
11870
38768
64598
96747
89824
60916
59025
20257
91680
25309
93904
63145
59351
79617
92894
36735
10142
33401
19018
19707
36712
50499
61530
3989
68414
56381
95791
70089
64474
85064
24066
52278
54738
57437
15647
10954
80647
56395
62694
49748
53451
66936
22261
46209
66843
66146
9324
84481
73045
48224
37943
24638
13762
38646
66042
52758
10790
32287
63223
28739
14882
39063
15966
21833
8425
77418
42247
65144
38785
70418
37411
34683
32317
59575
69598
26272
13015
67722
45335
67307
52432
10881
45772
70828
5486
42250
90780
16921
27113
70282
96335
84857
16268
53093
80632
91386
24994
63548
85476
67753
59199
70337
93590
92318
3601
35829
69645
8757
8578
35954
9195
99880
75645
38890
72233
58192
50616
91648
95037
72457
64870
13606
68641
83607
33874
78395
3910
81843
14198
5020
34816
5753
37221
51509
26967
82004
54706
86617
39810
4666
89363
81660
55758
11964
26028
22466
66715
23768
48994
4044
11871
18986
91266
52191
62015
48584
43022
66168
10885
44724
89435
50394
59163
70338
39405
4950
72646
91799
24238
73040
16349
14990
32805
30975
73059
5180
40971
82713
57962
46163
75067
52066
52044
57345
17816
13839
60731
80766
81796
43615
51662
86317
90690
9864
21027
67264
55288
33074
91242
70511
48392
52640
21560
45655
18535
15043
59940
78666
23775
99406
91612
15099
4628
42045
64573
66381
24195
44530
8847
98679
42757
88865
75341
40096
51499
54577
96486
64001
51830
18729
99848
93704
48651
81003
61799
12842
97301
99432
23107
56389
76282
82486
16014
15151
61551
60691
34025
669
66260
24152
62227
67700
25832
26916
76944
51344
61480
78065
5160
50633
19771
33117
43621
37146
9752
82386
1479
15378
75140
71012
86854
88083
92835
86744
9840
12236
17654
62837
93264
4711
50058
73662
64515
52722
84010
54373
7738
25093
80070
1468
95786
6371
78126
11300
18541
5263
75476
71999
12099
93300
97142
55572
95678
89214
31470
2830
98495
14791
52604
98581
67083
32933
6385
71719
42759
14392
15475
35313
22613
90468
76297
7610
2497
6061
75888
58653
97286
14908
40031
93933
45303
41800
8918
81163
66468
5551
70339
53878
30973
89890
53609
1865
81302
17213
97597
34690
61967
56091
2058
89873
39339
74364
5877
85025
70964
58116
74705
9553
26740
46137
82538
11820
91308
97990
92239
84889
81220
48972
13238
22358
94940
59211
97908
78170
40562
37761
92853
4902
42379
43770
69907
80171
76463
47338
47957
38961
27184
7722
378
54143
36912
94929
21796
53003
45238
88218
36162
33273
59086
74778
3938
25728
26976
31204
72918
89397
61404
83312
46029
154
1706
91098
61419
6636
90588
85220
69137
91995
88748
53735
42559
9143
49398
96966
66406
73486
10789
26695
16609
79239
30806
48253
14823
79136
44328
16712
65599
85326
64264
64012
13804
54996
62958
16933
56858
54035
61047
25232
70566
16113
28820
66926
31097
86059
64053
53181
83690
91809
44286
48262
98088
14634
51060
93189
41924
51186
12432
56170
97655
21660
38974
11800
78440
69998
46534
33068
83464
86006
47357
71985
35766
47213
45596
63657
43709
99464
27894
4444
70163
50678
50637
73178
36550
31114
59050
70857
52652
41549
54771
82828
95835
22880
41600
97343
10534
44523
87518
80417
86566
90122
85223
46572
10898
44990
96685
45566
63785
8384
93627
39225
96919
12735
99011
19915
64891
7296
81117
80573
31342
14068
80868
77198
80483
1882
67742
67409
17602
2781
55119
18300
91065
11248
90869
95857
98536
65094
25373
34985
65728
53547
37942
68355
26215
48323
81136
44899
62565
72046
4572
31613
532
95594
57996
35557
18534
83265
32452
76366
64723
12327
75765
58105
74948
94366
31977
76130
89678
20763
40540
56195
70893
75638
44837
79398
53274
77107
96427
79993
28814
83961
74102
62508
54653
93513
46194
58705
51652
81513
9179
10967
94041
79558
32351
7726
7325
33642
77100
53125
35190
9625
63186
33668
45305
23402
86067
14320
85085
59161
78457
22142
92523
34573
35412
19511
32338
12658
95153
36928
5682
37285
60012
98473
17805
64884
84719
16410
86880
74809
52610
23633
57788
90014
38048
12425
34677
70767
36540
62867
49301
28153
28331
77254
89626
65353
71612
92638
95095
64680
22077
14926
67032
64290
4772
90825
76784
88586
16591
78598
13925
66747
71771
63700
79800
18064
65596
95578
52584
45337
96570
97950
9867
84815
82376
70471
84494
94824
13336
70779
97881
82938
11885
20958
77838
37097
95309
34159
30696
17943
17040
39569
69925
89926
16645
44664
16371
95587
16974
46969
80087
78752
15748
95228
54314
35904
24314
93207
97615
22541
48740
76106
1877
63976
1498
43775
84282
88217
64470
72699
98442
38201
67526
24384
24593
20156
1272
33644
61426
76301
96449
83494
55267
25502
38276
87525
49796
44111
91513
55802
90449
76038
43671
12410
34426
36181
96542
84558
50894
8182
79038
8203
86414
46882
56325
4001
97194
80433
65523
4368
83102
31014
87758
98971
32397
93453
56331
77252
36511
13968
79634
97857
93673
93657
10508
57620
14179
89667
83975
90222
2340
9258
91107
10025
48990
39167
11683
61326
99556
97497
66527
3116
95312
31178
93740
81305
18633
27106
30710
63477
85609
70273
1292
23397
72130
99467
59131
81614
71121
87930
10012
2991
18548
81495
25773
6009
69305
36803
39006
20470
9020
82462
51627
66162
87490
57458
3661
28312
70870
4235
82457
21746
77881
25265
2714
29674
57421
80109
79702
57689
57739
59160
44821
31728
55356
16584
53396
77714
5785
32318
25934
65700
97453
42796
89189
19969
53898
77686
10792
7337
82935
20147
75862
1095
50057
31179
84088
66643
7828
18990
98255
84614
2746
13373
82296
19656
93508
54677
72246
159
59057
56181
11926
21452
56044
90503
62879
68708
78415
81389
36211
6750
37561
8385
66622
88797
75117
6963
54761
37550
10307
94949
70858
49496
37802
67880
40674
54108
36679
61185
8449
48358
25623
51394
36860
50879
32947
6625
81890
45357
38289
48886
54418
98356
3289
15617
74665
41812
46252
38121
23466
18690
46962
25995
96139
22657
87903
99747
59364
58201
94119
76452
34332
6573
31024
30451
11458
18745
9737
79405
55929
95471
26928
93525
86849
22590
8404
8115
32298
95618
36641
61959
20663
81714
30426
15085
98732
15983
20216
80440
57344
12776
70165
29572
43061
47775
38729
42554
38205
11422
21120
43848
48694
95653
57546
26011
25591
38453
1676
49404
29519
60237
5685
832
49788
25946
20830
41403
74095
75142
14057
71006
9385
47585
68884
92679
85638
8557
30736
62178
49299
21016
3975
98668
49516
73471
127
84864
56415
46124
68528
87227
33176
85842
23875
80392
86520
49644
9069
82797
5793
40219
65770
41506
77789
86686
79659
19134
74759
32195
41785
42855
30756
68456
75992
22353
40051
4230
96469
9176
41562
79132
99357
18423
17293
23662
35838
65270
38444
98980
64499
61623
49039
97379
39773
84557
30763
33979
82114
94718
58065
92316
19877
15519
19748
37759
63513
96227
77080
41180
92431
65557
33985
1785
35383
26178
25929
24299
3739
66815
23877
65478
40840
91458
28590
56802
20766
99545
99411
35670
24596
59937
43165
68733
18311
96337
97533
33586
92430
67198
20401
80658
30459
2542
56848
26374
77542
2696
80497
12978
82096
8890
54626
60546
83592
57204
55125
68621
75044
71418
29751
7134
83147
11481
48885
81654
58962
65583
90146
31733
28333
55785
46206
53678
98392
18607
1994
86482
78618
10696
80623
80920
69223
12220
24774
82961
98755
86396
39593
7476
55995
42226
22579
81392
3889
23588
7644
18964
40631
17056
19369
18583
19712
74056
36868
80904
50747
80807
56555
5709
94109
28677
8965
19179
16789
18244
34674
79482
54187
40
15934
1264
38695
13190
20418
31684
4782
55084
15341
21827
62051
2671
93076
87835
35843
42409
75173
98662
4104
49043
96158
75236
46139
38542
19545
38765
91932
35323
64670
72228
60756
93850
40922
42801
93020
45286
76205
45162
85414
57653
26047
45275
89078
90415
53978
69107
73049
79948
30385
25149
24965
55416
25424
99345
43558
82290
66991
33104
90976
72445
80951
97858
4244
5186
72542
11599
2172
89912
87677
51446
78246
89911
51188
53077
34142
76390
92881
46867
36567
40122
21283
71729
87175
2127
87985
54422
6641
63586
1682
39718
3856
26754
9794
59622
36186
42552
34909
43289
82835
65709
93411
25479
22340
61112
24265
92119
10642
86715
39036
81097
6451
43339
48504
91812
38
97902
98253
41973
73611
88547
21618
4461
53880
89814
31943
47877
17144
41319
23774
43619
33938
90563
7480
35096
69162
85482
44928
90986
54058
63063
41
32411
33399
50914
60664
23311
24826
64854
67536
82775
49953
64451
16302
35380
81425
78938
63679
32231
78231
54061
89614
75995
16173
60244
17342
52791
93152
57881
24726
58911
41109
10226
29118
74181
65749
54470
99543
27264
39363
80805
85634
42654
74126
22333
47171
70700
23420
23281
57968
6936
25450
25141
70955
22915
41094
37989
73483
29879
18196
89361
55368
27450
63920
45527
77729
51061
95978
64913
97907
55961
88191
10468
6768
98898
17813
82455
21428
16579
31628
13805
90104
36255
34695
55547
24632
22517
70667
8214
70028
3333
65217
73144
9745
57605
39837
56397
88160
57512
21559
16993
98008
93111
95878
21028
58493
75961
55311
66304
19477
81152
8891
85110
36244
3682
86851
40850
26755
85740
10680
56608
50246
90075
81391
26987
88802
72753
51442
33676
9716
64169
31786
47360
83860
61809
72602
2227
52487
11759
66286
56205
98436
66149
89753
71578
62359
87693
99249
93735
4615
50097
95310
52971
62121
68081
59705
14104
7254
9298
29175
22019
92833
86757
37808
20025
23016
66341
38009
64208
17479
15935
38330
32777
28056
10485
16053
10934
1852
90027
43063
16556
77071
26217
61077
56687
62619
47482
50133
49697
62821
31144
25389
31161
48692
54572
89832
81289
2873
58090
14806
8220
55991
24980
23037
81306
29578
34593
4931
2155
12151
91331
81651
43884
42675
88311
15180
68095
84488
77459
56909
46975
7844
15379
97909
6525
97238
32851
20546
64172
78353
62719
64866
48995
18715
51164
2810
13865
96001
46380
37839
86966
74739
34967
78807
98754
91795
81884
97145
58971
73873
61394
79224
84061
43694
9003
88101
70105
90654
86572
83135
73880
37904
18968
90243
84522
20013
95282
58160
92231
26128
72844
13331
23800
81076
9248
89567
7221
44140
28397
29274
69061
66421
17124
11071
10828
7159
83085
13047
33320
21036
85765
47128
50377
52749
67590
16787
47631
21197
92200
88833
96209
79676
25056
31427
86546
28664
45619
65327
62854
81950
4379
91053
69313
96305
82822
77828
16897
43838
92221
34924
60665
1634
92503
89779
21487
802
11772
67575
94992
32224
85980
84501
31513
93128
92124
38702
798
53886
94087
68048
60767
5048
69735
71320
40356
52938
24629
5027
21356
64209
91579
28412
47736
63097
94501
40043
87162
97883
47250
32505
95528
30047
9055
55513
18955
26280
14521
69731
29754
66439
73608
26376
10715
81098
6157
17606
3862
43469
7029
97417
17093
25207
65339
86643
3336
78679
57975
88687
28754
30884
42518
97697
56448
38927
45845
38137
33388
76917
48649
14502
91839
59147
89282
74576
67668
96429
39300
77572
81307
61143
56786
42514
80408
28190
78717
72396
1401
6980
51568
73595
16417
31134
46732
5831
17835
64719
74500
25012
70712
35164
93273
9096
96766
39358
91577
97531
60212
58081
14407
45257
21892
64770
14604
98252
83538
25544
49182
83442
39921
20922
81732
13327
53179
83805
80323
55616
59546
72472
44955
91059
78023
51385
94314
29959
4157
62952
11036
25768
96974
50068
58045
43863
94175
99991
35129
41287
56161
49347
31301
49292
23935
80025
60635
76610
71749
38324
91834
73587
23508
9947
20121
43233
46489
40774
86607
84006
65824
20925
30158
99766
2564
86758
82708
46517
23019
27787
16420
20404
52405
81402
25169
77633
99637
61072
94778
4518
98572
23497
20302
7242
86149
92521
34735
10094
13655
62701
8630
20742
73324
33011
54468
90224
93460
12963
20680
83643
76118
34425
21129
36381
70270
71105
9891
2484
52438
1948
5973
21681
82514
46912
75369
24325
58655
42488
24984
84157
66736
27036
23147
33573
34239
4138
93739
71085
69996
62751
26106
65597
14860
9649
17753
18825
69269
32062
61403
43998
607
99989
9677
66552
69441
24996
63753
91064
17965
47747
26665
62965
68238
52696
88448
70230
58332
43858
22133
38968
75214
43539
32340
51147
98383
12755
44185
28026
25407
24095
8200
49914
87163
24763
68720
18035
63755
40727
68968
78175
29170
36610
28550
63590
15852
43585
86575
80059
51914
6981
67973
45936
87894
39133
68286
7356
73771
81897
34905
86775
87028
49345
7109
30914
2452
26114
54994
92947
77719
5459
92288
16265
63798
17494
50001
92819
53008
94522
95913
26213
8082
83103
91261
58326
88427
8238
58004
77641
55558
99209
43729
91689
33272
6521
12906
9380
86559
15208
59924
27456
23630
12433
73409
9122
93554
15614
3932
15694
81089
84941
24229
30737
68027
86562
85780
85604
60094
97682
72661
10943
62840
39941
15140
17633
25411
10694
81610
51786
32041
49922
18595
78125
1713
52852
19386
67308
23333
23649
62979
72022
38282
33919
70227
74475
89562
66778
15831
35540
19389
39923
77883
5840
42567
52718
32201
22202
72229
73227
61693
38281
73475
40322
78177
45658
68928
20875
82628
27620
15267
40901
32688
40843
66629
92481
51913
38959
55820
12473
49817
39209
76069
16944
87424
59635
73194
76177
51664
10504
16013
22795
65631
21551
51876
41258
93492
29134
35774
5132
93455
81591
7839
12874
21540
25412
18842
60625
26243
59920
94172
9200
16284
40801
17080
29765
5850
95249
90291
73838
67305
18773
1144
22370
15895
18110
31101
78413
61616
70204
39004
19026
23772
8339
88490
98918
78675
10291
12855
23787
88426
66657
2670
60055
79454
20549
64975
22201
72501
29732
57234
8708
72254
95363
45458
26746
15288
64371
2856
41788
7054
1129
21648
2544
57667
61300
50261
81978
33153
35508
5607
5967
10980
44363
38840
672
45327
25685
46736
72373
93852
58394
58576
53243
59494
52941
27859
57144
11188
11814
2689
4997
88939
38643
67420
92088
12198
21737
38184
37982
80306
66485
88416
71276
67960
92485
85404
63398
63147
35619
83074
30162
32844
59845
90631
33232
59804
78309
11176
66600
58555
12317
94909
55997
30583
6049
35311
93529
83948
69879
27709
30429
66828
99331
94784
98652
97271
74801
14007
58831
46673
42284
87734
98466
16855
12591
49801
86231
987
35842
33128
29402
51973
40595
56264
29649
18282
41424
8678
2656
16565
21161
43903
58098
42617
81240
1624
80835
83476
32802
62477
95040
50951
56737
30596
51154
62189
24225
67035
70802
86329
63412
62835
2617
85419
52742
46307
3085
44216
66698
14643
70664
95930
1169
13154
63655
72541
81135
8877
95231
27188
59523
51675
52641
2870
5593
80553
94163
97504
88197
22492
31644
3656
56849
35089
71946
6915
1595
28228
94051
78910
10053
71789
89158
58878
914
74769
52943
2163
36139
88424
50924
59769
44655
69485
3311
69828
46654
12931
43742
65443
17361
1931
87231
3086
79110
28079
26333
69089
83853
67431
80296
49452
5219
38736
63382
41229
89900
38431
66420
93591
38578
22093
94627
75806
81799
26784
68797
13160
48960
36372
26598
36834
72087
936
66892
44659
34571
57097
13237
61422
52666
30267
69851
70571
66559
15412
18951
14030
93046
84049
13792
49849
92038
34336
91121
41303
56614
3381
17866
60172
9017
67141
10466
91341
44509
66917
47126
83474
69231
87022
34912
78603
53661
98262
10817
37638
44161
85246
53323
30851
50834
31606
32199
2888
4351
2754
34698
34191
16936
33025
43747
23828
33617
20920
72899
63268
65594
66714
16492
80545
94118
96339
31434
91653
20898
35275
37071
15242
46933
86815
80201
30414
87304
6879
79436
11559
80148
34478
13798
76959
88901
30460
23585
1591
25489
27619
86652
99875
43372
4757
65556
92564
36414
45638
7583
68959
95135
62272
80396
53400
45847
99463
73693
75780
74138
3046
13937
78790
4061
5520
63432
44810
13070
84426
24437
17641
16391
5837
80893
70016
92234
3307
29354
2297
12206
85931
90385
70900
5256
25708
4900
40052
88884
40830
82804
16689
74582
42958
33081
5080
30166
2973
71093
93503
78652
13195
52961
913
40563
23653
58302
27889
51724
61655
97831
77223
44171
55950
74529
75081
32103
42446
269
73951
11002
65734
25145
3507
41706
48287
186
21274
42648
11739
38806
15557
2464
28904
59890
23682
57577
27140
62095
86221
98915
82746
40112
59053
93088
66163
53821
57696
4797
22310
88430
6013
29031
51772
26101
17224
6607
76391
14905
60437
41190
39912
15703
9598
3133
95869
95160
21228
91603
84208
82739
31071
41561
7074
77042
7101
82680
36093
3749
25071
90992
10552
89714
10166
79086
19011
17772
62250
21139
38224
20044
29972
12415
74659
6696
58785
93674
91710
52303
44452
11959
27675
18253
36077
48103
81186
18387
16979
46982
24764
39192
8565
8997
40985
75798
55000
73061
60838
54301
3789
89800
41038
20893
55338
71445
93650
79822
97521
44207
98137
5109
78434
66497
12416
50229
31419
54189
28975
95544
56342
7281
49250
20833
30682
54867
73565
31208
74833
26771
95724
42460
54254
62904
73775
13844
77124
16739
81189
49819
42242
62027
51253
76339
2877
57489
10143
2176
56695
32996
35066
18727
20200
3981
95194
87018
19744
61017
7893
23903
59716
96483
71669
69791
63901
44521
78591
72001
79936
44152
99920
61747
99355
45113
59175
88537
4921
23998
1017
58965
79576
94582
86997
41253
66863
4627
65802
88267
47696
81578
55806
27244
15969
20779
45385
56888
54225
55302
29070
82956
23679
51436
13971
27664
98015
91817
49343
28180
99336
72346
78254
90288
39518
1316
20892
84288
1159
56977
42463
31569
59704
6585
90011
99610
33604
67148
42103
86800
5386
82518
14662
78211
68920
21444
87034
49892
36864
83146
78389
41377
63745
75361
37263
86749
17819
45299
403
1185
96758
42435
28753
16063
59749
82952
11546
69226
58650
70146
24936
63602
37120
90181
84806
11665
25240
43542
97262
33587
33270
55675
37521
81865
61074
50848
10283
35982
58289
20197
6007
17513
20582
74352
2693
95561
27651
38367
25576
21151
50336
21992
47530
45975
12164
97987
54379
61238
84868
92136
43310
18217
95025
40421
24654
14261
68172
37194
62202
94139
13245
54630
26826
81907
51406
28270
85187
68005
59681
386
40532
8627
18858
680
43272
27072
49660
92760
99428
98222
14045
21728
75696
72007
60601
99335
58136
39332
38302
3616
83106
67030
41599
92460
20107
63831
47755
21740
68438
67070
38481
57721
63578
86442
57132
140
87581
68056
40373
28534
39841
7010
70509
32750
89437
82676
38617
40536
16140
91319
22393
79175
52022
3845
71384
12762
96304
45531
32060
82314
76170
69900
28214
99967
5512
63132
23675
64473
32695
60409
72984
59162
63979
24352
86956
46229
63592
45958
40441
59693
31444
58685
46392
75544
81274
25390
36502
68206
17368
95548
58422
35159
39511
12054
76614
83475
7991
84953
59024
42839
79204
29625
90481
95163
44632
28985
96197
28082
46730
80848
96236
3533
81233
78933
48366
98872
29426
66066
9741
63991
8292
30399
50527
42641
70183
40845
17153
84735
44825
25982
11890
56003
48421
94820
75208
62882
83648
58448
24750
22429
62814
47457
93367
29557
12199
18874
22728
55671
2156
72543
69675
41620
70096
88837
17634
68806
66046
11432
22032
85758
37304
54888
10861
78568
61965
96383
60641
73261
71324
64483
19927
68249
27539
15256
45954
38745
75010
49131
18098
46253
71267
8234
22126
28036
83173
84134
72009
73947
7147
87936
65789
15884
20514
84782
56722
3800
30262
58808
23704
73509
65252
15925
70432
41066
6653
8092
24675
6875
81071
3337
57805
79153
29206
45320
13063
37264
48527
99313
76256
29653
8229
86096
89679
72789
66699
73510
90140
72060
41676
18846
1513
66871
53824
86937
58593
90876
63453
3567
63913
50276
6322
75606
99457
69323
60071
7252
30315
249
73817
59099
81372
97193
19605
33165
63046
88166
52707
74367
79809
99771
81325
70263
11055
26752
73156
72187
65037
29216
8405
71903
15563
35439
93488
3324
95004
11413
91622
38126
68305
75963
52792
17070
66781
1818
99405
85353
35617
88213
85093
67518
23719
75287
38645
30692
69681
229
98183
48126
67840
91420
60027
46240
18906
6553
64011
23611
33600
43563
4635
88469
67057
10606
80224
2456
58838
37216
94407
5261
34264
3001
18448
55031
75225
39331
50
31172
74706
83208
37188
94451
18952
76163
94788
11668
82395
29209
98178
4567
2256
1290
99502
95275
80979
29591
90009
94836
70033
37050
60436
78904
17768
41835
71962
56951
94873
62060
27532
38801
8456
17545
51455
20029
1227
3090
38869
45525
69753
85355
39829
79782
95320
72280
56079
73747
18406
19783
45814
52631
90220
95391
85206
16697
98135
82561
71058
38024
28306
95155
53497
91821
48954
70527
75299
10454
51349
59508
7425
21188
63144
95380
94127
61218
74423
73702
26511
33683
94415
95782
56185
59042
46351
52067
86802
270
99917
51112
39526
17818
27947
1758
87363
71340
45732
93879
45908
21412
73546
27387
80900
50716
40668
75921
55400
60487
3753
18226
86045
2205
4146
31799
59871
91565
51959
58370
88142
73594
82135
94518
73203
8231
57488
10813
95887
25420
63385
14575
99960
61906
11142
60958
23308
48113
86021
91049
11595
83940
15217
79728
96331
53399
2913
39179
10066
25790
25870
96520
27737
52908
64125
88715
86536
99116
21887
10280
17956
59682
69067
60561
49460
2875
86263
3575
71221
42668
22773
39906
58869
70781
72678
15000
73513
82049
51075
57066
19145
72680
96907
48458
10703
25462
47867
40185
72978
28526
82783
46068
95014
43816
11706
53524
10562
93255
46509
93327
77393
87596
35420
70732
56742
12324
60799
73824
53822
22123
10620
98821
7982
74483
9708
6295
84756
37820
89709
20600
63556
84559
34291
22684
47607
3920
77500
97510
87178
58920
17985
99265
66704
21840
65529
44371
42082
50432
13162
35212
47793
79374
73703
74657
59422
78912
69840
72275
60489
37468
36078
90295
46511
91314
78421
4540
81942
6508
47570
74463
43655
12028
62182
12648
57023
86697
26555
28849
80040
79594
65562
50134
45221
26480
77963
26632
71694
11654
73232
22423
28427
87766
98548
75423
66719
5854
8718
58883
97965
92153
75150
63409
87834
35975
9426
40101
90635
35821
23929
43675
3312
85987
19651
98645
21349
60746
46111
82583
59501
47334
57034
39094
53404
941
23749
17546
65163
52989
35998
39649
26567
32029
49640
25245
12424
10707
37099
94780
93536
29562
61488
84690
93772
41472
74088
24303
20455
40094
37868
63105
90093
57117
31034
39473
34451
52246
66233
24470
98702
47930
90792
20255
724
93151
74953
67113
28022
72569
8373
88304
61865
8397
24317
77528
3328
62324
23180
78012
82888
98049
34901
98813
55201
99058
7553
34647
22759
26760
43656
11676
13970
42394
37588
60690
44920
4705
6351
73140
4833
99459
27865
72965
22663
61007
26597
23984
15805
32158
74321
50016
90597
35550
61070
14279
10520
47286
62754
67001
13069
53303
90814
49310
37110
11456
88755
71509
92480
98084
5844
95581
92562
10837
85742
333
29764
83992
15776
83010
26456
39892
70528
90996
52237
83143
20262
4054
41825
78143
43357
70776
68171
22627
21763
13936
56359
43445
8061
51236
58109
58973
91296
33032
78244
15303
6683
80062
71359
29136
87819
60655
49694
51743
68711
85274
19005
49604
59261
85605
27928
98856
24572
25398
51984
9731
70124
61036
89866
10470
80384
237
97245
83343
5665
20903
96181
23845
69533
32077
88631
40641
95141
73631
33497
17775
99498
49881
94209
89431
45492
33682
37149
13313
64374
41100
65267
52798
47987
16194
77580
60923
6001
34951
4602
19296
68416
5555
28237
92266
39076
21675
75059
87612
41216
90497
84469
11240
48009
69769
24213
8348
85357
26149
39249
92348
91256
94989
32843
19029
62004
639
76831
25178
62342
72654
72597
65167
23261
49019
55424
84224
91552
74264
21170
65074
90943
93720
55359
79043
3226
22654
97251
1849
21613
16671
38579
18941
37857
37016
6524
46010
17459
80699
48668
50451
24738
82811
3466
66599
27336
75743
24625
94486
19714
36192
72384
27649
37678
75407
7606
41976
93247
58416
2386
9289
11290
24039
14659
90329
1528
82286
4023
46881
98822
93325
84536
15679
47617
60377
44230
22582
68
20836
43499
23914
5278
15752
9133
55691
78963
96924
70996
71050
58882
17280
84212
34641
67977
85522
47814
67246
69102
33152
85117
6982
55043
6426
65342
32667
26411
20330
28458
52698
91419
68529
28014
16747
81006
43692
63126
88051
84493
91618
47671
23131
13540
96232
34797
20765
64213
87387
5998
80936
35055
7210
50301
40733
14641
58947
55635
38551
90420
67020
14677
22507
57469
91770
83439
2499
29989
61468
64603
64350
98604
85803
8027
72903
17398
45106
64306
8150
94054
49827
15785
89695
64539
47188
3275
1633
89544
52709
38213
72909
86827
65676
76532
90266
29009
27119
78247
15524
78770
33548
76364
99133
38432
16116
48241
11451
1021
11571
32160
58826
73501
85195
54148
81733
38832
99912
93880
92990
39357
86237
34240
10388
91498
72333
65960
74599
52553
2662
18540
17915
77466
55050
80736
40607
69407
44026
92394
83534
37184
92350
8267
70868
50751
78846
19113
65587
44335
15526
67946
74057
83572
89828
3537
60363
90290
32171
22973
19253
58496
10848
11026
55958
43263
90217
22787
5684
7039
78511
8240
82452
14006
83242
22540
47142
52372
95486
15855
93855
20091
4159
35995
60085
34808
42008
49242
11727
81901
6197
37057
83163
25757
31210
65045
68213
62168
45767
31207
30377
96862
59938
87115
88870
3591
19901
41228
29581
34389
21658
53192
5752
3511
89036
17670
68990
43478
31968
74063
87867
77830
51117
65357
29513
87218
29282
8778
50407
69409
29494
45791
36438
61824
51894
99274
20819
40111
19440
89884
21201
12905
38386
18308
64821
63618
82541
25123
25824
52295
20364
27793
14807
23632
29307
25893
75151
61932
22259
96719
81934
21878
8207
78715
60477
93812
37498
91100
26761
88948
66944
29998
58807
62624
56992
3285
41410
86733
83323
7531
27025
62301
20533
51322
33940
52683
37856
55082
7186
60692
82175
48795
43534
10378
86297
23621
57038
16019
6649
93887
14739
46649
60376
6296
39788
61078
52283
1875
20478
12973
69219
58317
14359
42225
36264
11323
25522
57011
54697
78874
75181
3031
30004
35624
32164
61071
90109
67923
54133
28122
88648
48758
63862
81846
3996
47194
59336
91008
93162
38144
84827
58904
54584
20597
52092
94108
12462
38513
69910
8956
7055
10921
37481
67353
31062
79994
40207
31888
75647
50904
18459
21475
29796
50354
53022
10743
1048
21007
13004
76094
44247
77708
10627
13983
81864
90312
72017
48887
24425
7870
1894
10284
33107
72410
25261
70107
19406
95923
40952
55333
222
4263
81318
28888
92684
22951
7957
48814
2659
91012
43842
69701
968
11301
91051
75547
70976
79897
28496
21708
66145
46606
42734
85023
16249
12687
794
11065
94803
93463
86376
38536
5895
66327
33637
27774
74569
92775
65791
33533
15878
51670
51919
3208
79648
52960
65102
19305
46245
29022
59767
550
33865
48812
95855
70228
3201
6094
26950
17176
66319
34173
27147
93134
74961
984
26599
47893
97755
95276
59989
59570
40058
20653
60310
36564
89074
37570
39313
19781
95647
80242
6266
5121
35240
54579
31960
68964
23349
97665
33611
57316
45495
30034
27112
95425
24212
64863
1364
41546
56255
9552
79381
25578
47024
76590
26464
43077
82910
39702
8879
71369
5951
60732
28504
98046
66864
24839
42618
62578
68060
39573
22812
26723
87158
77345
77694
74990
60964
94516
8994
36090
45114
51264
98162
44475
88909
2539
46145
72401
20928
90041
91541
56906
24979
21553
36671
25896
88927
85006
41196
93334
80888
21670
5050
84408
9525
9367
29137
47626
45512
26172
77628
95164
73783
28688
75751
94344
14142
70206
41938
44882
93284
28105
42218
73077
14714
56225
17779
88999
24045
54280
75160
11492
67214
9686
51720
22331
13750
44848
11806
56811
67120
98853
22630
57864
54529
65543
1648
22637
20229
82295
15197
93680
51084
60612
79799
81794
3919
15503
54601
34727
7494
86542
47765
18246
34099
6460
21159
98651
33527
37557
24962
99784
65849
46644
19112
48414
89750
31337
16732
57522
96205
31899
84718
23198
3440
94115
34137
22115
17904
26475
24508
69164
701
59014
69915
35290
13101
2251
95540
60842
85932
85383
93033
89316
6962
84671
12009
24699
10962
93696
96796
6765
7700
23678
80060
51320
43455
88594
90782
77934
1415
3142
63790
136
34724
56193
6747
28616
87486
45799
65861
38327
12459
95944
66584
14358
74195
99999
5970
3327
94182
54622
18629
60760
42496
95371
16576
28770
960
9562
9390
83244
6331
26134
62941
25304
78841
22236
4916
49324
8297
50391
4913
21026
68666
84771
22819
34521
13428
2997
84609
84457
60931
90606
19946
7690
46407
38623
3063
48913
55039
24882
9608
62663
12763
5502
64626
93353
48408
87730
54889
77563
62065
32057
80575
85985
49593
20987
29311
67723
65158
4531
40248
96517
85874
8333
40604
30887
98667
86486
99054
38264
42121
65131
78155
57256
95168
11463
21466
96628
60770
81501
82014
77098
33453
62184
57816
30350
6664
20352
12764
42730
8922
40700
14439
5231
66516
22916
55294
31847
69698
79440
98808
16377
67876
59090
261
17432
4675
51916
39576
90510
43114
26379
19597
24671
18259
99252
21666
81474
71758
49341
94425
25138
55106
35539
78260
23195
97340
48264
31065
24094
18565
21947
94773
578
48926
28623
16765
82530
79007
93149
19866
99800
21251
13215
89984
56110
78681
68907
83254
64565
66967
42405
65465
64535
89802
51101
54834
72195
93044
45393
52417
54872
37918
86662
19045
6036
8440
98145
51679
43888
65814
20196
50641
72972
36789
14233
48401
82364
79886
40158
99878
22222
85119
72672
82496
60385
28330
27347
23128
63092
42799
62877
15745
30971
15492
56968
44808
99803
1438
52811
26913
93087
98267
90452
83263
38147
51115
51817
9076
77582
39575
25248
89952
77840
81213
20276
89563
93127
45138
65258
19032
87040
98763
23862
27869
58091
83934
82220
72760
67530
58942
1324
86510
95279
60621
25383
68914
11368
98109
33913
39443
70372
71891
64867
98111
73871
5636
16160
1997
26785
80671
3984
85872
77999
66708
22068
411
67744
29098
99500
41848
8973
90863
97730
49300
95148
48362
54512
42382
46148
38949
51644
73857
87391
70182
39986
77903
43885
28387
46838
49339
29372
5234
95190
20977
42396
54708
95749
87309
13033
97367
51507
63420
72199
91430
45465
74504
41786
32455
15359
38860
34697
74678
1146
43234
87377
1826
95445
58282
57743
87994
73909
75197
36609
1830
11058
69623
49947
10563
21419
88844
24107
35977
98964
39890
49632
62213
55751
34388
95039
87006
68064
8383
72356
14339
97923
37396
8750
47109
65192
35230
33322
15551
42283
19063
45626
40719
47350
10690
71483
8663
29611
91332
84490
33443
81272
49752
48508
58813
56884
88145
53368
85032
1992
87129
36342
93326
18675
23271
1926
97870
98481
44017
78928
35421
36800
44384
38335
64388
94254
95330
96187
30421
68636
56196
40753
6487
70285
86240
40262
97155
13924
51028
46821
62695
91104
58151
36303
39541
83694
54462
46619
57611
28523
67437
37574
63571
89742
98571
70267
72634
95402
52155
80739
49071
8248
50964
15266
98297
62443
26066
25771
78630
33607
62290
40433
85095
25662
80952
1757
95457
83493
12166
6021
73636
70129
50890
99746
11247
16646
677
53222
75690
6498
50590
20002
61713
18539
15194
42728
97043
27374
44421
34217
60050
20056
74702
66683
85217
39935
32770
34597
91446
23032
66365
36243
15767
28716
26442
18677
61860
74917
69484
91297
4844
48524
21269
62422
86035
38317
35024
24963
65461
58715
91040
20345
81809
95568
56836
83499
8499
18801
63599
53751
26290
79871
72438
55301
30587
43486
34409
92857
55512
51479
5937
99959
35040
63337
22086
37073
28264
9925
31919
38463
20342
57647
6159
19963
12025
50640
24271
39900
5506
88956
23913
51416
75763
32008
75816
72029
4377
92565
96201
64477
96166
65082
46927
25941
86234
50287
31985
19741
88299
18179
3250
68116
77566
8673
41034
18875
47581
60204
99864
70741
94802
73260
65966
41141
99934
86896
78844
40254
29558
94028
32461
98866
87445
80168
95539
12850
79013
32173
33892
39707
78217
70294
86577
34518
19758
74998
57496
26738
86891
72169
49924
16509
22942
26423
93306
27616
92330
75054
70331
25201
34279
66167
9801
31953
87587
77318
58066
98271
17082
94325
41331
34723
86988
20755
99916
58996
4362
51963
33038
24256
45910
33507
43261
62855
16903
80704
75775
19164
35455
86751
11504
69477
84170
53484
86501
2621
26319
3101
95829
6845
3881
21000
94390
29637
59911
34004
99207
8036
61584
93381
46487
52274
32070
91811
97637
65671
25031
12960
32408
92627
75176
62036
74188
91228
734
62256
38151
90682
71681
98900
22981
83398
32980
56882
53589
87897
46903
8915
20123
8123
20890
78608
3209
16717
21893
77653
75159
38597
57060
30364
57746
26357
12654
41146
8760
44753
77605
40775
52195
87311
6444
35399
6056
32255
45580
44901
48846
35989
98499
95757
74954
41616
77670
74271
36666
63899
45069
70890
49634
95218
76462
38527
93232
3590
77478
41654
94342
5621
57490
73204
91502
81967
49927
89262
83625
3400
22601
9282
14597
68231
5355
50149
30438
42919
98795
482
9515
97219
56641
22451
63109
67717
94373
34283
75722
36012
88277
38505
89013
68177
68248
725
29726
11491
46438
79158
88876
97954
99892
19154
94837
19872
48717
81355
2367
18052
76718
83758
54837
28748
3130
91416
13082
65790
26661
70656
35199
44285
71341
12858
14803
31433
41509
28223
97360
44717
60372
34872
26236
20674
58283
7072
45506
17104
29586
51106
42239
51303
83305
83562
54482
77331
15757
37601
59481
12392
31096
64282
63372
19245
34754
21234
42921
79004
62967
29472
2584
50445
43098
93748
82819
50216
19417
26500
78315
9688
65060
6181
65435
41645
95615
95628
3823
60044
44585
70633
74533
22676
60743
57770
92768
13551
89008
72996
51399
89731
7501
10027
99781
42699
3755
99710
84183
77645
46665
63952
23722
85824
81778
20786
41533
94521
57451
39077
79091
25840
39554
70862
12326
40319
88868
60201
9582
50845
44379
94881
40008
69806
60972
81719
45849
37987
70026
50794
74940
10134
8873
54045
83856
97463
39388
22405
99963
89000
47512
94072
36071
62616
2628
8000
45460
92528
75085
57717
16981
320
32661
45591
1839
78590
7746
52830
72618
96847
88259
2577
24908
7208
96163
36998
97488
81208
49251
19494
18013
47636
83763
19664
25320
54788
71519
89121
43094
23907
77472
80962
65256
75374
20941
26438
63936
18879
26897
8785
93950
59875
3075
89507
55657
64501
83384
43216
79247
75098
59947
66023
7985
89560
48700
67996
10370
79537
67919
35260
47815
65511
58695
81408
51240
62330
9343
88082
51725
10167
60331
9765
99038
79479
18586
60886
64317
98011
74876
64814
85305
20149
49627
72828
92559
78534
81382
12079
82206
92821
59816
52477
48430
35168
34964
15437
43205
29604
61126
81068
25960
95208
10044
21871
10275
2675
92257
48115
82817
76637
84760
67572
52565
43999
31544
84683
17288
64094
85845
90285
313
29858
27939
11120
31570
37926
7300
89313
26545
14999
737
16477
2446
27212
48722
21688
39122
76116
6790
83107
31462
31264
16635
87289
49165
51890
74916
75192
60594
87330
41707
82589
97772
88510
95998
60545
94371
81971
33075
62044
96975
55966
99988
35494
84246
81681
58613
69513
34842
10084
93184
85552
45693
9484
64784
16775
41887
25045
61181
83518
36319
2485
90353
58524
52687
20425
12274
94568
58633
76197
41131
66155
41987
15513
40709
61916
66378
58127
54543
59760
51284
33206
27057
19083
29601
3255
68624
48558
76920
26001
47297
13753
81948
51735
16686
55780
58363
77586
26683
82209
74480
88635
21643
74422
14619
40296
84361
11500
15131
81082
55023
31754
36693
25812
7121
33046
30928
62517
74934
92195
80554
47924
12914
30078
9217
1943
59235
58397
95254
76346
63881
44933
56579
84400
45043
82603
73503
23026
29284
19496
82150
63714
35985
61760
28151
47706
90354
49975
29125
24491
78923
89061
89226
48802
68046
69933
79852
27267
88
60927
37030
82282
49308
95436
12251
54098
96200
75471
63455
60235
52263
57716
81099
71061
25360
65825
16141
39798
19441
21944
44495
33925
28699
72005
18367
31011
23893
41283
60066
36944
5443
31084
50070
55969
16149
66012
25646
31282
84338
1846
71522
88585
85728
48083
7262
12879
78041
35745
49359
54864
19050
30814
99657
79435
81239
70045
69827
57773
33211
99325
67573
39845
96479
64838
11303
51681
41042
77505
54839
14232
78014
29895
40044
85986
62439
71303
24318
76995
20434
8066
23444
70563
64645
94612
44914
68536
72432
6212
3100
2874
15692
88369
21547
19870
24571
78002
78431
38677
22782
60296
18667
14837
71873
94417
7863
34855
16627
40087
24251
41096
36176
2684
8283
95215
13697
28245
64903
72322
82921
97300
51804
32460
78328
16125
25549
5732
18456
730
92363
26166
91229
76722
96773
45389
45429
76682
77559
49974
77037
72058
48914
999
59306
94125
74627
77156
38519
15478
78794
99068
57361
18722
59013
76240
25157
81091
4443
67656
44887
66325
63860
16912
89641
91181
96168
4364
26026
10994
83371
98756
60837
35340
30520
68605
12612
51599
44150
72078
85597
52574
76023
8674
46388
25964
51065
14754
50788
62191
35608
7838
30050
27203
92254
31339
97872
9758
21373
87967
98044
87009
15825
10146
54957
41108
15990
91963
2331
39737
46463
55170
56488
11955
89100
46007
30725
71566
79035
20870
30846
65032
71982
23334
8041
83535
76269
678
82794
93713
26039
14323
76304
7280
52164
46749
25953
17538
4495
10444
56812
26920
16887
44852
15467
35103
75316
97062
85280
50459
30890
98002
43957
63681
55313
38565
46514
56073
59077
36793
5215
14822
24079
37940
34989
87564
15343
41429
15639
69357
88120
53422
59370
11278
28879
12267
74092
68104
85434
50231
51996
5953
41160
26000
5955
20848
9235
87641
9010
17863
17085
11873
79273
11423
68382
29266
90683
79349
28290
19288
2615
33249
6316
56706
23999
61823
36580
18549
98500
22929
79162
44322
40330
16433
45051
56471
88143
80666
62120
95742
71937
45547
96883
55975
48769
36326
78188
91576
50264
91996
27480
60994
41059
42914
13387
70380
26800
92805
69647
99510
98281
44391
87027
23023
97244
21383
79094
31777
68184
7498
10559
22134
58254
54200
65748
37183
37944
53701
99489
27273
28249
87765
36160
48335
43228
22721
70404
48636
85737
21488
51957
44144
47324
36524
81930
99691
51137
51225
45970
44739
43151
6816
11697
26461
75414
3039
75425
57790
96457
15360
98017
44621
46683
12953
67603
83069
79141
18334
99971
73358
2894
62481
48690
52915
9589
96310
62415
56404
60976
64833
40848
77529
49837
51615
113
49322
93987
74927
71622
22270
89506
96074
98857
98823
23593
76016
96031
31305
70974
83915
70274
83246
78326
34944
27426
2977
89333
84108
65086
98569
8467
25333
34170
46323
81466
82069
3017
35935
45027
8197
5241
66582
41729
13714
13464
86888
75915
69361
49972
98673
37933
41356
12793
48741
97653
1383
254
63278
14345
18704
1109
25342
67998
64768
4816
5602
73711
10312
46261
97740
82946
82283
60379
89332
70763
33473
66021
46394
11537
15672
58288
84938
42783
29196
74555
57028
93857
22617
13023
87243
31068
3309
9577
44716
638
48612
10556
4536
87788
5623
92129
85978
56491
59959
37349
18537
37055
19069
7955
17960
88350
47741
47129
69526
4670
30274
31126
88057
89110
1100
91672
59801
21993
18041
77539
61924
43020
73931
81931
41621
6782
5397
45664
567
7616
87221
75836
64233
7360
12393
79860
4970
79030
67663
53261
63741
53162
67186
85697
12178
48030
55797
53295
9074
57200
31811
53305
14585
12270
34154
74214
6611
82699
93089
55449
98140
96610
34436
51884
24412
90180
4322
14640
28349
15320
25855
28506
52433
4701
20290
17820
33828
3241
42130
29688
18653
88888
80425
28182
76685
28615
69521
65847
32832
76252
95693
33954
40541
76793
13211
71655
86724
8408
83488
83930
7129
12493
17506
52842
87337
84034
30899
27507
5159
77229
62635
5918
42116
53977
69309
60896
92983
20940
13635
22174
96392
89042
25131
17991
1447
79612
73667
12650
52880
59112
93265
88180
65014
20771
13879
86660
33315
61022
13546
45618
33283
52653
46303
15306
20644
68683
37400
90718
22588
62362
69375
76557
61871
93835
58054
31459
58265
15928
18536
36167
19073
35969
90130
75641
84550
87437
58664
81886
60199
80964
22240
3785
45346
82825
78987
38152
54711
69249
69988
89743
79429
53590
16026
24289
97350
90724
74873
27051
76459
118
27246
20565
83757
52848
22038
13488
28890
85127
69488
46035
86284
27174
28404
65157
62911
29704
1006
52535
50311
55466
49321
29008
17945
96977
28175
75861
60083
56184
71692
56519
73142
73495
96071
41437
82620
72238
88164
4766
43329
1336
48106
44174
20506
82390
17534
64500
68769
19444
99677
75170
75261
73860
24972
46190
85440
41552
19274
7260
2069
30723
26739
78355
58142
8797
83890
30831
37406
96079
23429
52854
9966
36911
25222
82330
31965
63374
73925
36197
71199
98867
80445
85456
24276
48307
586
61281
18567
54345
21931
99524
90392
32406
86194
35464
96916
37540
71743
53333
85457
45796
53629
12052
74512
33124
99801
72977
53119
43776
47264
54195
43294
35543
41771
14768
1011
22118
6198
71051
93671
11183
63158
67641
50331
74752
77916
32137
50999
85458
52623
17072
11408
31196
68548
16854
19989
42058
67690
23885
11810
10152
59049
83550
51434
11669
76902
86322
93062
89060
45472
55766
13833
14428
23932
43719
56247
69146
52670
86321
61821
69903
74249
40958
85601
36394
27911
17202
80048
60275
23246
33584
82897
59985
19845
16738
93574
41302
73107
21372
56437
33417
81162
6859
62711
81432
58481
46561
77101
32125
62780
2450
78793
65682
96776
33771
8126
36029
43023
52045
85184
6330
7825
44620
72718
61392
75344
68336
64688
60474
8264
96081
33568
53375
15504
20631
65688
99229
45979
630
11653
69049
13487
77413
75930
25236
37892
29742
73245
30758
65230
684
86579
46540
32762
97547
34755
91085
54636
92787
6526
70439
10013
88478
78029
32585
32613
72105
27378
79022
5635
68011
12075
95691
28213
20665
83736
27080
95661
23940
90580
53330
29449
49546
75483
77644
27202
69029
35234
17795
6372
87211
27178
79925
63394
75223
47912
47882
18121
57965
37674
73146
76668
67848
66731
36692
67442
62899
12744
84440
68468
80374
10451
39176
50037
87306
70066
62374
64496
78642
27862
71678
15512
81830
96705
55830
97226
27512
65146
86014
65198
64779
84465
23786
25111
4805
53196
45673
68737
2572
90086
90911
96084
22935
67541
51558
22141
12857
14316
95291
82023
22904
10486
89007
66153
29843
82793
14967
50066
58863
82615
1030
30266
11643
93969
34133
32614
2853
92674
44607
82285
42018
25295
16021
29705
86632
46210
24347
46060
96507
63525
16634
33362
71027
83227
77583
19891
14676
5473
42093
90433
12427
3069
99488
21609
59470
37127
86419
8524
27
58275
18163
99333
99013
65769
37
42846
95493
13139
98533
40777
5166
36817
38954
52997
27753
92073
36721
21762
32965
84999
59052
7923
16205
88275
57697
64052
2638
13291
51384
93984
92214
3254
60668
94405
30014
61699
19353
21950
30168
16345
58421
74084
28843
49146
71232
31661
66799
29105
51323
57353
31536
81804
43241
45254
31349
93125
52567
56330
69444
15644
23442
68476
2611
90196
57832
95490
76285
44863
45976
39067
40288
61492
64710
93330
80187
71618
70603
67494
94226
71049
23996
9827
36903
25890
62085
22002
4191
76817
98886
8009
48383
84201
37047
91417
33500
18168
69127
11852
30641
29083
70533
87182
51977
12034
94435
1719
46852
47455
79792
64691
13113
17765
25262
56386
35652
13343
72948
83485
67460
78424
47945
56005
57956
88750
29801
72230
50160
6068
57131
8549
20047
47670
31223
86702
82232
67961
57381
7725
64753
57406
59240
1628
31411
87708
84279
54932
81102
72421
5040
42818
58009
39878
61307
34661
88778
91597
9159
89604
53335
98924
72302
46662
94101
26611
23599
64197
8516
15784
76638
60503
19606
39108
18902
4359
46618
64192
59305
70593
25129
76254
56387
60223
8754
88646
27294
23065
25135
28947
74163
47179
41970
25595
55615
37833
68508
52339
64246
97511
69443
73755
77109
19108
8597
68193
64746
61560
14931
81777
64812
99842
46466
4243
74280
59717
9383
59265
36899
79322
86405
26727
6045
18281
79148
39246
26443
85913
27772
83641
82662
30953
26324
14859
14437
96378
76507
91758
95985
63190
42455
72471
14740
37777
23021
63874
93963
48448
13024
53679
97049
25947
47401
2323
95780
65646
34121
57786
35976
41622
74005
60977
17856
40136
2857
97392
90959
43509
87704
50776
35936
45669
18716
71172
79509
90345
53579
99708
44178
4242
6377
69294
74903
13706
8012
17032
38414
7346
91301
85830
86558
21942
47321
28393
68369
13177
19630
66745
43553
60264
52988
38688
20907
55883
75246
17449
89589
75507
29639
2681
68543
45470
61383
30576
17613
75468
73286
25171
28169
74044
15133
69559
96928
65719
13202
65234
9579
61145
89740
54713
22575
24862
13751
16068
17305
64244
7193
84044
19041
22599
67275
64634
18413
81024
88711
50668
85570
84817
67821
45358
61053
50148
15100
46299
24834
80600
56288
94939
1670
3698
57077
10598
75009
4216
56816
36031
53409
12162
89032
14525
5325
12939
21454
48492
51754
8910
45773
201
1104
72337
76553
16162
48395
66512
44499
24639
21757
47199
15714
63008
39013
35702
90848
83502
18341
75378
40000
66027
6323
22441
33610
57785
48860
9332
4171
70525
72995
56578
16494
99354
66362
32722
81160
63576
99462
91931
91367
86417
29103
28757
33301
91908
16662
79069
11507
31490
87242
19447
53837
15024
2239
55626
94541
51054
89654
21109
73480
79567
99962
76907
87482
6745
96737
48521
93960
18551
55684
83981
26268
63854
76763
26484
68780
76619
4055
82567
44110
26831
50723
1372
14992
25861
21456
50561
66331
21634
17473
43731
12140
39907
99703
24394
28186
56318
92884
85603
79556
84839
84981
1240
89788
26725
97171
97457
37015
67826
81337
11476
89971
10856
96325
72599
31603
81914
36126
13846
91567
92120
26425
11344
36700
61533
17879
28256
96385
50217
37326
1630
20318
51775
99852
94225
87278
62748
59488
30285
27936
92683
5251
54003
17854
36048
18688
5072
31239
46458
9196
77530
10437
87406
98842
9314
25073
2761
52540
9540
56031
17229
22299
91279
19811
47282
76137
67627
44895
72031
14269
55888
23659
67910
75812
18412
41043
12738
9571
26912
27026
42516
28802
60937
74469
78284
80762
62069
13134
58321
96963
89085
42686
49313
5454
56582
67395
2720
51920
11811
35939
90656
21807
64419
71329
99255
28775
82328
88154
74258
65155
75687
5271
24548
39500
96413
85369
94213
21774
32659
8881
91057
39343
16539
65985
72562
21986
87783
12372
12625
15747
795
67114
31146
14939
91216
88642
45317
67711
3882
14756
21935
88066
17482
71533
51827
77746
65932
42598
31117
17617
85264
64287
33699
57565
23778
68620
99030
13457
74228
1631
56985
79485
78259
36463
62392
66982
60269
42683
30283
89104
97723
48469
22516
82619
37252
26472
90334
4419
227
99341
71865
24332
60829
51974
92416
50869
88056
41341
16165
95121
98882
84456
14422
4587
49987
17589
22635
41801
48653
75532
6092
97614
34880
89770
39397
73109
77552
43642
12672
6928
98775
58233
74557
33632
94149
70104
39426
8143
50626
65591
80284
13641
28086
79765
89675
83896
15774
41985
24121
9514
79882
53129
6124
86506
44039
4340
4512
49755
82584
29201
77705
99112
56366
31554
99779
47754
6767
73745
46195
87629
67278
9729
18810
97985
82618
75019
4112
9220
22079
69711
11486
90643
9087
31534
36469
84866
25508
61254
97742
87195
26441
94825
62157
63672
81661
38407
12528
79811
67137
11390
80595
96397
42976
83908
86688
57027
22753
12840
20413
93504
39258
60800
51764
94401
87660
4543
12994
48039
14159
79311
34606
47868
21724
4438
16650
32577
57731
27699
20148
70111
12787
80
55516
3431
7290
15370
39868
23856
46243
54386
33730
48223
97591
41373
6861
11750
33312
20599
87586
97061
43792
35526
75384
96384
9118
83116
72994
47145
71100
46266
1477
98372
43286
23911
5352
92769
69342
36224
27145
56673
90367
43371
95948
85635
37712
93078
96574
67774
41923
4231
65062
57166
48551
38272
12700
47829
89269
3703
4984
72860
83224
25712
59432
21096
98157
97211
1453
98179
502
83359
7594
25221
73654
85880
61423
59711
36150
33350
34787
29475
93925
80657
69530
38029
14177
68346
76945
35314
50766
34051
94692
59447
68695
18482
12597
85868
19951
51927
21311
5827
35330
57673
77270
95957
45808
45067
96873
53287
25799
6763
13497
44803
26450
74863
78528
28137
51708
48255
94195
3898
51966
41894
93364
71606
10389
74534
7426
67907
81476
77327
90932
84258
76894
70600
11520
12632
7483
65835
59972
46159
3457
65309
62932
49113
43311
39776
32405
60920
80298
75095
3953
19704
48514
79389
66431
14764
77139
9792
92404
98141
10689
43916
40428
69985
35731
41954
7556
34622
917
92017
84959
27491
28938
9052
89594
236
39058
72222
46590
78184
70019
15932
32258
51551
62207
29258
56399
24409
35567
32828
49206
14102
16467
92004
58910
37900
38375
38635
65564
86480
20845
32222
5947
77481
51298
71392
96462
60337
59675
9500
18216
8952
6447
39881
58386
97535
30322
86451
75355
7087
1598
83526
62493
91978
89360
15803
41658
97811
75726
43937
36065
66164
51338
40171
24478
47970
78392
16156
63699
77971
44588
78444
37621
38687
52762
27410
87125
42588
27000
60509
82990
26847
99514
42408
4142
88097
90136
37701
1592
87537
62383
42696
63791
41018
92142
67736
54162
98720
80299
40162
95200
89593
31242
17734
43989
8959
49566
93283
86971
78597
49917
44213
97518
68763
40153
89707
53956
26406
17440
55491
89128
20353
14163
98474
73139
64676
35594
28034
79534
81158
34089
35034
7852
45533
40470
6703
99947
658
77180
79272
6650
72754
17709
66451
43342
67269
97185
16534
26412
53892
47891
54455
53637
55519
53268
68470
17033
8921
36187
71934
23651
61012
34209
74040
86298
20738
97033
91500
62600
2487
82959
75478
77499
81183
25693
25813
42574
92193
49703
34860
24421
28057
85993
62637
53550
96099
49374
72331
38730
99254
54849
32596
92624
83557
94645
39042
51999
60581
98154
74473
38652
19823
19431
66312
88150
38500
58424
85545
75260
831
75977
81682
9432
88325
36157
52121
21817
64033
17296
24120
64416
8055
3448
32822
72408
45060
18880
48168
30981
58520
5672
97412
60002
11938
12407
60879
81104
92486
85344
45487
28289
45468
94793
65312
51530
45526
57835
80640
20460
91426
35727
47728
42991
86170
94280
1819
82192
53871
94035
79756
85924
7259
79859
84931
29727
45901
4586
7310
48775
92448
79190
93424
59084
84995
61624
15554
2046
36169
61654
30824
48752
61250
92108
9749
95947
37700
73479
9300
78676
96370
33173
36737
22566
89726
12977
27035
97759
13975
92402
26849
58327
23098
20972
47065
61856
78677
31045
84232
74048
55454
47966
35521
95232
3120
31289
29798
27746
28990
68893
97011
54890
55243
65705
34615
90756
96800
5875
41545
30755
38365
32729
31746
56645
98016
91696
75461
4708
76528
23240
69005
79055
37403
28827
51783
67438
3145
99314
81542
25669
62870
26012
25356
71294
77564
71898
29935
98176
39525
60680
92385
56121
99654
70995
68742
50362
29700
96969
45894
67477
89625
88604
39710
99220
99456
79927
34617
28994
50444
94059
79488
84405
9605
94166
12956
5754
340
74629
59561
85921
99007
11417
57634
5399
16175
78553
39735
79523
78104
77444
67243
90078
694
70247
37320
58324
414
78921
51336
13395
73467
41842
12404
20205
82450
93802
7344
67470
11369
17892
13938
90546
54811
14710
73825
35243
47184
63696
91945
94156
39378
27743
40215
382
92839
82697
11564
16071
3270
15195
71581
88340
92494
71550
59901
24897
78699
77639
47668
31281
86055
35100
52488
26715
96465
18200
47333
71907
52895
42120
98718
22425
8003
82982
72485
13398
6268
61718
37539
83577
70496
95080
93695
98698
45530
59251
55670
95834
63859
18981
70783
62974
54353
95272
10890
16480
97509
36033
92592
98736
56048
51521
72843
67180
2075
99017
82596
78802
67158
35603
61470
388
84773
16445
48041
13825
19703
81210
38886
9883
6580
210
18888
20859
62521
31744
92797
30428
75089
42625
78396
89744
3079
74851
54654
24495
91298
12091
72210
72720
38996
33231
75605
43672
9458
7188
8226
74421
46055
27964
2104
76757
26180
12814
80019
68694
86792
77998
21154
73464
92518
74837
7996
25601
20952
80235
69795
76208
67402
18294
15070
33424
21945
40997
20511
14164
9479
84211
4179
99222
85391
83498
31182
65150
70542
69572
48261
60188
95648
72852
61502
3743
62520
92354
23606
58280
63683
47921
98616
28486
73074
43359
47687
74723
50976
11638
68687
74703
27658
9219
29228
17642
87798
73434
7467
97332
26718
17889
51415
75470
75576
57062
74397
34416
27604
29524
55107
34849
11242
7442
1984
8958
26966
25463
34678
10993
62445
44377
88375
71381
77462
42748
71029
17975
548
1928
59821
62306
36354
16360
45436
66282
63826
93550
12272
5760
98884
89622
13501
44605
35513
69764
85387
2201
10762
43100
42792
20577
92907
58462
26470
95611
96096
41148
64077
95656
17265
25153
86257
35438
8473
1661
17748
92678
87918
92512
15330
99701
39831
25459
88429
18919
49281
45519
40629
35607
63855
4273
84425
9058
24844
93458
68901
93031
38878
40625
3971
36140
90614
73960
87383
34197
49175
63324
86924
3204
72958
70419
21651
69740
40502
14919
83559
81347
57537
41749
37108
94711
22320
78006
97407
92064
76104
49729
31675
6992
64757
11101
60619
53477
23637
53339
31677
3583
48660
70074
86209
42793
23658
30962
6721
26361
41510
95395
27291
9139
90584
99881
73311
60443
82277
78723
54662
5091
51645
57183
31896
47897
59688
27063
61189
44343
43736
46168
78995
84634
97620
47977
23654
26159
63281
87154
5148
67581
39577
31620
14340
55166
53854
57757
99412
17777
8132
13346
26659
27654
32274
95708
65043
88252
23094
35184
83918
73969
38230
57110
41770
38292
41288
41919
36619
7552
66217
56594
65973
42630
67286
51233
31703
38368
66252
93761
43126
40704
98299
94847
23306
4617
22959
1469
96336
84436
12447
92380
72772
99478
93521
61657
29460
13625
2799
91870
60128
74777
58951
81511
99372
79146
86886
45497
36958
51173
62706
40652
84271
41466
81248
5003
76144
11159
77727
78968
96850
70374
78341
29827
29361
34303
84666
60381
31138
41650
55621
3462
69302
90347
54900
65710
96464
55153
2015
34717
49331
92236
34998
6133
39035
16728
79268
45364
43533
98004
16970
9685
34636
64611
47266
7086
560
87301
5258
93825
94331
59051
92323
64533
19936
37480
41488
50225
49776
56751
93621
51942
91122
33638
61928
18573
91740
78523
4996
79883
61603
70516
34421
61590
15479
66819
2792
46272
86107
8774
42693
58241
79530
34294
65001
12565
21239
99191
66620
81535
73798
97648
28758
67296
10046
4346
10410
80727
39487
96770
44595
92556
7960
17223
46676
30933
60534
52555
93451
52007
52875
52171
40015
72936
82360
38388
90817
48211
46672
8962
2123
53867
69424
24519
3356
62852
31304
752
55799
83900
72518
16524
97131
2694
65396
50452
98319
3925
83730
20464
8142
76834
39170
2616
13838
57560
68938
42768
48169
25918
29257
214
89138
59503
86805
18728
30401
64225
49068
31726
29520
49816
98421
56889
16470
89433
80157
10203
2161
55481
5396
44846
59780
43201
5508
33575
61722
97777
42713
92373
36166
42704
6436
82281
3262
92361
63676
1878
9428
41231
70794
73310
70788
33750
89293
38380
7500
99189
99172
78951
12913
39419
77046
85253
50570
25780
66008
76424
60650
13496
55791
2313
6952
64801
84975
53053
84800
15573
25924
86708
74481
90781
36962
27411
88929
62043
86656
66628
66833
1145
35556
37705
88368
82769
13586
14920
88167
78579
7161
55261
57154
47562
99443
77738
34768
70035
56258
77740
37451
3843
85054
64230
19997
168
29220
21260
68218
43402
86590
48145
3083
16870
4413
28565
19756
19006
15076
46710
60921
12627
9634
3141
60893
54541
53730
57552
48530
86964
38991
87583
6967
23702
90229
25388
95682
87488
35824
45248
20448
96581
61009
4703
88387
75724
66842
40329
37997
67934
28352
26773
11480
22785
89169
49061
9285
9721
19831
17961
89776
28885
65617
30604
67729
93274
1005
99251
91400
93560
1564
72221
71968
64498
62001
70021
64043
26092
84138
21755
12958
40602
54453
98594
517
64977
82678
51274
34589
80437
17050
58301
56776
45758
2690
55339
80788
40581
10624
91986
45013
33813
23736
17639
77417
39214
23395
57273
48707
23300
47489
73656
74
76369
74171
90962
77948
25038
53230
94503
15184
75070
49696
66148
49422
98983
51024
98278
36929
47415
61582
85988
44290
20550
80613
38699
18372
31044
54297
17325
26235
99006
37078
82686
15120
46699
21126
48052
65730
89944
59217
96110
97258
92137
41238
52845
966
89080
16245
15903
26164
40264
8527
81023
14825
14381
93961
91196
1019
65680
51441
61412
1436
56077
49473
17357
47021
16399
40310
98801
23143
24668
96834
32191
40893
53070
68444
92099
9228
15390
84038
59639
17083
11635
1410
94069
52189
67914
47051
50207
59119
6299
66441
51277
87298
17890
44913
37374
68685
3113
32178
26524
36030
82712
3860
53212
63120
13519
18271
81896
27043
55346
52492
89046
40085
30256
13715
47161
18258
67260
98725
69610
97104
49626
76266
24997
28066
31155
87476
69479
34827
54918
56571
68134
61672
67706
10784
83798
99264
31971
26526
39238
80458
4177
78445
20544
84878
54323
43657
79798
81770
58903
45284
58460
78782
36611
25274
57099
39723
55817
36509
17963
18831
8476
66313
71667
38524
3188
97988
60029
45232
557
60458
57109
52706
62588
49997
49087
67221
3041
16124
98881
36642
97216
57129
78949
73516
46612
46500
77243
17064
86179
21010
48693
88658
56815
68303
77438
18292
94298
43400
88347
23182
5661
15950
75522
99521
73731
18785
79700
12069
46469
24462
12049
95524
39486
46112
31667
25562
9328
24484
41623
97693
58581
54539
30311
11671
67313
42350
3516
30847
99388
94389
36716
16567
61919
18161
51605
37114
22295
7734
92461
85431
43780
43932
99826
99955
1946
70361
37930
56857
64665
16694
88639
38669
72003
15232
5383
65998
70424
34565
99770
32256
49693
61807
21115
70325
86408
1828
10757
85535
62338
99387
24460
68096
17184
35141
54355
69370
42949
44177
86574
56310
57314
23352
65939
93269
32798
90974
48140
51432
83903
89826
75119
91633
48342
11997
49009
9848
10072
94831
62963
16843
68705
29672
64961
75591
57844
28678
82103
2627
81095
94903
49930
21149
31932
30469
33264
63096
92333
6819
83486
42890
60366
86325
70860
20295
83565
1531
85121
92837
47233
82665
10479
73575
3245
72350
46996
68700
96547
43806
56045
79787
59045
20942
21093
79292
37129
7558
34847
33792
25753
86339
16293
56600
15263
28751
29270
79786
96716
25286
24253
91481
7585
43042
19828
83954
30065
70992
62771
69247
75240
95494
56143
96813
9675
30086
73148
50694
22767
53720
43367
42048
41852
81601
60945
60791
69257
925
87974
50697
51367
55965
15801
73526
83589
97143
67046
98490
54253
27496
8140
15277
35777
74804
45629
96311
24702
25167
54948
49764
76669
20486
39262
68349
63622
97569
77011
41491
37778
20177
65544
51962
86508
81005
50728
91241
22239
80871
38377
10535
35444
66976
56426
27015
60554
10287
41398
298
59573
78925
82053
57597
27920
29983
39281
76232
54684
90303
15252
74874
35068
96314
20699
14571
85488
57483
23902
9914
58071
39373
53562
26267
67124
1982
3182
4749
67248
57925
48282
95642
10489
3708
36698
16522
30213
85998
367
67564
98327
11908
47642
93139
33570
81837
5582
97501
14148
35407
73710
54767
95577
23874
14968
53926
81418
44225
82468
41972
14294
39827
45260
28943
68966
49401
44288
80428
17733
93313
52958
99318
58194
98051
30179
15060
24617
54191
61360
88729
8522
77224
2639
53647
87320
22586
57277
78086
62019
76473
74530
94952
62276
44196
64541
44884
56775
60752
15738
46070
5631
2039
23892
9802
22049
72327
68201
91091
26343
37840
82118
49751
49841
39567
91957
58094
36710
89859
91443
6923
80518
86425
71021
25989
60637
5240
88356
62692
76821
46288
44202
95075
74031
99603
12011
7343
4122
54295
73754
53657
69999
72454
87361
88521
78800
70371
242
72156
6742
22831
4854
33817
89525
59965
80512
27825
39393
83994
53576
20538
73521
95132
41682
10820
98413
95358
48351
17770
77468
79354
62188
97214
36345
55546
91802
66334
75526
16457
43746
76039
47536
85359
91029
17630
40498
89079
17505
84883
9874
55010
49492
23724
3816
16636
34863
23460
78191
52261
36286
80068
94630
42295
89724
80804
44361
14076
65141
14087
64992
40868
27648
98285
5079
25523
72878
41681
95938
58721
39125
65736
53155
5577
42400
45052
47158
41516
17852
65536
39698
91204
38284
90913
72749
70649
22308
40678
86318
37847
60505
56179
78214
96030
29712
32310
44338
43865
42092
88279
13352
70956
54394
66748
86772
1404
17061
55291
49737
57702
32824
80039
83005
86242
43378
62657
85982
44599
97027
68446
25040
57373
58744
8263
27023
94625
64476
14120
58269
26859
89241
71850
95273
12238
58027
97969
69503
61725
53820
92026
37516
50431
25605
72495
55447
80468
59387
60439
6251
62408
97627
41430
72561
66417
58172
95848
65949
11927
82306
45452
94416
7473
9192
86705
67109
31848
66052
49199
75172
14478
77978
59255
6996
78525
87268
94104
4440
71542
63719
92706
40889
2926
32486
62081
24609
51538
36447
21595
6912
61367
47270
58290
95876
59347
64427
40301
82435
15416
14383
11783
63729
35768
58340
36250
45235
60725
80234
81538
9732
57287
78025
71299
885
1422
43417
97156
84698
8913
46498
89746
37350
63763
29537
385
28369
43566
15074
15314
16561
41063
30547
22276
38069
69922
82419
55566
34176
91195
18901
57233
96342
74793
19617
22098
88386
93498
58442
34943
4282
30647
55647
6958
98369
969
89941
23367
47010
82490
3034
76512
49821
9676
82566
54012
72141
56736
62558
12633
20355
99104
61087
25729
91901
80851
11680
40464
97700
55362
30867
27064
42874
41251
32734
53133
58931
1277
86933
21748
12558
82525
76767
41000
97074
9431
69210
69130
78070
91313
42962
33144
27781
68086
84074
62441
49951
45713
85575
54356
94253
76486
83108
2417
90590
61517
3036
83750
75105
79707
95605
60812
66283
8553
31587
40561
31720
37152
6408
19665
96661
90675
91744
94400
86334
13582
16616
84667
36355
74835
41084
79611
62316
33233
40076
71687
86981
54290
55987
90721
49444
37880
81040
14234
20872
14442
57230
79005
56809
23584
30013
59644
68758
80844
64609
93016
64220
6723
78257
40903
89249
24431
89089
63724
40792
55076
68987
13189
39836
25374
3235
63742
15441
25754
42652
74472
54810
81021
60501
29132
68085
30193
70503
4283
36988
81188
22024
1711
53518
66017
28812
56354
69599
17477
23952
78882
1962
89082
33472
55215
7345
44344
14838
92822
47941
14508
32003
50988
4123
68967
97840
66199
17873
78955
27191
19078
18684
1755
23150
65423
89368
97293
76210
97599
80643
644
73652
59602
81360
57942
43208
58690
41065
85636
20259
57736
51797
203
5084
97493
394
22811
87674
80336
68190
95695
63406
81798
96057
17253
99073
38322
14546
2354
18370
86070
56457
66276
60906
2741
83434
9251
30465
44708
12946
19873
35524
87577
75590
12221
56178
88954
88068
68600
66050
43011
33213
99016
89408
72291
20707
14067
31205
32990
86977
71310
53521
60836
55892
45989
46770
25675
19765
64869
89955
21580
23374
31396
3598
33646
43876
96586
36384
77455
27511
12856
94616
83847
81613
25170
57416
81424
99256
4718
97878
7731
7191
89140
723
12147
56872
46451
2622
36986
88803
14283
3797
93738
72611
28846
33210
86150
78263
76277
912
72824
97135
43437
97347
79291
74797
70502
67382
6066
70755
84533
47371
94183
92057
50165
72497
32464
71247
66373
37049
26179
33977
18243
83800
35113
99262
45342
34918
23471
13131
46167
40672
10488
43064
71784
50585
67326
11627
174
40513
84309
39543
46436
35854
77460
76
93388
18781
39337
49125
63694
49477
62456
39777
6588
49392
44652
79861
31471
75651
6479
70882
49861
50298
18100
61193
17740
49853
1084
12130
75467
84240
17301
45929
92470
90642
59551
67127
17601
42968
41695
20670
35848
29299
50820
13302
19801
46054
16808
56682
23174
67436
44572
45931
83632
78343
43617
24607
35446
60380
54925
24102
69936
75252
92863
34713
45184
37051
52963
40666
74656
23086
96943
95737
31685
61874
73734
21178
96815
80027
41722
25003
20323
19194
62991
16305
58183
19429
12224
68653
39932
42863
91642
84015
44370
29918
13011
26535
88869
89391
43293
78654
58080
54910
8152
92276
77790
28954
15680
7404
54909
15084
12737
2753
79953
56211
77446
86756
38866
55037
71893
66670
48588
30979
35956
46970
52147
52308
12848
83295
13877
3319
95543
99455
48964
12484
99416
67664
95673
97641
76313
30572
5588
59117
64696
49836
91688
56631
54586
71560
5790
16273
58731
90755
9612
68417
21183
84957
72277
65035
60541
12586
3805
65133
22282
87318
61039
10604
85726
90218
69679
36428
84478
97088
33547
81676
30411
85460
4891
83770
81157
1774
43350
51283
48155
55451
97464
13691
34650
86282
39561
90518
90108
87404
97252
49237
61606
85833
56007
51718
86431
61768
36724
1561
64173
78295
38540
22839
54006
36902
49297
64021
95217
13741
76081
84563
65211
95766
91058
64886
29187
67115
41017
57082
52585
40443
54772
93537
49705
42511
60564
12659
74333
33421
99761
13255
7339
75216
26123
86872
66834
39261
39753
96231
65282
58161
19330
73917
56860
14533
82844
67873
58944
20366
86600
77812
37255
95735
26323
86599
77734
82740
51099
85189
20176
13774
3688
71004
37185
70817
19150
10155
1553
97428
6596
32950
59516
18892
57285
78239
915
34093
15746
2937
66956
88697
90509
2244
36970
29128
70960
33196
64677
56118
64543
80722
70396
18097
39645
88107
51704
14244
94826
14149
2788
24940
88811
14065
11163
37861
13897
23437
91991
77274
13572
72949
52080
4765
95781
34223
27096
12582
21048
91303
87627
30821
90257
90325
3543
71446
52558
82375
61431
83876
55464
6039
65687
72284
74635
52694
37118
82445
62607
69788
26992
24900
58362
23024
14251
49074
84560
97955
1018
5798
90927
79629
55383
97078
28809
45915
72135
10015
62236
50789
89218
65476
11293
45944
35666
89070
90671
62617
53773
2898
370
6180
4099
41847
18296
65887
35303
25653
98
64758
65610
40253
86861
75682
13744
36585
82161
19411
33672
66404
2524
14690
89736
33616
95404
27630
13581
40858
47677
11754
99821
90275
1620
21856
75266
36916
11550
7136
18976
17511
37609
58074
17286
60696
68447
63648
76262
93803
69677
46445
11156
73239
21803
93107
36607
20113
24941
2901
76748
88783
34278
20092
679
10320
23230
79126
25852
42223
4554
8698
80034
71530
88552
43213
68098
98031
87393
88669
16283
45445
14274
70694
20824
20452
4896
20629
72456
9663
70080
75094
3350
49977
78458
48534
97787
27265
19292
72778
85847
60528
59238
31310
21282
82164
3850
81473
35832
7438
25836
22907
98274
78210
36820
64590
55932
97664
4323
98064
68678
48477
23814
60484
9211
99234
8870
78394
32754
75280
74858
27955
92988
84060
89668
10769
3836
36016
94376
7178
36822
73476
94666
28746
14824
15498
1208
58245
16219
18603
63166
87364
75962
47688
55164
56281
65348
80680
9451
13506
37059
32140
74243
4679
30091
87059
31188
82576
16465
55689
53580
50368
56708
5711
89768
67893
66182
19430
4927
18203
82925
76934
84275
37656
53234
54335
2126
28021
67928
51360
23431
34529
97181
83126
6803
51211
4117
22144
54211
47933
40394
79815
30320
47898
58860
82973
46249
59563
97957
64959
59669
9140
82728
59121
29757
27138
32632
54205
36024
98503
93940
14083
71312
2588
13071
69324
7492
71024
15186
37986
21739
16440
70725
85490
33546
74964
2757
15673
10736
68622
49479
41833
18492
79253
77818
74362
18072
55879
53660
42719
34616
37896
14018
53205
82587
92483
22349
15113
32129
78000
74222
7451
80210
25142
5722
84084
74393
89297
99306
6913
52424
78749
74988
7592
54495
81393
19174
81029
58260
75408
27226
71219
93733
84801
27927
84477
8812
66003
99718
71889
58957
91383
28272
36222
17896
18466
90458
35315
39304
34654
25083
58262
99680
20708
61989
41741
95403
75692
72100
18516
68631
27559
18383
30998
78325
90834
28829
98143
30654
47030
55310
37475
27837
87739
2147
84858
68834
26860
5893
47205
1061
82900
38720
98116
26690
16419
46459
20224
37375
49829
42097
97105
78815
16508
22966
81762
83780
36786
17393
29082
51102
28220
28360
96619
87884
17377
27270
30456
97111
95971
35322
2789
89342
78979
86884
4200
22902
92126
4556
51067
1235
2820
90770
15240
7785
39412
6662
24262
11296
72107
54338
36380
35564
81775
5042
29942
29321
16363
71689
54128
12388
28263
6484
5987
7148
77182
28474
1490
22545
5669
75706
23601
88502
6389
97144
55130
10800
31568
43199
82473
50564
18701
12483
53150
13100
92972
79819
38549
95269
33169
50396
36526
27024
15462
85468
29264
84885
33970
93776
31378
50856
38982
97456
52904
30036
84416
50033
93953
57435
31496
2472
83440
90537
94782
29091
83360
50115
60063
99049
9658
77815
21071
9948
220
93881
80763
17381
57335
96982
82140
86847
72383
89588
60965
80120
15844
8794
4680
88986
84296
80769
37144
46366
3433
47556
7285
43085
88494
28179
20104
17165
16109
31491
94894
66700
49565
6719
99776
59808
59311
73722
14348
95534
23808
87061
24036
29051
28950
36261
30577
86124
60346
48354
13849
70917
31313
38105
1025
27558
20360
88821
89526
69767
87976
32095
69622
91136
31924
19007
63949
24674
9962
78661
43921
82613
18310
97411
16196
16898
49847
56134
3731
94188
12331
2715
73885
1502
91344
85131
20508
87241
75925
81563
3718
73715
66969
65368
51382
2998
13097
25901
43713
4050
56312
7708
52279
76294
60771
45683
60999
65498
99060
20320
72209
31959
26660
67229
45956
64390
39468
74018
89400
64391
9474
21795
52009
14536
19749
22083
47198
59615
66958
20685
40141
51602
76981
15342
17123
46532
21226
80455
99083
70829
53891
42591
15940
14488
39318
34800
84451
34391
73739
46061
93094
20591
35488
25665
28060
16404
26657
9693
93918
12743
84194
39640
84479
77104
73916
33190
84961
75235
56222
38786
50581
62961
48439
34408
105
60374
15619
69371
583
33577
93583
85527
83822
87822
1444
70153
82151
24515
25564
94828
571
49999
37654
39822
39762
23321
77146
46667
65996
56922
92573
45644
11356
83420
3280
33700
36574
40779
48194
37767
39191
82545
70512
50714
58086
74202
86010
28446
1644
42129
38989
95755
69718
49794
9980
19846
72044
49207
70743
31128
96468
258
26129
56588
73482
51618
28121
57886
79489
87222
85877
64288
12187
33321
4237
3043
98522
34631
58839
52611
66522
36616
25956
4458
58341
91149
12188
54344
89935
3227
80684
43813
54077
21259
44389
62119
54521
77452
18375
36900
48875
52573
69154
87824
37568
4884
31673
8475
2283
11305
83732
73291
70211
82652
52923
57902
16400
52154
34879
60289
21364
60434
86361
27695
37563
50874
23887
22153
58714
99430
99957
72365
24427
16772
89204
38653
92184
56157
8723
77859
54011
1973
86386
53711
45421
11917
60124
31759
91798
3863
58503
40914
35365
30669
85914
70389
18626
47870
73583
53805
90637
9073
24030
49269
23487
29375
36625
98236
35683
16384
56757
63441
41856
78801
73615
49246
31058
6417
62705
77732
58750
49406
91084
49503
34775
72035
96814
57346
95157
38650
34974
52326
14730
92519
85390
43782
62756
51
6195
92321
42348
29451
94271
84728
10663
30893
72893
50456
3108
96242
71565
47685
55444
48873
86247
14626
37889
29995
27618
91750
76604
77475
70997
16336
88223
84193
24558
17624
47053
50798
99948
115
33563
65134
93532
32220
68730
61398
83913
88753
34888
90852
45077
80883
1842
63431
42272
58199
2476
86892
10902
84595
73886
208
21958
17399
26864
31497
96399
73766
36690
2812
28967
32706
12715
11556
86822
68334
19357
23769
76508
39657
2582
78268
43018
9574
92173
76513
65103
23949
95376
65896
91080
82056
3563
3745
99286
54614
33907
17821
83035
20799
69411
30017
16952
76133
15797
15399
22667
52156
22493
42173
83028
42739
89877
55047
83628
41441
33930
22964
44942
5408
87603
57216
37497
93406
25415
51402
62551
23829
36238
90375
68735
19719
31645
21020
81984
45064
91280
6170
73083
45646
65572
94467
45812
93382
77939
9964
45862
35626
18024
37709
20805
77233
94071
86219
90018
72738
71474
70729
3685
84095
22110
70053
37954
88588
13376
11122
6900
57866
44255
58570
16600
11631
75856
22804
45593
68558
36542
47403
41677
53189
26253
98315
32582
64534
83044
33246
97550
69688
57419
57382
49598
35269
47028
77680
32272
12570
46536
3691
45124
32952
73777
73087
97169
69635
35983
39016
92851
33495
34059
31488
32419
74416
44310
94660
32300
48764
98118
9863
22704
43829
35253
87830
98854
30614
33012
86806
98510
83480
89191
22953
82957
92054
80954
53083
77591
14627
5783
49490
97687
33593
99837
77197
66961
50925
68943
77533
28434
75073
99760
31690
41113
86745
52113
74034
15029
17717
29389
19442
73357
30546
17110
21031
45603
24832
46059
96461
18439
10742
52406
4685
28018
62627
86087
30734
62411
10379
29250
33398
96157
65482
41280
90626
82980
73786
3127
85290
96077
82501
23518
32572
46338
49306
14631
14771
66992
51410
13297
29466
31102
8343
6895
36234
36448
89646
99893
67352
69136
50692
26608
974
64165
97249
93736
7714
66797
10185
27923
3260
52996
44759
51948
55907
11569
31265
82554
94636
94606
80170
64472
47344
86273
49603
36293
53643
28948
48872
44964
17133
39392
4589
29518
83392
37807
86766
30273
64168
84160
29950
92598
7808
6237
19942
68404
18558
51949
39297
70469
29489
64440
66646
52835
50558
9622
6516
93202
83378
80128
93599
17356
72907
9085
30951
6840
91265
30533
49017
21656
60419
94430
64298
94351
15015
30982
60314
15474
99129
41107
53364
29482
16346
29618
31800
75772
56625
85705
47274
90401
46417
85684
33694
49135
50842
5232
43525
36430
44211
72913
58821
53818
23500
12910
58992
71258
27776
69750
5014
67954
34362
46197
99110
87519
36846
56451
77718
84036
6282
37032
36702
75520
20482
54993
73022
50268
79845
60715
50291
37541
2306
68835
76932
90020
25566
99675
17103
74108
69805
46709
25369
69984
99835
30206
24845
66937
16060
82755
30044
29095
26791
5894
83184
85134
84052
36824
59329
42153
13046
75392
81764
93449
57644
95162
93235
6402
5303
73874
7374
27578
75475
87140
2631
93955
63230
12468
97480
47789
32753
32104
31913
44824
16180
25906
42541
29493
69270
28576
56113
33002
84979
32023
79008
35297
42537
22324
27109
48336
41957
58477
75099
68972
4304
35256
55408
3626
86032
16529
80393
98231
11340
61340
21324
32913
48782
35533
46806
81699
89130
20173
43403
67207
51464
3571
82765
53144
14129
45957
35559
33450
9004
93701
38589
61925
5484
2969
56350
92251
98921
82348
67385
34076
41880
88423
48484
52221
40603
26614
7283
46501
75788
28686
70495
34046
62651
17462
80694
38800
76759
24781
20311
47653
12613
42951
62209
10440
28659
4696
67546
13006
20286
22390
39269
80998
54718
5797
79215
62037
78074
32717
66782
94978
39729
81154
98043
30592
46600
58303
11073
25160
69717
73336
79890
68131
40545
16078
59840
28798
93021
89430
58985
98329
50281
26774
4748
85384
41346
46358
24860
6318
48750
44658
97869
87400
1497
34569
94197
69387
72393
23421
86360
71553
89075
81046
65683
4664
13477
94479
63454
44397
39840
9205
86236
87968
24642
84427
71252
67443
94681
45042
91835
18944
67047
41990
53325
78833
17973
47579
40345
3581
13067
53030
36790
78522
41636
82320
53241
90151
87459
42597
52969
48236
98623
61869
89536
59597
6161
84025
86934
92056
1910
21751
83411
50322
9648
30984
75702
88611
69448
38561
67863
19502
90890
96022
11266
68813
51981
89888
78322
8483
85033
85429
18255
42941
33990
47275
61103
47120
69763
97426
94327
54227
28633
44943
38209
92888
43076
43000
91291
7566
9336
19788
25531
14707
34253
39055
86515
19266
90423
63631
6075
45457
97097
485
20303
92653
32645
69783
52720
555
88466
33628
42338
112
23137
79309
96258
95851
27213
48662
72663
4041
53566
83256
70674
44439
96150
50959
67737
73367
36084
13058
29852
36435
69081
32194
1511
90602
38856
73849
55265
75883
36599
76950
80803
4953
80966
83340
49515
69280
83197
99321
88864
85551
84645
97483
35573
60562
86646
67386
9494
44983
72077
59081
26827
95199
2745
68322
35010
30
2376
27626
86893
9506
54535
64219
66677
41389
15358
16916
18632
11052
69388
32669
35925
96143
6955
81013
11839
57921
97673
75375
37875
7182
34053
92083
94052
51811
54691
2312
5270
82057
75213
80800
40477
87058
81672
21819
30633
38208
66405
78139
34486
22937
95890
21702
55477
50454
65129
25648
98242
70772
98127
69914
89412
56372
60179
92492
27136
90432
39814
98517
93774
67368
76933
49706
84328
84649
5715
43765
12376
29871
79137
1232
75564
38423
33845
31774
42160
60653
12048
42022
89797
77110
10288
89811
38257
14802
80691
62471
3193
7003
69891
88021
33836
74888
33170
99448
41352
8052
11646
40397
52843
81231
3277
82948
24290
19111
68696
23075
15371
35194
52693
57742
26955
2043
91000
22604
64646
82222
43386
80136
69273
88859
48218
84017
23371
67405
92109
97689
66615
57706
2061
44011
28643
56844
14670
45141
14518
92968
60278
4247
6043
77524
48563
94713
525
56822
84143
59560
52161
95871
18939
34585
49780
83623
58264
47822
77173
15054
2826
38534
64396
35889
92987
2808
36967
87121
57908
85963
19510
78485
38135
76904
23360
11994
4300
37620
73134
80878
90554
25869
23242
94062
18824
4526
12777
11771
44167
73736
26766
74995
3724
62862
90541
10896
77255
85044
87039
74186
35575
44646
26689
10539
92262
21450
20825
11707
81632
96140
92874
78748
37673
42143
16906
80121
26242
58574
2281
76676
54688
19679
28925
54286
83302
76663
49399
61188
37155
74391
3365
25064
70287
32401
8223
26428
38138
52734
42140
90948
43057
78150
84962
32506
60231
20048
22623
88236
71275
44726
53354
4843
54252
10381
21747
44757
61222
14239
35554
97157
19773
12947
64923
91621
94994
33353
96206
57142
39969
78927
72194
86335
81494
78105
89335
27326
65922
99439
21468
65263
48163
29842
17294
70292
22958
24889
36151
3445
91852
86453
23315
41062
15418
98200
10413
9161
87736
50304
48086
48233
46480
68821
55588
2482
28627
38032
40600
84203
21602
87344
84424
90064
57627
57274
77206
91138
76295
77520
52088
11848
87291
28915
42190
77305
85313
12116
24474
45538
18738
69416
55441
13461
11699
24601
13665
59684
79930
62421
79949
59399
33365
70597
52510
6841
81039
1480
360
61908
76060
40683
53771
56971
7429
98289
4638
80029
30784
73661
73345
14372
29279
99223
70617
82377
69950
39377
73208
6700
64695
34299
99734
64988
27200
41399
84135
89083
70721
19046
2173
48743
96328
74120
77974
97645
4528
76223
38873
87086
51306
8647
38036
9521
50523
65205
69442
91251
73958
99297
47148
10148
22069
95790
88882
15974
35144
36686
27067
54435
77486
33935
66433
29566
21053
32887
3526
5133
99847
61037
77946
69723
18882
54255
31031
14259
91028
75611
75395
46772
66806
66923
37599
7222
5410
98158
74010
65296
6208
1588
94937
42927
28530
24438
13981
31132
33928
69734
31747
9468
42285
49060
48586
43567
78691
40906
27495
91437
62024
66097
54674
60256
45435
40717
78964
68507
84617
57041
40890
57111
26263
37440
14247
34314
89178
89115
23807
94011
23287
92618
88887
86550
52016
51500
71378
41723
53134
49245
18848
69630
80610
60051
66644
90306
89147
48254
5323
67068
79012
38557
99183
82021
45961
19650
12710
89054
61999
1503
84810
70422
42347
70607
46173
57206
95271
1055
33947
46894
84358
12254
58981
71613
21661
95733
43222
30063
87349
20477
66883
9027
80221
95853
70170
64716
77353
45442
66437
15299
23964
94624
38160
20646
70681
2393
64137
49314
52232
5777
33885
63924
56462
38614
5250
32107
29613
65031
24904
68229
10105
9898
72869
5402
18238
62204
26158
78318
49418
71016
56871
8683
14095
9372
34596
45311
43321
16950
21834
25674
90915
44904
86703
61851
29331
46795
20405
78969
27929
90409
98423
2738
26424
73659
11358
73859
62170
78099
57984
45211
41289
6702
90016
19027
14055
87479
42844
10708
47001
63642
90784
47101
39976
32346
35951
88153
81741
73290
45993
99108
7619
2332
42781
99858
19347
96992
67454
69191
90925
67054
10221
34705
33007
91427
74583
92479
57024
81776
57664
65047
46131
93790
44189
46846
40767
91478
84805
85498
30502
62287
2928
3744
48845
6511
39066
42219
91820
39494
53085
56508
93171
68909
88657
48160
5533
18234
53635
16374
71198
60208
22629
12239
20128
47920
50970
17815
42235
34256
31426
38859
6634
2250
95413
8638
7818
88018
72955
62523
35038
12909
43025
22940
28629
50128
41921
93106
46803
62499
46356
17707
70832
84849
28701
34474
47006
96538
12629
4863
98509
54391
52062
5324
85630
7497
53428
8236
21836
11465
76102
78316
6735
61167
45854
74779
34887
97885
90987
9967
52445
11392
80333
51798
82880
71888
71240
58016
60781
77606
62200
59317
90655
11591
23701
23834
65466
25254
54667
20131
12189
23980
99124
69298
26676
74316
69239
63869
11192
63413
62903
47226
6227
91878
36179
10296
21387
78718
8138
8376
67128
49034
94578
36520
13829
90692
17018
9271
25630
55103
25849
39361
67433
69697
11499
75791
64153
40660
50607
7364
80498
22401
47106
33726
30059
4894
96740
61583
82876
80415
16478
96839
74755
92098
21538
87644
22414
36776
27527
55718
44891
89764
16918
68975
33098
45995
92217
9894
21995
14035
36076
2402
37927
88496
3726
1584
32404
78695
46108
17043
57509
96494
36809
19966
87655
61428
8826
46297
75152
91078
50513
61570
91327
86315
31938
71003
77258
31824
98081
84809
93228
13537
55455
48137
63922
72722
67501
49763
84573
53005
38855
56272
13859
3677
83138
16873
78662
47413
85949
27030
13080
41105
6467
70672
26894
48657
5320
60219
13545
16863
32087
90557
87111
33372
69506
64604
87351
80030
31510
90566
86056
97827
48229
38440
41772
735
83631
81598
21005
53928
29865
58508
87715
22375
16729
57310
31203
38005
18209
76603
32142
76968
43901
35542
41874
12230
22740
86387
59781
30368
24375
43732
94021
53966
80459
30152
52054
84090
20346
99823
6350
11208
40571
48844
24194
31755
29708
46670
48904
90203
20792
39533
44365
79921
2988
36193
10297
84748
12321
12092
78623
58190
40782
41239
20485
32400
55177
73642
65813
44935
40442
56256
81792
97490
22780
29530
23305
53799
74178
45061
23921
14272
17058
45960
76018
44531
18873
54962
68320
71448
36720
14388
28806
41961
34473
75324
61520
53583
75548
43464
67713
72621
86113
18661
47818
1957
15459
98325
81539
80463
91694
36773
34743
8239
56147
43270
4296
5691
35647
86928
22476
91534
71139
98269
15589
77941
32001
72846
15402
96263
2099
55576
69787
91284
38962
65010
21910
85970
90966
25247
42320
96752
77285
51780
59541
13780
78375
68477
31820
67740
67515
75854
57306
38780
33710
30038
73085
77795
82013
16102
65237
4986
54005
91703
90371
45173
54977
34675
44172
32747
34646
80257
76515
64908
55665
7177
20384
3016
37367
91793
20474
36258
21704
46877
89105
26637
11963
23859
98969
17635
32546
32702
93635
78272
83289
77176
61781
409
43163
61817
42186
42267
45662
47850
34084
44818
84705
61289
51046
74461
1060
89405
58605
59753
60389
24245
13135
8172
47445
12661
54079
86002
56967
12615
90473
86671
39326
33120
83387
97491
74616
69293
76257
59173
41409
43841
16126
9040
15848
36646
92612
48578
89711
89733
55357
54499
6495
29141
50515
83905
65856
92328
8446
80858
47075
96967
92524
50501
26640
17388
96276
70004
76539
65017
90494
53997
63010
73832
63973
25144
63836
48701
47041
87265
99037
66342
90676
80854
48878
74636
42319
60848
24641
69086
99620
76579
40661
72305
64278
17410
37996
21079
78771
57059
130
45572
53817
52956
34806
75521
94657
35930
4267
24327
13623
96224
57497
88602
8088
67534
64320
43556
68974
25376
60649
7211
43898
37343
34156
43669
58171
38854
73581
74683
94739
42175
28865
89937
81623
87748
63633
25302
50824
81679
68385
96804
54534
18071
31388
48107
99250
76373
76654
69068
75
38872
59288
9674
58034
8591
48929
64147
57779
65805
92310
87030
98941
19726
94495
96549
79512
17138
3853
84202
98914
71345
36215
30434
44524
7304
62020
75754
40263
9370
15652
264
23516
74792
53798
68063
87878
80562
72435
25838
82223
76338
63970
7142
19750
70596
72264
62658
61213
40327
3709
9710
77688
29114
77273
53280
2427
14040
88607
88121
15090
95336
29401
29545
28008
23732
38329
40736
27803
30833
25110
90846
5575
76956
99195
69339
47662
42660
88210
69845
97855
31067
90531
64013
48208
2349
92433
35692
36808
7317
36656
78473
73639
9978
67669
33567
46291
13207
95214
28787
37312
44127
79296
63573
15395
91240
55203
43778
19167
87754
30719
87756
67300
15646
41851
74051
76140
79698
3653
12139
20397
97714
56034
50667
21555
53695
81234
1515
36219
51592
1337
72278
42546
70709
95417
6149
98326
71154
74950
64792
66887
50774
67203
28894
95317
57836
93241
14897
6065
22815
26702
87559
7628
57998
19008
37489
70644
36254
14378
33077
26177
34216
449
20219
20235
15887
92938
66697
84881
14215
75270
1548
31839
76986
48985
95013
87088
10301
67043
89468
25183
3877
2157
91396
72112
19699
83834
83286
20981
16796
53102
65360
95519
24661
67429
89242
88320
57680
94135
5886
83788
75493
95689
30645
6780
37677
64820
95092
16437
65869
47689
45412
93824
31809
53626
13142
88518
8490
37363
2514
82950
95527
5964
49512
20429
73887
16450
60735
1294
63317
81854
56409
88333
44108
11046
77584
95198
16700
66423
43516
11513
94270
78942
52011
21056
11315
21357
62305
72155
66410
72379
99419
19566
82058
72425
56916
99120
8860
46558
34424
19820
19465
21461
27271
60260
27944
79191
51693
9924
33237
82687
51212
60329
38606
80840
69044
32352
12936
47115
8925
22384
72656
87638
36896
26783
88981
32508
92043
86631
46324
69368
70872
96356
8185
36119
9042
17132
39242
97152
44762
37472
51428
68431
94596
34689
88899
52527
79812
7965
91
15628
68895
5660
46027
12135
95847
24590
32264
27261
4777
25454
20027
87507
76642
81105
83293
52794
57364
6023
11251
22359
13374
65846
60955
82747
81030
81991
54548
17437
55204
1317
54798
88632
41083
86565
69993
61981
64431
91514
85791
36178
91339
88951
65195
58149
71579
53958
4871
96981
260
88301
92861
82086
97324
26244
72600
47421
27253
59975
63822
23587
59381
29737
6760
24128
13272
52199
13960
56472
37703
7008
64148
78110
160
86013
68754
26063
85633
56277
96160
26041
22931
89853
68112
10612
41016
8621
86215
61534
30422
47091
71160
99651
71706
67992
64105
43814
84301
66038
36836
76234
65185
68942
74004
10802
78422
56556
30629
36349
22072
37525
33111
58243
70584
31303
30945
88516
62864
73433
1500
15789
29823
49535
27299
97290
68089
38274
33290
76293
47691
61634
8998
4710
92438
66611
12825
23463
56177
72411
50533
72637
45288
19761
90149
37376
2992
89338
10123
68675
26417
89958
48391
27681
71300
40534
50930
38017
91399
45049
58041
69185
82458
21455
7919
49900
48141
15098
62103
99753
92764
12379
62185
19716
52603
6846
46963
35952
66950
81755
74027
44209
51170
53914
75762
19354
12784
83814
14480
7333
17186
18183
45752
50545
30844
2623
4886
44780
93059
5407
83706
46066
64816
15273
50799
13031
42571
13929
62792
50031
35281
98385
89860
13818
15931
59735
13611
90448
10220
72507
1787
4173
48054
89295
73591
8104
59934
69955
15843
62117
43964
6188
3605
78055
31315
81540
77788
72102
16366
63690
57830
20454
78763
26733
43716
87778
61887
25735
71387
93344
95795
61290
15477
5036
44270
37842
95296
90213
53491
93828
3118
23121
30788
2957
81326
61173
92995
30931
89195
15073
5659
56159
59030
86974
82616
6863
47807
98793
42236
97916
91998
27344
67600
85022
83923
56469
88383
78519
30495
89508
56635
25661
46703
81423
72205
27686
59437
23202
34246
41086
55967
14433
29923
36503
75103
57260
14816
9972
78596
51331
86454
45790
56257
77736
4324
79884
38083
67152
82054
49093
93043
39630
37499
71910
80450
78659
15728
29113
4434
66859
79614
16592
42671
41830
69699
19976
8228
79487
61682
83899
43686
55536
18994
78611
96929
82696
26741
60660
45399
99869
70782
42040
89804
80990
34769
24643
7765
47291
28531
7391
65855
43951
71146
20858
32563
78991
57783
6002
57598
46608
33511
77089
94560
54016
26099
705
87042
26171
27786
53852
7466
93715
64674
89522
78847
35318
20718
54507
78218
13772
36941
30650
76938
50615
53427
91656
91079
28949
89264
29067
39544
69678
63503
79763
33655
17164
75069
57193
6830
47433
50485
8212
52763
51273
64381
35928
11327
28163
75667
98608
79064
65425
70930
93617
85244
23784
87405
85438
69775
79641
77635
66032
13775
83448
79952
15841
59922
35087
39084
2092
37272
77179
2223
70412
32170
53729
21913
16557
44793
17236
44569
25695
7917
90287
47463
10035
63095
40990
70177
72853
10579
69468
733
45826
40145
21637
60432
51933
10952
92929
63289
12868
43106
54536
96658
7052
23928
97495
58306
94230
42830
35086
45811
87002
69348
39781
41235
88420
27441
93959
76803
71406
73254
69421
40300
27467
937
51834
85796
49469
45991
28135
38711
12713
13161
2026
22919
34078
73303
44697
27052
40880
5057
1335
76692
56890
18625
9751
11979
68663
46707
59474
10752
30307
99289
58854
48013
53153
13579
71525
25330
96290
24475
96575
60582
33829
61828
75818
8502
75519
34973
19980
7775
932
20694
21934
5799
52922
60633
64421
1326
91617
89355
91560
73865
35442
8532
58364
11603
82673
89387
35262
17010
23336
15350
75034
6028
99854
64817
5932
42212
82010
68316
41300
95182
11472
73200
73092
47104
58497
34542
6386
53437
48300
97071
27706
32385
80056
1723
5750
71815
82720
57025
18863
91609
66150
32303
78624
23643
83011
80924
27517
63948
1509
13564
37770
2770
71624
18771
36549
74818
43355
81131
14591
76898
81744
42596
32578
39431
72203
34257
12797
11316
60465
50043
27635
59332
33864
64338
44254
63408
5007
85160
15121
56479
74451
87955
85639
88580
93595
92729
66151
33113
4249
16901
82344
11474
91601
8964
95335
81586
24651
1300
52315
34018
43435
6646
10702
20502
16590
70869
17912
61736
93116
31184
36507
84992
31514
94537
90953
86629
85903
27094
18621
51917
63297
13609
31224
93936
90894
96647
53436
16940
4271
19398
96657
69974
45660
98025
50402
89119
95620
60464
14252
60864
85114
8777
33830
76030
92896
47541
88799
44243
53918
8954
81731
97403
99566
4636
86856
91026
32045
32422
84564
7875
18181
90187
21983
1707
42891
21075
16134
7869
7815
58059
98100
47256
39018
34312
62728
85146
2939
86069
7582
49687
10959
91467
36582
55872
81711
72088
45128
44086
38000
65979
57656
57399
32743
80261
39364
24074
19804
77162
65621
6550
43250
42057
75346
75451
40400
48949
13756
98228
70256
18834
35151
22223
27032
45222
1139
59754
4656
48948
70990
87869
92673
13288
63396
67492
94337
88069
58651
17689
74751
74254
8414
28606
8906
95843
70373
47009
67569
51701
96254
12244
51498
96656
28243
95738
16711
24397
96979
44968
2017
55710
19732
36977
66187
19059
5531
41213
86130
90147
5698
91263
4069
35547
46050
41158
5521
15476
21591
81256
41986
28723
73682
58617
51629
76929
50691
16260
92436
34298
22873
93605
51541
20621
39028
8893
72594
64662
52149
30611
53894
74323
57098
64699
11346
86358
58079
63423
59701
29703
18215
87599
54928
81628
79577
92042
70057
66573
51810
84492
67323
82743
55066
48365
16520
57103
24929
78209
62889
636
6026
1863
25493
7294
64117
9492
17931
30818
6327
93655
75256
55650
69716
57947
85782
89270
74945
44779
34906
80686
81882
31181
4547
69140
65241
99260
38770
91921
75480
99403
57578
98588
22772
62479
1114
71486
15209
61536
30053
79221
76141
34272
85362
33615
54361
86479
60643
74434
2027
62002
21429
24204
11193
86475
9798
49848
72547
37437
86923
74279
51603
31653
77650
45169
56000
89574
98444
60170
31828
60761
82916
91119
92658
69017
91949
24181
40608
72780
33076
80280
33220
16286
54817
74400
40346
59603
4028
11127
39725
16119
1178
28251
10777
10613
89689
81290
50385
31579
67966
95751
74893
15601
31047
29229
72449
17595
98792
98975
34517
80679
5417
5542
94974
86999
62902
90696
37727
26088
43493
61680
70398
55388
88943
29574
5368
75440
54972
42931
13598
82197
6472
43627
69011
23810
36239
30548
12262
7092
45510
84895
71491
86980
46400
30630
60929
91578
58084
1345
67674
41314
51281
80108
87460
47544
75101
23951
11894
35126
45665
8326
73028
22735
67415
46938
38545
35719
60949
19466
45047
70796
73892
2955
32694
5193
40411
30295
11454
39793
43652
18063
14753
19602
50780
32412
77021
2797
30672
43543
15698
99230
77899
58121
22199
85733
57396
94220
9842
78174
19632
33811
295
85953
8542
79319
64601
65324
3660
97231
6048
33619
55833
65386
58437
14489
36706
76260
39411
31392
4525
57888
10049
3822
62679
30406
36788
28408
23969
75594
10717
15980
87171
39809
18029
41685
94296
49671
96350
58056
58567
17094
82852
27580
7201
89948
85126
47289
62218
86018
83424
94871
83880
57896
88001
94821
79923
8699
36696
43091
72609
34236
12232
16547
49589
4818
50801
81207
44366
12834
72484
19850
9984
16370
7495
77877
59813
74549
87882
39498
96554
43565
28593
44752
94631
29971
49376
60840
5266
64340
94602
7995
26778
74957
35645
2424
90052
96137
58274
61000
64667
23115
1603
44106
28481
98220
13396
1069
44596
54806
66907
54821
53113
18307
37039
84701
27879
42147
41320
99237
65515
38376
64926
42627
26907
67289
24165
74740
44815
27639
50118
8069
63313
89582
57096
88852
61315
44382
33147
52335
20493
42426
19248
79803
55428
97227
68381
90479
49394
35170
28992
83521
66391
99897
7997
61595
36708
38430
97331
91449
34703
206
15860
85301
76695
11129
94969
74284
62868
74383
20227
81055
30949
14014
98164
13275
286
5147
44317
40726
59856
37935
41920
56657
11364
30823
98221
88234
50677
31217
14691
78018
8215
35468
77364
39168
94364
87420
38403
17306
16930
38222
90476
43485
34868
50559
70280
13315
64509
68114
25475
60486
80768
15762
27472
91440
67563
84262
71766
60918
26562
71704
21250
368
72510
52724
54789
93369
11059
69592
90264
78376
93938
78805
6893
76737
52479
42031
32450
96273
93332
67042
14839
13670
28013
36764
87957
96333
75155
89905
54155
97477
40161
59784
72879
1680
48427
56543
78261
85156
42059
35472
25019
42749
45918
77429
43722
29568
40331
29773
89533
75750
1767
10812
87261
7675
89834
40612
67074
38515
22892
95575
54735
77094
48429
32414
36667
98554
63067
31035
88661
62528
34367
52679
93793
7077
93843
96198
97303
5455
44929
36122
70920
93166
1578
82106
29994
34407
16949
96426
51449
90694
38857
96536
27557
42906
324
79774
38030
97557
34385
5262
35790
94444
35148
32268
59534
58997
54660
39938
21255
35572
53328
7685
73982
67616
59988
60912
53262
47107
44063
37798
13109
22786
79689
16504
11447
38912
16448
86289
11252
27863
44044
48235
96353
60990
20162
25127
38098
14942
30848
69203
69990
13595
1744
72814
59172
61141
37355
61930
45088
87696
98397
21937
56441
36180
73420
43452
22121
36315
51297
77348
93834
73564
79988
1091
74030
8051
44604
36945
93080
20293
77102
54950
10108
355
73408
84392
15276
5140
89796
38165
20873
86164
16085
91953
63089
792
88543
83231
88896
226
21926
98591
20572
76941
8007
11836
54147
74933
50695
27521
79077
93282
65518
3635
97524
7235
67205
58647
53807
88679
19907
70762
58495
70110
26308
27904
12749
46686
31921
37222
45717
92568
80345
37894
76112
4149
95372
17216
28594
97513
15941
71836
80449
23530
28570
51803
41006
64302
6355
13550
27022
39895
62064
59155
15461
61966
44989
42430
82781
21165
9048
2721
79
43210
83937
64649
27731
39068
71712
34174
52350
92811
375
4620
4493
95094
48932
36992
31278
90185
19586
91338
9307
55163
79855
97018
10110
6727
63792
52793
30092
87099
15893
53921
53834
44320
10102
85212
62470
12194
3147
1587
7037
27406
75691
48710
59012
18978
18145
37504
70394
20258
46374
48352
53912
35278
93986
59215
70620
98061
34993
21811
13704
35522
96646
22453
50292
42259
78359
81499
93777
76394
20592
32765
90663
75364
67123
50303
97321
42004
49628
1718
8487
19315
36665
54431
53796
88640
48732
40839
96738
88598
14647
65308
94356
76584
60638
96689
37811
42374
23040
80759
79555
55026
97058
21094
6929
75190
75863
94413
24876
42774
23560
31691
96405
59015
32438
73617
73415
18552
71855
98672
64935
1752
47894
74231
26639
92237
28438
87923
196
34320
12604
17907
43446
91015
98988
1725
8551
7744
6427
71363
53935
93930
4799
41673
58784
22304
49044
65793
96042
88258
37262
69469
30247
43872
86465
22262
97327
13921
82035
84639
34496
12190
20273
1197
97981
38159
38620
60542
55472
15013
46230
23039
25026
51064
7246
59348
34792
26344
91774
46543
93571
22858
37390
55345
67692
73396
68977
3424
1051
7517
36322
52255
58181
84353
3298
2101
45750
30234
84263
78850
72021
32499
99565
14113
39880
67652
76694
22906
86469
28134
29953
84942
57930
75129
63912
53788
34043
55998
45172
72101
57347
24177
63474
56869
39920
13112
27669
61220
27034
29169
26750
34940
81126
21974
85516
23513
30202
19076
77558
36455
82428
99361
96183
76503
52099
25920
30882
88978
63697
83402
31671
72504
70993
14682
76982
34002
47721
48410
32329
89298
38104
3348
27321
20052
56565
29254
71707
15544
44014
95892
90812
90317
89653
89671
72620
23761
77249
72218
86198
24033
58393
6608
59055
26222
40696
84043
44619
76321
22893
59732
18363
51812
16459
58005
71988
30663
29487
69519
41965
14460
37201
29226
66460
10637
46688
74647
42424
89505
22376
88017
87616
14310
67283
89972
17653
87887
54856
27422
51490
12366
13150
81057
50836
41381
67122
59779
67287
91401
66089
80901
69058
57429
94730
58531
92743
36765
74141
68359
6635
65317
52994
23248
65961
25766
90895
71287
89494
15220
9701
43793
69450
36449
98389
84188
42932
99091
46974
96299
65051
81999
88227
90258
1602
55221
95099
79554
42134
58096
24089
74911
92403
13362
81871
51389
294
63894
35894
72726
68551
27948
24111
2232
21390
49127
40682
73368
82639
61406
71609
70069
69116
55134
37115
40794
86519
92708
82564
84537
5747
59409
79658
33094
43306
93767
86049
37586
59666
50980
81684
9423
99767
68100
73964
82644
24748
98764
14254
94565
21267
68220
46529
31559
46443
43087
85450
31599
38328
80917
99105
44748
62579
23055
7170
40508
66612
27114
20099
62817
12138
76698
46491
36271
97817
44680
28875
21024
96710
7241
28907
70226
42307
22105
73918
40132
82064
54860
49402
19399
21683
74083
73716
22701
67559
73815
35325
7024
8464
11204
93164
687
18015
23167
85479
82309
45868
66356
29359
8629
82853
10477
52459
83497
26349
28130
76250
60845
32634
78112
30425
46790
54364
10251
89635
59601
62928
60630
89581
90744
84460
43595
17316
20735
22734
59023
8171
79588
38750
23660
92081
92608
90524
1891
33267
15859
1976
87631
31831
97710
89690
18502
49153
30048
10794
3980
24867
78697
55914
18401
12759
26767
52514
98894
1907
85837
79202
72841
4809
57392
40846
62114
51549
29792
56790
29088
11620
76188
38449
70304
20899
7601
93010
60808
67691
93679
21653
79895
25152
30622
81415
17517
15769
11693
29303
29845
73517
37604
32291
54799
14240
1674
76847
21473
35299
75952
45877
32967
98526
60577
13022
47377
44540
16507
75412
34361
51649
13549
94917
68869
35782
62033
74585
24203
4389
10398
2763
4008
44345
79929
87429
32953
60854
42286
17046
27957
23684
57120
36766
6441
59986
6645
70521
71305
24389
45651
57250
59858
14761
5185
97129
62009
44362
36569
71383
68481
68644
15319
94330
98984
93133
68197
8390
65430
94302
12716
72717
25007
18324
19842
96788
66056
53895
189
43214
7266
4798
74344
96745
28477
64286
43630
6985
25820
52353
35301
32928
76841
82066
7165
53361
37064
1312
80233
77041
52415
8576
43766
60535
90926
28398
15317
64837
30602
32459
69332
58759
78113
39745
71559
1684
15846
22710
37037
82000
49756
71209
89004
79911
14843
46284
78053
78889
68362
4102
72204
67339
32363
37360
78323
7468
24527
98686
11404
53145
83944
4481
25488
44801
41069
47046
76182
47798
65619
2831
98890
71292
59352
14966
11427
88136
63025
67984
39697
59944
31776
85721
2436
12340
45802
73757
16272
92417
28924
5330
90279
4796
69213
18227
82638
33908
94319
44169
98678
27419
63146
24191
90870
82387
64718
44438
73463
31197
26132
35020
64450
38185
5146
99340
79982
20558
18643
25794
20237
22515
61013
91403
91097
11038
43973
54824
10863
82908
51088
52903
37442
38587
58250
76997
83523
63140
69863
57932
11200
81696
38831
48423
22713
10536
90828
43338
90260
54862
88242
563
77785
99751
99485
96271
84791
74655
21564
68923
42924
54358
46247
37253
94315
21671
92629
98516
31978
55453
28089
99127
50472
44994
55069
79596
71665
32280
81421
94818
10714
8988
96633
16569
59487
17114
37816
66288
29034
72926
10721
66503
29966
3436
26604
63122
63086
46989
56678
43997
92607
29582
88140
37329
68864
98776
33534
22500
8533
94756
30220
83622
18421
59899
35292
25943
741
34120
22502
74601
24717
32974
1664
55348
53208
13079
69611
9002
33980
2348
17850
18422
85881
62693
49421
15543
91975
45615
65787
69427
64629
49426
41439
65786
78781
10397
11022
30643
95502
38979
9683
13629
19753
92914
81352
36329
66713
21861
26978
89686
40416
32180
89349
67495
13380
78765
32376
56380
45236
66430
19421
1845
45431
46425
62208
52451
44423
14913
71778
85265
25449
11788
91532
82914
29947
79669
21873
9715
54411
61003
45522
84215
34087
9986
23054
19551
24656
41787
93913
72857
76305
4483
11064
23773
2189
47086
46319
89245
20233
77392
98870
25973
69176
84042
50078
29551
64397
55769
74157
2211
624
98456
34352
489
13179
71493
868
28978
27689
78252
18194
79984
1138
64065
90868
46363
22769
69558
30909
19355
71571
42845
17365
82044
17209
9935
82511
70392
52841
14342
44996
14947
3493
15659
5629
52788
57269
79211
820
8635
1911
62591
56037
41271
40357
89284
84890
86814
38905
44353
43001
1175
45263
53389
18000
1841
88754
463
57983
52455
87862
74372
83743
67580
40808
48332
89869
67676
27431
24346
36406
66112
96965
38067
89554
43774
30263
33254
42634
32469
68526
67093
87014
22008
84104
59995
64156
63918
96442
63330
73648
35341
8500
96203
52531
94363
34972
50790
48161
94635
11391
1075
10162
10333
57475
80754
54663
31817
83886
87184
45582
13919
13278
14769
39387
1012
81791
90942
5653
99535
31018
3692
96352
39794
43255
26258
43950
89980
33186
80223
86711
24047
6680
93644
36753
15434
67187
63927
63435
55237
58465
81504
48468
19552
77836
85252
1889
59032
16996
61020
73263
32315
49416
90230
52167
84256
73277
28845
60120
78547
97561
93248
67474
88271
71000
48061
53034
42322
6328
92913
88932
90907
7271
40116
75237
6583
33257
27453
20102
54760
59139
19702
6674
75580
17074
21922
79034
20619
46020
72339
75499
50594
11090
44188
58444
19978
9340
14220
49277
24492
37224
93389
48412
65335
51748
52801
94180
748
60797
25710
84727
78363
42402
22501
57336
9938
63725
76769
62871
38784
83561
41252
74502
74952
57499
89778
12500
64832
60843
62424
8338
26789
99253
56274
10168
31344
17359
98277
79770
52532
24482
44146
62098
93931
11824
92163
78738
91762
82184
81444
13677
17588
15278
98309
94555
81128
44687
19683
52324
6200
45887
69002
1330
80086
64337
768
83037
97203
98753
9410
29227
51896
14850
75347
16857
10099
58844
57178
36732
17438
952
61694
77302
19079
86412
90549
57355
57021
93481
53864
93196
19767
26048
50272
31844
51453
66422
9266
80662
87814
39709
22085
58053
31482
47042
80479
54343
80726
40821
89892
97910
5706
16793
19721
79793
91845
94603
57201
9992
35169
19686
77758
52815
23540
23355
72974
1412
15816
30606
23697
38560
85750
62242
9536
63288
61937
56778
42128
52051
9420
30476
58709
73312
67644
99648
94206
96964
155
48850
17550
6990
3129
85526
43808
12458
70359
69009
63534
46402
37295
37021
3303
10685
61420
13241
63915
85648
48599
29729
95638
70679
39190
32262
9614
62956
13663
50283
39992
90797
34347
60114
99750
72201
6099
63282
82972
72873
75553
79442
17923
1715
40005
55275
83472
57875
85694
19967
76869
32086
90561
70297
3854
78236
1435
38231
93694
32309
54832
94157
76438
11169
19302
11206
18911
19567
85698
47235
50199
91676
47580
30482
99299
80845
2713
39126
91253
86767
65546
44945
29025
34633
87812
2315
43274
90342
63213
8556
63429
39327
45731
35595
70461
67699
58624
86926
3334
19368
25848
11027
14490
70722
50812
80642
22622
3223
6843
12070
14281
86819
43643
95839
98440
82162
45542
38512
9280
28769
77039
57531
98782
67982
6983
51923
80846
28759
65381
66237
329
57933
60924
76667
24818
75741
70907
31156
4611
25414
66100
41440
51838
11598
82382
86817
56586
18080
73948
68854
94044
13381
99931
35682
39540
39302
63665
70982
11662
55772
57281
97964
66
90660
58791
82115
17724
63485
9791
9597
60488
90393
83051
14957
86422
22378
2954
46214
82080
38594
5103
41330
92048
54758
1320
89024
44489
52787
13892
26427
9005
86921
16137
84012
70055
11307
30946
87749
17336
36952
6490
76098
48207
82568
48543
94938
57448
89090
63113
85485
84020
66902
7999
89136
21108
11478
27721
73461
32841
17254
42873
87889
30233
76546
31162
69447
74055
17713
74699
5279
27719
85851
90674
23617
44054
93272
77362
21042
56332
30820
19607
22151
2018
31027
50315
99973
35082
95387
95641
41690
12675
22343
20183
97770
74641
67980
72121
44417
90843
60802
84302
36289
21578
14788
65422
5400
66122
64745
92876
79496
95058
14683
35514
66184
30056
99378
50579
81185
51292
91602
55564
48465
76670
69855
62275
52248
93356
31734
97555
91390
91036
42773
96125
56297
72694
69625
31833
84142
58540
40881
73971
48735
29619
15560
51800
56950
49852
62326
59285
47114
63702
8426
3857
90975
51587
17744
62450
56966
78432
32610
68376
11895
83416
22682
40944
99165
69858
54505
19425
18228
72905
23142
74032
19794
14560
85298
84535
65977
42191
52177
9341
59822
56379
45779
29818
4116
6485
13992
34269
79167
98624
14276
65287
80629
85665
24338
6532
76850
94498
513
47973
9290
56319
72051
71617
26560
77647
1053
7372
24582
74985
8852
98069
64494
92170
84980
26921
98224
68830
65391
84269
43826
3521
63151
16881
8803
31522
50628
96122
18606
9124
80914
19530
71242
46423
98951
22546
26312
79829
92552
54580
76953
11284
13781
61014
38497
69935
99722
61535
57663
53263
9063
3472
88638
9508
843
13889
88768
91871
22256
15575
70624
18248
21659
21777
44857
85432
42014
36247
60431
12215
90097
68026
77250
16817
89643
49022
41293
82341
45379
67107
46961
72771
40014
52176
78829
49229
6352
42390
57032
98462
94406
94134
42079
44826
49758
55277
52168
55812
77494
64087
81034
67813
57980
74335
31520
84717
27413
1747
45581
42800
39428
17652
64911
81924
62177
24434
67367
17683
49028
65469
10847
37271
35538
21435
21105
77649
62153
26804
46105
41752
62075
16599
91114
98960
19569
54790
66458
61252
61310
78703
43065
50465
8548
82976
52383
24404
37522
67525
45394
16015
62785
81872
79889
83251
32449
82898
20054
99936
50926
7696
69286
43471
30554
44841
36061
37902
30417
98546
8247
63502
399
91349
40360
88652
47331
16861
73637
92223
40283
27789
38421
83391
47253
2905
14661
27828
22758
6685
60722
67241
6971
51518
10346
26515
87478
67857
25639
68570
51608
40167
60248
58887
4707
71915
43477
62830
62704
4398
11858
38647
71241
70534
69629
88937
64005
10592
14367
77735
54746
37303
96812
69793
74696
74654
74301
7958
99898
3008
19092
59511
28749
96602
42732
46725
15030
76936
73748
57685
8186
75619
13367
75277
5093
14781
139
53260
54687
24420
10354
38735
1271
94934
99704
39778
84640
53456
58812
55693
85878
31825
44292
31782
17977
36013
86537
37619
64022
89684
68367
73466
92424
60651
62849
42193
20645
9246
28031
94335
45602
65143
87093
45455
91090
32918
321
51230
22265
30436
88303
60525
52818
5852
84612
19460
23890
77953
59683
25394
31461
72641
65733
82234
92256
58358
22330
92282
66539
64414
5449
93304
2298
64109
52098
83453
17373
90924
26706
42203
94178
58023
31140
61256
76052
97587
36417
20055
36802
71415
10909
95346
55374
20725
36573
4743
12223
99051
50074
32685
55061
48935
77049
9584
2585
52493
87906
93425
51705
81320
69568
15635
44275
45020
77454
26125
5999
12731
88037
55239
33944
573
90359
58092
43498
31054
21481
69838
51891
45760
45338
72181
43404
62299
64449
5643
4983
39211
2073
2207
42468
89975
4828
9081
19670
29502
22876
70301
12621
84762
89602
75931
7381
23318
94152
21106
24703
31050
72744
77133
33029
71469
12942
25234
1149
15308
52545
64362
73281
93276
5995
32896
9173
61065
96973
32751
11623
76510
12888
76454
16894
18683
35239
52029
18111
52152
43382
8730
61677
6858
31714
97819
31765
56762
59857
87981
75175
15139
42975
79661
6292
89659
72976
37720
11984
16348
15612
71964
49287
55593
98212
21841
86563
47740
57282
11802
57378
64777
86768
51563
95588
84229
94753
8288
24228
65999
10073
87711
24142
93568
49086
22165
74085
65246
50734
80569
40673
98827
58875
23139
67537
6757
65042
9215
11789
66471
6860
5431
97979
30578
46652
1148
78779
70677
51697
86489
56640
56911
21650
42209
86932
31316
64438
22933
53706
6118
71880
82998
87801
3052
1382
66594
24368
57362
73136
55483
84986
62599
34252
92575
79344
53687
78035
17928
11637
84722
89208
53964
28683
91362
6281
11317
26892
11355
982
89196
99269
14701
47003
18393
18002
97084
42025
30020
13370
70400
32172
430
72798
33790
68168
6788
85664
49217
93407
58043
1386
10361
73106
31806
18533
52269
76298
73932
5641
66785
76214
94539
80159
23994
82430
15508
70152
66079
21797
92844
22483
76863
79207
24362
81968
75964
71065
52300
69030
75466
19229
43381
96568
9670
52312
77695
1820
41026
30284
88742
69534
35493
52737
30865
93244
71607
19979
76888
34005
84454
21339
38999
10009
54000
65614
83094
55739
7737
93817
26105
49498
11174
76895
83775
59886
90751
28318
74881
1586
75275
18224
99290
53709
90139
933
61614
10554
53933
66156
33402
98136
98514
77187
92087
41838
90673
15968
74712
20931
97500
73244
43177
1665
51683
12514
52985
3430
69749
89120
7379
19766
15129
19785
2478
7984
65820
66523
30790
12007
37707
13411
5142
93058
47995
98039
80033
58692
35125
40800
89880
84222
80735
75668
70248
59854
75781
31562
60001
91844
82420
43391
36668
88372
98820
29503
5170
69796
37219
80720
93669
29195
60438
91800
95352
65934
87793
11851
87794
65176
81937
39627
31540
80385
57641
34263
20882
67424
70588
82271
65702
1432
96876
63758
87524
35352
78626
87452
16893
28285
95418
64503
46450
16405
4339
22877
99655
49864
82482
76605
48699
57196
86001
17017
8799
74571
14288
61792
46470
43506
62148
827
15640
56970
1013
61826
16549
6567
59710
59992
18001
9523
26256
32251
45737
17117
84070
75923
47767
50082
19094
55986
51373
92154
37827
89923
74728
25886
71304
27883
44840
33897
40512
20287
79583
20015
50495
23233
33499
24772
75539
14886
35232
19591
26518
30025
54606
25644
145
84466
57368
26790
9111
5164
66418
92143
56856
69296
8806
57730
59104
71005
15004
15783
46355
14938
33363
49478
54646
59307
63142
26943
62442
6807
41137
77750
65148
35883
25435
77489
36684
3338
91638
25284
60013
76881
74394
13910
7284
29828
48018
28063
84316
88202
33518
37323
28631
1635
53143
26331
44278
53298
13562
75924
60316
70139
2995
53726
3320
12830
59393
23124
96957
43147
67356
71459
94232
72345
38256
65228
87416
74928
4436
66055
18545
56167
70800
13533
19816
65737
36655
10103
55136
81634
86709
95515
18792
68779
7892
87821
32741
65153
30575
91879
74501
77369
28492
47727
6941
24413
12669
89388
73972
40118
83115
28061
67777
56801
11384
13485
68066
68389
53814
98552
71133
30171
42606
80828
57312
44649
20242
54223
9368
74179
25162
26845
6481
46840
74111
89915
86167
58602
2881
1355
95904
7291
75640
86587
74353
83314
94742
88874
33721
93376
80429
9100
74591
98544
83693
12619
67227
88860
20127
88020
12346
74292
71507
66386
34442
28989
69397
15751
81026
46555
11151
38510
55094
53045
45116
66358
99302
47605
51696
47929
10695
65986
79106
31362
51149
51560
18302
45565
92233
45239
9237
71733
11540
56206
71056
84745
56165
28142
13857
70847
48809
70169
15164
90302
74168
15103
29987
63329
74242
53936
50913
7724
693
60859
78483
79117
30074
50686
92903
90119
58595
90715
95676
79941
54598
32106
84655
40305
56959
89861
62746
84207
53120
37223
85582
62238
58797
25025
91046
97815
25039
36943
22679
8237
11407
65540
21919
93586
85537
17541
74104
10285
55231
46891
84860
92581
44006
92941
6947
13225
11096
40016
2300
81653
36462
7080
33501
85946
37886
36095
78947
23566
56752
7470
81616
56725
4946
22278
75403
77697
20719
51511
46084
39882
78944
31846
21789
88861
6591
87645
64772
16200
24933
66109
72178
73220
94374
63427
70912
25706
83129
98090
76347
76185
59632
41395
11288
74772
88898
9090
6771
29382
65563
1179
32492
36805
99622
11374
29816
24157
12481
45137
8986
48613
68553
98735
66161
29636
21673
69727
74578
39444
52358
69745
74125
36879
11283
83128
9645
23631
99101
37639
36371
68309
42497
98663
17256
61670
19928
24644
25215
94988
37800
35729
28195
73284
31591
50461
90572
79776
45008
72956
27296
21453
8189
17584
41304
90610
63877
63178
29029
40737
43049
92014
8617
49739
24786
25835
40940
55111
81795
52962
41997
22574
31041
54930
10324
68251
43883
62165
51773
3295
85786
44210
54100
79037
84252
62097
52939
29906
27516
72639
94365
21778
9239
46623
48411
96989
30374
10404
29681
31005
24841
62467
35013
88360
2303
84652
81380
96055
77321
33982
25453
12384
76330
83960
22527
63104
22329
3643
99984
23690
39395
99298
60894
88463
17339
60551
68961
49157
31843
96041
21219
26882
86604
46613
74767
23223
71944
60841
37357
19520
75272
37680
4744
34587
82142
69160
42471
7949
86214
11255
99046
78504
14037
30444
11937
45422
86618
24665
10145
86843
15707
40292
84374
5028
26543
67134
51857
65439
61769
59859
19574
79476
6995
18245
88322
65109
54519
7905
66300
49567
87998
67481
57660
63139
90037
67370
66943
69643
79631
81604
40967
94960
72966
30746
94493
90634
47105
20798
43654
32153
13371
75043
35217
77966
90495
35721
84624
11829
68610
81394
72635
47327
58466
48119
22555
16925
33479
11526
94112
75178
43771
3829
56394
4867
73298
47735
3160
54069
14412
25887
75807
48084
73314
89648
13482
35959
56388
94965
85151
83663
92293
33566
62478
51341
47092
25092
44125
34575
51148
37325
78516
15779
91219
31202
45787
73677
3479
60247
87338
72067
77594
72944
59718
37080
55174
37628
20561
10710
40444
68244
26197
1103
59770
18043
9626
19690
12818
40968
8251
79451
9592
94138
63403
88139
26857
74293
69648
81488
17794
85060
87029
41134
61938
60004
88310
96312
9277
11700
27007
87266
45864
8702
8593
47365
63365
28308
28152
81678
15413
63218
60435
96567
31665
22247
47493
84101
63348
59429
28714
41989
5340
76357
950
54488
90190
36559
91924
36476
12768
65554
10076
80457
61269
4919
35529
28238
81556
9548
94776
14446
57732
61550
1507
93322
76189
70431
24536
9888
14477
9983
713
73749
20254
9655
67771
80669
28732
7577
12222
39564
7947
54131
60827
82919
9384
91225
4315
74760
50809
27870
44215
42357
3341
24728
10741
59500
54245
9327
74515
2569
64564
15587
54129
88773
32304
61962
34925
99624
28346
30316
29181
89216
55964
31610
32992
11561
56512
49909
77684
19375
12193
72439
53866
62668
44251
41326
11548
80751
57043
44076
46074
63804
13408
67105
2317
54848
75498
68290
7832
84635
16736
75581
76241
35754
62130
43224
2734
29663
80332
45584
32119
59906
61998
14636
62058
57199
72721
58888
2334
13524
4011
99084
91527
16309
27460
86603
20677
19858
58407
21240
16239
81849
35102
38880
5175
63463
85759
89429
74497
73800
72469
76056
16771
85938
77852
63249
65796
36257
86330
84725
84390
60400
92657
1402
11349
34065
64594
59087
57481
89257
79508
91103
82421
75196
56304
30394
71037
8064
31931
29840
29531
5054
34381
40992
62514
66001
41936
69674
51263
89807
8923
32387
38146
60195
22185
72979
81397
33955
80605
97466
54293
87661
96026
44804
54186
79244
27666
43982
19335
5771
90026
69673
88752
50535
44340
8481
25700
65108
20010
72665
67770
99693
89157
58020
49591
76026
24815
83161
41342
23715
36603
13966
45923
63331
59811
80696
71720
43980
63909
18211
75802
93844
60096
58717
82592
79060
8028
95586
8316
33119
78382
97387
34843
50381
46013
60095
41259
98059
58173
66505
738
88625
57065
59568
51342
70604
87989
284
46224
70863
37524
96866
77676
30355
1742
10728
33989
42524
75516
2226
12444
58218
83515
55855
76278
52728
69947
87413
84679
84078
45334
36651
82475
2310
41428
25175
89909
46153
83449
46409
66218
68971
39155
15808
24418
30849
26467
53614
82414
23440
29516
59064
87007
99877
75852
23331
34492
99534
12634
13332
8514
44090
44091
38875
5807
46825
17857
79507
27751
91999
10529
61564
56405
71141
21143
62767
29272
38805
86446
36385
98899
49802
73930
66608
60981
15982
98959
7185
83435
76505
43754
80000
95983
15045
42620
16052
55851
55218
23259
38228
72224
90977
41221
85748
74234
36434
53269
39398
96799
61770
2903
63641
72380
2506
94089
310
68106
50372
83687
69077
16862
31694
79663
28972
41470
8978
13552
74052
90128
11946
71376
68669
78042
95461
88810
61658
63302
80673
57586
37217
74491
41631
42484
13695
80406
76543
98746
41481
15715
81293
15826
44728
10008
94899
10263
34123
38068
42913
16573
67225
82890
72689
33866
14483
12513
8048
1557
4836
37079
98342
55200
75456
71878
47513
26757
1491
19102
80400
82685
53740
53074
14653
30540
30125
30164
8165
45780
19327
58592
32591
57085
14797
57329
29691
32628
45110
61918
4417
80730
18278
26696
94333
3773
71894
36400
93755
65981
26874
32079
12488
71403
82433
31376
55826
516
74973
64392
73292
80902
10154
73185
31215
53438
60226
45744
7693
28159
90772
97120
51736
93011
31873
42635
11675
64561
38632
49826
73787
58196
47862
97333
6130
80204
46776
78121
22136
57005
39385
71744
30644
71059
14557
79295
77148
33214
22139
28930
32942
9377
57907
28761
9886
29986
34489
50599
35241
27289
9346
32935
47486
33893
5009
36216
14449
55535
15367
36111
82152
76464
99551
33876
64924
65652
95101
39879
29889
11372
81927
79826
36300
8170
24499
50608
31358
5776
91275
38174
28453
50266
59502
8927
41686
35422
95694
73869
76965
54563
20340
73852
72313
762
46471
54721
13917
41456
5418
17273
11748
72737
74664
38168
82585
17556
25702
30060
55640
12096
99571
58675
13696
19182
19996
93813
83818
52954
71112
71627
72417
48993
52523
4579
49545
85624
96882
73954
46998
66047
2192
27958
88527
90239
65588
9520
72323
46386
61328
40680
53200
32631
93083
52343
31400
98412
41523
90960
11527
8759
21200
66909
28773
53597
61411
61382
12373
32538
93972
25349
56478
8946
26592
85332
14128
55882
83505
72666
11310
18840
52357
79068
66213
19598
19163
55514
35023
97758
66895
64675
42002
51909
81327
826
35654
30925
7935
90414
4763
70143
14868
69847
10132
45858
47892
49445
28673
89010
4566
59775
32325
57337
59925
20518
89876
79553
11775
73644
44628
78152
78133
9245
41670
69691
56540
85407
20181
32915
81935
47869
76204
39733
5135
43095
81246
51591
89813
8947
16637
8158
3579
27325
30051
76851
64582
40154
57167
50265
74587
1150
93177
48322
91714
22037
6221
78212
24275
12964
39474
41371
10681
52580
51809
76601
72698
13916
68226
41032
38398
78664
24359
74444
47991
84441
1647
14658
36182
38055
40409
55108
54393
14747
59273
2036
88486
93576
89722
25004
96467
79691
61409
18680
45564
39367
80162
40196
52559
81773
96891
96518
8953
58085
45959
63162
12835
69363
98936
1308
8392
92570
90506
49612
8427
27029
72358
43787
40635
36274
5177
78032
4860
14436
61371
99548
20106
33303
93168
80340
59949
94002
55035
19095
23976
10343
51921
69264
35907
78572
75753
33780
47464
28771
25682
1900
9594
59731
4088
98609
8454
43828
46775
33878
75157
68272
20462
77439
60448
73651
35614
2359
17858
19521
6904
35905
76175
77145
48058
96380
63818
41888
12153
70970
37020
86485
52630
58604
58881
24382
2596
22396
27638
33973
22670
93229
39529
19067
38100
1256
4665
47658
34609
18980
36228
77158
73980
31991
52760
78584
2897
99765
93829
43308
42294
52293
564
87128
55029
47959
86796
66211
77791
9839
80274
29010
60176
90457
65965
2773
66536
89152
54652
91412
26006
27131
36993
47731
70864
26636
81106
47162
82479
17801
17829
10860
77382
45544
91864
57102
34893
27940
8398
45674
69800
57401
96261
17126
14833
33523
73512
59403
45339
78090
39532
8827
61730
40289
24461
85693
43718
13045
21408
92643
13333
96528
37922
47851
63080
29544
55912
93763
32188
63614
53855
76975
33903
48386
97395
65672
92036
42939
35417
87005
83768
80584
62245
26432
27256
5667
41476
54567
39260
75955
75623
24626
21583
47962
50467
45916
53211
77878
30347
88726
18998
31876
1333
41514
90669
65292
52076
11864
78893
32704
73709
18357
59341
4795
75537
28826
13337
19036
51975
7061
16865
40075
35288
45711
23407
97924
92382
38176
43226
40216
24302
69157
25825
90609
35922
92717
99162
19724
65722
50791
14743
95154
32790
80747
55304
60786
9965
5818
46267
5046
83487
63466
32403
70077
67489
23097
57897
31495
47693
62856
14982
50853
72710
24348
78380
56656
63567
23638
26858
15365
12798
9627
68718
4209
93345
32894
49011
65522
62875
84057
92852
68989
90500
24233
99698
25085
51770
31565
59512
56040
9009
22074
6977
20321
85443
6865
43879
62187
75607
60737
64398
11047
74139
28098
7460
42404
52313
63677
36373
23526
77632
30329
78162
10157
97069
24480
88664
15486
93377
63560
71268
64271
26965
50204
74382
11014
33092
97919
93063
48939
68256
98104
91190
12074
77044
43673
74960
69217
85237
18173
90168
99884
87752
49931
14744
15447
73112
22205
54209
50131
56981
67476
24605
17111
24664
70807
70390
71919
36760
65033
29173
9026
47971
73302
57414
61415
6906
79827
74248
77184
2620
99160
64618
10493
42258
20373
280
78278
89501
71668
63377
26633
52568
91891
90583
11021
8603
44430
67738
41755
36623
71535
5640
3024
55746
94142
88237
52208
14861
85514
38544
58868
93434
12733
2400
66983
11111
82284
75709
2049
55859
99587
17159
17752
44494
74112
78404
38777
93626
74709
61279
74577
46988
1703
23925
21355
28204
74443
13450
35691
59301
45776
7884
45842
34114
9532
29963
70919
48131
49048
77713
28267
5848
77706
21296
14563
58180
25476
67063
92134
36863
83897
7268
38535
10411
32501
2884
3570
28598
46954
38945
56013
32543
6827
48843
24189
40919
44457
71063
13995
18202
97995
47732
20376
7661
34193
55942
67051
43385
81460
89092
30527
8515
16759
47700
52002
52795
77410
37637
1768
95509
24193
77218
75965
13231
40740
74106
36444
95073
26391
49059
89396
32780
59491
86761
69744
29012
57682
66955
42805
842
70746
62249
71271
61023
77503
45386
93351
31940
61336
52049
11309
22427
52013
38667
9610
97200
72138
54215
63194
22124
58795
10177
52297
12927
83703
30775
26338
83819
15530
59194
47263
12782
8582
22473
39409
98628
70500
62091
5313
11716
4426
55487
76937
7683
2553
90394
27584
1721
13730
80215
70567
5336
26719
27836
84966
35874
37636
14516
38393
38849
75269
56960
67219
63187
89009
21902
54033
9119
83615
22250
37934
13868
52945
43915
67890
46920
70391
27358
68458
71750
15049
39560
50990
70117
50902
58606
87860
98670
91493
96933
5723
57941
26674
28591
40691
41225
79062
66228
94316
61669
80860
50963
24539
42101
36402
78028
3395
6761
14462
57532
48457
73499
41735
24378
9635
37313
53937
41335
6147
80537
48148
89728
48248
54808
26448
13261
96986
64332
59833
72986
75967
88720
18040
97375
50383
64809
33819
26838
66087
44635
19356
57545
94046
23204
71476
26682
78990
12515
65890
12301
8737
85860
32554
6789
1538
76164
35085
98266
8275
42882
61645
16037
60529
85559
54533
81390
73910
8800
22648
93946
13440
75766
77540
91359
69383
49006
81315
80315
64034
22443
54088
29210
6182
10913
72625
4411
32642
74925
51866
99699
2370
6518
33016
50638
39099
44923
31976
33820
21955
55063
52570
31910
35695
50302
31884
19518
90309
18291
51903
44902
84642
9704
34080
49685
53578
25759
60413
72521
28439
66576
63930
21692
53348
68146
90377
27650
39484
14479
82520
47166
36268
10317
3777
29766
20298
81084
20032
27366
76984
94611
3964
29861
89999
59866
1562
80933
36235
13243
22678
32586
58353
51116
52458
4275
75850
11032
14139
32648
69464
18829
79403
90530
36506
24105
1888
76403
8646
54043
32556
77469
88677
94520
58230
14306
29352
93823
25474
6230
78387
39230
55210
62080
33136
90511
75038
51352
68057
23384
22184
96267
63814
79124
47212
36005
21264
46830
72842
82831
1449
61353
70142
35712
61935
82570
87973
44833
4689
61954
89370
90200
80380
33085
66681
21166
81677
65376
58314
38155
89621
21535
85689
2935
99381
24149
19589
7522
85493
13429
50941
7190
96327
4729
33376
3490
57839
93027
71134
44295
26285
35366
6514
15520
29943
88630
72679
71346
51930
5949
72226
19117
39655
21859
22155
996
48567
87131
24796
71795
48346
29569
588
3070
24999
60888
26801
52771
55562
85452
62497
66469
65941
63102
96808
84239
52242
10766
90121
39355
37389
74091
27133
29309
71546
96785
31261
89426
55327
21117
17242
91213
85935
82993
16926
89471
1817
4211
84303
6034
55557
59482
90143
93779
86401
90067
36891
44722
46456
17318
41930
67595
23430
75907
58974
97505
39406
28091
75367
76583
12128
59006
22723
46158
74572
15857
98153
93672
81737
88188
12349
17631
69351
83564
65674
70981
37299
37734
57606
89371
3969
64614
15765
1880
56542
46599
55474
3655
86346
33044
84947
89050
20368
32293
22560
22460
13920
42292
81244
69463
6448
57771
96388
15771
92060
10456
10406
39005
68157
43075
76335
36638
85955
24070
38820
81303
24910
90795
11011
33922
81350
17735
46712
32090
30390
10409
60616
74136
35604
33519
2946
41642
21607
4537
8940
16852
4524
38572
16145
2242
51929
90841
92840
4553
75508
43783
1908
18119
70580
49243
70892
86183
53612
16390
50103
11466
19469
1423
13222
51458
30452
9151
82141
94816
10600
27690
28682
27116
11944
61910
12630
99475
62948
53097
64968
19715
81596
96316
44644
88587
85045
64025
3158
8706
30653
98234
61096
51241
87893
58809
2573
92159
91381
88417
70024
83696
68321
11004
66996
45986
99977
4539
24958
24838
30475
676
89979
58235
24743
6839
43537
40863
58428
52214
12261
11239
58239
87271
58756
70430
579
2097
1848
49770
64051
37491
23181
85293
20275
72804
57371
98182
2137
72353
65512
74588
35849
15095
71234
22641
50684
87394
46130
14242
43164
47025
81461
95495
56690
77834
51823
51448
81789
88012
53816
3175
83162
56419
23313
75370
63964
89785
61369
24778
69733
40613
99205
4588
40956
83869
61451
80199
42738
76191
95463
82032
1824
7951
43277
15996
2691
36617
13990
86267
75583
66753
83616
11586
95322
61707
72792
33835
41864
9108
78092
91786
11901
77814
19918
61267
27816
38457
94487
72606
27941
98847
41779
76183
65936
87913
83298
57452
82612
76417
57678
96840
65626
69837
64203
89833
78157
86548
60819
23338
18426
52738
44809
67479
18969
83872
63016
33787
93770
18337
92737
55808
7446
41863
8938
73039
13448
11094
69266
77911
85219
94039
99069
83594
50895
7459
37968
83889
67862
30748
39587
41867
82157
44375
60220
46103
70421
58629
63568
87553
62760
45904
38027
98449
25810
62986
81597
84054
19999
36751
64255
33751
93004
60659
39571
32522
67657
25313
20676
35210
73952
87064
83839
38479
71447
84112
30289
6259
4568
83279
91033
76286
69151
89767
69352
32181
68662
87329
572
54917
8651
88545
18808
28210
56711
7218
56528
19532
43682
81101
68993
95
33899
31057
50646
64642
87143
44602
37520
71465
53667
45841
83495
1068
66115
71236
12696
87888
57612
89230
89399
92072
90997
18144
19558
87790
73493
17031
2051
44741
53959
42243
40184
75487
30334
42973
73159
22508
31248
36709
73320
7877
18316
83938
74561
39407
77010
46681
35527
97068
68677
28662
1950
68462
96668
81436
40585
85221
15097
96703
34929
43639
61861
9103
92958
93414
2453
52505
25507
61666
14203
39164
73382
92051
68541
77256
25687
71094
37232
19490
6017
56642
6165
70140
87036
45706
6672
68149
84272
21720
82215
67972
67776
98559
29408
65987
44116
34977
22652
7776
31614
57859
18050
61540
30779
6176
18666
27777
78450
68826
27268
75037
24270
67798
22855
18279
61864
73543
75250
60075
21783
7244
27416
49659
62337
90823
62926
1209
32749
24439
11751
97107
56293
45161
64577
9904
76537
12435
1433
77842
65809
43215
41648
49448
78056
38405
44443
36018
1127
46695
1523
93592
41301
32878
66617
9799
16629
80516
16002
82855
12683
24554
76132
77453
97553
42718
45919
20158
93667
88845
44024
63575
97133
97001
3551
43942
36636
81140
72126
12796
25119
24903
59325
13260
3594
38782
74097
17382
58295
54736
22993
90933
76524
77906
50919
60784
16807
65448
19994
78472
58458
71496
16189
30910
50543
58594
74748
74066
32027
87157
11585
60353
51529
65456
31975
57163
37593
74898
6082
54846
14864
2122
53423
39401
27738
26852
99700
89182
73578
28747
57978
52926
75253
72428
79498
66798
83255
81817
23185
33934
68681
24640
47002
57609
8318
94573
18160
38906
84499
20586
34680
2233
62040
32998
51950
85600
7709
859
9818
55459
4007
6059
38191
9853
25720
99034
48142
11960
11833
86673
85960
39589
28996
25589
89457
66058
83686
81331
42886
91599
85074
35845
78916
52513
7220
37025
26573
74547
67469
86584
50850
93854
76665
3053
51048
44695
49018
3512
53639
6626
48291
74847
34392
58294
51296
18113
82079
28383
53232
16586
1044
66173
19191
74632
97940
27790
62297
71040
7760
99816
49405
28138
91822
81723
82074
25113
79355
2350
77036
39568
83855
58197
23018
64887
19096
77324
90739
32243
13403
26866
6455
38225
28765
41934
85534
59654
52239
78754
71319
74468
8783
84464
15322
36563
45034
89516
9086
50487
79019
98452
29846
34055
60652
35570
22748
71200
10581
71092
36242
29339
56729
79100
77902
38807
10781
83492
92526
8780
3459
19478
53342
71259
38558
28737
38719
50547
31830
9163
83792
15112
38748
56703
66202
39292
10805
66897
16515
13114
81983
85873
7057
23218
48129
43762
80009
67309
56065
44356
2181
70322
31439
96073
59073
79672
16804
57856
49793
75729
28819
21917
34378
58959
40857
4949
72166
76545
85940
121
14506
38628
92302
55867
9604
30607
70688
5018
43807
63786
92705
36699
56746
84710
2309
82510
26205
10330
10597
51759
9218
71017
67822
7847
74260
38288
11041
20571
72723
39680
33014
70565
58048
32017
76761
67689
85677
68454
99729
89705
60339
33789
87771
64761
14883
10547
56385
38446
62732
86177
26008
91913
76288
21502
15791
52632
48501
1131
45562
69060
96102
63955
86095
54050
6933
48324
57867
15403
97669
37011
82768
85170
24215
71
78940
24080
40266
6801
93822
97722
86674
5076
88245
31225
18983
6311
42228
38236
81253
82978
42167
87470
74715
56942
95969
28471
4643
10293
70289
30922
4768
40658
11686
19109
59572
7200
23604
13783
23426
94204
15048
57441
99717
79223
87385
49699
59360
52469
35661
72819
85517
59797
16107
80543
23791
14474
5483
79979
10140
34273
50557
28039
47277
49720
95697
77086
42929
78100
48060
19595
52376
96364
35409
29844
98053
16619
16989
22099
91023
94013
42263
5198
93114
59999
31851
57189
6627
19861
7540
47252
35737
36231
66091
6892
72154
84169
5632
18556
30679
60795
68217
26305
43887
40515
76411
96686
71877
97887
51832
58188
72839
26622
47014
6218
29431
34072
12103
50612
95077
61016
50055
23881
98047
73365
25676
90466
654
12990
62203
23241
39430
70918
19622
86440
74743
33691
59252
28908
14178
83956
46742
41971
89193
81960
19682
78219
92984
48418
81867
94535
60785
24100
34719
99266
82539
99720
55930
28128
10625
22175
57913
39433
89275
75298
66175
63257
33266
15009
65311
85410
11572
68766
23819
62329
36880
60393
14467
68937
1585
93937
21568
16779
44778
84439
98976
86743
3949
16369
20761
34356
80555
7894
70548
92989
22628
14174
93243
2549
42542
4342
54337
73974
83333
14572
83962
77188
34204
49012
41943
88506
82729
31922
50757
91556
37908
73820
9045
4281
74338
27796
9472
11231
55326
15947
98734
40981
70251
97498
7934
85858
56632
16184
65712
53556
79432
8030
22457
31763
92472
55393
25999
70112
99856
58228
81445
69161
53421
65484
40898
92047
14123
43665
90850
70333
97986
73020
21504
71810
86992
49557
54285
29337
56701
92953
89954
71980
65780
82385
22463
68752
36331
95046
68502
43040
60043
69784
17125
12800
92943
37231
68604
81487
29596
17180
53154
1381
2526
51152
36419
33929
22821
82648
91148
32597
72916
14728
84113
3858
26977
41024
7315
4213
52723
76246
710
11280
18530
61529
68045
84677
50473
92734
46405
3474
49271
40630
54635
76613
83193
20991
98270
67333
16269
29429
48151
15561
68841
11797
61648
28200
46568
50017
92904
27937
77848
20723
778
7100
84502
18442
14200
56305
78164
31577
66123
1137
47714
36974
22246
621
13270
29069
49700
18769
15487
80624
99817
24223
7199
24849
36272
95061
96091
4972
96650
10700
42399
55440
69843
37824
68196
39460
64495
68326
43336
49636
28261
41802
7545
92362
6517
9039
70822
51850
79425
6338
46277
55258
76048
19887
79980
67175
47663
57572
95384
7529
21176
12333
60210
47443
314
27685
31973
13449
46890
40720
94731
18877
96562
41643
29665
52588
65227
59183
96512
7036
32834
7488
6813
25037
33516
58753
43549
93095
554
30272
91492
65499
49695
40438
56666
35293
80208
55816
40098
58900
54102
63379
44647
4292
33572
72063
41687
58070
31448
90112
40566
42133
83148
76013
81824
32423
2002
33434
11674
2649
33282
86197
1550
18870
45663
70799
85416
20821
93394
60217
52576
73089
68674
25472
84199
2682
19153
88788
48841
72573
28935
39922
15811
20172
84786
95158
94533
804
45404
5433
433
29390
93653
55750
86890
29158
48966
86120
50282
3803
52109
20769
18304
26436
90559
24954
95355
14733
26459
59522
41969
18118
99613
42367
34054
20065
1825
81322
4880
32746
94437
69496
67665
86275
24599
92820
26483
65607
73084
8349
41106
56935
76923
5772
4714
98341
22702
1482
59527
43039
42317
3114
65542
61984
35447
84163
83519
98094
89572
22762
46
33731
11469
81944
43307
9922
79837
3940
96098
24396
74486
64981
80916
17898
18922
98475
32803
56218
42694
88385
42332
32640
48426
46315
13335
19851
41162
13583
1047
30534
97834
95205
98498
99530
18786
45938
71117
17665
36248
73672
71945
12923
75164
28115
74807
59747
7110
57350
39515
9824
82558
32098
32035
9054
14805
83033
17958
47116
14328
5994
10191
99830
26841
93785
97980
99076
45860
25732
85695
44399
63234
86435
80268
6148
99582
78313
99200
75207
53819
24945
26577
55584
1049
72746
85950
9243
78333
98527
30743
7896
12714
25606
58236
79878
28585
7068
62475
47459
21245
92774
52162
53931
57470
23144
37269
37911
57283
22961
47982
40423
14373
78319
89596
63887
91828
73560
83180
662
44627
10090
62890
37687
73333
32130
13086
34145
60127
4365
63595
65379
68014
6671
61148
91693
75497
82903
95360
77685
17758
62929
61839
37715
78352
95247
37508
98858
57259
32608
98483
83200
2125
23757
21044
40951
14960
58088
82011
78745
72762
5214
75310
84350
67471
22028
67639
55501
17523
18399
40675
89268
15624
10869
47404
80705
64733
20567
94449
89986
76701
12250
8032
90183
10901
2179
71153
12790
64950
42507
9861
22917
7440
36154
37040
63433
20608
99292
56607
60404
54562
18787
87085
90154
21131
56015
20553
47381
62180
76461
21266
66310
56638
90968
19909
68545
74304
46171
72487
90451
98195
55194
83989
76377
28529
95188
31618
8484
79643
33946
34618
76608
61320
17407
33748
36658
88812
7167
35336
47915
85069
35946
95298
74432
84912
61384
44383
1376
562
82143
19455
25938
53838
98477
42802
69354
6353
11691
70693
6730
76448
49868
94797
1995
22999
60122
28433
75661
60236
52917
88806
90049
77756
25690
37395
14554
37045
77211
96615
9570
13316
67694
99322
81691
26247
11086
72416
17614
1853
48698
97400
55287
74347
79426
76886
18589
64668
70894
57550
26713
84348
9905
25242
84780
94758
37479
54484
80911
97601
61301
75056
11587
62970
72016
46360
10471
69181
80263
8448
24000
95499
74689
46727
29539
98740
77668
43200
56284
312
41411
24390
45444
74315
89687
23812
38892
66322
88035
39475
97584
44966
10682
58990
7665
28923
80628
69334
20457
33385
9053
41348
26568
25654
10669
96687
35396
68498
28574
40780
90831
36925
4431
5203
30453
41862
50349
77681
88185
55097
34580
3768
10953
41030
17029
91572
72400
24072
7156
47326
30282
40957
37957
98218
2438
90965
29439
22471
64023
67861
42843
6204
11110
7710
97925
80533
46548
53802
80181
26536
13673
19830
91886
43138
5432
58434
27843
11758
17130
3937
64843
61060
92095
25872
66987
4511
39491
20937
60905
95683
98586
98131
10585
2823
54193
56813
4016
27065
41286
62736
41111
11980
83671
79656
29820
30703
52034
22459
64650
55870
11667
94241
1318
71255
21585
16731
97218
77624
55046
23310
99532
79717
96422
71838
19778
5376
62931
54246
90102
91509
6286
45296
82205
92261
92003
50320
59339
61297
27809
33437
80972
40372
63311
97496
12032
87078
72558
31869
13523
4849
39807
89454
4294
52757
35213
9696
72470
5157
51472
74956
22242
26086
17836
94194
60211
6431
31887
70803
89660
2180
42767
87050
24535
4261
10785
37972
95794
65580
29949
18348
4360
39216
17823
57258
7588
74281
79539
99364
83578
83910
92465
92268
25788
15071
94948
4995
88623
35209
94547
87282
497
33329
78538
14357
65752
57924
69373
40878
20950
30400
98390
34488
95408
89871
23973
28546
49963
88841
77917
70929
20669
26618
77119
52587
71331
69311
33471
77772
82345
16834
82241
55515
48691
1937
44477
46115
26947
19103
19863
85615
7703
85546
17002
47618
27526
38554
96320
99853
14033
20949
4674
30188
68054
80789
97738
57309
96343
26045
85708
24549
3508
83454
79835
21049
54953
82062
96801
11719
87352
79652
63953
76854
41780
77020
28634
17990
60410
71699
73280
74761
65285
66181
44386
41649
55229
11898
8570
77598
7573
28321
96244
24357
11611
26351
22111
92314
70728
71165
40844
50083
68713
16197
45127
14338
11185
4374
81593
95706
39222
65013
68434
78046
19338
61405
91198
13220
97224
94524
1416
56520
98196
99280
77485
23127
83848
5697
53055
54730
96906
53755
33
26489
64651
17394
66248
63989
93863
77082
16177
92655
8602
18303
70063
73653
75002
28556
32808
65088
19731
51622
60996
37229
50542
30149
60416
83134
92651
78290
65213
28402
79352
627
29612
7547
6189
85947
98079
39631
27594
97843
48920
70236
81675
99929
19055
34286
61076
96956
67925
47718
4476
61038
49903
4262
59319
73762
36317
68549
95026
44747
34401
53850
81508
82845
24441
90604
68874
2642
89447
32495
77610
36023
79805
69638
9416
78124
73421
26501
82939
90639
40318
5647
19889
11146
83030
28394
46980
83640
4754
51412
65164
60835
97879
36348
53611
63977
87606
73814
98468
5192
7265
4801
28113
57840
71026
32377
21253
79264
52556
75746
32036
79196
92665
57900
62526
10982
2511
92158
89727
71631
16472
23171
49141
60158
62874
34714
70954
73207
87369
76331
38684
53036
76542
49835
22805
6576
51369
23411
1956
47257
31340
94100
21517
7535
64239
51698
54645
84532
35108
52806
43613
62912
49973
28114
85547
40640
12315
61092
90145
36054
68302
28799
28987
99664
34300
69616
42194
97355
99575
9397
25483
75712
5610
38798
13862
78558
99515
37617
41853
34167
62564
56329
6791
23691
5927
8356
87829
64808
91069
63950
52601
8368
20626
71193
52627
41033
64720
71818
41047
97794
47203
85141
65545
18136
5766
45652
44520
85555
76421
47828
33333
95076
1689
11696
8367
44324
8636
17162
8595
64759
15172
19939
87855
97989
23746
40695
58224
12727
28768
51062
91220
48370
10647
58707
14907
84191
21009
29182
40369
74320
59367
77981
538
39493
54970
6612
55885
70801
45604
18338
77032
80873
70657
24926
85620
90693
9977
22914
51988
54194
45087
39001
70425
14485
78115
56117
71909
86459
33833
89407
35123
87270
88570
60492
6110
53466
21320
49091
55214
47614
26093
3284
35263
90575
75329
43749
59402
3786
83481
71870
25586
16199
28796
57394
81986
38471
14015
42107
93692
37168
4560
35545
57042
75825
90079
82858
36647
37423
15044
69624
47069
68318
34465
81822
14117
56570
12083
88609
16062
25118
9774
72488
82302
69591
40344
66183
89938
55662
56006
33665
10593
55861
77239
1105
33576
94494
39232
88989
98332
4810
43247
18761
36170
79048
31715
38129
1903
81936
49688
69376
36971
33821
42995
45605
62485
80501
79090
56188
17993
64436
81633
759
76721
85209
81847
92357
85003
97195
40165
23189
66372
18028
27656
22312
95267
34982
85071
86104
14751
34586
89704
87962
12851
87004
53391
57022
87993
97534
26730
11928
59806
87746
28322
34691
79693
26972
1499
25655
72892
22954
2828
95204
91336
28525
4208
37858
70463
67765
12494
98748
23619
71886
86717
10778
94658
35372
12290
95090
44244
520
45777
95830
25352
29517
64625
18774
40234
4100
72200
80708
2167
24684
72139
59476
75873
48257
59269
73773
35235
99337
92212
39950
27016
95732
282
95987
41624
78161
36606
80399
96061
60895
80183
56299
80394
83105
75978
74124
71514
63407
60065
65753
60407
62696
66444
2962
8957
6285
61801
81150
95480
30927
21722
94075
15607
57719
17840
20312
87300
65574
21425
40991
88447
62811
74465
65871
98528
73955
36898
29386
3880
70905
95179
14249
16503
26571
61598
78824
85286
13329
95533
71444
55437
33209
39384
91292
30908
401
19563
16323
69165
94217
1238
17141
92816
86691
12442
10224
50344
72509
14759
28569
57084
71339
87348
33822
28553
22712
77748
12915
74296
62681
36060
34090
90330
89484
28823
54620
74380
65344
35149
14059
27166
41578
22609
24140
6756
36643
9593
96534
6704
42145
23074
80955
25823
80416
85403
85159
69147
53266
76999
87921
12767
50868
80197
75212
71436
12576
26381
27547
92827
5917
28533
78635
27680
18627
86364
1751
20392
77235
62344
86731
14284
99374
73288
64659
23986
11965
59289
12377
38093
61608
68690
59287
19616
70618
4487
26237
48416
81214
4785
91414
25651
55980
79849
64029
8382
23997
90363
98825
68707
97796
57571
41803
36852
56402
91709
31017
49419
9291
41366
57926
54028
95130
87902
13152
48404
10507
16146
46166
25517
34330
36256
32620
38957
61432
73455
1243
98849
1425
800
52328
81975
5423
84688
3000
54857
99238
44419
53319
64764
72674
15658
60993
25491
32773
81329
71996
43626
7523
10059
8592
83726
26121
8660
59417
30351
60203
74059
4858
8920
90552
9620
3306
73767
57817
34325
37391
4169
83636
1167
15964
47378
98741
69786
48125
73776
24312
40208
58279
77343
3302
56243
53979
35872
70787
55619
21280
81783
75665
4501
70327
16746
62934
99840
4386
93615
82187
39724
20639
58426
33540
28597
67621
69278
18339
38764
23464
97517
42676
78109
63996
99829
95263
42601
96684
46507
3624
52776
52165
74862
98239
20084
47077
8201
67143
96199
25858
84072
71972
45153
26366
71811
62999
65757
21581
10193
7723
42179
64656
67132
164
98272
20703
52229
12765
93024
96134
3409
83346
86567
79667
50880
10327
89175
92756
43256
23473
38802
63470
57303
64228
64086
45227
60689
12637
50136
37259
69126
57242
5728
88957
1354
33106
27984
97785
22167
4074
82636
67475
50448
72120
9657
60102
63020
12893
44597
42835
9819
95967
81839
25592
63150
5280
6838
68738
93081
36494
34576
83843
2272
70813
11651
10989
84743
11211
64465
15699
87208
2523
81805
660
94664
8224
56369
39585
21941
22281
87567
16341
53884
20313
18835
45479
1617
55041
28197
46504
85512
35302
14639
63611
95468
30560
26364
33692
82108
71073
52659
36407
68963
86678
48143
41177
83070
72115
31807
53228
30457
12237
97901
91959
77630
96291
15216
4401
93744
53797
6403
58554
69536
85976
1409
74803
70574
54351
87658
1440
83604
82224
66802
86043
62608
840
94593
36630
38245
64806
88656
11951
75447
37225
4215
13269
81807
41183
92681
58652
3670
85234
8928
36602
80732
23320
17344
58292
43361
4561
33569
95446
20383
27160
78416
1350
94148
33451
36887
96309
40838
2110
95701
31228
75357
531
81007
78088
47202
52363
75087
64281
53791
34830
31418
97775
33252
97023
86097
73548
86701
9189
49029
20096
18884
21205
80231
28172
61675
22160
66121
92647
27152
63170
72925
67786
20388
68035
7911
15758
22726
33622
93476
88793
51840
77660
49747
9561
83433
98970
45198
90025
96303
77028
89271
72357
31275
48250
1835
52252
3864
8552
61880
12202
50430
49707
88291
1246
31171
54071
28760
93510
6397
43695
82063
84496
79772
88117
98305
49601
17536
78704
62505
3206
3082
77195
14808
27234
48085
34505
13933
76426
83130
7912
18542
67835
85411
37993
35728
34334
21424
8485
37888
86787
70316
13377
87056
10667
82565
86951
20111
7217
23486
32670
3909
27568
40605
19322
35351
97958
49069
24148
34313
85965
13773
37664
7123
4865
71458
30241
42395
80993
7384
38128
85973
28720
85687
91960
88278
29988
61073
69204
26354
43923
70058
46475
37107
8506
45867
82104
97330
70923
25711
57015
79944
87299
51712
44346
97698
71296
69232
29561
52613
77885
71680
80303
51082
31589
30968
4121
79339
99674
4977
43853
41940
17395
91393
40246
58492
78106
34162
24620
53535
66604
15898
31314
82849
24776
78599
60375
90068
55351
2899
1058
49369
77722
11815
71860
7484
32108
52072
86885
15807
56534
35138
7727
88007
43952
72426
6334
1788
55268
23051
12402
32873
73899
36627
22699
30503
58600
57539
68022
44565
70037
59425
21526
36932
86820
60899
67369
46589
54140
47396
91223
77013
71239
60941
15913
12722
62313
53870
63980
32693
92515
37606
19615
66403
51185
13944
88698
63450
84004
70675
21828
38803
82305
29808
82087
58856
99179
44182
52879
22196
13219
626
63853
11925
45036
53645
93210
40063
8193
54513
2409
68466
60000
55842
24666
6998
22618
96398
80402
26079
98656
30807
20528
1086
49132
70136
85901
84720
33773
50358
88649
61641
23232
4585
91317
32451
54333
44555
83647
39369
28870
95734
16615
74194
32466
67014
69212
53387
57919
79561
50490
17581
5291
55289
31232
29912
98922
69883
13757
89988
29526
68953
56727
10756
53646
13633
76819
98448
11532
50218
7590
95286
29363
95884
4866
72455
79121
31643
51907
94117
88329
75224
97760
83774
42138
41392
21142
28704
44332
7990
61335
52159
66102
5704
88801
53630
38970
83489
95937
54059
20587
35958
85770
44650
55906
30906
46149
65600
8190
91958
90847
77979
8856
49224
44455
12899
37962
71226
77655
25878
64235
14061
71422
32341
90250
64149
51332
6342
87892
45595
17137
71054
21842
78601
96275
79329
84463
62552
51074
49982
22528
85478
47322
30101
84821
1879
64729
17311
44907
13952
89932
72805
36895
93225
11972
60897
26946
73006
44582
43508
25978
77786
43582
6407
40010
82287
8644
77935
84561
84068
390
42325
52680
41619
90879
79320
51625
99688
21410
36701
77340
49813
71109
26190
45559
27679
6720
51695
51362
72171
8044
3096
66596
62100
60586
86462
34699
46008
82684
19685
78795
12530
49190
10298
75870
3444
14214
79695
73502
74843
59293
10382
78857
22636
44240
64270
4285
17062
82682
42151
64585
1921
82171
64366
59583
55598
31918
37157
51945
96509
17081
98549
18695
8771
17338
18106
69626
70144
52597
8536
32579
96759
81456
13657
19088
69977
45135
35134
78063
40242
98524
37870
11182
78644
56144
47988
11501
51630
73898
65459
4160
92668
45315
59843
6076
34818
89028
17656
9538
75353
46439
98099
2723
86192
17585
35967
69916
8758
97444
77296
53460
31430
69782
21463
3963
74043
10133
18515
75078
71637
51825
49032
43593
34199
26160
92029
78216
9049
26457
99573
75808
26036
46594
90543
70031
42260
84658
62390
87403
4459
33512
83634
80991
57776
48200
39034
90613
53995
26898
88690
49286
88251
46019
42798
33371
94338
82029
67389
84234
64861
45249
85183
10356
81829
60807
34730
63243
98321
22506
18120
46653
15585
61942
79578
32250
26762
22530
49691
81819
26824
95979
78160
92482
62072
4887
6899
77207
30210
14900
20292
34102
1041
50857
36514
59647
50911
73444
94033
74532
41638
71841
85304
68151
54942
78911
86666
55520
96012
12231
19439
61748
46024
27533
8934
97971
59444
28094
42278
54027
26386
30015
2140
77724
84625
38445
71113
68997
20431
49015
87274
86173
68278
7908
42674
84219
53007
28999
45409
80905
12072
40338
7409
22615
84241
69256
76662
92074
86160
2245
5448
30201
55286
82893
89325
18784
16217
46248
45546
84619
49998
2117
13997
17425
8287
15681
16987
95140
4532
65893
92538
93413
27725
83887
39289
64116
38723
34501
2932
62543
41737
6162
24131
76089
24829
73168
81266
73819
69248
9167
59277
35750
34595
41530
49411
3174
93731
50196
64063
14863
406
81120
21401
37143
13184
35994
68661
6307
85869
33524
7729
7816
32629
10184
40765
98579
66409
70148
74556
90819
65293
60060
43811
46396
7472
54319
95123
40066
35844
49623
24399
50909
9624
60728
42746
48463
74860
65526
58908
3392
30310
96713
67696
25806
655
38064
62566
91808
67391
17587
31256
12812
70487
38112
28231
96133
89294
25336
66754
84419
19746
32366
69906
28490
61764
35817
70791
86855
38472
39447
3987
94889
22328
52422
61293
76264
86011
17749
69799
85806
94717
59772
21111
2033
34715
84166
35569
17190
45129
5226
40833
33776
6993
3545
14008
46412
90035
77008
49383
10211
10000
46658
34812
12794
1791
46036
75180
86424
94767
96767
71080
7924
6743
48021
98261
87625
45577
72715
7961
91640
36795
38379
51768
94752
31525
8366
59363
4400
51687
88162
82904
12067
47110
70354
7327
46531
26726
51068
17802
1745
66099
76356
84107
3242
98977
92867
16655
44950
41948
34953
40231
78683
39566
21078
72904
10995
86108
91337
63993
85936
11956
76629
29902
4658
81469
39142
91324
74662
54974
93665
45406
49352
13740
44820
84920
43574
88433
58975
50712
5237
18550
63087
47944
80131
80076
2927
83372
47762
40555
3128
84913
19311
99596
62583
14742
75713
43583
88314
5657
30232
48123
61346
51856
71138
72335
45555
31680
97461
1161
76490
88338
38309
50334
6744
34339
48807
86532
15137
44889
79011
29778
21224
65117
8543
14846
15906
43693
59971
92626
21332
19631
19379
69514
96693
9617
86161
36185
31200
10442
90319
8795
78147
74413
1187
72129
33768
908
55452
12394
28459
60624
36747
34353
50614
19233
33531
87094
3497
40626
43244
66368
1967
28791
69259
64234
1850
12023
19047
86092
11069
34130
20073
28248
29035
26458
75555
92285
92749
10336
27183
36309
9720
40142
12035
85351
34686
19136
26712
81369
75778
78367
24249
54401
29656
99607
56560
95670
553
66574
64743
70444
95867
83672
61704
15861
4806
46365
86654
87
42930
56593
45177
59401
6815
51794
73111
67005
13107
55749
6027
81323
65980
20743
90725
45667
29120
54439
18670
63947
62804
60183
37509
41525
47792
56620
58293
17978
8076
70281
23789
19660
26796
50341
57
5158
77623
65812
76420
72256
63335
17809
20905
52046
3628
30999
7119
67732
50116
73638
58561
12641
98535
897
50326
73236
2947
62371
79997
43300
21467
67552
36144
97672
74784
48132
2237
74312
74105
40077
31609
5616
43259
76152
99843
20566
92644
40341
75941
78706
67021
42231
90601
13354
11083
56680
82155
5897
4336
79267
54091
82451
14401
84546
21022
73491
40492
98045
66295
60079
95517
43851
77058
39816
61221
69071
65938
30119
29366
35265
26989
70350
17452
48303
44096
37878
94850
41974
4204
99244
87744
56723
77155
66482
52569
61157
74107
76946
92012
15027
96360
29115
35404
95491
28956
9487
68452
56241
84102
90450
73269
44380
47667
39057
56956
47329
51579
98871
59132
4394
56449
22264
4310
42853
6383
69504
42946
45023
55727
17622
17233
94306
54400
41414
15442
90189
62212
95996
80514
1262
67224
98744
7433
7557
7033
1618
6341
62057
62997
49809
99787
32565
8256
22345
79143
80167
48506
66395
77463
75786
40129
23931
57315
87786
97832
9369
71083
78283
92378
36336
98785
75971
86185
88911
92625
33884
54952
51140
79504
40299
19093
35635
2084
94672
65004
57119
62017
75097
45666
99791
58338
37533
27971
80259
77671
31957
41264
48486
54618
10605
42293
41487
58418
7141
88357
13441
42695
54913
36570
86534
25008
78653
23865
3378
5867
2108
96007
84822
35179
47826
28083
90738
61055
23153
34242
98737
5941
79744
64878
19126
98152
17715
11171
16948
84083
80090
25293
54983
87904
74553
86661
9461
97309
75319
90532
98796
89755
11289
6270
15502
62476
79169
22117
50717
5505
58372
60877
96219
51845
33594
44612
13619
11464
88146
76991
2496
8738
5522
49052
82289
17621
70854
40117
78926
57249
11068
43088
96851
18333
6301
29188
68602
30817
46361
62429
44414
16904
4229
45000
92249
90162
62975
73772
94523
78958
44626
12457
44454
68351
67050
92582
928
53441
98768
58517
80945
37287
75313
95181
60110
13922
27662
73957
19205
53479
39320
84349
22662
54575
4212
71745
62686
18237
14689
35551
64901
33129
41291
67904
68519
2867
65866
64368
24943
57209
7045
20702
1514
85513
28609
30491
12536
90127
69588
53972
7248
37268
79538
4448
16460
6345
99711
49010
75563
91168
58966
89312
79474
70962
3954
12171
14000
44665
1284
54969
90205
80820
69123
2845
17049
89939
56637
83709
27597
61467
85261
3764
70358
34978
98055
61159
71189
22945
23389
18630
79145
13193
77955
5734
22081
32239
15815
74796
10842
50051
22327
19958
64776
42841
82494
48546
26520
38299
95877
11203
27603
48409
10089
21051
37941
67351
5255
77127
6414
65147
43415
85647
83808
49167
38250
36127
21620
92754
38378
13902
71727
21802
58976
70785
21289
38898
60118
26347
80698
58754
11891
31521
64857
94942
4180
47211
98282
88843
77087
946
93233
58168
80125
80636
43638
30591
56558
44782
95479
84908
91442
18115
69773
27492
76541
24119
65808
28932
19309
51766
43819
96066
40654
6794
12030
71686
30900
79739
56356
6828
75091
60482
98888
88343
25094
88621
70506
63458
80715
68746
80780
77821
11276
47359
851
47102
1452
48093
93263
1143
86808
60622
79627
50361
9198
22570
29900
27355
87585
65883
54632
55599
39161
48984
46237
25811
11947
65250
75881
61923
69949
69702
26508
1306
35106
19107
26707
7396
16236
20827
53397
29096
92692
42053
22569
40565
85133
98086
65433
63675
993
61513
62347
8817
81860
3851
71087
63509
26206
54287
33339
47583
97763
49771
15712
14737
3559
76666
38331
50366
91987
93054
63783
46401
95617
21921
48231
84247
27727
77614
16516
20754
74939
61287
13654
70999
31053
10147
88497
24092
11311
14264
5830
97110
91130
3737
97130
66224
55818
45229
50415
89844
13778
76414
79560
39103
17241
99166
93446
7150
56139
42029
97150
32663
8975
32814
57403
6623
24864
80434
28986
48193
64479
32849
88813
54647
7805
54617
22291
48899
63803
1569
94243
43116
32472
64906
53185
16545
65948
29013
56835
22911
76172
67929
4521
15143
37679
49994
44694
64528
37469
59880
68609
58049
46972
93147
90672
32920
37002
47428
16886
66613
73718
56237
29362
2139
80519
93115
88795
53418
17220
35095
1810
48220
10461
54621
71163
16866
96821
15663
3484
77112
96175
75510
96630
12799
65768
93547
29094
95889
16773
34230
16965
51638
93214
23007
87620
36118
11335
42421
6602
40690
36767
92641
60023
22017
59783
15471
25841
96588
13682
52953
62828
96416
27039
13076
65840
12717
53570
71256
42745
44122
26390
49173
12644
37202
75016
88737
17157
24949
94843
93511
65815
98893
57737
10469
26151
19646
27736
64242
24432
91127
31253
65053
52796
28991
73926
52986
77739
52914
78040
29099
8445
72707
37558
73973
59702
796
40549
715
3673
32830
74166
90376
48998
62141
96939
92370
72997
62781
34262
61843
71708
81014
22510
26705
41618
18270
22266
50026
42764
70952
34449
33510
14028
34599
41152
17348
57987
14295
16342
68034
33816
3933
18353
61329
57194
50201
76738
11393
19387
74398
34267
53571
51545
3815
28661
46161
48475
64131
29162
72906
9915
72734
28854
35850
13678
91476
85508
51118
47847
24086
36116
29956
97733
25419
45289
86913
12197
71615
6106
93892
52309
98589
26855
63617
11180
72094
95984
31285
74392
96778
1929
57376
96792
42266
58425
71181
67365
14556
88606
32512
61044
38599
73823
87071
72961
22696
45771
90722
68760
60925
84673
29292
92847
69035
1996
14370
58390
43287
56295
86187
51575
72697
53358
91508
64790
14250
96802
66879
41865
57723
13644
93030
62094
88963
90077
72823
18582
97735
56215
82814
8257
73128
25357
33455
44033
75279
98705
94563
73034
73619
16497
58739
59864
85031
4158
11357
26447
62413
98852
65539
98458
74776
31431
40060
62457
36299
52397
58608
81480
55411
55902
6348
50496
24058
46348
25050
19188
71983
20414
64986
64215
35618
49065
15547
68626
48862
61223
92392
62812
48835
36521
23332
34287
93180
68871
65207
78258
45724
89616
25084
48792
81572
74725
70038
1094
53457
51257
85625
67619
18800
94192
2908
50021
63354
9744
67630
48796
3151
88732
16932
58330
36002
68135
55159
50046
77824
30883
53246
23101
16574
42827
59207
68925
5809
7146
27008
15165
67757
82084
79769
23025
34802
40977
77890
7866
87750
52437
78420
4178
78435
57218
30427
43995
75289
35743
8822
14738
3714
58601
95430
33697
63864
7399
70543
75254
48575
64897
82127
49129
67451
82210
56287
17272
66094
51946
84856
32240
74310
92939
33653
83765
56510
95560
59714
53450
45981
2280
59594
57585
18505
34709
63519
50510
42052
55553
34379
23062
23351
80771
28296
61774
99598
92871
89287
49961
4904
85927
3727
11793
22526
60825
11542
53047
72951
91827
58771
92186
44394
58703
21790
96046
19576
19955
16010
44372
98661
86204
26510
31061
73278
58392
30281
13164
59604
24700
97445
49851
94893
12995
92957
62082
31185
31297
94925
77811
66642
88734
3945
47195
54692
32356
27348
71835
48502
57700
19220
1151
59961
83170
47468
54265
84459
17248
46542
45009
93788
19728
22219
79096
79922
75616
26465
32854
96706
51559
28847
29573
88723
20161
27536
54475
92680
43016
15338
39102
48344
20651
92171
90463
8089
90327
28080
11786
25122
9623
41520
76892
36113
94947
62459
34726
16421
32468
4241
81554
22998
13355
75730
62461
73556
99886
17313
64953
71124
75573
1524
88155
90582
64227
86159
6406
994
57168
42658
16612
16902
40011
59270
27636
80293
8835
97670
41773
20108
24272
28692
59021
69868
76835
77093
20640
1418
23370
1136
83020
91941
57033
48345
54272
44227
98035
10122
21773
60089
44794
73989
12961
94065
51886
93643
32217
37596
76724
70773
9313
31612
8079
40853
33435
31669
262
95230
12046
6894
68082
43936
60605
97634
25287
73274
84243
96492
79306
48556
23744
51372
29154
83959
84622
75820
10983
37140
17037
65044
15600
39038
90638
75427
51043
9099
44618
4222
36437
53137
46260
14487
70020
73327
71993
77079
86620
44472
65989
15621
57472
11570
72465
59646
97695
3406
59345
43411
89857
64747
2095
19983
36843
38689
87811
33338
49538
60364
46342
2133
93150
43801
21021
34981
56182
36523
58773
93119
80540
95399
1010
24261
88450
70059
31000
90769
80611
97541
46147
74936
76552
15525
79735
47560
1301
38523
82094
20367
85668
99611
38127
80309
16333
77050
48821
14476
95960
41903
66154
67686
38263
97052
63777
18390
10894
47772
50676
32433
67502
16900
76924
61063
30956
63561
46202
57311
12397
78201
32175
3345
94121
40579
52992
57334
15711
33253
94885
74217
62978
35156
19238
25339
53839
22591
85161
19931
45813
54922
51570
54105
76908
68935
60589
28889
43830
97447
58209
84585
44660
13959
99396
30129
51952
29435
79862
99407
91922
8250
59195
25776
1239
75086
15196
26802
13156
42024
90949
86117
69866
29273
3200
77846
35566
70082
4737
45630
94326
93531
6506
15127
87273
4184
87473
44566
93911
88061
97640
49049
94702
71799
36409
60357
13163
5212
50414
18219
97320
72544
34382
91631
24220
62909
35077
75027
34412
65797
61361
59515
7789
13906
92873
75189
49451
34368
53909
18133
14322
34942
41605
6736
88263
81827
62561
14600
65025
64138
8075
29960
71538
4787
86158
97176
34514
67059
97982
32567
59831
54623
41918
25782
26013
12552
44001
5414
92551
14293
63027
721
38739
99845
44141
56337
92406
11799
18020
88439
77065
44656
32981
93872
82025
6129
37843
62786
11341
17442
88928
25563
51105
92890
76446
87401
71470
95007
50110
13121
33595
91939
61836
96162
79243
68933
60578
13294
94457
83450
64571
42862
49366
57161
67195
21
49256
69865
72347
71569
23959
84887
51863
24912
51145
88759
70410
48328
7362
41002
57518
51968
28617
5915
79678
81753
78625
70241
15962
10495
7212
32633
12543
37991
76329
15265
92069
45079
62309
8625
89386
82202
37983
2006
97595
6332
40119
91857
57000
91866
99052
39294
78719
11618
66135
35864
23434
27981
92620
17567
63033
63497
29090
88953
55262
62562
53721
76034
35675
58834
64224
84280
36230
7915
25393
80100
31475
91583
77200
83593
48348
53636
10839
29970
52637
94505
13167
96401
43740
64182
58195
70497
86285
50178
22813
26537
64101
10646
40194
92864
36421
20445
3369
39908
90785
32354
64130
34839
50343
11514
81196
73756
30886
88936
4855
37589
79416
90794
85614
58296
47593
18869
86152
10106
79368
49683
73555
74691
33858
71685
79932
3900
56828
46994
49649
81251
36597
19584
55308
17421
86790
67579
73942
95233
65684
35834
84736
97217
20509
59951
21198
13528
25730
1606
70218
24597
92131
80528
13719
68234
18301
19971
87789
70240
50669
40826
65409
76773
71057
86899
10729
32855
84028
55934
52111
70554
62897
32727
29030
21870
19577
95646
8163
14687
72773
7393
19348
41112
7831
25124
87456
91639
25
50252
37387
2529
85102
94741
4826
84046
68242
91813
93318
10436
57951
17290
28004
92796
80460
14541
56941
98714
42594
92352
82995
18059
28998
84447
89850
67504
66682
71401
40418
97574
3055
44507
55093
96822
22784
31630
96845
15667
51936
36674
43490
30905
65641
15824
91445
74446
15321
26952
77126
49904
19118
74381
89280
71683
22388
70666
72293
74685
70875
41759
58077
52507
21977
70715
17289
45190
30345
61842
53853
92182
45251
99552
13334
4046
63718
10295
73422
3778
85173
56198
82670
44184
98772
5239
17207
85857
2724
64787
97476
26408
50064
44534
28414
40482
64319
9629
35467
49274
2432
94128
58636
62683
78474
34979
72361
27414
74963
39876
26722
45934
74877
96749
96638
65608
88351
6630
37381
82251
43878
77675
96868
67632
46031
85683
53374
7079
17472
88514
93993
77535
3771
69404
24217
15086
10571
899
17252
27902
69490
15637
57081
47450
35851
37659
80592
1157
67646
70356
75879
81018
82259
57172
97503
60279
61064
64685
22027
9032
25607
6478
11983
44232
36677
99562
37300
92818
33932
12177
92260
7006
28572
46398
60038
61408
40413
3135
61
65420
18184
56885
34731
91948
22251
43600
3464
24752
82402
68333
33847
36327
34552
41315
74387
72268
88807
74299
48813
41594
62752
4716
63247
95036
86266
10338
13513
1188
13951
39305
14285
52628
44191
88960
24196
1042
58488
27216
29192
37142
65567
98979
26497
27464
12779
82178
1543
16840
20335
51228
31189
17150
50244
50947
29318
27520
50153
21193
76758
76516
52932
19961
95994
86169
98343
61452
46410
15874
34259
2465
32590
71574
49437
55794
21346
39779
27157
51711
76435
96490
73241
33039
85772
33656
80738
15393
62239
98889
14614
96208
47969
34499
81237
20593
49740
60773
98256
7295
13631
11178
53094
945
55146
91164
72448
44187
27328
91217
71046
9498
20705
85909
80094
18889
82400
28557
68241
71453
58307
20850
40371
29369
15879
41889
93636
53483
53311
40025
10739
26893
45571
39171
80818
29777
61953
46675
41306
38389
71273
82934
67543
182
75566
35835
77805
37871
75642
176
54629
15710
80431
33862
76470
54528
64563
22220
4605
23642
98019
14184
5654
66266
74430
92826
5150
5208
65707
12344
78505
93401
40688
36807
65601
53948
93198
22890
69020
23285
63890
20231
24188
2625
3045
56254
41313
68861
98539
75689
56621
11462
86359
85441
51820
82879
76741
95883
29538
5982
22797
7530
59349
51072
38058
60811
30136
40860
49134
97242
15134
50027
37921
1035
75833
88967
90475
45905
37163
38498
85002
19549
15972
95626
43890
96872
87310
85561
35490
94174
6722
39731
27454
63903
70608
30923
18322
51833
62955
48884
58527
18402
78776
43580
20671
92075
219
22260
91120
86803
89246
45483
9389
98415
71922
40456
51198
7395
80188
88256
27615
84929
44903
65635
52642
11957
72862
52033
74600
49735
27758
46225
19862
41813
24307
8892
82886
77888
23755
42589
10750
916
78950
589
89492
22879
54701
48157
70655
74414
20856
96691
64457
31902
56223
72462
61128
6549
13961
57461
12396
51659
51572
82353
40484
98973
77115
98818
54180
88683
90298
22669
17947
46080
80985
24295
54949
78022
25467
71266
95347
92181
2134
20951
70061
93717
54749
36478
36796
35215
93319
1612
23854
52784
35405
26644
19143
5587
96159
74979
46012
64263
75637
20098
48930
25132
613
67533
8478
88637
51316
42568
61156
17041
86278
90578
90135
39768
59728
66857
15998
64697
60699
74037
43855
99382
46995
57051
66412
66515
21395
20917
91881
67194
65579
71379
20936
41126
82859
2492
4774
47417
23461
68745
50233
50928
34019
61872
69884
6320
80814
81690
24899
72761
87898
30121
88468
44696
28781
41104
37906
82808
69171
60590
54550
94786
84300
29506
30620
14559
80452
10188
57436
79092
92514
27854
14216
64462
39049
4313
74029
2595
95030
54145
6078
50312
39078
31766
34739
51037
26646
84133
43928
336
31949
4010
2793
88787
24051
68552
39854
8204
14538
55679
74359
80273
94981
13290
73276
18069
46441
56853
8116
40461
29553
24578
61775
38049
67705
48367
65006
61894
21423
88968
39165
69168
34956
68488
36074
69872
30852
61819
22706
33122
89151
52542
34411
29211
24856
38943
59309
30359
43148
80241
4372
78988
88529
80312
93200
76955
39846
39893
4032
72412
28983
9276
46780
47165
29140
42869
83511
10276
87804
38270
11216
25885
21590
82198
77871
48548
41602
84755
46503
71545
24589
9199
67316
13271
68649
79193
85004
23432
99614
43992
86186
16942
53201
66297
77837
98219
29298
65259
22887
27785
12419
16809
55281
2982
62602
53291
17611
20813
21686
5556
88809
94290
4270
80721
1183
64018
78358
79226
89072
22103
78562
48734
91163
73632
97558
49026
10160
74373
73691
25070
86474
35552
51221
65266
69531
79647
47647
67586
63744
20642
66746
21801
98962
32697
65139
95196
22730
9308
64092
21890
83089
17940
76957
7116
92906
93316
36942
66766
72545
16226
74172
42310
62556
58409
43624
15592
80685
87438
26668
48249
40020
10775
1009
83704
38755
29108
49727
14685
72355
1226
1668
88555
13718
37434
58083
41671
52765
63824
99619
81875
54402
54476
58157
35896
97462
78605
83516
90082
33281
74314
82128
84759
61469
52774
74753
26245
63626
12487
20475
88250
78934
8156
26815
48165
20165
68033
540
85865
88294
76789
89691
44263
29000
19052
10052
89035
38475
69230
281
85258
36634
47085
80880
53523
68672
2083
17016
11609
94345
17703
39075
44493
37088
57603
35709
63587
84047
79499
43796
33162
12125
38531
47900
47918
54740
43649
29293
87601
34128
42063
31450
81314
82313
65009
29041
77341
2364
87714
68281
83437
57239
41376
96510
16691
34211
7066
84761
28303
54341
42380
223
47385
52546
27567
74617
40746
80423
91926
62377
96363
53699
79083
8001
69471
97098
49158
35499
67817
69917
78073
92497
14064
6729
78956
25325
36104
25558
48571
82843
58924
22210
33223
47996
71731
43606
98105
4684
92517
48744
67330
29707
42268
56308
37100
14461
58147
74996
17878
59545
42701
4219
73216
26043
41712
2213
13589
746
96743
47318
91562
450
86622
69798
73774
79674
20261
83939
77304
11479
23919
93060
59996
52893
90579
24227
80427
16456
7974
54844
4591
21347
63490
97991
86272
9939
34355
50935
87207
11339
23811
32004
69041
32779
45575
41276
92634
99003
99106
18864
78996
26162
45567
40121
52619
82702
45266
94737
34022
10492
7777
91001
70187
56616
17218
36571
18554
42586
43601
23036
55869
34831
60274
82958
71830
2892
26284
94951
761
80214
77409
13622
10364
3982
39296
94267
80471
94987
74046
31309
40676
57974
57007
18640
7859
51637
2304
79261
92089
37345
96170
17838
16064
70507
40404
22444
28841
64969
29367
44082
94170
82307
90884
53395
59761
92780
35121
88629
38767
20596
34653
48215
17295
55209
47301
95569
77843
2590
69978
37117
34915
39800
61312
70522
86712
88916
92736
83258
66729
91270
79112
65483
95675
6694
75629
71693
36483
30228
66532
23846
14122
51235
95438
87075
4907
504
83827
61681
11930
66350
5162
45943
8748
73707
6446
26019
93373
42020
96404
31501
31500
95649
49433
76125
4918
3368
37091
92555
45881
72232
34435
60613
31288
75029
17035
18054
11246
12647
33441
81271
97101
9638
20520
21959
44456
84483
65087
12204
99738
45552
33552
42339
18954
99227
26165
14115
38047
32795
64376
49030
38891
57587
9306
28257
77904
22467
73383
33995
4753
73613
71942
8792
72515
98927
19973
38253
29512
62402
72217
21800
19193
28205
21406
57383
4135
39435
16294
27886
6175
28340
14235
88923
17454
46916
44961
10844
12455
82824
27694
29919
71649
35017
55744
82629
82298
31600
66116
50666
72188
38674
5564
28374
66205
78616
52813
86355
69084
18838
61069
2160
91473
14354
84606
52192
48120
94053
93623
38234
29730
57979
13964
74390
59695
86518
23759
78406
18604
92396
61708
3813
89895
37613
97851
81761
6474
79619
53447
4090
89904
31889
50427
69937
76807
3089
3044
18778
16753
83183
44253
5049
5252
66555
33590
39504
26580
42957
36653
67017
52478
54363
56651
14302
81428
45529
69726
5965
71554
92735
81558
52201
3256
12502
95316
38706
59608
69405
63291
25650
3750
66314
23897
91283
48991
46362
81280
74663
86020
33345
87648
57219
55730
64740
48988
88857
87124
23926
57740
22834
32115
78140
18946
66246
39370
67126
59785
79939
44971
42176
87770
49361
93467
21398
85284
27003
726
59226
41305
81383
49568
2618
13446
60019
8613
52491
85804
52476
28779
95811
7750
66253
45697
97438
71603
7537
63055
13453
60008
26249
63482
12542
71843
46694
51070
33158
46067
78034
62104
45417
86398
20900
49670
4250
45907
17932
95042
6797
56609
48232
43611
53248
71887
9838
53889
27868
86099
67587
95448
16373
72729
89818
53496
21459
79245
85466
71179
26399
21222
45589
27219
88511
41498
52253
81973
3425
18385
80783
19054
6779
78778
22162
8453
11076
49610
63014
79618
12736
43691
93055
60565
61427
45418
89662
13915
80855
16447
75133
62318
50109
28856
1896
58829
83396
64628
71212
15505
50107
91021
63298
28507
45341
63461
64458
94558
91946
58152
93120
70696
503
69018
53193
35825
2079
15488
86374
98060
34061
44701
70916
4089
7992
87769
9261
45159
37652
42413
18841
2112
91686
37330
73440
10179
50899
8018
55337
63143
59582
37572
78481
11943
16069
31586
9517
47836
83983
62122
27586
65678
93032
88965
1360
72267
79252
21508
34008
64385
4948
89173
31437
13871
44078
4485
12478
1600
78967
24005
73095
74565
34258
89047
930
67303
45274
94910
93360
52153
4817
29261
75655
34495
83274
93437
45700
43430
78656
23423
39797
74870
96612
64187
73423
16033
24976
62576
84059
94205
39968
87047
66945
89223
72258
56172
38026
95950
75630
56515
45313
38181
95139
77931
62132
71510
27427
54911
93436
61958
10174
11475
81465
70384
23056
35927
9230
87806
17874
73384
9202
33984
18039
26591
235
24868
41715
58162
81621
89132
70557
4550
28592
78020
21911
23924
9994
38063
30474
13516
47279
59419
3686
71442
1927
56382
55195
41049
10829
79639
60772
71975
75238
47387
60968
71585
36067
54762
43550
50014
60006
53495
30939
47236
99020
87219
67866
56019
75708
4308
69059
59431
5942
17363
35681
49231
51671
95383
41290
74690
50953
51378
96088
71523
38567
20279
19636
16851
42233
29112
16139
16409
60174
44336
63051
34795
48281
60115
91188
68727
70429
71243
13349
9150
19171
83239
65547
84351
50918
26401
47561
78533
83182
83014
34386
68794
45005
3894
31852
46133
47453
49024
43979
89456
80926
59133
22433
77116
12018
82335
650
63838
53118
49085
83157
48443
52695
89754
94588
76891
34094
51821
52950
3926
89548
72314
29659
58970
43781
41091
78897
22087
51016
23177
76430
26532
36391
37749
28494
41828
77619
47007
99918
79794
76735
16696
29511
40568
95997
84055
60587
12144
12497
19968
48906
70186
92469
20317
54109
87407
66428
51730
94807
15175
96396
25851
61673
60580
15189
41646
42389
10392
77522
77995
87996
24274
11051
48549
48522
68395
83406
87132
61048
99953
82690
51375
70470
5360
3833
28577
27839
4206
57417
3752
70114
61372
67727
96152
19155
65393
85334
97800
18654
8046
74131
83545
93410
66401
30431
56417
99048
37234
3542
54405
25733
66308
3470
26995
24200
82659
88808
34491
3441
81921
6884
35793
33141
46661
6365
89273
90397
57321
17160
3544
13777
192
32296
50285
4225
14515
38841
55525
71274
8164
12555
29662
77672
59128
84290
65436
39523
49067
51311
98641
51829
48407
31785
51808
27434
71180
54816
23227
75749
22725
77131
64531
12529
12264
7401
53950
63343
79681
77687
22544
92880
27806
86400
31213
19159
14708
70106
61429
93506
86690
59759
6477
50871
76028
31076
62560
45897
55606
8474
86136
20203
32407
35384
76919
40281
35246
9241
76237
78245
72261
81298
63990
94221
17411
1654
82326
61875
15755
10390
48746
1406
19437
91543
474
83985
54199
82132
11879
46601
46486
83310
36143
85497
97319
12437
97454
74100
5442
91746
59170
7954
29930
73855
5316
27483
33061
44325
62993
21017
9771
8710
12766
23792
7153
84500
33183
80729
32497
39154
30636
55903
74764
5456
64980
55236
88381
17
91433
12391
46562
50114
17354
70008
5688
43384
88102
81385
42615
40547
30340
48320
97903
30437
2282
68117
90461
44501
8875
19860
64682
4120
59283
82351
71127
85106
96202
51368
67456
60942
22607
600
23741
3644
83389
74331
54144
40662
64313
33553
56132
51998
82017
64329
85507
68755
79150
5469
69644
54207
68270
69138
49283
92368
63674
48057
37166
25976
56092
764
37371
97630
73934
53128
22104
98946
37228
47191
24449
26617
95390
41292
66513
35008
62487
54454
99839
30117
99555
80277
3094
14086
55133
14325
82895
27931
33596
40773
50649
209
58411
68983
57412
6297
55944
81521
96717
43579
30837
33274
31229
23723
83364
12154
66098
11760
59241
53593
56975
16850
78132
23317
61973
85100
62156
97921
3935
95929
24300
33024
30747
8912
3637
71064
54269
52725
70311
27293
11821
82812
58803
73272
86397
42747
16008
79185
41445
77806
4735
689
3716
14842
79305
47879
83214
87287
1857
16838
76407
64972
1657
75007
40980
28117
16241
46432
14519
17488
32526
23756
33725
53939
65895
57464
7533
24846
17195
39720
26241
59931
74159
58479
97688
87191
8249
26986
41929
85405
6062
43434
62030
30397
96600
43572
85075
77428
49617
72714
60763
94474
80935
39314
75032
67794
36576
93212
75518
72934
92220
79286
955
11886
52040
31679
25391
16044
82944
15491
54026
24690
81575
57581
24811
60521
75693
20480
28319
49635
823
99661
66911
544
1520
29514
92161
22372
67516
70661
73818
88584
67785
83782
27308
31752
27087
16176
70150
19930
48069
90274
27835
94564
99520
54160
69429
55823
34105
44496
74603
36339
53294
83322
87098
72864
32364
94219
37334
47138
55852
80018
75123
59678
99913
4603
78854
82388
4678
71137
18176
56963
27660
2736
44355
48510
12278
88030
72923
54967
8550
95831
25751
11906
92704
80586
94334
77292
87417
83692
50807
64014
48705
87126
50876
86082
75389
4255
77063
91271
73196
29139
65011
52902
78797
47545
47271
13401
52183
59466
89409
71639
42444
68459
65120
92025
2554
55541
77205
97472
89836
88702
90427
31240
30582
17143
24315
33391
42114
90922
27764
72004
92806
25126
25350
25471
54291
19573
11981
76734
74707
26862
40576
72032
2408
69258
5950
54282
9034
94114
62647
28388
26623
70334
83862
10609
34668
3756
47761
57203
71041
47596
39600
41051
35415
70520
8050
78372
18327
44707
69092
7082
25769
27712
49004
5169
21781
83210
16118
96288
16869
35870
97028
71090
35866
21954
42312
97255
57108
27973
10977
38013
83038
93558
51523
82311
93065
28347
88636
8020
31788
15436
85841
58368
94817
73634
27596
70363
58000
44484
62012
24179
77800
42309
3855
30155
50603
19868
5275
99040
77192
96832
29213
79396
96959
24082
84960
83894
58541
47317
14776
78809
36749
30740
44645
85991
96623
67538
96902
53318
92872
30212
69556
98538
5673
21816
50656
38858
65743
52286
64107
95096
8717
97818
87600
95555
51958
57858
64375
62671
92543
25063
31879
50050
1831
54971
37949
53847
997
34970
89139
39772
57402
10449
83009
80133
14199
19299
4378
25568
68992
35694
6457
90705
90900
11670
82924
79757
50190
75349
73580
38122
52043
34308
93994
40723
88138
70388
12047
95542
87703
14334
40123
7544
70840
22587
68726
42967
28763
63013
13413
67529
18713
9918
8312
43441
36165
1066
42023
7872
99914
23955
96511
77443
6571
52746
95424
40205
72082
27702
60349
37207
49336
86990
54683
84851
48467
55807
2536
98150
10870
40577
30443
19497
51059
16315
10819
45551
6784
68122
61444
29650
86111
11767
99586
82448
58075
96970
22974
67989
19977
90472
51922
15668
8340
45149
53752
54527
83837
28379
3483
25614
5873
27363
38239
79367
22675
93607
89051
61212
11919
37235
96260
92970
94967
28918
64467
75053
48905
83272
42833
65354
97782
30782
98967
27295
56403
28133
49668
3869
9160
70908
74297
32635
2307
49151
43739
58719
66086
76187
84476
1590
78271
76249
85580
39259
93048
60540
19071
36613
41040
70121
18732
1827
74669
20560
74785
12345
61393
66619
89883
94040
42712
21218
5112
78864
31923
77001
90853
21888
17101
29788
85087
40447
263
79312
92828
66231
64139
41023
96597
59727
8620
14586
6405
55095
4903
67843
61484
6897
86260
79078
20744
67350
91274
98901
61276
85266
85257
86140
96156
79626
75685
26653
21464
47606
86402
60640
87533
99362
95771
53558
54074
72430
16210
57293
52305
35741
9361
51291
18754
46311
70777
62988
30730
70906
16847
59005
89351
92832
13785
68647
16687
13688
8528
28833
76103
55804
19130
54672
65704
52562
96951
3398
11274
81273
63551
98338
56345
72479
5630
86352
72025
42316
97237
97020
55361
93201
22532
57262
77987
63301
53673
45963
3123
83261
71186
84119
41057
71347
55344
94953
90412
88471
56940
17167
93632
43548
83232
83891
327
17671
9956
88229
29199
62430
99544
28501
43571
98216
43326
72713
53665
87144
15936
69848
10117
16977
23346
11584
21920
11889
91614
51964
37379
88392
54990
87204
7168
6343
90896
2561
69951
53984
57969
38125
12155
13503
49713
74628
41855
15641
58391
24760
20396
60092
97467
23868
8972
91460
94027
5292
75662
52257
71131
94448
78403
757
34195
3781
5387
37913
48402
89118
17214
68352
9689
46176
45820
40286
89816
99159
40229
54203
1102
78880
1154
11237
38556
76427
99709
58403
81370
67531
6419
9183
89565
79603
81216
23451
98671
37626
44257
96790
43175
62335
93914
87543
18513
63018
10225
68657
87995
82233
85745
60076
56767
80757
81475
49164
22927
82495
10128
52399
46810
19986
53092
67851
36042
96423
3238
17887
88182
50782
498
84021
52264
78238
10124
71854
74997
38406
62391
33608
56784
88071
64346
2687
54756
1651
47319
98068
13039
14195
28436
84231
77335
15687
25688
9959
83955
33242
13816
44049
11302
1002
15880
38955
42244
6890
59715
82254
92623
67357
49537
21522
95703
56290
78959
94167
57725
79262
58766
14133
22816
96344
38349
62702
25798
81378
22408
30000
33280
74459
95935
21869
90811
12044
93782
45206
74844
68866
99163
265
65727
39172
17228
72512
98630
54642
59304
8108
88689
48952
12928
93577
52747
44287
32917
22389
68337
86121
93562
2151
3825
15719
43273
93860
20999
38484
38718
77237
24060
79452
94227
11923
20695
45312
20609
18320
37419
91269
89021
98217
13831
1803
76798
50447
11431
61638
83762
55495
55315
70547
86036
33037
27510
13141
81658
83556
2515
42095
30691
20982
50682
29886
1258
81069
79869
5548
4706
437
54139
41076
20934
34902
84167
89571
60706
32085
17136
13731
18794
46886
70888
8345
40684
57569
94646
84024
90249
70942
92531
16656
29864
69310
76844
50705
20796
9110
42944
78465
42170
65560
51100
84013
88551
42584
21806
55321
76449
21329
11450
42679
52228
4548
44180
98101
49954
76042
13885
5116
93391
38025
6668
13081
23090
6551
88359
9954
1989
15995
82107
79194
13484
33241
55946
97382
53588
61104
19493
25625
9753
28020
98240
73553
20463
99589
32260
43882
50583
96485
70786
46914
60368
83101
6785
54466
80760
54569
31573
77201
47125
10250
14911
48999
52898
12057
22216
94058
23549
29075
12496
81627
96295
51893
92730
34637
96000
22850
93856
66220
91536
94126
51531
21687
84933
27643
32604
244
32535
94543
83032
47866
35279
70513
19962
53789
47026
45782
18021
38260
84336
72791
83528
81917
98172
35348
60166
69712
13319
25963
18182
5759
95773
68030
94808
16168
98124
23199
93197
70097
15813
53079
94600
79447
47175
53963
14447
68180
74042
70831
94367
96204
82147
7799
75100
30631
99332
28602
45459
8403
39766
45362
74983
23626
89865
50618
55643
13328
29525
87706
33978
36156
2971
18452
77262
88231
32821
19037
52802
19500
5511
83724
91070
22565
21825
37793
31553
45611
73903
90343
28049
25438
34182
75551
10550
71800
17284
90430
29853
64307
55172
29738
22413
98537
57684
80486
23073
32270
97529
27042
90060
2431
52243
43861
92315
81515
9391
16513
42877
55112
72998
94014
82716
10041
79760
94312
34549
30098
2591
14266
88285
24267
82796
82632
69554
89540
10542
57240
75177
74087
63101
58464
70934
11640
172
15516
83117
38521
8546
78851
88380
64956
58859
75585
67768
9743
44842
9467
46119
20241
36661
41664
43839
42127
52120
90585
21127
44476
85834
74536
40587
21879
27082
12537
63596
45672
5390
8305
48555
71822
23010
44203
27110
87217
94865
89903
23465
7976
161
10639
9595
28831
79236
67060
68101
92604
35855
33065
97573
42033
5931
98570
23993
58782
61985
95909
15850
3155
93909
92803
85262
53539
4343
79755
30835
61418
81605
79413
15079
27222
69876
19301
77833
30678
70895
42583
92698
22462
49122
52899
43007
57718
2502
41753
68340
1135
8031
25029
99032
26961
68262
50901
57040
90842
48007
8874
37191
95652
82770
90117
52710
68807
94792
22806
98540
31195
48385
89630
58710
57485
7434
40771
2199
1646
82255
88955
93331
72783
87684
63816
20410
12707
28778
70489
3157
44797
71466
92224
74698
1417
67605
29616
56238
56291
14965
85111
3574
79709
25400
28038
76954
55526
67739
92045
87911
11062
5671
18948
95666
98660
9381
91580
65485
24802
19608
37747
38101
33801
2308
34798
93383
77769
8666
65615
4331
49186
70558
92693
6728
68999
81693
44755
42733
69209
63553
28361
7157
15956
36079
62738
4036
89991
98696
83708
37819
39195
46414
76846
82502
8196
43468
24350
24523
99019
21524
31069
38220
95284
52767
10156
90099
65708
81448
9519
84293
54433
22274
76458
41978
38914
38489
24559
87281
90803
12360
2996
77301
26504
33323
77839
25228
50685
9131
74208
61234
18283
7613
31033
24624
4820
13435
36441
24988
64062
11195
83408
63391
1133
24919
85375
52664
99420
44630
85128
98040
89362
80378
34144
74327
89098
83796
90454
43462
44772
45486
57523
21470
24273
10078
23179
25322
85709
96585
25985
34669
57426
25485
73103
17625
9759
49442
82415
4600
33886
3620
29996
96715
29072
80017
383
74182
31508
84848
95464
44392
92642
69330
87238
67310
28325
36885
14772
3654
50470
29344
13535
2958
15793
77822
10966
25948
35869
32443
57973
90591
67769
9268
41875
74546
33150
89336
3640
21366
12122
21989
31422
96595
47280
39452
52538
85827
40787
73670
61034
16432
87252
68784
98593
34720
92631
61709
90365
97667
45668
17901
16233
52131
82913
24679
17225
44424
3202
49946
27407
39338
41816
67265
94852
87547
6234
63670
76178
95195
23770
95474
19207
86833
14024
16328
30589
68020
87375
33285
44269
61893
21569
3240
80308
15289
46622
26078
89077
90381
89608
19501
36089
90280
80464
44038
13556
33581
37368
49471
88179
98215
98290
88115
68275
37192
29061
29857
87083
17861
59698
38422
33278
22932
60272
59397
71879
51476
27084
50803
46872
28430
66447
73529
7004
85487
58672
38107
73782
29884
40776
41194
73527
31135
87546
97993
52444
18130
23005
11398
13604
70109
97691
49791
10173
54442
58597
18962
99859
13057
41794
33269
76985
18405
36589
97371
8766
75452
35893
21715
59458
69804
31861
90399
60355
64798
77441
83530
18740
57068
14390
47220
7541
84828
15465
20144
30026
8631
98206
52571
86084
81899
45216
50772
95362
13639
39283
52004
55022
46041
36600
49475
28030
17817
77909
17108
85309
5716
45770
65395
80218
89879
87303
68339
74303
12271
15069
52403
46022
82269
64049
77143
63577
44610
71677
96252
40692
39650
31883
41215
62645
69055
45199
38275
84816
11887
97835
22386
3796
87809
14862
47744
90040
35847
84753
13536
92475
6128
76353
66625
20816
63717
31403
71394
32034
44767
8086
82833
47504
68204
62750
19137
45617
80236
48495
8787
88141
30021
48138
42323
71521
75822
49334
92077
21505
36495
62379
79516
62490
18124
76634
88148
87515
39166
28045
22925
4509
51978
46545
54885
17369
36328
11351
21735
65724
16707
72413
68924
26825
59097
22335
74286
98563
89159
98427
87054
43818
3061
16741
11153
51036
50690
68457
55509
29006
91875
58640
74821
62615
29876
46726
75268
65785
49386
32200
67620
81277
14725
536
77621
88358
25612
80504
20659
82139
32518
84604
82677
10713
22383
85882
5652
19948
66489
99867
17761
8579
31089
36874
99749
99042
47903
20234
99501
40295
14613
45121
90265
39613
84934
2398
87012
13490
87941
52037
3767
73699
61131
40795
82979
40454
19089
58472
64520
59559
49536
65149
2516
42885
69069
98828
41718
14845
73114
66494
55952
84833
91076
11577
13626
38847
57584
24103
56799
4868
48924
82846
96326
43684
39399
57152
20285
17417
63743
95752
69748
21664
27225
73099
7154
64247
31142
10589
47540
58329
73001
37126
35427
17367
13558
7779
91626
89545
58762
45774
35505
34804
56429
41309
91170
43
22943
65336
37417
34371
5729
97604
84383
74552
15599
89933
48714
34742
75041
75194
62176
70663
8319
90050
1971
90251
95378
18953
97650
20829
978
14161
23796
98875
99792
17112
19921
4761
9449
43315
85596
91919
94595
32331
65513
74745
47591
10175
78243
4003
38790
57192
46428
73551
9979
67979
67220
83158
18895
49957
6202
37477
4150
88573
60768
88540
96649
33293
48019
35609
25795
59887
50563
8361
16367
99504
63878
20704
88854
63875
23748
78405
61978
85385
61628
45200
64600
46234
36115
11812
12589
14950
24927
83649
97821
6241
38312
11483
44547
88883
79858
44427
42187
19993
53573
50966
36588
52906
53923
83325
73360
15490
60384
88184
80350
46183
91144
91641
7307
57741
30760
49312
39855
2457
27211
78146
13743
13793
39451
3412
91177
96432
30299
29932
33062
12863
50693
25793
85050
96126
63440
42238
53770
27627
62795
57090
94323
19519
42775
62865
33629
37792
67377
6937
35758
10340
90071
7516
58846
55821
18126
37739
92207
47064
72150
52075
45494
16762
68801
9522
3020
43131
73057
48464
55805
85288
35356
85294
81247
95505
58546
3710
54753
79240
89712
36386
81130
74708
5227
16065
11269
2433
15788
5089
26184
30278
37565
38436
86993
92197
2491
55073
67422
77567
38829
66324
83902
71650
9547
79206
47911
39651
42245
36835
33222
49248
40157
28136
96115
5047
47888
20377
87566
31529
55297
36965
55775
20530
54568
44463
42445
22053
79061
45223
29813
80213
34190
73547
13003
30801
33149
32192
9949
61381
68147
69871
2188
40062
20975
92179
28738
27243
18592
77673
46034
70133
92908
50967
55003
55632
73385
73713
38813
13301
14705
60074
94963
85335
60343
14312
1040
33228
42124
77411
66226
48686
42495
26609
6930
53930
54912
53256
901
11945
54461
98885
49582
50011
97414
74275
41968
96732
31346
14712
27501
41898
888
77557
17370
74158
19365
16896
54704
72614
21439
92900
10737
23548
65306
82315
86945
2469
82917
58025
59554
1174
52766
91101
398
38298
22449
76681
48420
93169
44149
44066
58103
29116
366
67101
74250
53970
75083
1637
13191
2501
2538
66015
736
49552
21641
62469
33219
53326
69173
38960
50665
85425
49658
40090
26191
93053
22080
95803
74054
29743
45
51034
1007
42180
73275
7187
3595
11664
81459
77634
87922
83840
66455
77967
71237
47411
80456
59377
39182
39207
82981
35070
25571
94001
57604
16257
72567
55569
7634
26014
75740
74257
79423
7657
22301
63370
86946
2568
83925
24044
90598
78399
80713
58898
32046
21125
15458
3713
8411
74631
45911
1380
76762
68266
63207
8034
1556
56910
3006
32485
20031
96441
68885
33464
30658
38818
50701
26375
23933
84599
46391
88228
44511
6695
73577
137
41444
41310
72583
67072
44529
79370
49967
40634
52484
23388
50827
88248
86832
60858
47967
5404
75919
8688
53431
87698
72883
14017
46265
52371
32999
1348
52635
7160
63156
16606
43125
12732
26951
16837
14387
26613
64489
8192
91778
32880
23166
64236
5006
49585
21978
11119
30689
23364
15845
13365
98020
13755
25014
25314
31964
71973
91841
40388
66953
67347
70172
85282
21808
55148
7802
32986
59456
62292
93444
76772
97944
5238
95956
28315
34759
26321
39703
25731
77484
29925
65962
71722
8062
20993
1608
29589
69227
33564
70623
21097
83773
23076
52836
73630
22321
74069
64111
29245
96052
2260
95334
2023
80176
83720
7615
46744
131
94165
82608
11102
96395
10308
64485
2956
55469
13474
25441
59755
60010
59103
13436
63197
99822
54049
80285
3791
38690
48202
98247
14607
45490
84597
87847
69736
41204
89367
12694
32923
95522
66292
35753
89451
83543
34443
78047
92111
28185
47389
78527
94540
47628
62549
11078
24688
21554
45769
68814
19898
22913
26076
45850
18159
83053
41324
39124
76099
19516
8600
51071
56460
75865
10209
45573
90351
47152
31294
63022
90194
71702
91596
4026
61233
44192
26911
16617
79848
32664
32733
56456
67756
91210
76318
87896
50365
57927
35114
91511
74795
56830
14411
23695
88560
36308
27164
65800
43946
86118
43674
24498
15417
34376
22647
17055
4406
78456
30187
11914
5527
21766
50841
68535
75918
33179
91819
13600
66009
47073
73965
86048
32540
63900
34700
1199
34682
35304
32847
23776
98955
89670
41994
79421
76657
4119
63473
71852
27916
23192
67964
3167
91007
70730
92527
42716
18419
58583
76652
50732
25764
92645
76443
5085
76560
19013
44474
17531
42910
38644
19060
77323
22614
1003
81279
5082
13518
67025
89934
60463
79433
62923
90170
47164
74680
7394
98995
13350
18519
71015
16882
63445
53372
86490
92376
72752
55122
82078
98379
47619
97603
97874
73163
28491
45010
98640
51158
94744
86818
61174
75033
27767
6885
74834
60599
69150
91760
49925
50522
17499
66794
64606
37206
63294
53507
50576
49952
5120
39345
39196
18982
82810
43169
39376
68192
58892
13400
72505
70989
61459
11116
59619
11736
86909
84590
27404
98577
3049
47081
12980
71659
51870
63367
75574
30907
75869
39897
6604
94393
31292
76644
22809
68310
13559
65912
30566
60342
61972
11768
57675
23532
57901
48897
45155
6174
83841
55386
85366
73572
25196
34991
9019
86423
49020
84171
66529
29623
2262
24476
91184
42436
11006
43908
25908
83195
56613
60309
52549
96103
25432
78580
49436
20491
61466
22644
45033
16867
54640
43112
69074
26570
48838
96948
72865
81856
67968
94512
90586
80892
1101
10254
77511
90605
58666
63177
59159
30298
22344
89605
77002
88081
94549
79529
19001
95462
55847
61684
92027
87104
71308
41416
78317
93995
39984
51045
17121
54734
31602
96148
10754
86581
31424
99887
76209
4892
79345
93889
9000
46457
36870
75882
83290
46588
40149
90912
73135
97253
28316
70836
90142
68842
50154
71666
55127
70998
82170
5518
56948
93439
6463
5570
98587
30215
55343
6429
57427
80583
28099
90245
14896
20902
48096
55722
27908
20909
68214
42483
41939
35590
62181
57457
96453
65950
52251
2339
91876
16543
21301
80672
79928
91268
38626
23294
93185
34282
73515
81081
59036
34628
86290
44786
3449
2130
30819
44976
94665
53424
61116
37551
55349
77742
13585
8637
66133
77437
60751
62154
8558
37181
68520
26994
69453
65829
86348
59333
94506
41756
3429
19588
8482
33317
64698
59380
49621
37714
67297
86994
27384
93970
71691
11828
45585
11425
39341
35799
87370
52390
15451
51200
22253
95716
93050
91436
47564
67512
90600
10373
48611
72756
22258
42429
51497
48316
55482
26289
59389
45028
94735
23831
14171
68152
4629
1560
57882
82594
89617
72409
3404
41815
52481
83865
60035
47370
20301
6648
83984
23077
8736
62296
48597
16947
97951
59556
26673
14550
27945
9643
73998
30242
94368
82575
98770
82105
26829
47638
73808
13963
51505
65253
15871
4445
14382
93013
88694
82317
15111
80602
91102
86657
65654
2766
92445
34233
80353
2490
30507
35393
71794
37420
83973
90981
68361
47111
88569
78671
80772
75736
71516
45024
49551
34858
52216
19688
41150
27161
88190
64055
24746
79178
24361
84769
98199
67185
10528
11785
93517
84795
3534
15318
35605
96662
21246
7286
50805
29277
93549
56171
959
36697
2146
39609
23850
79510
15431
59505
93687
29655
88438
42377
39612
59443
6568
48189
13727
73138
29152
87484
12242
62960
79248
83048
19068
85542
12088
87213
25996
48576
43599
94931
64124
85887
41750
36991
77717
11678
80797
80815
84982
12896
89001
18361
35195
55565
82691
39759
90564
75110
4604
27421
85642
52400
19254
79036
22952
74867
90798
6032
71423
37666
12390
61097
51594
46690
38902
54755
24472
86000
32336
24055
28913
26062
9926
48144
75365
86413
685
38762
74989
4545
4667
67064
85736
31199
35633
16155
64922
48602
85239
7846
72013
67018
32665
12673
90936
11655
67532
90238
27632
75898
87168
87422
49099
85481
52436
35537
76696
69430
94916
76199
57820
65262
83970
76849
72586
37436
85230
73535
78993
72315
79397
29304
64593
63129
53686
26794
89902
68255
32921
6412
93688
2247
62794
31719
92332
96365
56236
49166
10895
34563
67155
19283
67527
94282
95644
5127
17298
30023
96994
7204
9442
82681
54823
97798
67566
29133
947
7324
72519
4193
67935
4124
36759
89252
1961
87312
61714
54388
31441
75062
79775
52055
32484
25404
9868
44398
74074
39118
92898
64864
17718
98027
36413
2385
66124
72927
97681
23480
92922
52682
46997
27249
34151
76811
5017
92272
16670
76806
57847
90592
19290
25778
45026
41793
12535
91328
13736
61977
86452
35612
94352
27240
80724
89741
426
12996
26626
75909
83571
23953
42509
65089
26017
2067
49429
47302
80811
23201
37543
7913
88712
13158
54750
87554
51495
16049
11210
23895
44634
94421
96038
73265
37631
5246
64683
95801
62522
74193
47648
4794
5972
94860
72736
41029
85676
34932
17364
48062
71965
28454
5834
44480
45419
80130
53517
71286
13341
61080
44074
31273
40721
11282
43790
11139
29534
59970
86904
70494
7046
95660
82715
22519
46052
88703
34897
3972
60642
46815
66585
64781
91637
49945
57574
57246
88099
51196
99628
93209
76474
15388
23667
49769
36223
19777
29718
64930
38014
6196
41696
37598
50672
54558
92950
12828
90171
13378
49828
84596
27723
78479
75074
13325
20802
49178
9844
33099
6776
35133
8460
16425
52745
76745
6966
41209
20283
53413
91972
21171
51244
96147
63898
45511
30018
7482
68061
75917
66136
96006
29437
48371
39914
49035
95350
55340
93384
3418
78984
20479
24957
30468
61509
93493
57939
77337
57765
35049
57920
92765
67102
11733
58206
33155
28821
39632
25077
59232
69079
29464
99164
76008
99148
7817
57850
75104
98833
28818
84503
34904
93236
33544
64846
50041
10946
23045
15363
54056
14176
38826
99990
11524
24622
82350
66680
52256
62957
25210
22477
61296
75128
58432
61740
56251
93190
42916
48938
55165
23194
74449
35827
15348
52554
13766
67807
53529
3236
22128
57628
97006
14053
46259
89017
61951
93928
11826
88919
75438
30137
59613
17036
92168
66096
41462
568
39752
90212
45647
5968
67667
1555
73685
61385
335
82397
68399
70713
68127
51947
66267
48607
10322
10341
29855
82751
29413
97683
32100
95558
16805
46689
73660
62172
98365
7348
82927
50227
89068
23869
90338
34490
45132
24297
18155
67355
56599
50813
6072
271
38779
38759
70305
77289
60108
47364
4252
56554
78345
75877
9394
72027
78997
72508
59679
70719
72341
29946
782
4770
32005
31106
72282
77208
92687
90761
76174
96164
11518
75017
35377
78863
27857
38492
68915
27400
14173
22326
46804
42064
5642
50554
40825
51451
96587
44930
35465
98532
97191
66004
56525
31760
44420
15984
19531
56859
81410
78713
80151
69021
98506
23452
40280
21862
79232
5866
96280
69075
83165
10353
77976
48349
96272
58430
22042
1189
80193
56618
67262
29605
84740
23616
55414
51882
15514
30205
72414
28069
4786
85558
64300
53265
75966
3124
48704
97134
67336
45723
81694
67434
4769
96412
7520
88366
66352
87899
55285
62284
71954
6741
11079
84967
23586
148
54004
53476
45423
95008
41679
74717
38044
44333
62084
3351
51561
7941
17530
54315
97007
60553
95088
54637
54068
8331
52059
28619
86922
95167
7546
26973
91909
84355
57514
84289
84823
18662
99449
52867
21369
46767
24497
839
3003
52607
9653
81734
85846
60736
3390
42870
80970
65408
51398
25677
92976
97608
11158
35320
60984
3434
71315
58559
93507
53357
82624
51517
89458
9101
83699
59979
50786
68879
82413
16790
7449
19949
927
90262
53351
92194
49825
72603
43186
2302
17319
74183
27301
24510
48433
12719
37641
59489
10723
53285
57543
8271
21831
49885
45405
20601
16512
92439
38680
86220
78716
45500
81054
30802
59578
80928
5651
31732
60892
61934
81377
70747
54324
29671
66851
74330
20510
99177
15704
49441
93297
67088
83347
35687
83927
54309
30348
27300
29119
26378
21414
70249
76231
73157
44160
31629
1057
67421
55438
42349
35671
78705
61968
81655
10334
60397
71527
68922
42227
95513
41025
21236
38354
79751
32493
83131
6005
25505
68825
79166
2410
80203
48953
22760
32322
943
11493
80953
8285
30498
55175
68052
68756
63649
28596
27361
47600
96379
61442
72832
95746
99902
98409
91238
51676
35648
90166
28144
54019
58112
63828
35186
91967
31994
65795
12499
89464
26273
39696
70477
78499
42840
30526
18642
84123
83675
2658
50955
45380
8501
64179
78811
62219
9694
41123
87159
41459
5748
36395
61668
156
65721
13738
8112
92637
67217
38387
89343
32418
99606
62921
90947
48956
20955
32052
67591
25439
57089
56803
78698
59197
3612
55610
39276
80343
64274
32072
10788
89987
73361
17264
83723
43187
31372
59954
29315
73839
32227
40041
37441
75092
46156
91045
31870
44871
34962
62231
76926
35457
21721
32442
78587
57140
71833
14679
56069
71265
45202
33650
94697
25060
4299
50659
15773
37936
13339
95516
11545
90273
83417
32885
30183
20855
36021
81037
49942
21839
75139
47449
39804
69393
52231
60315
27437
74937
7125
43955
38254
10119
45269
22479
7430
70217
55489
27076
8187
11899
83216
73447
54514
62074
21341
99782
24266
94544
20795
18506
37083
23158
79969
72163
69589
33804
739
83548
38455
11834
85122
87350
8889
71518
79400
75012
25434
6505
55527
74132
70687
20423
65701
41139
86816
10560
51205
5649
63851
31363
88826
93348
17204
13171
50704
71174
56476
9568
45063
18084
36500
7721
78803
63892
67239
36555
21227
14271
62927
56597
81579
62417
28456
30707
18805
51420
73706
65929
21770
60936
8332
59368
31530
43840
95368
2344
74524
29333
95572
93514
90252
78091
70581
94799
29212
33803
30045
82580
94061
21851
52650
37571
76328
84510
30501
28993
61170
12411
89057
99526
53572
60493
80925
93315
55168
55319
63211
37311
4103
96675
61991
41635
57599
49787
45659
6205
15310
951
99697
85518
25422
62045
26581
49782
3607
37527
4128
46841
35007
96739
3723
3715
38369
90054
37101
58055
45139
84333
12342
28033
66507
82221
97297
77555
82156
52987
11042
92510
41336
91742
78486
22100
84357
24709
28147
64103
39132
30911
822
96864
24950
39700
88043
31878
97915
78054
13676
22230
21216
92066
65330
85749
61845
26288
63603
14774
68668
7786
91470
23718
40027
17763
42811
51553
73737
22903
42980
83388
75987
80444
41367
36722
56946
5670
5244
45448
41675
9899
18699
49854
77473
84696
28150
6705
88339
38278
37795
46876
96750
66219
12490
37697
41099
8114
2837
439
23396
17196
20542
35581
11792
45210
91050
24222
30486
24974
79853
89629
10384
99363
62351
8495
84763
49844
14434
96277
670
57562
34665
54342
23108
67638
14051
11932
45892
24088
98787
40258
23378
38242
39123
73496
54902
93122
58449
99804
45119
48184
94394
85287
39380
99055
83546
61125
66693
53366
2361
97038
38726
53532
77858
14204
41272
25864
78810
32297
9206
9900
9651
97034
55653
78237
36685
61219
27439
41103
17512
95916
26124
84458
14684
27146
97408
60969
68873
52701
27339
27386
49430
38997
76996
53677
14299
11841
15309
75449
9473
63284
7813
18918
17332
28902
4228
62127
69943
41765
9996
60606
55121
83373
45105
71036
41267
96522
69193
16298
42834
5194
91347
39989
28969
43178
73843
36811
40622
83799
87412
42861
97751
17668
37425
37174
91540
16660
50942
36592
85241
88791
35953
1276
81528
70562
83932
8813
21316
36184
56796
98173
10753
43907
26517
84438
66355
60934
64671
84445
72793
31611
78208
39114
54921
73354
76324
88880
49276
23350
86544
54332
15207
33949
60979
68776
31336
77962
60851
78583
44988
33767
15179
75358
89862
86889
29812
93530
38903
91730
10555
5012
14005
6459
55230
27540
62007
46820
29771
82977
85523
37104
14289
51150
61115
59504
6081
85399
48400
83270
2194
54362
43949
79445
56677
46691
90175
40969
23412
67693
89759
25354
78899
73846
54270
28512
86605
69221
22020
50327
90247
90720
85347
65954
87388
13030
88158
15489
1642
71537
66846
56626
61255
73319
34913
98030
49198
53453
52827
84197
47155
23981
13610
69890
15344
54725
97896
32432
78370
98783
88613
54096
11324
48901
41762
12087
31201
74064
31582
5149
46063
28226
42291
10305
1288
52560
60402
90076
26479
92172
8205
93800
30488
14587
93534
74594
28084
83234
61896
85449
63583
94531
67315
70459
74151
36493
47844
50299
75397
70158
79569
5620
83957
35111
39008
81689
64834
30896
27462
72482
15087
30420
40539
10826
7632
36763
28511
82252
67009
84631
52593
90310
40333
91832
69854
52118
2815
67683
18624
35972
28426
21185
14558
64512
65036
54778
45145
87621
61056
1955
23494
8716
48256
18049
76511
43206
34184
70853
96997
69208
56030
14225
97487
60026
49527
20962
45504
28869
93588
18023
5401
71671
88060
47474
53480
57782
66337
86457
49326
52364
23164
83466
87594
25785
74526
52468
28355
46870
3386
80381
85783
345
57931
59426
68560
81330
67327
93480
45739
31619
46945
12809
42214
69561
20319
12306
21136
96598
49674
15020
63889
75328
3015
52967
35818
97223
8709
83597
81715
68593
88159
268
63475
86153
77915
36321
774
47552
91345
57848
57238
47311
67346
74374
42403
26817
78013
1123
65898
39819
94682
18250
88461
59595
56474
18416
13234
75245
3163
54437
47448
52052
94395
69873
24798
41054
12865
22606
54997
2444
7264
84096
9433
1953
9194
3792
35646
42577
27412
31212
24374
43392
65343
83422
13603
75718
2722
55752
84304
55560
79662
92799
44387
51793
32279
98835
72735
59798
45817
71986
61697
64151
39706
65872
3939
30126
58788
82022
92326
39115
42383
35250
86411
34113
92723
86241
62755
50634
52461
35873
80372
89657
30978
86365
86700
94255
1951
79237
74806
61798
47435
25763
21025
36631
31073
20497
75674
72802
27813
88814
31711
64996
76445
1222
42475
27232
59667
89217
96809
46719
34844
82701
69045
87105
19003
23978
81227
26650
64679
16017
46778
71351
5073
17515
52160
34765
27388
62836
24836
58982
35233
72360
6896
63545
1198
58169
24007
10042
46546
31377
3176
85038
12697
10616
99483
92174
27903
75387
92226
94577
19581
87156
91234
64283
74992
43010
44713
94199
87202
6173
15537
23365
75001
61506
16204
75334
77601
93633
38385
71316
84307
8342
14657
5302
66669
69960
97080
81507
5789
41625
74852
38016
95467
84757
88719
16806
64441
70310
53584
88434
59213
26981
56721
54018
8253
59200
74651
63943
46591
84195
52850
30344
45282
62922
20067
42296
95879
14143
1985
61101
54604
76788
11457
8184
37955
16510
86034
4508
91751
77854
21605
1036
24691
51127
49148
98680
23827
64188
93403
34226
79197
81607
48895
63210
23735
61067
21882
16436
23304
26840
70027
68442
40135
72328
9153
55461
48285
34826
24356
11275
2801
39898
82874
94833
46823
77105
95303
23650
9018
95023
76138
84872
6533
40099
55551
53411
92572
76395
49123
44198
29142
96945
35307
94153
24211
88921
216
3198
97523
9113
92395
30619
94637
66041
63829
73448
5059
71582
94870
6114
90988
39223
61351
27770
21306
11557
43748
30463
32323
83851
47533
22355
40019
41689
95009
35248
79574
5371
25202
50933
6946
35934
92080
3503
77487
82227
32961
23172
91159
44611
50832
51871
11375
75937
77954
13309
64987
35677
42700
1534
31743
73877
38984
23264
21214
92219
71220
5346
75380
89773
61295
58789
50439
47454
18267
37427
67254
40994
14971
44378
70592
40374
75161
43494
50625
90961
64085
25913
94294
11308
34206
60288
7623
7105
23209
55521
8677
23119
97652
96116
21987
50582
90513
32542
74219
37995
29260
59007
73231
20924
21521
42298
31697
35899
32476
47597
68567
89957
79155
61600
95580
14681
41511
64847
3247
85340
29697
47634
86065
14704
72113
70774
37964
78452
16923
15810
47905
76547
57650
93905
69201
7028
95901
90355
19268
90917
85145
34958
94698
50457
99568
51571
5008
86728
587
82984
50859
57922
83517
76247
93700
79229
3022
80275
23042
4897
66065
61216
33640
77855
4640
13317
63608
20059
18905
70983
64382
364
75286
10447
11845
24017
12686
89094
35598
80359
75527
56533
59610
88512
28062
22842
86366
40699
62951
49289
76502
67888
20843
64907
91052
36738
91699
61062
83281
69487
15651
37794
47745
46976
95927
42447
37346
57831
22421
10602
51133
98065
10309
75625
84178
64763
98388
40932
28269
18042
2809
26046
25834
31438
65016
86594
50155
46433
77715
34983
92411
7090
52446
25740
68944
65210
22645
38019
59824
51052
53851
23762
57784
81156
97113
3148
17710
78098
61950
76259
39111
36904
85448
99431
63481
80958
66138
892
62797
45382
65713
12757
87019
40244
35053
4489
78357
9803
98203
84529
49624
22535
21726
31354
73770
87960
63339
81200
99567
28461
26557
35701
9434
71747
15005
73253
99772
26595
30251
3525
96886
55217
80588
9557
55305
30035
45730
35773
54278
87052
33420
31654
66845
6280
20688
60490
1609
96186
27798
63264
55590
88337
44836
33328
82248
25581
55595
31150
24637
30219
33292
83974
21784
28050
35349
90209
93358
31409
65084
53811
90544
67462
79511
65823
12548
91143
88591
7370
75047
78648
25847
25577
70740
34009
63131
70691
97871
35913
97278
34420
40650
92121
76236
39310
66195
42762
48702
12862
21889
47949
49357
42889
26724
63138
41792
30248
31030
24756
35823
48321
45679
27880
40665
73862
74075
54292
14226
23468
18242
90048
3776
74216
81004
10798
84572
88293
76129
25892
7730
65358
41483
12551
46089
45433
89591
8423
2922
1811
19218
54192
85358
72301
92309
89601
14001
66051
19798
18077
18105
70194
3408
58044
515
46452
15386
45057
72299
49001
90321
83665
3662
47137
29510
12335
98387
81447
65345
70735
49928
52856
2606
4202
72377
20543
20326
15924
17239
86894
65648
24725
51339
18739
67918
92682
51330
37999
73720
10018
45283
80794
68702
3318
39085
41347
33661
15446
84935
32247
69327
83850
19435
65926
92381
38738
1160
39131
22064
10782
50631
9115
33887
86535
31604
32948
66598
45840
30944
41434
39545
40458
94783
52808
65930
33355
96259
88038
53132
64731
98006
34104
68383
84580
11961
77365
50817
20297
35688
33905
50844
85175
87723
4692
98611
60239
68650
56396
15768
53764
47304
98300
70958
55960
47813
83280
13996
92537
67215
57870
54570
22078
47883
98721
68317
66452
57327
52614
40978
32022
13295
11175
97370
70936
92778
75884
84830
45521
48731
90434
37197
11421
93495
63378
44535
45827
40829
74825
61591
86218
13095
48064
27473
8608
98197
51318
75876
10960
65378
15181
20422
42489
6425
20547
73531
28880
97435
65559
82403
71106
25235
79679
71714
89043
28343
62826
35463
86138
10127
25079
30976
90558
71746
82597
32113
51807
22486
86476
49874
13475
86046
11844
28088
61946
42983
45348
93275
34035
84582
86996
64073
32545
14314
99617
94281
83914
42990
1754
71541
98800
88261
69567
88207
44796
89990
18966
11991
73342
18762
52102
33366
73215
29606
63585
24322
36913
83267
43196
26629
85373
88247
83678
16038
89184
80114
63124
21394
15452
71868
7416
53032
83539
65838
7625
32615
43152
65516
72800
34917
89765
28363
93280
55637
54244
41708
2842
48454
11679
21062
31243
71126
97519
90360
80462
40542
55625
78166
86878
60112
21302
86984
42362
83661
745
86466
73689
91555
27362
80008
17192
594
24516
29027
60593
54644
62998
26227
57083
63352
71971
5614
80432
58552
13656
91278
90085
77006
40915
99493
50957
27963
34147
19540
61271
61561
17277
58298
64581
60360
46939
60104
30509
17474
97322
58513
36594
17731
37966
84144
33091
68211
66558
52644
8970
59250
94187
22649
28391
5983
43530
97863
50079
4148
78494
34484
19362
94962
2846
37046
26214
63508
87392
91116
32771
80719
59524
26057
46955
69523
49036
89406
12443
82230
88531
90005
63428
49456
61797
24450
15373
70029
5296
3343
74507
32768
89125
7099
36357
57530
33974
64217
13587
73679
68178
99317
37154
62206
83759
21371
86085
14983
11133
15336
11801
40734
4581
84663
95609
45833
85204
66007
90197
36236
78167
71652
83513
85400
8547
59659
74823
45539
35772
75577
93908
92554
60537
62513
60086
34396
52124
35079
86918
60291
69663
858
82472
43609
68762
78429
91810
11136
60227
97492
70689
38050
38343
9668
48603
77997
57225
72500
22006
81341
51728
11186
9
29652
80661
69263
92744
69261
42558
15214
33832
15014
14032
91031
8911
21703
43877
33950
73297
99029
11936
80886
23608
4940
5176
21034
24126
4837
43893
76799
75084
62661
74288
54502
6035
60175
26363
70162
40001
93418
34734
14555
813
21775
4363
14561
2964
50126
72743
40092
33704
41004
14795
44097
24812
2668
1303
71354
73537
18957
31383
11659
35658
41916
32835
97618
36581
85086
50509
61633
62569
87206
78757
54414
70123
51853
34445
97721
7463
33580
52494
33757
23871
30980
6488
62303
62046
67535
50661
44918
64019
17711
67868
95941
56324
18153
56210
421
34623
33558
37109
64726
57626
49356
74842
88717
72690
23958
30765
30842
50636
65665
13364
80123
7862
26195
1611
55713
25772
44497
99528
77114
48043
81919
60831
56900
86071
38293
48159
3775
38394
24579
92157
6109
20662
71882
54451
59178
48149
37179
53099
73618
17570
88442
4329
3991
46122
94638
19085
49798
65272
16422
7882
95245
35229
3028
57812
9098
75823
78871
93239
21652
96386
91315
16760
76534
62449
89243
85942
11568
36188
26964
10515
67270
44642
46627
36731
26586
24387
95343
5000
80442
81387
39112
48482
82508
86727
30494
48891
95961
92745
96145
6300
93849
49487
79123
34467
68274
93442
34405
55571
71074
94076
67897
65945
65130
21389
66964
78253
80222
91152
44925
64363
5891
52981
83127
13512
64998
49364
62230
56393
4264
9726
90759
88926
86809
47108
73945
44960
20910
57999
48005
19817
98704
38503
15854
98404
18862
48191
50329
32571
9351
85176
2904
63827
97405
11838
36632
78303
2346
99062
63252
49725
67432
20062
32963
866
69608
12544
35191
71723
81172
83003
93006
74396
67633
21885
66002
4421
78321
99941
77924
69272
28549
49894
16601
35277
45872
35224
48076
12832
81296
99522
86583
92462
26935
73262
41958
9382
56070
58379
71977
10165
41808
97778
74360
66623
2365
77912
30798
27718
55611
92685
97196
95302
9931
88745
34737
46526
70244
17205
27885
76244
14820
40507
23448
19675
97790
98225
34041
92145
63526
8825
86390
96751
27684
96653
20338
80249
49777
1988
87707
15582
89547
26610
92789
58494
70650
68400
2335
4453
45687
22747
25355
33520
78960
23057
38692
71314
88688
50370
55264
68354
2442
89300
61900
34143
68067
85186
51166
67869
10435
15033
43769
60956
29127
17366
34626
53382
91732
67463
26490
37327
87379
11547
13143
32766
841
45175
16244
32415
3211
22011
46910
41945
95885
55364
85330
30252
55963
62512
83829
81599
66973
65881
52972
82216
29471
43189
33306
88825
53474
58361
27652
2254
78045
95444
62314
80388
31588
69391
791
61790
44745
79340
22848
72374
33145
53238
66901
20758
86650
87576
36894
4933
24446
33043
16907
41242
35523
22979
26198
89261
13855
8279
18117
97087
97709
82667
43227
42852
46028
17161
25783
99640
86288
50885
28536
86746
12064
18509
37160
43831
14904
53865
13653
77544
60681
49838
70621
30894
52240
38314
80290
80646
94266
38865
35877
70436
29541
4025
50948
93660
57070
5524
90155
73331
46537
8102
96725
23476
22319
1859
61970
56958
23323
96529
20284
5990
77984
86752
99933
19161
27429
63082
83825
1268
87820
36207
88696
29570
79664
90621
89585
77128
58487
46083
32583
92870
79964
95816
16091
73807
75359
18430
29123
89613
20801
31465
80098
54427
12273
87295
59923
7998
9816
12705
58534
19219
54408
85793
15426
19687
21689
58447
84863
99275
78156
30590
47943
71869
60334
79734
10590
84073
34271
24896
53704
68079
18572
98576
79390
73247
23165
92823
15249
8037
5823
69472
61090
58089
14522
96216
14415
50538
19051
5925
56028
53531
11202
19413
54281
97427
42692
80272
71030
33719
46565
39823
26887
17989
17944
66351
42684
16945
6829
21929
38117
4639
68409
95903
43171
24613
43976
7867
35638
39311
3253
90899
86637
94145
91944
41517
67915
15536
47016
58621
29689
41922
45951
14934
5943
3221
49338
51935
92495
64562
72845
78019
44947
56619
32118
76518
7612
19879
73697
24367
48610
57506
78884
68573
52381
1387
66074
50647
39572
27351
8980
60347
33784
82884
81119
80420
10575
99635
5960
92996
6360
76499
52524
60100
71672
97246
29603
22520
84030
33367
26107
22984
33879
73307
92951
4851
43843
96237
2024
99088
52105
1248
38630
52042
19404
4474
5163
82380
69344
45477
58801
22956
43512
4478
95114
7319
62548
59089
8352
11950
28582
82877
17009
19234
39691
37879
78371
92672
11218
67061
65911
72677
15161
76105
5948
44217
90611
53104
93648
71586
49446
97048
27691
76580
82857
4073
56340
83867
44488
37883
98992
3683
18188
42666
3059
82773
51183
22557
74642
45174
41119
80310
34619
44910
37506
39637
57949
77942
80288
99641
87584
7233
78451
48417
36744
63110
7977
44706
48925
28691
87073
18616
78298
31489
54907
34117
59190
14520
47558
3930
84811
79694
85001
30776
67896
60350
16138
42685
8622
90703
334
926
28035
52104
33035
44020
53408
40166
4669
63882
81939
93816
85179
46687
92176
22750
57061
38223
89500
67825
26701
36552
29059
59303
72548
92875
93036
51421
12012
96180
39335
58440
93795
23063
38296
94438
14672
43810
62611
58902
64482
33216
79767
29709
18970
80004
4650
98189
66877
1702
5740
99156
37650
86258
43637
11338
61032
40628
91455
77677
39437
14879
66951
19604
24369
11381
80179
95754
27503
71490
29990
59745
4
30500
74832
36797
28455
87249
74298
88544
16581
93742
1832
8979
15817
10744
61543
72730
44693
84367
18885
66678
82922
86615
85092
85509
44663
9354
94236
46346
89700
61776
60466
41610
15603
14615
64128
29814
76549
94764
28955
32096
62006
83990
17060
88200
48871
15237
51960
52654
82617
10473
77480
34738
38920
56575
58752
88674
68010
63157
95192
96552
43037
23972
40148
60067
68435
25351
70203
7971
64291
75598
84161
3427
73866
17122
75417
63593
83065
29929
43436
83982
16647
89455
18793
78061
14621
64722
72601
48606
85297
38951
51636
48959
74892
81100
90788
16335
81523
54438
82901
84109
98232
35436
49846
18707
58549
68387
7667
86556
56854
3455
34582
9371
13323
2583
4721
56499
50146
83068
29974
32977
76372
41294
93103
71132
84281
24280
58099
48928
48172
99383
7313
13638
85811
5824
35756
24870
80824
2377
82182
45231
85030
26619
49261
19064
90807
4563
41122
30131
68015
54759
3780
23093
46985
35764
78296
68751
55955
74235
70622
12148
93749
74845
30752
38089
76442
86610
89784
10874
42019
78567
22214
66591
16879
5841
85263
95056
58215
7550
82693
58914
62943
30665
98542
5436
21558
77450
67097
12174
65854
34581
18693
24452
11333
74575
97757
39787
8391
76927
12681
15193
82131
34546
87453
46714
18491
22458
65602
18636
17825
64439
16668
73009
29819
87506
11931
31010
2052
5179
4305
47018
44027
34920
6600
58019
61847
65169
38010
73306
36424
86782
16067
29396
73343
85925
34955
50961
29301
94714
12121
92919
34462
76315
94411
90680
73962
72859
41993
2042
40653
49811
4477
29202
45332
34322
59395
7752
33020
72999
97032
97055
87296
97666
50975
58141
38020
35443
40706
510
4534
637
5119
48890
88568
15539
91837
1738
61306
5168
31466
10771
87531
28314
92
72616
65229
57526
91862
69687
32804
58939
62721
3663
54471
3272
34301
65725
84506
3513
53731
55057
83783
10841
76612
61788
59249
46455
80838
15198
31157
96764
21824
7567
18483
83786
39366
23609
72668
41669
5664
55866
73625
74875
73488
44234
43105
66954
52070
70022
52863
18453
6948
39625
98925
53778
11443
34934
63306
48105
13823
75942
53953
26900
49867
23936
66328
34219
7455
55055
97589
50493
87951
72311
74800
1231
72896
44587
25252
36263
13268
35938
20750
46816
91106
40270
64741
2790
66265
82719
77554
80245
27074
37910
60778
45499
5879
63319
51003
84911
50872
57012
43664
38088
71515
41461
26372
686
13471
34607
91836
66621
10878
95973
13111
43905
87183
54330
58356
49976
55083
38520
86777
50295
48341
54307
21845
80837
3701
17329
6095
22708
25271
23273
96514
52025
73096
98355
66787
88905
58131
55832
75999
3346
29457
28715
96937
87037
12560
93523
50569
1636
47641
44559
63870
34644
21733
67596
5689
21012
68099
47402
71797
49002
28803
78678
83478
11209
2948
59853
57420
46263
86973
60734
65000
41941
71501
34132
74805
60789
1274
25859
17972
53223
84569
66696
66737
29054
55021
80110
71143
37611
54229
46294
66565
74489
28621
8072
57895
79831
55490
76912
23219
92961
38575
56982
66891
81033
83509
44543
77726
58768
66272
31180
97585
48900
23113
23193
24859
55959
63640
4064
84066
95767
6465
95017
62294
77209
46056
5626
84648
53843
86279
614
89286
79825
25451
34747
87683
45241
81746
25266
78004
73498
35884
55719
55856
73347
72667
18657
73593
21503
8261
77523
19313
55406
35428
32609
29803
13962
14464
13204
77527
66581
36
64259
65332
59472
26735
68268
16088
5391
39324
80346
73067
2218
85099
5204
73524
17428
5678
66063
81997
76790
1526
15954
77295
45310
14355
70703
4042
13266
38963
18079
53934
26173
42047
32638
94832
21013
23809
22881
87386
45107
90332
14201
44678
54352
15003
42912
85544
75704
19991
91424
50549
78446
93551
94617
86898
90547
5969
41226
21449
34319
57016
81482
52096
9616
3387
15794
75946
53975
68988
75983
35423
1205
34995
75108
4724
63469
90698
14124
73988
82120
56947
41518
98487
39754
429
33008
25381
28107
90657
95640
24788
22211
98432
53130
14268
78001
84019
45661
88559
40761
81
38811
40351
82423
29223
84513
16439
39272
91156
70630
31175
97399
34250
8967
11661
67755
13702
54249
4397
83817
55627
11615
28406
85381
89609
13426
78306
33396
80140
81996
46924
68408
20333
89951
32044
36821
67095
39322
38769
57681
97308
29546
58723
63552
47615
16890
40855
63161
6132
67282
24358
10824
2261
48260
31706
12029
68659
77578
35680
51873
5307
10369
33735
66470
35167
44273
92032
98986
73568
16595
73603
4152
14696
58793
58935
73828
44352
22215
15297
65750
32075
48227
25048
58248
97715
98492
17950
8059
85579
89838
1941
63353
97609
37662
13125
47682
74140
96466
93461
95306
23571
83553
84919
47262
23974
20579
97279
88614
66705
82654
61897
98279
97233
46004
17194
14887
20076
35414
28632
53088
7234
18577
23645
56615
74328
72387
57559
396
22007
68748
73348
16182
66509
57593
47258
66761
83145
75014
95650
51980
59869
83964
91408
52090
18568
56010
35140
26091
22731
12539
17677
39083
8990
43479
86641
99665
66379
8844
27581
18756
39185
5066
45856
20226
55161
51207
84923
7219
6019
722
23044
75797
97732
12745
71780
51266
91406
10670
28310
94024
95591
41281
79865
38060
51826
32367
64735
90632
33177
45281
38541
92544
68721
41541
50060
63392
24714
55824
90300
61604
6113
64035
69821
21437
63817
20929
63049
72536
69131
25396
18622
20943
32621
92866
76274
79313
92549
85718
56984
78093
24342
14020
50621
17648
11304
37087
32646
28648
77884
25370
77213
15258
78517
10543
45425
289
66093
86292
34753
36252
31647
29982
73674
49871
61088
55329
33559
65441
45201
22043
25116
5733
21479
55180
56629
29795
46465
92185
1920
32891
94838
2413
95545
67783
53293
84697
29242
23419
46250
32375
3186
76108
53064
31493
22026
18520
53180
47849
40255
6965
25512
21160
25926
18698
32429
72626
21477
34245
46185
97914
10311
71344
34921
72245
90061
36034
89025
66965
39354
51847
29458
64652
80247
68271
83331
20207
24520
15708
39744
70966
68445
72631
96640
56365
50710
10366
3099
33964
22732
70437
57456
58622
52212
10939
27747
57632
82847
16755
90066
53136
14961
34306
39866
12845
44051
28958
55524
34179
18332
72446
39828
70846
20341
32263
91678
77266
56603
78187
45967
41740
62125
42690
59722
65064
95314
92312
15406
38947
86764
63387
39189
40197
81834
48263
14650
68689
33758
31803
84053
83618
28756
82228
49753
11170
16035
34966
54375
48053
67149
61487
92862
58673
88093
20271
49620
37380
56537
19543
99995
57778
64994
58848
11031
38012
4815
11878
83542
90089
45111
93540
50099
4912
47846
24365
83576
12175
93015
68219
99025
55251
87216
21261
69603
30170
54838
11705
20687
35453
78830
68673
2540
3918
16278
98304
8233
45903
58741
21243
34050
25258
80256
96330
36558
54743
7306
12026
44730
25255
56606
8974
17005
94668
81221
76418
99174
66835
4164
72914
43104
55460
40424
94017
79097
97646
39751
52503
80358
51408
58885
34846
18012
99935
98622
96898
94550
24077
54600
67865
47963
96436
72348
23687
20421
72024
31468
84277
9993
31723
45373
14969
66692
79014
89146
90103
42427
10021
3558
74039
11029
98249
29043
86123
34281
24653
70295
83803
30529
88562
47998
12159
259
50123
19384
55479
46000
81049
72813
98873
29168
21830
40348
85576
58659
93066
43708
27884
93659
27634
64166
67926
22612
92632
18494
98846
41893
8096
70753
93947
78384
4348
55365
21506
23031
18451
87679
80182
2768
83997
61304
78441
74668
42462
78998
13985
42366
91489
11070
53114
10131
1918
697
34931
13884
1813
84444
53187
22949
1895
73643
51765
89531
60701
57424
9388
23815
67222
243
29633
22076
81335
71867
60386
54686
3233
78386
23795
77857
53503
1887
51411
31969
54875
2999
27750
89219
93182
79959
60327
33277
53444
60733
58933
50979
24942
37881
12656
593
76280
27601
71235
96501
43221
77278
94726
63060
38771
69036
9123
89775
96860
54230
70991
45980
60862
23820
3288
47408
54712
65488
50018
20617
3568
79605
45924
23937
62834
69958
46431
98990
62042
1516
12572
48326
51867
86163
88546
8091
9342
64519
5857
97450
25099
79464
26476
69527
88789
97539
61664
22829
31737
35054
94339
63359
85268
69113
19618
22464
46339
28299
31015
45648
73675
54062
58851
9478
16801
31
87928
23644
63075
74854
32958
51310
16482
90336
35784
39093
31457
34095
39134
71776
37556
48462
35846
80337
45804
47890
19405
14317
12033
12979
29630
8095
9393
62574
20160
20891
46564
41053
84276
51463
87877
22296
38888
89292
44221
61515
70474
90901
17902
41872
85906
20851
45734
55707
87826
71430
83941
51203
19975
99391
26867
73350
60467
32134
40586
9233
59571
66550
25862
427
68867
40091
19297
63253
99825
68139
20946
33416
93347
81259
14046
6582
61692
83446
19802
8269
68656
58304
47587
13840
15023
86826
98431
67320
98605
53149
35765
25230
36341
73209
18457
85957
21782
86914
44485
96482
52041
49191
95219
46372
33509
68425
73623
22603
85008
46033
77952
79438
25074
94898
23692
63750
18822
44309
87253
37519
69180
70347
63731
55014
53469
53110
49078
30536
35711
17089
67161
68195
9550
16630
54795
50587
22605
31853
93175
67292
40332
12698
12772
92294
50386
3801
53591
26393
57674
60351
17321
45939
88480
43763
91911
73695
33723
94279
9942
51861
44098
13627
66947
33397
64434
85849
91952
84681
5500
40772
17632
3323
83830
1501
75030
39340
12413
84876
63928
1833
57629
91539
50908
76782
53774
65418
85673
75663
36983
29892
10533
8334
31220
65161
72861
24304
40852
20305
48640
8040
37882
46906
84826
4575
21101
56335
18351
74850
73881
27235
116
85328
24606
53861
26113
54179
92178
76413
21330
26728
67090
40358
49467
77385
91326
82906
30012
64622
93472
74648
13896
49993
31341
76289
90810
14222
55279
26782
16178
80616
79380
87512
14443
10007
86916
62407
28895
5829
64717
34664
48359
95292
93355
53694
89302
8084
13210
37511
40689
50180
59730
90570
8983
21696
43939
72915
40894
5768
42343
26346
55629
84916
17942
33498
88603
6778
79933
79376
8801
60479
39954
73179
88534
36491
27458
57923
57750
54904
14979
93433
13768
80085
49743
84498
7128
49642
33983
74812
17467
40006
20965
27040
84844
52273
26885
68836
57912
55728
3799
95968
36723
35868
54525
17921
76765
97544
81536
92836
53107
84165
13941
20545
51376
6681
87347
4725
35955
48046
1537
15455
8245
74774
81941
24885
35395
40705
6031
86807
45882
42673
26033
97187
65261
12259
84565
39100
47707
91135
26731
87446
67746
52826
92446
988
42555
63720
39939
80032
11162
87414
38834
11777
1384
99811
91704
96763
69601
28693
40175
79524
53271
93810
57849
51752
95345
7338
7322
77994
49723
93808
56949
92429
95432
17391
25301
39467
25047
37948
89729
43295
60426
24360
31576
30195
52688
1934
10109
97443
88233
88969
96818
60180
81908
20854
86232
87031
89735
48805
68028
23493
4942
35798
71301
49408
29334
61364
82582
7353
8726
53254
6432
13596
69350
59691
78103
52245
89228
72989
35333
56874
76564
12969
29710
15102
8010
56550
8021
70275
22658
33664
9892
46850
91211
18691
56164
95731
90
66070
41667
88444
79671
78447
62916
77961
18928
7506
85229
56115
61002
90569
87541
48652
49618
37058
76519
58058
2895
10408
11560
16733
29403
99008
38130
41768
19678
42528
98598
50002
37384
53952
35300
44689
14817
88345
30727
92167
64971
22495
75473
75494
23785
98545
77920
6461
49265
47532
50374
92271
57439
65916
6889
46951
92868
80995
18195
94765
55417
4233
44867
54040
13330
80929
32817
21597
65022
20978
78543
56639
50989
10352
67174
16462
50915
4092
87568
20351
69869
33346
17149
26481
16311
52267
37785
53548
72415
77456
52602
81557
10247
79140
72108
57101
58946
6248
8219
92398
2953
89618
67558
85112
29500
45857
19304
57054
60126
15946
36112
48273
45196
53830
81754
78204
20109
76529
91151
36295
15721
56401
96434
72427
93359
89211
61260
59873
45819
14194
19172
19412
76070
27611
78320
55711
37328
95744
83613
95145
61228
20451
80934
28019
63848
42963
52730
39199
76591
76729
85413
37834
59209
15411
11990
81232
53227
44084
48545
59010
68530
72884
96437
55334
7132
80007
1342
57710
70515
83266
5446
80124
64965
43122
52083
39323
67104
47743
99810
61440
37515
4081
69885
59206
74122
27479
57080
27367
18101
152
44885
83125
36851
35255
42744
90704
68474
26415
10199
75735
24471
14241
29387
65030
88583
7471
43334
62434
39850
5609
35697
76893
37068
11445
67877
36035
60685
14775
15404
96308
92606
93420
38487
96323
46188
39442
39219
80448
36648
29325
89570
10452
93618
61964
97299
37804
29364
48382
95266
67201
38211
91842
81017
96905
66921
51299
13276
56897
83824
68921
96877
59832
10846
77370
77077
87949
84601
47711
18309
34824
67281
90914
11813
47705
28725
82485
18791
64009
61095
61545
47423
58934
66722
80301
64836
59011
45613
10755
97675
42856
98841
21707
22554
12689
21518
62240
26326
76316
39202
81551
92616
75841
35641
58535
19289
68364
86168
42257
31571
58694
8862
31867
56797
72633
86399
53903
77095
72787
57704
7910
66197
42196
68511
45654
38837
71711
8645
47467
18275
28527
8268
61726
5039
886
9256
86679
72796
58749
8942
47341
66321
78229
38084
25585
38041
34394
81985
66005
25800
3617
34410
50598
3990
41192
99031
14580
81412
88912
16995
90179
2382
93526
98845
93445
85396
10376
24501
5650
24604
35705
12769
29800
30297
28952
22356
71108
70579
29745
26240
64807
92444
5030
96151
17247
73190
81367
75293
81903
96526
91246
11184
41566
2128
71511
4291
27432
84544
18038
18187
76875
72571
29958
4570
3700
51651
51227
55614
9862
44556
84391
50937
61703
31458
38822
70269
68757
58148
51905
78337
31258
81346
81110
19985
35761
38031
16782
4420
65819
53327
30989
67052
36198
46857
50528
72062
63237
41655
15664
24556
77525
54283
47037
84901
99513
87945
73052
32580
5385
93070
5202
23600
94211
5098
16458
29521
52799
87451
76494
87499
68846
74982
8281
854
78785
30356
64845
87367
17808
69834
23527
56552
75652
68640
21829
79818
5182
3380
35358
55387
29327
42987
19461
7048
79766
5412
63130
95820
61458
55673
82942
45719
20218
94214
11092
95709
21700
24718
89199
32132
8486
5167
5260
63907
47012
97485
38186
21256
25191
73585
49607
74215
45848
71284
53528
22941
24704
54136
81264
44040
40614
41060
55935
77545
56268
44575
76752
1915
71484
64566
99392
79804
99408
44958
99304
46442
46904
84448
75896
55485
28327
74608
62638
71842
59530
26923
74721
41343
68043
40790
16376
71250
53037
1693
42422
37684
63125
82704
73356
8178
56194
61548
33777
59898
38571
57580
70335
87134
6675
13196
91524
96696
83342
7609
30632
11996
92973
97586
4144
13674
38415
63911
33535
86505
68181
21579
29326
55858
4051
78575
54479
63227
96341
29952
95629
54923
33924
46403
76533
94712
50892
63314
82642
89490
15093
6492
99594
922
57198
32292
70426
48338
10266
30514
63723
66587
22484
22593
60182
5195
87212
62412
58836
60796
87469
47859
16997
12000
9797
41353
90051
65903
33515
2182
43211
71853
31107
48297
27704
80389
95838
24134
31590
81609
33861
76915
51202
33172
95242
10260
32842
82647
82975
63597
87604
75241
38438
57988
38488
57227
12895
89906
17643
82278
64946
62041
81700
56791
87797
18141
72288
27815
18149
91061
34485
30333
64260
30786
34748
76428
16029
36918
41651
70948
10112
78365
10641
14145
93489
10115
24987
47287
55957
34760
80631
11581
11155
68706
59820
80205
8063
92498
33528
65414
30506
16532
80633
31651
35143
38788
76037
39917
64316
69245
64615
6866
51877
91895
33488
62197
23818
45825
68890
29204
92213
41117
5236
44019
69486
7841
80710
20495
98583
98726
27027
96843
96470
71233
66882
5878
35993
45108
25689
51504
11225
84397
4978
74567
44120
60252
33430
42907
41846
75500
45224
48118
82634
43784
98649
72490
6507
34758
80597
13907
2990
80821
21867
61194
50022
64284
26387
96910
45536
79697
40233
79113
42807
6960
64690
50409
40304
3998
90661
36460
85056
49958
72084
7599
48114
66449
82656
43209
68484
53522
62070
29496
63871
28227
24659
42102
34482
93131
47143
58727
91230
7030
68652
21846
6164
56187
51035
55199
25105
43150
36477
27590
64268
39679
43963
70451
29194
94655
38350
63942
54218
53195
85912
8325
909
27070
53270
8951
50317
15484
4760
70132
44297
76319
81500
43889
7602
40212
47335
64071
5053
27672
44977
15205
22936
93483
47599
5676
61796
98812
35891
21032
46081
61243
28132
26299
35555
34479
86957
73338
98525
90017
42234
87397
8260
3870
89758
57297
35807
89029
16924
67019
54585
12692
81245
97654
46422
30250
91728
36893
54982
58110
84574
2326
30148
99453
9349
83034
89606
98693
10677
17572
11657
12149
12690
74890
37675
17557
44872
42132
59302
62352
3960
83252
21322
16575
2619
95038
84255
80558
79289
89404
45323
40781
37294
26084
80366
8886
69825
63704
35245
30225
40169
78460
64155
36439
40811
5144
76726
8894
28266
98191
90435
27588
30570
5509
21965
29336
22807
97139
99676
82238
7439
29501
69202
59921
41959
84071
87026
42609
79315
82213
58698
28093
9275
39509
55404
91480
70883
32159
82431
74914
48941
48179
27013
42590
30372
31420
23169
97206
3531
84322
21794
51869
59390
20021
38763
88571
88622
62946
12141
46282
87687
53628
72982
19247
88249
37438
87148
82830
88875
62672
42142
85378
48997
69078
40933
53302
19818
93809
54924
7496
32416
91260
88114
82994
37924
88174
34048
83996
22062
48519
55683
61585
90737
74101
7966
36132
14375
75158
25209
70323
39909
37121
78398
91482
91167
50652
15971
98562
33599
44299
38930
80599
81639
78401
73458
25575
67329
81062
87615
42988
96655
32282
77271
38247
47909
30510
89947
23582
30395
28443
2054
62062
25844
97975
84008
82077
15188
85631
29565
91197
73237
4341
5013
10242
76043
67673
64853
77937
5901
99496
44845
32430
99486
417
98398
5986
5452
29441
75333
68499
27824
88612
32214
29176
38894
41092
18060
55015
77027
30601
14832
3852
19077
5583
95414
81697
46128
81820
28922
12666
29559
35783
77297
493
46598
10037
39059
42341
21392
59176
66691
24623
48664
98819
37517
54895
79918
42270
41798
33749
45367
34733
50319
72557
61370
52187
96129
34889
40399
48851
94936
11856
31993
58912
33493
91826
54737
50973
91805
84204
30415
89329
75747
98565
52592
68433
77215
17429
50008
89201
98961
56439
5197
70032
40463
51852
41522
86795
64273
64873
12665
59652
55432
65957
40064
72143
4060
75700
39457
3541
68863
71611
356
24323
23652
6428
38106
92342
68509
82474
43881
83218
56669
44538
62235
75307
65314
3074
47288
6667
30409
21612
72148
75318
22691
57561
91237
84948
95827
53758
90123
16831
21693
64080
72695
83114
16331
79620
66504
11633
10394
1899
63245
9923
44574
84519
40190
79572
29021
70366
61025
28040
64443
8013
31952
28242
12334
87670
92428
74638
70464
31263
96590
41733
28690
23243
26688
13279
71214
76710
67542
14664
39665
97716
97165
50208
25015
23343
81451
62604
54030
16024
8162
38305
67427
71129
84185
32448
38600
49722
10854
66590
75120
84155
57851
9366
90801
21124
56709
81334
38344
86182
1368
13787
32347
88059
25405
3013
17522
93842
27625
49412
27093
28232
45481
83935
26295
119
54873
95091
95356
71928
90874
90464
96651
85644
5560
34463
55642
9244
28375
83383
51874
23906
23553
37821
42198
7112
21447
17658
72908
43078
47312
18010
5933
5639
10905
88413
23543
22322
52173
91131
27415
93934
89961
35649
68753
23278
55984
24570
79348
54250
12292
79046
20956
79274
14457
71463
46023
65411
6275
31642
77737
30081
71396
65889
80621
99005
46449
56865
94320
86450
20985
80252
56327
76382
5188
72765
97291
91366
65447
47038
45306
1886
78936
34427
76033
77137
18480
79214
25470
6317
77030
60240
46258
45553
79263
75049
33110
75783
32598
64276
4623
30825
26318
98733
38306
70215
87368
84485
30226
64664
35578
82698
34030
74944
79846
6739
70850
79581
57527
32859
80907
49413
2338
90562
87504
51581
46300
28166
64636
69512
14578
35606
89005
6420
37270
57047
84692
48334
65049
93154
68357
56674
40485
47200
85686
45392
70179
40188
64008
78154
23646
88782
35546
78727
10801
85685
44675
13514
55860
37585
52949
34848
22448
11347
66496
90681
63123
16385
24906
33411
71682
10139
5379
9207
66117
61794
79385
41615
77367
78665
57428
3647
33454
18206
59483
12959
16688
38157
49519
18017
59342
46759
74993
63806
58111
9970
54685
41504
72198
79632
66908
84037
98751
317
33067
45614
7848
8724
53221
3332
48888
21037
6656
29522
34627
4877
21628
38562
48234
93528
18325
85854
9362
39280
60911
6738
17156
19034
52205
79887
5070
55523
83223
38040
29975
55567
58620
38931
65759
35579
57976
75935
37467
99939
17145
90335
19579
4661
86740
50867
51093
3477
53957
183
21769
20918
98098
31996
66338
28437
50968
55213
37136
17471
68451
33112
10935
34635
8696
51218
54976
11704
38658
97357
56368
93179
43149
12201
33217
26926
64177
85470
84081
86528
7800
72806
68279
12846
76006
31149
39620
23041
35963
7383
3977
66448
72549
29207
89829
11911
78342
13491
11230
91772
230
46977
41572
2807
13126
77073
28603
1106
77193
27775
2653
81625
99282
30698
17026
57715
93968
83881
95401
83575
32618
64279
78943
25683
67688
59411
83662
73968
48983
44219
27892
81803
89439
66407
87280
37852
78235
8289
47896
50280
24264
13563
15656
77720
21877
19557
23550
45973
99940
78822
4057
92812
52271
6077
74531
11328
49208
2430
83394
71429
30918
85421
44359
26939
69246
55651
97292
85036
71162
66867
89881
54070
48536
99592
788
73351
89031
27154
70972
1904
88681
68533
1362
66767
32063
66158
45298
7987
67280
58551
40284
11776
50156
32417
42756
70005
60512
74038
45800
19956
56866
58671
84680
88897
91943
50044
36100
35858
45937
57078
8989
55561
23253
67166
42735
80515
82742
26449
61574
67983
9618
40670
16518
20606
34554
21812
10517
94827
64938
34358
22015
44316
33992
48313
98999
61986
63242
98303
81379
13008
83619
74499
56017
33943
54121
25150
46715
17869
86514
74022
5627
88389
64672
76147
76870
84584
50150
56481
66110
5233
1391
93723
89477
95663
48753
61093
80591
71991
94015
40503
81129
17629
90970
84254
29316
84733
79808
61652
56904
25448
43592
46762
25660
81800
97581
94985
51190
34629
79668
17780
64592
90779
80681
67011
33156
14975
31796
76588
26426
11728
42607
25402
28432
2114
91789
6105
30238
3294
80101
31761
43129
82195
30024
98125
41841
49200
79954
29977
80102
68090
29348
66385
52366
68795
9145
49414
49488
76897
83023
82631
96262
25846
7720
52779
70739
20060
78469
50922
19197
14106
25567
4227
62283
15510
92960
85629
20483
57058
38761
3065
17158
20804
75913
40900
34163
55182
20737
62224
55971
20438
64979
60156
94858
39966
38219
47307
85471
46923
81793
74020
59812
6033
94819
17268
71943
68108
46113
33433
37298
96347
80819
40712
67337
81701
90141
65066
67721
39284
20635
71864
29234
19708
42144
8265
29018
67062
73966
40920
5306
56539
80232
59537
3447
6833
59358
74291
22918
2460
51661
50862
28711
35332
74920
6468
13723
28400
1572
78169
99814
31682
99807
1398
88058
45191
95776
48756
34213
59680
26658
72020
47272
27607
84151
95762
43919
22980
26345
3009
30803
30135
6003
54221
90567
55928
17598
41039
21928
39183
89281
2576
14047
80638
8654
29955
44771
30279
93516
28586
8461
37803
96407
43646
64324
26298
67444
81862
49023
9331
2772
21092
12730
35986
76909
95152
80674
3038
6844
29832
86769
62349
60137
99102
77402
97906
73921
93611
53610
53429
47838
59862
48280
34393
5342
61110
69771
65974
56750
3249
72406
96805
51729
84153
68013
88774
16824
71197
1266
34752
18158
94349
44591
39026
17003
40627
43683
1366
67678
87441
34153
96108
68356
86521
18766
44272
23672
48989
16564
25213
141
50059
71307
32437
881
57318
96639
52884
81588
96418
29235
88284
85702
81913
67197
72318
68138
23428
47514
72349
26474
54694
15777
52966
39056
51473
74415
38452
17828
30386
75968
32320
67561
1771
18518
55770
60717
74165
40375
89529
40710
81193
14755
6150
58646
7562
31798
22680
91515
60720
80001
18470
30917
42491
7791
13685
14678
63712
1750
39023
15832
49333
10964
81703
73635
20090
13368
66227
10313
69545
13543
54914
50455
26220
54456
1275
27066
50428
9820
22367
76019
84310
94161
70233
470
37399
54779
43918
88265
6409
30419
17119
90689
93941
84772
98307
73978
38346
27286
77711
11362
88500
91550
89970
95063
67752
949
37742
27489
93165
68544
82829
14084
32185
8836
12105
45684
59913
22036
28721
69122
68368
79598
17283
18507
88315
8821
41527
33915
22845
78924
18686
54132
20045
46893
39344
58118
71078
32675
92691
10159
50699
95875
59027
92802
62311
13357
82426
75088
67937
38183
95753
35584
70798
47980
74737
28273
89515
38353
54887
53718
94293
60373
19550
16920
91385
46042
72071
37060
92227
35668
63934
34936
63800
45641
82764
77760
66547
86829
26127
82186
90871
7236
31270
82887
91357
68428
59048
15178
38608
3611
94504
17868
86393
37698
44502
25133
99964
17843
30838
95285
90717
41074
40072
63616
44323
9107
241
72006
23146
37535
67901
2089
20853
41425
89539
47523
62676
36659
21759
61091
85902
53982
9564
93187
25343
17098
44941
42803
46862
52222
76903
68777
94738
9224
92052
31583
39213
48671
43505
82848
38526
8692
19187
64408
29480
20037
81892
68566
696
3793
31772
75621
37139
30762
7041
55738
58311
25528
50387
13419
73929
53430
39581
75890
50346
32960
38120
36411
14100
62741
51519
55676
18061
48709
30192
10207
38881
80328
30403
85299
2695
47956
55377
29186
23129
21192
74482
24048
81739
61696
79059
39792
76697
84371
25574
25916
78266
91723
27381
48934
47594
52249
39163
48251
57123
44132
84636
78839
55080
93245
99631
60552
63215
5087
96374
60442
72079
97643
62989
3993
23898
1472
9809
73533
76128
27176
62844
81010
82963
2612
68787
66881
38846
91794
20150
14096
19294
4895
71120
75501
19486
84607
5885
54668
34522
2952
8907
13050
86037
20622
99176
19307
28624
8146
64811
24564
73532
58999
39962
77026
95635
45505
91112
79527
67089
28484
65426
22332
17700
87471
99359
76010
6922
97449
76756
26914
74204
64889
78711
11617
96078
1786
27285
32241
23889
41316
42770
11409
83728
19473
22475
84988
24027
11177
25176
2231
73922
96408
20777
979
83707
76455
56696
8065
54165
50806
51722
36107
15723
22869
39087
77792
72259
10940
28229
82250
64164
27591
94926
99756
68161
15382
35693
22203
91325
99508
95856
63982
84497
7740
56517
53748
35502
56995
17258
99794
39549
91712
68892
78818
57893
38412
63028
82276
58225
87619
19471
65346
18297
19316
37070
15419
8985
72876
78087
49031
58318
69379
23027
82288
39278
27028
87565
33460
90864
95785
22798
36403
19556
61180
64748
92041
62453
11639
38018
90174
97378
86497
73270
40159
29785
85181
18089
45400
18783
16597
36301
93271
87365
55783
66631
68483
79795
29280
80061
542
43557
97222
42622
73063
41369
95103
26848
99609
78291
95124
17251
46118
63064
84404
80654
65810
39659
60191
85389
22957
52379
74009
8767
31318
27663
43265
28373
34026
22947
37956
23648
94685
5482
42473
61539
22188
37276
80153
12454
48175
30916
36007
10281
35961
78501
96021
41350
31756
20375
7340
10686
41361
95739
74590
4917
91849
66039
81075
46527
58708
27115
83257
88853
6709
60609
11141
91830
65194
46782
76068
22107
56572
58787
36957
32228
29775
56
97236
27697
77490
47373
30178
42387
22116
15918
5318
92250
17997
70968
87186
95337
54122
50881
88972
14332
38633
31231
85799
55729
94640
85500
2592
54370
41783
816
5989
47886
91668
40398
5494
35015
73417
93545
63581
73301
40048
19965
74184
53371
91982
73789
46593
23071
48419
20998
60721
35819
2451
57171
4469
35419
47852
10491
14445
60867
28428
23731
68619
17418
35035
76497
5580
12436
11773
82757
59031
42788
51814
29634
34399
90747
66653
17583
11112
94997
44699
14408
76310
7788
57756
73033
60362
42163
82189
7224
97542
44733
11798
24905
30947
47993
78262
90989
79991
67465
96793
64822
64424
56470
53803
87485
25264
69402
17011
53856
2533
95501
3488
98784
14101
68075
35839
81559
15423
83385
33624
94834
4129
68087
97060
480
42106
30115
96149
59299
45548
64195
72123
40917
36537
24198
21327
34375
87680
16845
47559
71395
78688
44395
58733
31272
72177
5465
40739
7695
24705
52563
52396
13035
51364
96729
54787
46198
20969
70636
12870
36529
97313
45515
82661
19647
95584
70283
23873
6087
15008
11780
36205
53016
8202
16443
12709
87492
84313
88780
72054
84660
65242
92206
57018
82788
94626
91662
44407
37159
2234
1795
62384
51246
43802
24922
64478
2775
64418
18147
66960
49461
62381
48451
98264
19391
21038
86845
37867
74498
16020
85494
42070
10315
79249
94823
75431
18767
58519
57002
25593
48817
32278
4830
70212
62361
19040
67635
31070
38741
43401
56728
3192
90484
38310
13617
41661
46745
89575
65612
12898
60780
5962
9837
58185
54204
3499
635
787
10107
22090
15756
84332
99143
78369
10014
95047
4530
95770
50969
83036
22765
31176
74169
12746
79491
18004
64471
20734
63137
21335
64206
14531
10644
50984
7819
68350
15828
33763
92391
34373
92138
31566
68811
6264
80035
81866
84261
98824
14169
4926
29102
93584
76096
99745
8655
59946
24053
35548
79084
57619
18407
24063
15339
64221
41370
84651
23266
10385
6714
69861
39592
17906
79255
52819
53899
98333
3818
37007
15602
5567
1775
35676
14836
1267
3197
30714
94999
50105
96923
59467
39441
41901
68091
81680
18975
49109
67359
29753
44851
67828
18166
54371
93912
94840
37923
76127
72506
97329
42118
78207
19938
24372
38547
13699
39584
60361
51380
22426
26468
42051
36961
94429
29944
27428
77938
23612
61640
34503
78361
36663
38756
20574
87257
43702
60828
70145
48023
18212
43920
4031
96515
1027
97259
93435
49701
21906
74879
39873
36933
77464
34976
93786
6853
47695
76609
4245
63739
68491
44064
33373
47427
57237
91305
75015
36440
49746
41090
49913
43522
84325
18318
97186
34220
10031
90757
43869
42181
53825
98807
51779
18845
70551
28607
45712
80870
460
44970
94475
13118
87545
78433
45265
41507
38051
68467
9950
2003
71847
63295
18960
30123
47355
23096
92420
36518
78602
92322
50983
8596
65177
93450
78886
15515
33793
20747
70924
48703
28984
32083
88536
99085
56717
31060
28044
63056
96123
27791
76255
86050
53604
36251
8494
35258
13394
11471
94608
92329
13083
80071
67551
35632
58351
41327
52275
7347
66865
49348
63726
36989
53844
34275
68094
39
37755
34370
27018
53996
93193
13652
17323
39667
75748
18260
41211
96059
87597
58758
87409
4974
7929
87653
76976
57596
34884
12657
67819
32037
81252
58395
55089
60202
33159
51777
55795
8545
85738
38731
59177
54566
19950
65374
48390
5921
75796
97008
77609
20116
12585
52705
96596
67331
30769
15701
6564
98687
51486
79067
28100
33030
62396
98610
469
51941
46885
89624
17430
95456
24395
92590
59118
69119
73123
33727
54001
34056
15039
79174
36959
60798
39136
92076
64732
88276
38074
61455
5773
27804
27079
24732
38918
61637
23390
80239
36691
85751
77850
36464
26122
20184
45797
27717
40824
47254
96229
90800
65917
81969
23712
84177
62308
71774
28235
4424
32088
16819
20803
72530
84633
91525
47876
22584
35943
28354
33041
80267
50750
27989
98351
42960
88367
36921
86642
21055
75920
23467
73550
48505
11694
70447
60883
95582
69432
21164
87250
88616
8672
81909
78412
65204
26325
53942
70049
25300
66369
48981
88767
18912
93440
90440
54240
41567
46950
43607
42780
58772
87803
24334
59870
15706
24580
11353
8686
88087
2040
69481
6042
84337
34544
25189
97373
20753
77521
37449
35857
62531
59916
84879
21465
4289
12566
64183
71645
94200
74673
36273
52001
9556
75045
19839
87398
93141
57493
2838
73558
33026
76966
35700
67987
50176
10859
74266
26872
65380
68559
12169
94581
38662
86381
80192
32386
39439
21635
87745
50240
83605
24486
36148
3779
13324
43993
49855
75926
52536
54124
38173
77779
56980
67814
51462
28882
52828
62990
60716
93876
84578
69456
38648
6878
64973
44861
56881
8950
56932
40610
39434
17271
43703
31797
22642
19039
38241
11874
66717
96028
3564
69282
39110
22504
54669
54705
26485
82409
7795
30516
68413
65690
35615
99724
11285
43514
71506
97747
15025
85459
84005
77568
40056
99539
81230
76585
50742
75914
54854
35175
56569
63114
16917
32033
7042
68018
34561
58399
33963
70195
97125
12533
30508
56808
55755
41278
44128
77497
66216
73405
85820
17824
58599
83797
26189
18600
52645
46336
82372
36072
49600
42091
28291
1802
79154
69090
60823
92577
16084
33349
27975
26255
48781
17986
8669
48509
74361
44873
98167
17951
59526
47011
89026
51881
84869
27403
18776
57795
88556
26182
30300
24771
43396
4345
92558
93086
78769
69664
8375
84674
99987
58021
7761
24884
26239
23309
13077
27805
14599
22003
70946
84944
91983
69802
8684
5820
76267
86687
19834
13815
96702
10776
92715
40762
91157
7016
73299
18033
41144
74735
82813
8085
87097
74562
29370
73690
27335
78332
78407
3988
13088
68693
82818
63902
35118
56353
537
46427
48298
60147
47713
53191
64249
96196
2872
8568
73211
55784
93039
4326
15203
92018
81175
3138
90032
6121
10808
71960
94248
35440
36283
29065
92253
79152
99184
72
55445
46301
77657
97002
81052
34914
55743
90165
43927
68004
363
61554
54489
63300
73788
77514
8695
22847
18765
52991
19763
69839
14925
76354
46359
39143
40993
4409
73088
65568
99217
27105
54298
9035
42787
37591
6151
2551
98310
13949
53072
51216
10716
39203
16911
84723
44638
12581
61711
31123
9602
28937
58441
58253
30113
98759
19893
92980
34530
38649
56617
58697
48848
99351
82792
59418
14867
790
51721
5868
24278
67263
12304
49203
90053
71551
13807
5139
82899
53388
3165
60526
31357
39916
3402
78364
16978
96874
53038
56431
83831
86144
39162
85971
72319
47680
83262
16476
7909
61516
93409
8705
83177
61695
77070
9182
25510
22362
64296
83235
37708
86773
22102
24106
52419
50653
17706
59435
49354
75596
80126
43363
22589
22404
92652
46205
14140
26015
66800
57865
37094
27469
55943
30880
30173
82257
50024
18464
22542
57010
27447
52236
30840
85080
14470
27280
58598
7718
30777
6117
25272
79657
23833
78982
64633
8081
93254
10358
34728
77767
30628
7198
40068
1965
69016
64693
7618
73629
44858
67766
16501
80405
59290
95010
47571
27224
61815
68532
66480
44077
10577
55796
69252
82083
85350
71661
35050
68832
22233
69290
95441
59242
43590
96682
57666
38899
46587
55890
95531
99727
17495
25990
75673
91743
15144
33999
44860
68651
42213
4637
15960
38676
82547
72351
13999
79640
84452
46748
90395
37364
99908
50296
522
75039
13734
74919
17789
85539
29750
85019
51663
99352
70126
73328
75124
93661
96215
41980
34867
40156
26616
91860
52407
16577
11487
80862
67040
73341
81662
55126
63764
78168
86088
12601
94811
24576
58373
250
27959
30809
44349
40960
58191
65756
66243
47565
43409
31374
43503
40533
43640
34676
850
46016
9376
16231
9780
95932
98558
14785
34414
11498
64308
18229
16833
27095
4901
21962
24567
98949
71230
41156
34321
69710
85585
27180
46492
61211
7973
53911
62107
99468
10924
43447
44222
71895
81520
6184
77136
70286
66508
2785
47121
22817
81409
68088
97243
95451
32919
4107
36092
28741
32357
74045
61531
33100
75210
11157
96488
12302
84750
56931
33706
39528
71598
50562
60418
69864
2708
63563
10761
2001
1823
72891
76334
51153
3740
3117
63462
90648
81810
32285
3214
30797
61525
63160
71751
81270
83988
56875
22830
61374
39514
3711
72607
62092
33502
129
72160
55919
77787
61594
89715
88549
19745
78631
95583
36814
30615
77000
10256
16253
86516
13991
83811
93921
9700
37592
21405
67172
45325
92037
24560
62462
88482
19128
48529
72546
56413
66658
6661
41553
85943
87917
24734
64575
39097
67836
8722
10443
74544
25894
95761
62486
38917
17390
19275
9038
47676
44233
7144
80607
37172
30603
71206
51761
78637
71298
30565
49098
56265
38099
69276
93668
50049
38990
94790
67773
55255
3917
10941
79655
54504
42329
4592
45397
64241
30919
86012
57468
34351
54261
79502
23837
21850
75512
30197
14329
33108
22395
3162
44354
57524
71290
47241
68635
65655
38315
50042
79685
73700
11412
51613
46160
91483
43681
84807
97680
45643
36926
63794
39400
13957
28921
92502
67967
1310
68719
16288
98072
15849
55036
65964
18321
70878
64171
7829
61334
82447
93690
21146
45810
76687
21717
61639
37175
4029
32662
70054
56292
64596
3279
36058
37383
26016
77701
99785
95862
29903
29365
43097
23363
91896
23325
25802
72418
29205
18057
37124
55241
58047
78015
53999
96926
58024
91942
59404
54769
53980
77373
59789
24848
48330
60991
89413
95764
66986
20524
18239
51477
59280
27499
5726
8944
2821
76568
15546
57573
9531
83579
2286
90882
57992
15213
40469
74424
15415
22227
65480
96411
59852
66862
73346
26579
11663
24583
84784
85024
22010
79823
20589
46861
53126
54786
78510
5031
13649
1347
70362
57744
94670
33131
54991
91776
95110
55763
39550
964
14060
57815
51143
68150
67419
94358
58259
57610
16578
3892
3846
87849
92719
77956
66143
30301
80270
65349
79675
85717
74639
31623
60695
81109
59841
32167
77569
12409
72124
50420
62492
10900
4824
94815
64874
34555
44544
68859
18167
93702
88288
81086
81712
97283
15885
11863
19339
86569
15405
649
42822
53648
16191
99301
6678
20634
75969
17092
43230
27012
55420
48377
75543
2406
62778
92790
25993
43182
30139
33701
34431
3884
87314
3071
93118
16596
72444
60971
54506
30332
471
39275
45007
60322
3629
48655
62527
68798
19600
91766
39871
83139
19058
5032
79165
38709
17187
49133
75169
15900
45449
60427
60574
25796
65585
9333
48513
39597
1457
73473
33021
8520
32206
88771
63565
45942
69178
8049
10897
97577
41245
53452
27734
51806
96435
47989
43555
42345
2257
6632
71568
73429
58637
20058
31802
85144
99097
40649
33390
73468
29797
42985
29256
57296
93826
31163
76406
89344
78129
33826
31972
48311
97769
98861
5122
27420
54785
98037
81889
51004
75006
94574
74146
32
61319
87516
35203
62425
42071
80622
37518
40989
59454
89372
37769
52282
31296
15689
11025
68250
93582
98139
94301
2525
56818
25464
55179
32225
22746
4165
29324
74065
99132
25707
59059
26388
24615
32161
16442
50654
32000
73332
58415
89103
73202
27331
88665
47788
10978
634
33631
25057
61742
91302
92397
88132
54745
71769
63099
75725
42925
64827
46082
56444
60570
88422
69931
29860
67514
8572
56155
36637
94734
69288
62134
12061
98259
6152
903
81842
20594
25158
55992
32349
55271
2041
93942
22360
91360
66918
30191
66649
27754
4412
28041
52352
70514
47119
46226
57502
42431
61275
81647
60215
45340
21404
87327
25177
72709
79650
14573
2968
12161
92094
34598
36593
89893
67549
30574
29238
20500
19482
62618
32938
45953
81249
62395
9079
2959
12626
92563
45350
37138
3282
34535
51345
59343
64689
49407
78879
95324
95280
15549
48276
86133
84552
16572
66701
60005
92656
53049
30029
43062
56576
81838
99540
62491
52651
11024
71086
18139
69700
95452
94928
25155
73246
34663
36155
70641
11243
32047
35046
15992
60748
14666
91569
43305
59335
37227
92071
92384
41873
55256
66241
46151
17335
89968
75895
37919
82134
98933
43584
518
23592
8664
68097
38474
30227
45321
73428
80152
55187
91928
61029
22859
71628
25671
21141
91658
31689
77608
40616
49201
31325
20869
89830
57478
88286
86588
44729
29609
60021
90436
53488
84225
80793
67008
69369
24916
8937
82590
9692
88349
40481
56197
68542
71657
2391
20036
70616
48922
79778
55496
50657
89239
17221
80983
94884
77923
38985
75484
55894
69746
45328
70634
44843
94975
805
76410
4662
86030
25311
28625
31551
24459
71492
84956
44042
62876
85746
72799
42904
95340
78350
78628
84855
65837
88970
97275
83895
69790
73243
92666
26933
39492
98479
75795
91717
55810
67932
53600
60631
56763
14513
81396
32265
94332
18388
53689
5351
13534
23092
41837
25372
36020
63589
92529
78985
96255
57386
70871
14189
55384
43832
41212
92050
93967
77600
49983
47810
53813
91273
5055
85367
21379
15420
83874
99689
8270
18659
95564
99865
78786
4175
11337
83205
90979
66886
60855
87342
86868
5735
92694
59611
38496
98268
84781
60025
44917
90471
39606
49344
2415
99015
69719
22455
55646
71595
30002
56175
69189
87255
64269
83756
56249
26024
95229
76977
39671
8665
52485
51377
92954
63527
24110
47186
65286
47135
26053
36553
28794
10216
8816
46934
19711
72748
99564
33003
54827
8811
646
25747
52139
52219
98880
41503
64641
8360
55871
77579
11342
69511
54511
6209
89006
67404
70589
58244
24907
80942
46525
53341
59394
56800
90137
65575
26693
73541
27284
38733
87916
29371
86634
21574
85435
80556
32971
12525
76044
71646
37494
13760
29627
85867
92696
57267
75834
50061
62910
92621
30861
7091
97197
33781
9316
70979
26823
3183
52345
67761
97886
60727
88758
46219
96701
57369
41952
225
70381
43269
53329
53929
98171
26420
31118
69422
37704
70889
41275
66913
61980
49220
58526
89091
80816
43389
71748
43442
93520
8762
37315
98596
8409
48059
6084
43680
18247
48936
41840
75878
11747
43659
42397
10576
8208
91428
84618
1685
61879
36804
98978
9197
23439
22814
38910
31688
69153
67002
65927
35078
22407
63762
71388
76358
76523
45416
34186
35560
6016
49832
39247
29937
16960
94478
72422
14579
47295
61922
22040
3007
22754
41153
72851
32527
27049
96806
63083
55968
85408
91720
27303
27218
54820
9857
78059
34500
50395
52450
25346
14527
8971
43346
6939
89739
77674
21229
53410
59108
33687
48816
2374
9284
82347
80770
40618
27960
5462
48146
69831
64701
44089
95936
6502
39619
9082
20966
15264
46556
59612
68505
13481
69065
94729
50258
73334
37026
64648
76024
69724
85247
9293
99871
73090
99645
55317
59257
23168
37612
88462
69751
57313
25010
21561
62174
57768
13898
47181
25461
62636
24693
44487
6010
1881
28745
41960
67895
25983
90320
53835
61365
47260
97829
18751
75496
2461
66533
35811
78731
74028
26931
63411
7525
38265
64725
25033
76720
6223
52410
60103
43292
61150
806
34202
64170
68616
26209
45474
93746
13526
23149
33055
35430
91897
50028
50029
96711
14526
76113
30515
20350
55854
20683
33458
11148
35631
70065
31832
7239
33561
1801
35808
16183
96452
36287
7355
34815
7754
16495
99503
81225
23836
26877
94468
50161
54532
17013
44714
22243
9117
10871
24969
64612
22843
37512
46003
71673
51556
76131
50567
99925
25305
23575
61834
15233
71452
54263
58146
20023
52453
15088
52886
37573
87987
38577
6814
22065
51699
95392
72207
37132
74970
10026
38148
81657
57517
42565
38590
99591
7751
75020
18404
8017
91035
23095
67808
83438
58337
93008
55654
23581
21967
4486
25315
48969
19250
9572
24581
93454
57916
65740
26932
85311
92591
15657
8529
4839
15282
51528
15066
66606
79912
9185
71890
32190
42359
33406
58344
20427
81141
55380
20648
30799
15943
30637
88592
61331
49506
17766
52207
63471
78764
74904
5727
48197
98092
57415
94050
11455
97860
57618
93096
55793
50808
53492
82655
66571
75418
9963
15591
59356
69172
75003
52495
61885
67029
16401
2191
75597
8961
74437
25518
34037
92115
41496
77637
44827
77768
34634
70232
87423
50571
44854
32040
51562
53157
664
42740
57769
45807
70157
29859
92300
19300
64003
40335
70239
98505
92962
25762
99584
27470
20471
64121
82933
65850
67383
65831
22923
69959
70727
35273
82498
12527
56500
94193
77925
2769
71293
74976
42081
42754
97784
46126
82724
6289
62360
30230
33722
17173
96382
83666
29014
19017
42644
33407
69470
6240
96251
85660
31821
42971
30175
72629
24147
49908
88396
78459
14150
79628
30296
576
9141
75204
39888
4838
45073
92739
67784
23821
33079
94310
71479
20527
34612
37458
93215
78774
94585
91394
78799
99371
18797
76342
70120
89259
14576
34365
66655
85324
21358
60116
80810
50453
86375
37180
25227
96830
39629
94633
5293
37164
95897
22377
4239
21015
40050
45258
84656
46172
23235
64948
85719
87942
63544
9631
47380
59656
63733
50007
73282
64639
33652
76299
2945
55578
96904
30958
50689
88530
32050
38839
57121
74506
31563
42623
75683
44080
36780
63535
10882
53350
92304
42273
24067
76797
30466
55079
50111
86742
50504
7988
60462
16461
22692
49792
33643
78021
37665
30062
61137
47749
26565
53278
51604
88751
75549
46926
57774
85097
36064
10948
87023
89403
24577
80922
99329
53640
69301
25052
97610
35879
14400
31323
65183
78856
49656
50531
56823
17095
67108
10460
17375
41709
85652
69346
18813
2512
12093
86309
65616
64493
78227
28646
40432
50147
88377
6178
66293
84076
98502
91243
2120
13056
11048
93077
86433
57354
92505
89640
87118
65830
60543
36577
80594
2916
13686
83315
59569
38110
37500
63181
37361
72882
25408
64630
85464
23028
73500
49886
51583
88781
25809
90813
89063
18562
3769
25303
6378
65921
59295
87458
93199
11222
11827
37292
74358
69836
55391
69639
4985
16706
37544
38195
85895
52764
90845
52117
87339
22293
35178
18908
40274
80351
56131
77771
19593
51450
39330
73229
39029
86871
70961
1554
32089
55937
71949
84703
47875
16613
43975
13102
88722
76905
49432
69480
21654
87623
94915
96003
70844
55604
13591
74240
3565
75633
90764
40193
9051
91916
92964
93268
81876
63620
35249
89597
63809
27645
79817
58469
6273
2373
50251
70668
84987
29484
48892
40763
56259
71419
2774
28670
46610
96888
35917
72371
25715
38419
19393
31550
22287
3510
61303
3051
53014
53561
87646
79049
45352
65200
60782
71375
84092
98036
27623
98837
18599
42276
98710
24104
36833
18085
67157
86907
91486
73394
74369
12912
34750
78780
54903
6137
75199
40912
99018
61395
70711
98697
40028
20849
48967
62533
64513
31655
467
93902
92948
58106
32684
60399
12445
67164
44674
2729
11264
92798
36628
10362
44919
17651
41554
58891
94584
95074
74559
44911
70252
96369
89637
27477
21649
4920
22960
34328
39287
28909
35926
61528
18733
5539
7031
98033
59579
15894
54452
47834
50035
40805
48206
94848
59129
95482
9269
3050
84376
1074
80826
16922
41407
96996
44890
93047
41881
69038
29237
25329
3983
92152
80225
27134
6769
55522
5395
57241
6587
49690
63656
37721
37849
6393
38909
12289
34423
3584
59224
65095
19157
9576
71007
46651
32267
99690
90941
42705
37671
90000
72732
13955
51431
71372
52244
3879
78069
96616
56665
52809
47292
70628
86122
97499
65603
94680
64266
47366
89997
92010
87233
30853
3970
49204
61532
40876
41807
16240
41147
77893
81815
18915
51494
65967
21957
86619
70816
64875
95353
2
95818
46860
27851
14841
22114
14547
6279
71629
67379
51343
35949
28470
3646
91670
63986
35863
53881
62300
41942
25263
47777
95064
90214
60579
24628
43433
88590
37828
99377
92456
23872
76963
40257
50262
86331
7664
43365
54929
25042
96697
19012
3770
32944
51640
30198
20163
6380
54239
51031
90536
30642
86324
96795
33988
16633
14881
50550
91407
31662
45246
30860
57946
61199
99684
24588
19903
77347
39817
11336
79192
97054
46521
94842
46642
6122
80189
38045
14539
18608
36062
11207
6942
21723
74653
55941
96614
96578
40429
37873
26380
70060
29397
95899
7225
1140
63457
60759
52789
31633
28580
24379
63506
51134
42453
28399
66170
76336
44676
17682
38096
15963
20444
63610
62378
37372
66812
88421
7626
90820
64952
12704
89306
99413
25203
37594
64057
50595
54101
55677
14780
87872
9665
73442
13809
66193
34175
24285
26906
74294
11241
5118
67645
62369
51983
5002
92146
39761
26161
25328
8796
54657
90906
3091
99134
42346
78784
46538
49063
8741
15032
4473
83531
19388
99437
435
11473
74604
60567
66975
69082
36183
64684
80692
31086
2686
71473
53425
64460
42720
43827
79992
559
72900
93613
59107
25642
65218
90294
18186
41831
7691
48033
47612
94231
75411
68919
99630
92671
31267
79645
6363
1039
78158
88273
17660
81181
48340
75824
92177
88472
24670
65817
17574
73793
20053
59518
68424
1816
66988
95134
92450
44888
30204
75608
79916
84206
97753
92140
57494
79543
68891
15634
77242
40764
31990
34470
70645
2107
76194
26527
94190
98874
19800
28676
98028
52662
39677
18881
56246
22014
5128
46566
72522
37801
26494
8933
48560
72831
58387
64902
89248
90221
36172
48789
8043
14545
87190
15156
61006
54117
10864
2467
92141
82160
54508
33958
44746
19590
77599
57635
74376
98148
94422
72711
11228
66500
12563
67273
69946
54234
39648
25359
82512
36026
68911
79238
44308
90861
65024
26200
46220
40125
92339
84082
44367
40742
18614
71302
23977
15863
50228
79604
83917
64597
40023
90508
34865
24865
29486
27474
77397
13733
61786
53258
45280
11608
75262
67301
15362
23528
82557
20447
43651
43859
58853
66711
74912
13392
32065
29948
75912
3152
57454
63426
26422
55973
28868
14988
91726
2294
48739
3330
21927
55314
61314
64607
42794
93014
48688
59955
97556
73219
68900
35968
82340
84985
49288
90088
90144
91019
6433
96674
10243
20155
88749
40239
20081
22776
4020
67528
51192
84317
11219
51169
62315
26572
17782
68603
63494
51552
50507
50478
65958
77516
72069
77199
45896
31059
3347
72579
11035
24647
97089
68691
54173
24814
22832
91389
92703
60445
85046
303
36629
7226
45738
3469
37392
42271
90706
82754
69877
889
31727
96855
72099
5406
12815
22456
72321
79142
42314
84594
88961
99135
21630
6792
73436
75972
16357
54995
46496
7963
33530
69571
86788
36964
24511
81646
80219
21307
57319
27921
12412
80530
28110
13361
10770
73133
86669
5976
21963
56361
33034
953
11711
81668
63299
47139
93819
49824
98794
92845
24842
54017
60678
33918
28813
65093
33189
36497
96373
11318
61943
66259
94238
7921
33542
17463
59071
32783
79570
21626
44718
49615
69199
75929
15122
41199
5940
55160
56377
90806
83159
8832
87187
72153
56376
86597
88757
74902
204
19000
19183
96161
38383
34464
42281
16338
69528
7308
87647
77422
66567
96727
94441
84570
41878
55303
91920
70288
38441
59844
9253
37307
75998
57268
98190
509
99626
5546
79526
14369
32560
89440
47645
99225
32881
1286
52797
24180
6261
52175
35888
90305
66893
48396
88577
5883
52955
69492
71837
5856
54423
27642
40866
92506
85336
68550
71594
96045
61410
39588
66764
77400
94264
25009
9588
13894
54090
74119
63528
56773
19668
55233
75601
42557
84900
33485
78588
32133
21694
22231
11020
55926
25994
90983
30160
97381
65126
61575
80023
54404
67602
90439
16826
70103
32434
77547
2316
81171
24172
90866
27073
55608
1966
72096
14709
2813
38958
45319
38911
71042
93395
66968
57391
15897
30100
41653
41738
89584
27641
69445
33357
38691
67053
33521
49715
88091
45561
65788
12546
98574
93328
44564
50443
99144
98373
73902
45163
64613
44073
96607
3426
48389
72712
54135
16994
6291
49553
98534
31158
2543
61889
16946
30383
52924
43475
90929
91664
75589
53210
95888
26068
59855
42434
45268
863
30082
50650
2858
44200
65468
9238
15620
36000
26776
20359
88706
27214
2672
69902
53568
13817
8843
43379
89782
70734
40466
38240
13136
28653
30943
66016
41935
72419
58453
1190
54206
16171
26667
1709
68660
37815
42274
91902
95585
78832
31137
86681
22537
60595
27372
35534
93684
88848
47080
74289
44151
74081
62581
20564
10153
39365
46696
68955
28362
71653
52129
39614
39594
79919
22248
59809
92130
37377
60475
8976
17261
97051
51789
76466
74539
53352
61407
95896
13977
180
11253
23354
45471
56672
81858
89011
29300
96667
36253
29724
88206
48347
41451
99190
50221
12351
21374
14376
62356
39266
26274
44154
67956
38601
29071
125
84395
28466
68163
48319
29263
52861
38993
73000
72933
29806
24442
23496
81153
76887
69200
49139
95001
46057
47730
68812
26534
77951
34761
87614
10665
4943
85653
79163
30936
26154
29499
42815
34178
96085
99245
96624
11702
52754
87284
54469
78265
80316
65886
23200
26332
39860
71407
25596
28345
26030
49075
69497
89579
38815
53075
14995
54284
17142
53863
65842
42290
12651
8175
56654
3847
91323
31023
2032
58805
7505
95176
72719
11723
49494
37161
3265
38490
40500
47502
84011
92393
22400
22391
95553
85014
81589
1871
28857
47390
19178
57953
83520
5331
10992
80960
17954
80266
77488
47473
30003
77565
93181
19498
63588
28636
48840
69304
33057
86780
93029
8362
30146
64327
17435
14424
23136
83859
60881
94745
6046
41502
6883
57169
75206
1494
3414
26649
82371
21515
5803
20652
21181
83245
50442
20387
20927
83612
67484
9585
64293
21900
30097
80676
43689
52223
16558
456
80652
15187
98529
96106
66000
59660
88465
14217
84752
88113
80894
9418
91925
88710
70540
11267
26528
73977
65862
40803
26868
88402
23878
59366
69229
33405
1607
79052
96281
72942
48836
19892
92567
62039
31143
14915
15346
64040
77395
81324
77570
2011
98363
50839
37829
3217
46093
63204
76751
53716
57868
12877
6029
41332
93598
10412
93417
91504
56523
62653
51997
65187
10662
99232
21896
12370
35312
39250
97894
65331
99130
79497
4938
32353
39765
505
63883
54517
81835
37823
19351
76809
61785
99192
17051
25821
77066
19048
12038
96049
30306
39244
990
45046
48947
44483
58328
91077
1930
83191
77560
15212
82393
740
24761
1029
56976
32793
99958
11807
33164
7361
55624
8949
96990
95850
20700
10981
99998
64084
74277
61876
97536
45725
57069
60960
15919
53068
10551
65221
55154
54399
38792
3475
85477
43711
83787
1120
66179
92858
72262
64856
76621
77581
36043
98223
70017
34520
9250
27163
43032
51995
95227
33309
42476
34164
30124
13664
47673
83179
23392
13594
33314
57305
874
872
70985
65269
43268
22176
97692
5589
316
70879
37562
37067
8120
55835
20461
53355
83714
4384
28784
50324
96080
62145
30839
47873
27061
66198
55792
65592
53050
20017
63467
71053
42099
91968
20749
25749
56473
46239
81602
30492
73983
75996
30096
74129
97789
96440
91829
63486
9981
5043
39824
42813
16608
80915
14663
56501
71450
87854
65429
43759
78030
29583
1322
19319
82399
38877
87650
64351
92106
20660
67592
22631
33583
1864
33310
32910
267
42838
74593
31854
5210
484
18185
79562
99366
48195
72875
68455
17558
68221
24694
84154
47951
50843
68747
28469
57761
99558
58203
70219
6547
24056
3824
48180
76471
68969
47842
71539
64937
41277
52878
24310
82524
3923
9188
55559
92104
27982
48624
63003
49351
69101
87358
13137
47412
73993
72525
68490
35069
80172
25737
87575
83794
42217
33779
36129
82481
86834
95800
19634
89992
22994
90952
44212
16625
91997
29218
88528
15385
53634
45789
62716
22632
92843
96340
7326
37254
13437
46345
80097
63708
59912
42448
341
77308
47629
71366
1949
12636
57055
39911
15281
70508
41914
98646
15040
20603
32236
69144
17533
52094
3329
94007
51791
181
82090
90425
78530
46313
86655
84534
29847
17562
51763
76829
55838
58687
97845
7538
60369
17408
10396
46154
7989
51760
1675
26265
52752
79105
86129
55392
96576
75356
31095
42969
69618
38232
84527
95481
64537
99563
36561
40759
41806
45038
64140
77723
46389
30812
55828
67039
7639
99643
95328
2918
23975
17846
82875
40422
33341
45428
42174
89752
17792
31234
18926
64200
75079
91247
60847
52814
67322
50912
22232
41574
79938
4354
52980
83151
26533
57621
68306
33785
47739
21238
48863
19114
82001
14935
10429
20831
78230
14504
15141
19485
52768
46530
19844
21087
82204
28502
48815
30964
31555
68594
37041
98155
68436
30072
9033
72475
41991
673
69395
35725
30662
91277
84124
22054
34854
71660
74342
8451
28353
66570
60073
28048
14577
41824
47020
73053
8216
32477
47325
16117
26445
62016
66316
30455
73882
10818
62093
85690
74649
4677
60406
58229
2295
92622
4740
29555
27624
26059
69093
79494
78206
84432
70460
76220
31963
20823
99233
86638
33734
49234
74346
59580
22218
45093
48626
17582
36681
97468
87366
50512
99131
74543
40564
25736
32092
71709
21271
46979
34481
38714
85929
82787
51778
66832
37341
79481
18198
54251
93945
98494
31088
43650
59756
83283
75669
75405
24630
63832
54926
5245
23711
71208
7414
49899
19343
50861
21815
48637
601
61782
48788
69177
7597
51007
68230
51732
5165
94787
90539
2352
7261
69493
80409
61698
31997
87738
45017
30497
86019
82116
15497
71104
44142
74566
1484
57544
89538
11444
84435
68818
70393
79431
82214
49104
19738
95054
84491
93846
36459
3872
33770
24543
56014
13173
1764
75771
91034
69080
23671
55027
22673
46674
14466
3156
41899
74426
52270
71416
41317
58050
84050
13899
86300
52910
60585
92855
12682
4814
24707
76184
78071
96076
29692
33689
99828
66773
40181
20605
79866
25722
65658
19571
44936
14848
50508
836
26070
50063
75351
72173
14360
24118
94443
6777
80244
96771
58401
2193
14700
76441
67947
68682
5361
20964
34092
22148
88626
85996
11588
52772
53782
56868
91452
2044
70881
94770
46332
27714
86739
49007
43044
73283
34192
31708
92113
59591
76559
69583
35413
6305
51488
6754
99980
71437
83043
21478
39565
16153
2719
66744
70625
95225
60392
84965
65778
25120
98243
97341
19840
44305
91887
58569
89917
87747
53943
87876
56346
94950
78448
91282
4166
41573
68534
27794
97893
8024
4320
7169
90491
3586
5813
80439
27047
42232
69224
85495
23110
57950
73622
62587
8838
52615
15629
7617
50816
9272
71504
26060
75185
80492
66952
56152
48647
38740
51259
97230
85898
30380
53941
84147
64377
61667
10289
40323
10445
88400
68199
1172
21276
99344
59310
74405
56794
94483
38417
83095
13739
50592
53696
77508
34400
87015
41365
86367
80089
71610
81338
21530
51785
9742
76472
61755
91530
75988
99185
19410
58459
30493
14940
18717
45118
25190
83766
549
64623
1442
78819
75773
11549
37009
84412
11088
78827
122
31945
2558
54497
90418
66927
83980
30697
58941
30330
1683
38797
86077
5264
60963
2390
8109
50519
76600
72216
90728
66028
14492
8174
26954
85752
83096
51954
20296
81041
68202
24279
56060
90878
98457
79564
63555
10490
74672
12119
96179
34073
97394
60062
8346
76911
66335
31507
20050
90860
75090
59245
73961
27907
76728
66580
45987
76242
67049
4065
36431
46211
54664
38825
65811
8276
78097
9190
84940
15324
52321
58445
89649
86526
59188
55475
6924
52465
87972
48088
99218
13703
12132
63073
95953
40419
12723
49387
50132
10480
63400
76109
97633
59243
21293
39033
74766
62555
92162
59244
72568
19200
97596
58566
47154
61491
709
24257
91690
62448
2742
87780
66602
4893
99370
96063
67487
22066
59372
67941
51727
3899
14197
36426
78702
73778
68840
76771
33132
85469
67553
19270
74924
37414
5687
46043
66873
10222
33663
94265
87234
23314
4968
7452
93130
7049
36284
78482
96301
54752
28126
23291
41704
18868
49181
59736
23569
67159
73940
49264
17913
42531
99479
56156
88342
51619
44036
55846
31251
3927
3638
38717
92550
16030
27393
58740
87345
94943
29552
28423
17590
75899
17047
3025
67077
40220
70377
57300
64558
11710
84620
99938
41860
43804
49486
1077
48526
80861
59266
39635
33318
5710
93729
21536
69070
46968
43223
83753
53962
47964
19791
23297
66035
55005
61094
26638
24541
74866
69576
26259
80541
18867
32759
88890
55366
44508
91655
55096
23713
15938
50778
50777
72225
20499
25277
32528
78381
46208
20883
84137
75715
3827
26884
59331
49431
33877
55853
6539
98681
23639
26210
39539
68585
40523
35371
643
71246
14793
74135
70409
67125
23849
5427
72429
43529
5206
5078
65667
42743
51119
55006
24091
75294
83473
18850
87179
28485
70259
35506
87694
29523
17385
21633
15910
15718
2481
89044
44369
21331
33966
19363
72190
96011
82807
12450
61313
74078
4232
48364
6079
65284
36620
56623
8372
43577
76675
42592
60662
80822
85238
49795
31473
47927
5354
82550
30721
56384
27377
96366
9999
47398
72368
60933
74436
29540
82219
59340
65416
53275
38584
82442
23963
48422
49463
73472
91734
54170
53741
46625
9995
16403
48447
57670
94212
57860
33049
68461
98185
50900
20523
3623
42477
39974
67505
34487
7432
43271
61348
48818
41932
92016
96294
33902
60648
907
67809
10029
12040
11017
51132
27715
47230
66374
5308
7450
99472
45240
75799
36137
61146
35593
49992
7711
73419
56400
16872
61482
23160
96425
11857
27143
72463
81085
93570
86461
80095
36501
21073
82245
95333
88618
45002
78467
56783
86962
57263
9543
42999
75531
78978
44342
71570
33171
86271
55470
82832
22035
22989
8057
19452
79986
40711
64452
91218
85437
96027
77868
49268
2357
53815
58322
61479
1181
98958
6024
30613
56726
51025
81608
80295
17751
84926
7194
75332
37439
29020
31638
3423
40034
2184
35346
25673
74968
86210
76572
48170
12106
32102
11018
41721
66922
46631
30186
98287
87919
75993
11050
23696
37148
39148
69595
65098
36334
30052
38290
45122
7377
32371
21531
9808
15642
87656
16604
91965
17106
70751
99309
81366
50725
34701
29446
13262
22778
2285
13029
68831
97938
79802
88535
93600
40479
72662
27508
8916
89798
42714
19559
73561
78861
70945
78027
61917
25957
30066
95066
57873
72959
21668
70969
41396
12283
43667
84016
83802
68308
87970
52143
56412
17615
33225
32594
18499
51423
87511
95928
4821
88053
40959
34579
71588
60311
76561
65294
1699
95895
20576
38277
45671
60607
72763
69460
79054
66054
54679
55891
4002
29951
34541
16327
17071
84381
82190
20198
459
51828
11753
63088
76271
87336
53042
1363
18299
18933
55247
40741
73759
19737
73764
70383
76400
26890
61557
22244
98366
98024
76617
93647
19332
10912
63630
8479
36980
36531
92676
97662
2022
84352
98063
59355
35660
16665
37459
582
85165
17340
82383
15616
14211
92062
44199
85395
45446
5213
47697
69495
98913
27565
86356
58291
94720
87651
7826
14193
57703
74619
4595
67435
77035
86091
89186
78992
55800
49680
41858
13013
68954
43193
26466
86213
62547
84378
57728
58548
25734
28873
691
73395
90314
40877
68887
18827
34537
92435
81316
67176
86131
85966
56300
41254
12598
77431
63658
44737
57162
31435
77024
98844
36412
82646
96127
84874
71918
4698
88147
46788
57733
44145
73379
77261
53831
88075
8900
97622
87654
39027
6616
94958
82012
86253
19914
40324
10328
78645
79230
50177
74839
40291
44364
19522
47452
73813
51334
23116
92415
49097
72628
54765
98074
110
81982
82533
64737
55471
15615
25580
78520
59076
43066
34729
75974
87624
64982
16275
50702
4552
12100
82868
20083
29678
30246
75137
62038
98816
67631
26963
77268
44360
54784
68856
57890
66068
2443
28600
75632
8054
32760
28840
88620
80488
71726
60232
97021
80304
42633
4825
75592
49317
65392
47592
42614
63074
47694
50048
47613
6766
39483
50755
12861
31274
20522
16295
5945
58943
84431
23512
81994
94918
29999
83393
35639
4804
91884
32490
83569
61177
15882
14180
46942
14350
17742
74441
48797
28090
9125
95999
66526
72894
73353
2578
30997
90193
72274
76594
68527
16761
4516
34840
22168
371
57029
33904
21909
89546
41678
51956
23742
47624
57113
26054
29888
31456
52823
57846
83082
58126
38345
64957
88840
97743
70769
24806
47729
85774
69904
59703
11489
99094
1463
39995
58699
25626
67081
73374
4287
40392
50309
32316
12381
98781
99067
46474
4059
62366
22178
96250
32626
86148
94269
20204
65942
38774
85889
80776
74951
41446
64877
44100
45454
5770
68501
81458
39931
53581
46859
79525
36554
85130
64303
50316
23126
56952
27371
26413
75800
7103
20239
36839
18566
59095
33854
26708
55732
38613
77764
74155
86627
64880
22088
52928
74121
82607
92689
46406
82158
46843
66092
19105
31222
90723
38466
546
80011
99672
40501
65839
79408
60952
88005
82392
71676
47063
89227
85776
23017
83776
19459
14987
35480
94019
42433
18394
83705
97788
5648
31485
96540
95954
94862
56008
68761
54588
35056
1990
29763
34684
47261
11007
22971
60305
51131
64064
48808
84555
55819
24500
45212
28808
29904
15741
46193
23904
53168
70166
12280
23700
12789
5810
66301
28218
42631
58819
29224
87113
9317
8966
28583
8144
25179
311
80255
60592
29547
71905
95174
71777
12279
47100
37170
69318
97451
44047
9330
11496
9790
9976
46235
73612
23047
47546
44279
68312
45091
20552
93630
36306
9911
11400
4647
79128
12952
23249
53827
47251
71717
40265
80755
14003
13298
90685
53908
35041
54273
3487
26339
43374
1186
97137
20140
93500
25385
37859
42961
96410
13692
60747
22316
12540
95498
34261
33060
31094
80579
68805
16827
19400
24010
84921
47374
83966
19162
5993
46051
45609
57821
95255
74677
52872
33476
6335
52071
86524
51020
27997
98727
20490
90422
8599
43124
74732
34659
29850
96266
39152
83733
53627
69882
2219
41660
86311
16880
61244
11281
75829
74724
37992
35267
69582
24611
17827
79028
81262
72053
86929
1218
66340
88048
41001
36474
96811
10558
97890
54216
20992
17696
80630
9356
47409
48500
79503
54429
85844
6781
6880
99470
76823
38066
13122
57395
39869
17519
74431
56339
34480
191
86723
28274
9175
10150
28825
58238
57063
60626
93737
49672
80045
8167
74268
27938
86859
83933
37502
97776
97442
76683
32879
46921
89518
22481
67449
25378
37726
77245
37555
60904
28046
92035
96626
57444
25036
46053
27850
85113
8412
51161
80601
54641
16464
4449
66776
19358
11904
86307
67517
85907
83354
5187
88756
3787
82851
89599
68353
67423
69770
71876
54447
63059
52871
24837
23930
2388
94237
86895
91679
67921
71857
20006
67378
25437
48544
92952
99721
8496
35931
34856
95059
62029
55
80010
38937
65275
52674
7269
35708
87979
6509
27799
38517
29741
69308
1450
14801
13263
74962
75390
63111
61840
34452
93710
66838
29384
38929
32954
49781
69417
89651
52942
87710
36451
3224
78808
74548
51097
57176
14858
34927
8147
80702
23824
580
18156
83300
45463
90022
79828
21122
78953
93990
89756
71471
90540
95178
66592
7019
19443
9193
37447
61761
75122
42210
18019
28860
22825
49197
46789
5899
20612
7648
99167
84886
48825
48801
51666
38133
46512
71814
96636
75000
94913
96092
4505
93342
9128
40786
53671
18504
86281
25395
65860
98246
32550
9109
56957
11558
50934
82985
31136
7051
80593
35426
73376
21190
63263
63240
74118
87569
54975
72767
45880
56732
71425
73377
19554
79073
12538
43327
25148
14196
18752
18700
23728
43024
11497
57333
27733
76398
21969
80326
28265
82356
49116
84955
91993
57159
64435
29856
85621
27292
47865
43344
2416
65305
13580
94575
138
17883
44201
50763
6163
40535
39801
86848
75985
42432
84928
23594
50500
51911
50589
11067
27872
79087
85398
41133
1579
91727
38011
89541
13089
28281
31707
19185
77702
76001
24335
7026
84180
79490
88403
1052
44800
31352
90492
41857
8337
69829
42087
30203
57665
86378
97266
83409
90589
67071
12385
50624
43004
33917
40455
23012
67240
40930
38751
61956
82862
49330
90132
49950
18053
99057
16678
33408
70100
8322
37282
19168
10151
76571
39456
17542
64089
90387
3871
67497
14553
40557
35375
53762
55834
53669
66530
44498
81285
20865
35188
55372
72309
73626
18143
3641
70856
94470
94878
75144
67986
45623
18559
74225
10811
3554
97260
14397
61710
59065
17243
67139
23387
51321
16885
71823
11508
39140
14077
79122
24489
20862
69214
70523
53965
77457
89144
6692
30473
38483
25910
85015
46330
27137
4373
1399
7126
13982
77277
3550
26686
76969
56212
17352
44043
62500
3557
82449
18475
60091
94137
57714
55378
59164
31385
71348
45376
52145
70546
2934
21384
82378
38363
28858
70833
88829
45356
1193
15511
73792
42703
47588
59296
66209
56744
83001
62025
407
87055
47686
12077
34896
34338
75994
37874
19780
95108
77549
91187
24634
57370
46919
52053
85699
80827
23208
81250
14711
20472
49541
35486
19538
9030
95006
29664
4014
7314
16222
72950
98258
94242
89534
35208
19495
75433
78640
69000
74290
454
48242
45805
52211
10732
67321
74817
54419
25097
18646
29701
37733
19625
769
7827
58822
33300
70344
64091
52761
50883
19331
96112
4048
49774
66850
71827
78461
15899
61636
10069
63315
86426
87341
67779
73359
31634
628
96569
60018
38591
22228
97930
45193
73122
60702
2142
77661
39783
61765
85810
64267
40904
30478
29017
15545
25935
28429
57671
4013
23455
39741
76679
42909
55227
43614
6798
82484
63841
88766
32867
21499
43670
35391
75677
67570
98080
26223
44608
14893
45102
10235
26143
88456
32650
60724
47825
55318
1191
64620
55577
70518
47926
99204
5184
22058
72627
59994
32973
77420
63446
95373
44554
40887
32593
13841
28559
5628
3189
20035
91558
6416
52389
38746
32064
8786
64312
96214
81526
56720
52869
15660
54878
17469
94571
38039
68503
76367
61362
68947
62621
41999
78825
59384
13246
17376
69128
31066
70427
5559
24506
90398
70654
49534
53061
52097
60804
8399
95191
50703
84632
43120
5833
5912
25101
32924
32725
79016
28037
22988
34166
75755
72688
32860
7707
3415
68945
6643
70101
8291
87689
66501
60872
75838
19739
32009
65625
39015
26749
38366
97745
19578
31308
15716
19265
46254
30759
67950
8466
94488
41992
89815
65593
83804
66465
49420
34832
66634
99095
15976
26742
62649
30810
11954
53877
59338
31814
22788
47627
13763
37337
59928
79758
14022
79901
86667
45716
97471
5622
76626
78868
32576
93221
65162
69633
64711
89236
17350
62380
5335
45330
3680
16042
26460
37625
46473
28671
42612
34935
47173
78909
96016
64152
95920
87106
42587
17371
86881
96829
70125
48880
95369
6873
82760
43251
10830
56116
43278
15329
13318
48214
87848
54032
19793
9326
49518
47466
96940
51090
40530
69406
39105
63706
54655
75540
27041
40732
14377
18920
64804
27220
76813
53380
8681
61445
94428
64713
92044
62400
14810
75057
91409
51041
64909
99231
40287
14512
56805
31013
45869
76755
5615
23091
92664
47640
72437
43707
84372
19246
97077
80099
10833
38233
31012
96297
22089
60995
20458
47174
30237
34986
77662
83659
8996
49650
28689
41078
43757
95057
55589
91423
25942
82122
40445
46607
83169
94442
57803
28588
57564
74152
78574
38828
82928
91940
15590
81859
99451
67374
81074
27448
60028
14642
79357
75455
94830
30154
23357
98715
78250
73175
43103
96980
47438
74456
62667
14873
55850
26499
83249
58419
69211
59624
87068
87072
47910
37835
36869
48950
57288
32290
79410
59658
44912
92732
56821
25561
6837
13198
75530
5493
41725
36516
68786
50520
18314
8855
90640
36778
68827
40918
14699
565
20138
44314
86022
64394
45032
97362
29358
47975
28
87376
43820
69337
48708
23491
57037
59106
87462
84505
53683
62138
77169
34228
64226
53732
31858
17893
55129
85556
85201
19592
41538
56149
87066
39661
24947
18526
37404
11213
21923
17415
39064
66738
90270
59807
45384
43688
50174
91695
42001
56443
17203
10557
103
12005
46567
87613
56120
88565
63395
59085
49255
35280
86644
80419
90999
47243
83810
54336
15408
6938
47406
31868
29780
15778
4715
68723
1781
91752
14581
85800
31710
40807
69668
57135
97085
63847
18123
29815
39265
43414
36729
12752
90875
79850
70698
78975
91663
48829
29931
337
67614
6842
4471
68300
22837
17441
17934
36917
67802
39082
57813
87881
82795
6831
90326
74334
69722
45851
33513
74558
11331
811
15739
19337
53317
89745
86748
32698
60676
9436
80348
54992
47418
30738
92842
58410
55781
67971
48909
25565
35932
82560
61138
51491
59584
63203
28564
23708
11740
80105
56686
49252
84526
25212
9441
46169
13138
83084
58334
91573
40415
66579
22101
33981
33356
29973
15057
91738
10566
93305
20213
99719
7674
81966
14686
56203
67849
65892
34510
43897
16337
88903
38401
76047
40752
76221
14426
74686
1741
10791
23866
35942
85670
24863
91756
87495
55644
54780
54089
3125
62317
7436
97612
93807
90856
99118
62753
95658
19824
36575
20598
70851
83710
95934
15438
2301
21545
78639
35127
43538
88601
46440
63709
48399
15763
38971
79065
51554
23483
13870
83510
4214
87675
14468
92441
32764
66688
70164
99259
48778
10532
64872
22803
93339
92522
79585
88235
81505
40113
32962
36842
59725
54390
76201
14343
66946
43836
53158
30523
21529
57521
13176
22653
73453
40105
57845
16528
94684
59268
15873
48077
69457
70190
12090
24020
47347
66566
24602
9059
78127
12933
97562
76412
55597
2732
23533
25697
36652
78710
27228
36670
99972
51762
35387
50253
87713
58467
47300
19899
27893
77743
5780
7773
37741
10083
4967
70224
18312
5812
39978
54099
57440
94387
81363
73037
81148
2804
77573
26969
92974
3690
47039
36975
27700
62589
51771
68363
2030
58193
60758
51536
59835
72703
95672
95537
87455
25205
27575
39719
58747
3228
16681
13752
20426
59475
43541
11361
30009
12974
66586
25409
43119
20089
32600
65223
4182
89922
20354
94781
52440
66203
46717
16381
45895
78756
77361
12605
82806
6652
2683
6530
31773
87146
23725
2048
95728
32557
12882
78725
26348
79317
17948
65657
73015
10172
75843
17974
60295
19334
45395
73744
72452
79990
78617
51026
1377
16007
23050
25679
15250
93005
67878
12036
3453
13954
65268
17594
22651
21359
48473
80286
45966
13344
64231
6987
84562
70702
2387
23677
6310
22005
87326
72825
19635
73073
13873
75248
52498
86447
6898
36504
68140
29024
91092
36040
27707
78845
81344
88605
7980
55687
48720
71994
83334
82166
35272
24562
23383
29722
68985
72724
19988
21908
53800
90499
70775
53760
80248
84041
67121
57668
52322
44631
38428
41505
67160
60839
18984
18610
88645
86783
83752
39135
94081
96869
35804
67520
36049
18806
24062
18189
20961
6314
10799
7922
59040
75947
43922
14282
41124
19396
74910
2198
65445
79900
12954
5322
38629
31077
65394
98070
89277
54381
74730
32373
54847
34685
38456
80229
44025
13993
28780
56547
82643
44163
45689
17875
50546
66793
61687
22177
34205
19657
14409
36583
40543
56986
16187
47314
13660
12354
79275
56062
98265
22838
29838
50488
6277
45574
29394
39608
42560
27365
83508
10339
17498
88378
46897
76671
10907
81178
26311
69475
93821
21822
79723
79209
84260
48822
20822
64686
61504
88034
43203
71028
65691
43188
59909
75678
11840
65370
64707
68071
7883
36397
37914
95421
72803
67759
2392
99257
4973
47410
14948
27123
16848
48696
13683
12916
9315
68495
30423
90618
89611
4163
69384
39732
90106
49267
41829
42952
26316
83181
17650
96093
46793
19407
39438
11066
13242
24547
76012
92286
45152
767
28568
70072
38665
67801
84777
84403
50143
89307
2574
95911
52006
28417
61868
8598
36096
70887
63212
74408
28295
51358
14207
90101
47379
683
88300
94419
84907
66589
66831
62323
24123
64481
51758
59737
64849
95003
73549
59748
15230
56343
29208
61026
55720
44758
85198
63036
56834
76344
770
84543
87929
80625
71371
96195
91355
83098
19705
77191
32014
89485
71456
87582
94855
57390
62066
80144
60639
13250
35880
84819
51548
56681
49744
21513
20291
67714
41774
63885
25337
9934
95137
83570
26473
18927
93875
57145
58249
27773
77412
23053
39956
37766
71487
27696
35714
48304
67041
97174
66296
12112
24169
8554
99499
46583
43850
52594
69550
35045
96913
75659
61436
24435
74831
8266
98362
62285
64797
92539
14126
83812
13418
85193
16986
25545
37261
65054
8
49053
6546
96415
1470
28897
30104
53602
1925
57248
74251
17797
41895
6812
11641
13038
12329
21994
36711
37597
82766
91616
52411
61389
90299
11602
99126
14994
49619
9223
96798
81139
50462
20129
13529
14019
91745
45103
76805
9249
31398
86415
12145
86245
6999
88784
94216
20980
77130
49985
7421
72494
47480
24401
20871
56934
44506
79870
8523
39701
81223
65731
80435
70606
4260
32856
65970
67397
34138
76135
14465
53883
92477
68584
75614
87147
61338
69322
46461
56009
73809
52753
50197
77421
37483
90173
18122
39516
78428
74789
21207
53559
75698
98095
20715
2131
17309
50093
62086
10546
6442
45437
21323
31463
78908
25907
34081
17732
80430
96086
27525
86250
29163
76063
74068
79225
57213
80031
36123
96826
54212
70553
98371
37690
20915
77175
12050
64373
32462
95428
16136
76327
4835
73093
85595
49014
14075
71849
38607
78048
89655
28762
18026
32655
16209
20125
18257
81861
71118
47511
98966
85755
981
53414
69810
43726
33130
68453
24455
76212
81519
1259
29476
49047
41173
76871
26282
86388
25645
36715
11147
68868
88260
26170
30462
62034
80903
72642
24032
77113
65341
46212
37528
95743
27543
27237
41077
99618
68910
40143
59114
31995
13984
60738
96245
94604
48761
78570
71998
16639
27961
49525
71424
90191
20628
74274
54961
61573
69438
44527
65458
58223
67942
49370
84964
60378
11794
55075
80706
15933
32154
22152
38715
11934
47124
81373
92757
77017
51976
30159
27897
31740
12265
26937
68793
16788
80879
12456
87502
94472
64576
10793
67842
20529
70042
19821
48014
41575
36726
62124
97752
98184
83156
9170
92599
3057
13784
1430
10502
78974
98273
80564
4562
25044
52259
16525
65015
16550
21418
90002
98597
49645
21153
71411
94079
85426
52289
2822
90496
44166
69415
97486
19835
69062
2216
75082
16776
47649
22718
73101
10195
9913
87228
96867
65906
39010
14236
50591
55848
9558
16517
73315
93287
58679
20361
51512
38776
51878
17263
27153
94362
97942
86798
17464
99490
73469
74905
96573
14404
46741
95802
37765
87712
38150
49814
41839
39591
82303
46937
71577
3271
46740
28567
76856
27640
10257
58616
28339
4482
6387
232
47763
44433
31306
33205
59093
69680
56896
86677
16500
78607
74025
18289
72002
76484
21325
87686
58833
89428
85178
4510
42626
14444
21727
34417
1843
20289
57655
48176
56930
36307
63673
29448
77150
612
91402
65495
66435
87283
8626
5503
62888
36039
39488
89205
43101
64736
55809
96506
36799
51069
76230
26507
10218
41659
35342
53801
86394
98920
64687
77506
66280
79006
82183
9491
84213
74750
41240
36748
13226
40203
35223
51282
26085
70414
53759
57613
87137
92418
51108
34225
16559
73582
34774
26175
57899
70185
36036
56111
83042
92343
55908
756
16876
58135
27247
37552
94632
47589
68980
34251
13064
93211
74365
57224
80496
49539
54555
76876
40862
15654
40983
8155
25868
19940
30362
23239
29694
71701
42723
16246
73161
85059
71412
47484
58231
79015
13159
15225
78526
79699
68828
87324
9463
40639
22041
74127
82061
98906
12006
42110
90887
23141
27150
35752
12617
1225
42358
73115
77275
6799
9723
90550
97847
64422
19371
67279
88680
81061
97771
41219
30130
46847
14315
19743
92144
91316
13127
36091
23522
2936
82531
65661
7902
31298
81988
39562
35504
39636
42503
85123
84179
93646
5074
58266
48449
43526
51414
61098
22445
69605
18268
39070
56953
44561
74170
63369
2129
34028
47499
64442
1963
49912
96213
36547
40883
11809
3835
92702
39669
43470
30089
80784
63692
2994
73069
90380
74846
6501
51892
80113
71066
86256
14652
27852
10421
74682
96917
16878
1678
83858
24328
9662
83734
15398
76496
57624
88881
93604
21577
78914
33933
1221
9733
58377
41790
88409
72867
12847
23159
33491
88935
72807
79025
42299
57118
83875
98380
79609
57284
85928
57410
99450
80341
12491
60185
31874
49327
40560
23635
42954
27098
63214
57317
79731
38189
71948
53784
81642
42363
98573
473
39054
74385
74389
97661
76002
51576
22487
28401
8094
49845
15463
90431
79752
24035
92886
32892
18445
400
32581
7633
50092
83230
25691
96051
84775
44831
48068
84126
80360
39421
87141
32797
71576
23767
95536
70043
59223
51634
19120
85318
1441
49470
29445
64860
66053
50119
89817
54424
59462
27740
6868
69617
78708
75847
70197
71925
71330
90426
75785
82410
94286
34611
58660
38995
20976
44869
97960
81177
68882
38900
98339
31153
86409
83338
63580
79750
40751
94561
20885
6359
33645
72423
20042
89615
93974
1753
14321
16598
70346
79394
23099
35057
41201
15183
71783
51252
90228
34890
41041
43090
58284
15108
33118
56498
5658
62980
15737
33305
62985
76078
13573
99799
91299
94450
82931
1736
66487
35717
53700
75075
60297
70578
23983
96516
72881
49858
96983
93853
33370
3766
75558
67482
90773
910
31664
24721
51648
19458
51302
5666
89720
63260
27993
25053
3974
11249
25573
78685
92232
70300
76740
9443
33238
90990
29068
19124
94198
75220
7603
95511
77
29285
99136
65706
34817
34630
51049
35382
43612
7944
11714
75163
27589
97537
2057
14356
25112
43518
23915
94759
24879
51815
49121
618
10666
26330
41384
26320
32361
87457
63802
58082
34990
39503
50642
91807
28542
63775
87493
89790
28199
3194
1726
70207
93949
25365
39060
66910
47704
87402
66472
72397
25818
26929
49554
69649
47812
17691
65319
57510
20063
20800
13592
73213
77613
41949
17526
91066
78172
42066
69656
46763
4080
30371
28764
37273
33927
21148
79551
49013
67430
87225
75410
22063
34348
73445
29984
78627
56747
30542
15274
47659
85941
42602
25100
80191
32299
44085
53681
6862
73149
18373
34892
39048
89848
48858
36056
33013
67892
39918
7012
87442
72931
19619
29047
90276
94629
71770
14471
45884
14346
22689
49080
57001
88619
89308
55978
20288
4870
34307
55283
68577
92513
35726
92856
74856
69892
40174
21140
14089
83018
97731
64141
29440
44590
66822
19736
76393
1822
79972
5065
51017
65990
22900
71648
79729
54382
81362
84319
55904
47968
97044
81910
90271
93956
20846
93543
13443
3456
16444
72095
86195
32031
75388
93602
16023
91072
62845
60856
89398
25826
64635
52333
95299
44897
9991
17859
55058
25750
56316
43527
97072
64888
56782
94695
63514
43257
73118
53967
79824
17569
30588
2976
94124
6774
33319
66278
94056
16206
13947
7743
4349
65489
20664
90316
2447
89258
19230
20886
44465
14592
83549
82100
266
57759
92356
80667
97865
45062
11313
18965
97996
61825
14134
47816
28131
13923
89012
90292
5305
67364
81853
24319
81112
73462
41003
50502
58383
94690
31186
20178
73750
19260
55550
41763
79156
71924
44636
66626
30983
82082
79377
47178
18471
51056
92313
11325
3185
711
50179
62123
94689
70695
15749
67231
85666
17337
51248
47209
55458
67110
9337
93806
35841
74487
61501
28109
78594
67447
28647
20465
96400
79761
36950
24794
12822
61396
98368
35663
47515
389
63609
12929
22311
81113
63795
35145
69356
29910
7276
70610
39764
62962
71482
322
18763
29444
45242
34434
79183
85208
11690
21500
23852
16941
49870
62759
34820
90971
71526
35451
37342
81833
11976
95281
45878
7834
45112
7118
57352
2118
99379
36754
1122
28348
74325
5327
24015
86471
68750
50032
42790
31351
70184
52320
22132
10120
61438
38425
29427
49960
78289
58615
69574
19467
17903
92102
63071
90859
4936
55149
65693
74787
20513
6229
45179
16868
87550
96246
59528
85968
31941
53641
13928
33685
14723
5016
22055
64785
64045
93416
65232
199
81906
99639
12297
49083
14347
75297
7968
32677
14049
26530
58669
28320
9402
16463
23628
6346
45030
16100
9560
84540
66020
65271
72250
94679
62322
72340
7047
92031
63216
91369
78051
69653
1458
78722
19526
83206
29185
56694
99278
27312
2791
27801
65320
47946
43587
4673
56781
83583
87169
17830
66040
46290
12823
48302
22683
10363
30646
443
5314
86755
17427
33914
31026
2680
68148
85566
64309
68839
44898
61944
11383
8394
62106
12567
72161
22739
4332
68908
12955
56994
76857
36196
82983
3694
3540
80495
71495
38356
30169
20134
41603
88241
37082
47310
95087
45146
44956
34873
4557
57607
28260
33840
59316
24913
24676
32313
326
1565
83744
74980
58310
6123
91979
48394
43302
18977
63393
39610
26286
35002
16795
88990
90384
17255
79338
90653
41529
63963
68627
16074
33410
88925
86734
68198
13379
84359
14296
61997
89384
98464
76100
80127
77282
71218
76195
89867
4564
97631
74887
61649
90833
70079
38313
77090
48471
26075
69303
46880
47672
27177
49726
62542
76822
27120
1163
72285
32547
49579
98907
17485
27014
69842
20837
84788
99350
36584
25955
61914
49521
8540
69604
12449
35081
65090
18125
7801
98634
12702
34828
56294
35616
64406
6370
22106
15424
97210
4366
87230
81759
82493
63009
96879
98102
47820
43229
23918
47386
20268
30660
59621
31455
96107
30447
94957
48553
28356
35075
29899
47651
6991
99775
45056
80950
22025
61870
50062
83090
3422
12143
99
45745
9278
85269
93625
65038
12191
61344
22749
67490
11150
71875
54366
55484
76509
44715
1947
89683
42884
28936
3335
88691
58398
61085
1797
5
50482
22844
44931
2322
28729
48219
20880
35247
89324
46791
25046
89059
9345
70290
80477
41604
33486
98989
57228
14498
32350
54097
41402
46785
31906
19637
50553
82039
12739
5869
93071
77990
5690
37869
54268
23247
65438
9409
25904
20456
4106
4402
33889
76970
30446
25600
83351
36082
95375
68166
83428
59187
76678
26999
65114
37028
90736
50144
74872
92985
2074
12218
8389
21095
81472
91907
70189
1090
91938
88893
9921
99294
31541
6974
25371
9231
52220
72237
22972
89495
5426
92946
47340
81206
28997
87240
71643
31124
67544
6867
32254
85825
65520
23910
40055
64174
91966
3738
73014
5767
92155
64326
21270
16735
6415
81226
71166
79976
13165
86591
97984
50996
83781
62992
10929
7891
17793
1873
90045
69010
30257
3609
41911
69720
69268
56032
99952
84779
47534
64708
20794
15107
9974
19419
11712
476
39863
96391
11359
18878
42624
63707
35859
77622
46262
40370
97254
92667
25156
48213
42782
94460
68328
12547
26252
5344
33882
98683
36847
25249
45366
30670
8745
51678
67295
50741
23602
98130
74445
59734
34923
69255
93976
90667
25068
58893
2630
83025
98903
24407
37133
32301
24898
73267
39293
90805
92466
72692
94511
79880
77163
54498
77269
59713
699
23398
17067
60286
48243
42895
3281
15896
31412
50224
57453
59262
30898
55517
93962
87209
69689
14070
11388
55690
64261
43900
69809
71829
40178
80246
96949
36363
93907
64154
54130
45178
27050
72649
55062
30424
49070
89394
18628
68284
56526
63778
71759
4960
68401
13492
64000
12684
62525
27593
97209
75943
3704
86259
56338
88992
63572
13979
98257
91768
17024
86291
49653
69620
46660
88918
61858
90612
80536
83558
34340
33968
98617
48016
32943
4520
94105
63736
96774
12008
83688
36194
17069
43540
11882
44682
58706
84265
328
78300
26194
11436
20245
95550
48927
33962
54383
69167
30373
82124
95209
49110
82036
27780
6217
80946
48174
94754
62597
98340
77531
39088
8232
40439
47487
56289
16745
60111
87733
21134
87060
22878
41375
72290
36068
1798
54943
98993
46472
39390
96962
3293
15655
4428
63825
6919
20272
20815
82242
72588
11312
27513
4730
14674
63274
46009
15123
84329
92854
88572
55933
98337
27729
6642
30767
27408
73836
66549
97398
42083
66695
92576
18949
15669
11875
66916
6876
3968
23822
64931
22241
63823
57086
7576
27655
24016
95331
34807
68301
76952
6051
17708
36408
41318
86372
79571
11365
16319
39990
37456
65577
23231
17397
42993
61795
42956
14311
70198
24150
54503
11592
27572
42970
5979
24469
22763
86626
55091
71839
85863
15110
57711
81462
20826
88376
85533
88554
23966
4709
82516
65388
64514
70084
24337
23545
45749
10239
99324
86230
24416
8830
60099
72243
71773
37014
48452
45874
57825
22012
37974
7858
42137
17849
78872
3040
22775
59480
41080
67719
55147
59320
87659
49088
63621
57164
26072
95454
86531
6357
4145
82761
60898
95680
75335
1331
67446
63779
25239
40022
33375
26844
68019
95411
16587
22990
34456
87260
58824
29645
14278
99650
37213
33900
99956
2068
81439
71211
55278
15881
25914
10697
2703
74768
24456
54233
42915
52408
77401
83711
95222
89693
7952
94914
34125
33347
24405
44878
16435
95342
75143
80689
89202
84062
7568
79863
98377
94927
84273
42529
37332
75302
98908
76476
57726
5835
86967
90745
87799
98050
48582
47193
46524
94404
61474
85167
11037
43043
93371
13571
90765
45509
51802
5731
34457
5757
79450
89612
57302
65804
48343
47284
72794
83606
79687
692
9601
8173
65496
7213
49754
46077
60806
75222
23613
85767
98956
99197
76882
83747
53454
2263
34428
50821
79417
50675
81635
15993
74885
46144
66062
86003
55773
7454
59192
55189
6125
59284
4114
10734
43459
53021
88073
6260
47856
29848
90328
14026
85242
5634
92473
85567
48697
64341
85211
57480
91435
42050
38861
51944
63613
50746
2557
91521
76504
86086
37035
61587
18027
23237
81093
66869
46559
3002
91438
11672
36703
53
19609
64904
69022
85377
49717
86347
80752
48754
74340
21483
42131
41166
49911
60875
56275
40134
64529
65215
70595
64348
62886
72550
96848
70932
21512
91783
79733
11494
84742
58100
18823
78684
6601
26437
91379
22431
19517
11876
46488
31480
45607
50673
36940
6201
22558
89365
52704
29124
81343
7851
69109
83073
90898
77152
11573
834
76317
75373
49888
85952
56263
74516
16016
5334
54153
94507
9880
69410
88847
11621
85401
58577
47919
46577
7845
33330
21065
21313
40748
48185
36742
28941
57447
34203
38639
20012
37448
67418
66919
82268
61929
32904
88800
12287
45213
4181
88362
58528
72362
13252
88055
26218
51460
75453
29891
12817
65128
88655
55927
56267
12120
9739
72578
13037
4012
95819
28276
75628
66236
52085
42526
19695
51717
95050
25095
20192
25348
2047
15473
28543
2399
17716
15633
38413
58122
17490
81673
54611
78589
12320
64372
60107
79573
37044
83260
11752
17910
40908
23067
40223
96043
92499
66769
215
93978
35268
50076
42011
89383
19639
1916
93064
68038
33971
84865
81123
93758
30594
21292
23361
95868
31364
94623
99236
92114
48680
91224
28929
12451
38433
47753
50648
27716
56548
15875
88862
39382
18999
22497
6988
66114
27262
18384
98441
6127
4407
48097
23347
38459
93216
80198
54346
19224
54310
42573
89318
59803
1249
63850
30612
10205
95668
33379
64595
21061
31429
87971
67156
41079
68824
23634
5794
24956
49778
51749
29834
85835
90369
34649
67067
940
35500
74174
36217
97406
10774
68239
92196
51095
80701
30845
97000
66742
12943
3230
87784
10180
79104
51993
22150
83795
46632
10675
30778
20122
43249
2654
25664
74255
45875
34881
22325
25375
98716
48466
54524
99056
20693
58635
91082
79666
5295
7485
67852
86478
89066
44661
74519
5347
50826
98434
12640
1371
6758
59847
58478
65288
19366
96171
33053
45999
15907
14144
30008
92677
73927
9772
87983
16316
75602
26452
38901
39617
599
1728
78930
94669
5814
45136
13129
82784
11314
71803
6319
98370
40018
66777
7880
63238
19082
25884
15470
17292
50552
51279
78477
20322
96950
83211
55989
62802
88098
97877
62410
84347
39998
93901
72034
41198
67171
81048
20649
88214
88384
50627
49564
22082
73452
62796
54551
50921
12243
64232
23280
29642
64212
4582
73086
92244
50279
16423
45691
69707
59623
46006
29682
20022
3126
1065
73890
33786
38070
3509
35390
97623
86212
80549
19837
41629
98177
22736
11866
37872
54347
681
76713
74918
44870
81241
16830
50516
45230
85678
56127
9526
58734
4842
59532
32389
12401
68422
18943
30080
91307
35003
85578
38552
47914
29447
33258
87552
22347
61084
69023
56347
34085
80012
78439
52909
87751
10092
72447
52265
74896
84593
72122
42256
73844
72993
76046
58543
61198
64039
7382
62480
28750
57338
68785
86229
287
14569
52190
84346
70481
61135
8290
37162
22577
39808
35801
31518
72733
4446
8127
3811
81976
11143
31368
9242
24712
88772
40679
86327
56078
43981
35861
40910
50940
184
66830
95031
37446
11441
25516
36733
85444
90802
99868
19874
90818
42725
6718
10104
26418
60583
10501
59825
58470
58018
39967
76973
77339
69398
97361
28365
95297
36714
19237
21753
19456
63258
15693
26876
14732
84394
80668
19217
67237
54898
62788
32431
95943
55696
27732
19529
46678
76693
89772
63425
96174
29957
70680
98165
93836
61277
42836
49073
56748
29317
58263
68225
49450
7419
76169
58036
97727
45101
81096
72941
30965
47650
17638
17412
94433
38922
84389
59468
87839
51144
27314
88718
32709
12557
73018
66083
52027
65172
75132
56176
56242
60401
62193
42155
77755
88282
42304
24789
83685
12596
93288
82532
30387
20408
89392
21098
25873
13090
24210
86026
16079
61439
60323
62643
59230
5717
97803
1546
97567
15685
44373
38516
56314
95400
81317
58431
27010
65630
61609
58325
47189
74049
68129
77096
20864
11406
11179
45285
34429
15581
30834
58539
73908
56920
15018
91773
12453
41165
71192
1942
46499
79460
71735
52586
24569
67745
75891
39291
95592
31622
10217
74811
97765
86625
71632
75803
64122
62278
48601
60164
33167
52530
38887
15496
83329
70402
42894
41674
42115
33101
45156
25911
69277
7735
99979
1082
49466
26985
99629
20141
70242
3498
78791
57211
43316
44329
45120
84523
74595
9817
51229
38896
97899
56668
99633
17962
3651
16551
46325
96069
33686
21999
31284
96535
1861
22720
38153
90840
829
11297
76673
35198
78804
5608
95308
15298
49767
91236
92299
35185
5562
74907
16412
95406
55413
76434
92208
98706
9012
41323
33193
10889
61576
26082
60007
93007
80347
44460
73723
18671
42015
11286
89512
54044
23275
20740
63773
34146
63208
65233
71125
38217
24831
5205
59362
87988
40886
85713
85756
21144
18555
19848
69336
10196
4221
12510
94683
38118
87727
86968
38476
38810
4659
2187
22226
1424
21385
73240
10522
93144
85627
72727
16047
38434
41907
38938
71959
42872
24481
74471
3432
91787
5744
30517
73304
60815
8615
9221
80243
41274
18
16628
43857
72619
38889
83527
93771
42372
80142
58905
10020
35219
64921
67898
27713
50952
14069
42750
79967
48288
41478
8703
73621
41464
15219
63761
91801
80467
84472
42753
31108
28462
63235
71357
62496
44625
83969
76450
78820
52599
34288
86726
98073
14004
23880
9465
98463
54037
78117
91340
66880
22009
93292
33087
65995
72359
66045
79584
83629
33005
75639
6435
51902
58068
25058
51910
62860
41132
78475
31787
80716
10718
46281
54325
75848
21209
21350
90897
109
48198
4963
44313
25492
73381
87235
60192
31110
92407
14429
26398
99808
67407
54288
95325
25332
46046
70640
13726
5060
7509
48004
84249
80890
35960
85744
67629
5416
57158
10519
31935
45534
31954
8400
12216
6629
49676
40303
29053
23122
77075
61099
78915
18702
94791
13099
74150
37958
34841
73100
55628
5312
10279
62003
30323
53739
4932
52285
499
67797
20336
78449
10303
18223
35920
56427
91497
1510
83040
65453
365
93654
63195
50815
51590
87792
81142
85129
13444
70413
10622
85333
63042
2546
29452
33848
89517
72292
38237
77265
81035
67513
46418
92215
3906
87133
97647
97429
57393
30816
46551
39117
42385
84080
55863
92986
86180
32666
73050
20521
45309
80149
78945
1790
55109
17448
42255
20840
56021
89478
74309
8930
57503
38864
97578
2077
94777
62713
75503
49291
81688
79475
42810
50084
83760
70326
90576
56843
32379
37454
71449
2859
50818
2562
22867
32388
26369
51249
48378
85418
67728
16553
30994
56098
47382
592
26397
37462
88608
12645
29747
25041
46002
90167
15798
60549
528
22485
97856
91930
4542
17402
16770
45219
86098
39852
9641
45081
18425
10206
58814
56309
51655
10169
16441
49857
74941
44041
50424
17842
91634
93378
42090
76645
84709
46941
48538
34968
7756
97093
90442
15759
96625
8217
23140
52110
92920
88125
67318
46684
45272
70821
4990
56692
43358
24555
29686
24197
57602
33229
21191
19216
4663
66728
70805
21351
83620
77590
72676
80329
2862
38391
35090
44067
21946
82312
50000
80395
48491
27701
37257
23229
30718
59555
76562
89069
54085
61983
27207
48056
25977
69187
46416
41088
40430
60242
79363
87895
92135
99559
97479
43349
15787
77620
40872
21333
91585
35261
94740
51346
29841
36313
64144
98230
49803
55996
76566
58187
97588
65075
69575
53081
96136
44765
42832
74378
1986
45879
47185
2230
75761
17807
8535
10375
9613
76032
39815
44957
62229
46814
52374
22744
67464
77227
58736
97225
51539
71434
71014
90447
74035
9660
20399
37024
63628
53344
43847
81443
59600
44079
67666
52354
3728
33394
81670
87119
63541
2871
74198
51851
28478
20760
86865
43463
9166
707
68732
55702
2521
15827
62818
23511
97508
99334
42009
25358
57735
59795
36083
82965
55827
49210
26032
26685
67872
24207
99546
2749
50437
68692
96961
24616
81429
78536
14011
98318
75326
5490
96582
52656
69552
27983
8148
84437
39072
62918
86786
83250
425
17544
51457
80587
54181
96036
35623
67687
26038
20789
31916
34574
51270
2970
58840
45267
15959
33386
43109
80869
66273
80779
38708
13385
35026
44944
97839
62076
12257
27482
18286
21084
46518
55803
85296
90923
92915
63094
94116
35454
89658
63189
31794
94908
22171
12819
75051
56700
80967
6470
26997
53012
48793
42938
21047
78495
8563
82891
27357
54946
34922
61892
91549
93865
17561
45469
54057
30551
15067
48958
27742
16388
73176
94036
96584
57798
29894
33121
44268
53675
42605
32703
28294
89483
73981
61683
708
45988
71970
16314
78057
1455
23316
35696
30209
75434
16677
9524
79181
28419
21665
89221
96037
88760
96831
72117
76380
75109
84475
35601
21353
56313
77440
21534
81282
31955
5763
47683
29058
91404
55028
68941
60238
85021
87753
3084
51177
11087
19533
80082
43450
18997
87593
38342
94766
43867
10241
16914
75336
38319
47937
66640
7095
90478
76943
53207
46508
86609
5392
40913
80412
65417
38485
64295
82660
23842
45925
82172
56655
7554
38932
94162
34746
36982
5152
12875
54831
67371
2169
96617
56174
43623
24354
47352
70697
70199
30182
45185
4110
98832
30564
69537
17628
6249
37358
83717
61309
13353
77988
9419
74624
26843
69986
77507
5920
21964
95321
45140
46971
36522
33051
96858
95379
43313
60563
77399
58400
48791
30903
11756
21599
78114
56826
80478
23103
84647
31405
66727
302
27006
80357
6824
2209
81435
19953
50138
42450
48153
35656
1000
20507
54167
61001
33425
44390
74053
51577
15380
86243
22822
14012
4484
95921
60726
38604
1780
53493
12163
96666
79624
92355
12962
30584
26293
76630
37153
36147
52361
20948
53860
86064
9204
3077
74738
58918
91510
35770
61572
69921
65584
26329
38091
32155
11986
19074
42036
45984
53109
75792
57149
38812
37614
7025
26759
34254
85675
1411
17109
54523
94133
29411
45921
46192
52900
78646
15036
20876
56991
70572
2037
38094
9247
46723
30398
14085
17347
34577
39928
82060
83399
50449
45766
27196
85763
56764
20879
32806
88025
40036
38447
28970
66204
99442
11565
799
79308
2495
82324
58346
43185
17605
84508
86041
72605
7739
17480
5859
26157
93277
77975
23664
33724
86725
81133
75613
59827
51405
67398
6684
9559
95393
1200
6325
45160
88222
9203
62288
21975
18359
99327
9815
38437
20309
21133
54267
87285
7945
5887
15775
98375
53549
38668
33494
98981
58413
38162
57955
74742
15241
63362
45170
29485
94196
66214
76422
24444
39654
63751
55970
30741
76405
20878
43155
85656
22624
42769
1315
18746
17310
37317
77512
30879
78043
5755
76088
62018
11970
98170
27574
46946
43340
26389
97368
8993
1686
13307
6614
13650
13837
53381
28366
67250
74935
33073
24124
70485
84664
88006
26711
22354
40943
4185
67151
24971
95097
76848
36762
20986
95313
37623
46367
7608
20363
84462
17278
17860
44992
41591
40321
33180
33275
90615
8090
50410
77054
7650
95412
64584
40937
2735
99861
23943
38671
98939
89081
52119
85813
21744
14528
52304
87642
66071
86940
36094
41931
88445
48561
47913
59493
23912
84870
32421
80561
3916
79027
57879
49160
72577
91014
63711
32018
80853
40302
28192
7312
65316
25572
25442
92101
81818
66384
47979
18109
8790
87901
83679
31074
31758
60087
64044
99588
4168
67223
83656
60287
77773
14750
98869
53237
71534
79074
21625
4613
71318
32774
44880
43266
27179
83952
80897
81852
70078
22550
77958
79956
14898
36278
73223
150
70770
78202
62146
55238
44542
77682
46812
27845
19709
89291
76785
77943
30858
15994
71662
67567
94693
29251
40277
42342
94812
2917
66665
46925
44909
89247
38087
51503
99080
76514
55634
19779
72192
98078
94912
40221
96541
95707
50125
65329
67522
14918
69476
38259
80563
19110
43899
17679
70018
96035
32569
12200
99778
70564
97943
90176
533
81868
80493
83031
7238
67381
87123
5781
63152
27405
87838
20904
97305
56104
82605
55468
17154
54670
83452
59471
69196
37290
36707
585
84373
81431
11869
14856
12357
21615
8033
87640
84568
2795
99348
31718
93075
59746
1681
54480
35971
62502
19352
93491
69253
32248
24479
88133
51128
54349
46581
43154
87986
90388
3679
62640
74147
60336
71736
45205
28933
26080
82050
82370
8685
56913
91523
16051
1970
56107
55053
98276
93851
49410
37939
29870
16724
47520
89215
88451
23148
88828
1536
24006
85958
55600
56066
10425
21262
56760
34764
67622
86651
83000
97833
78734
70977
82767
22790
92166
62150
76058
59003
32809
87563
21924
74339
51557
96228
75764
50556
17001
18891
83755
92246
61854
58153
30935
75509
30862
292
73994
78939
18335
47432
453
12055
99235
54326
4251
27999
64706
91174
4376
59385
96897
20616
18760
9946
78222
18557
27233
55298
58927
69824
74410
50333
33382
26042
53712
4773
3873
83441
71697
26264
43280
89402
15795
87665
22910
86938
45702
30913
14601
63688
28225
34483
76469
85483
72014
64006
69566
94763
27817
62688
29074
61231
74661
59041
23905
89480
28728
71020
31410
17007
41116
86710
1385
40267
67606
15967
62790
46549
6659
21206
65833
24871
7171
25936
42376
96781
88491
94369
84925
43231
60193
11769
40544
33004
89229
78709
55105
5095
67388
96627
97446
26716
9736
32073
99342
86778
68187
82489
99599
45537
50735
26578
34188
23763
84799
90548
58761
67741
86593
36951
86838
78269
73425
65048
43515
92793
35970
45983
81929
78339
83838
45264
73155
18287
77350
49177
63695
83248
15604
73392
96287
34508
25455
64775
14484
60030
92241
68684
75021
82275
87135
47819
59282
92721
32696
72076
9718
84125
29262
53188
26050
89357
69489
80185
63276
1
27788
19725
12676
22523
48855
42451
72162
42077
30567
64369
57937
33240
53713
15700
97636
47720
57657
63759
65947
22997
16757
15630
19065
60913
29249
68962
37738
30854
76139
71119
23729
57904
32972
13790
23551
28901
48736
10350
54197
71084
23043
70913
6503
2975
86436
99728
68833
19895
44500
530
36212
35350
74003
43568
80002
77972
21486
87294
66703
57324
19317
16254
58382
62690
55768
17492
24464
41909
8898
24113
21932
26065
19964
61317
89148
92669
12291
41499
69765
42812
9403
85840
91647
47981
62846
10749
63691
82308
44334
49639
5365
50721
76361
37627
15529
29490
79532
70886
82802
53620
6
87573
59408
21573
332
39299
92020
75769
71169
79854
46026
32643
47496
46953
75801
61618
59724
88404
15199
74675
46420
80538
7876
7812
50015
90629
85894
28445
50446
42438
58537
50337
75305
22585
11256
69819
21254
75624
92834
76219
67193
31008
69924
46704
23286
12965
21776
13614
48289
25515
92245
68996
30557
570
39951
24373
82507
42454
24807
1541
97119
13554
26836
88907
24706
56779
69097
8335
47665
50711
98518
41691
42535
22561
44259
12240
80796
19378
56584
39624
75716
1530
34864
5911
35973
84566
8471
17493
16683
70750
9165
32056
44195
95034
20347
90767
59094
81174
40724
58257
85354
65548
92000
39466
25347
30384
31397
9850
66740
38716
54428
15392
15691
21172
38003
85397
29896
44893
10098
30275
2782
53096
65366
78101
40313
45588
56477
39996
17169
47492
8566
6670
32801
29668
12503
47127
98314
32333
85725
63090
59948
82658
16934
93324
7942
92617
29713
86057
32792
84615
69452
39775
59375
34074
5228
25649
91415
51459
68473
29626
38316
11579
93766
80981
69539
44447
56097
26834
81970
69918
81309
97106
32335
18652
22031
12332
66783
28385
29723
40243
63179
65124
4952
50793
37809
37421
59145
9046
99996
2910
43353
9422
10764
87428
69525
6214
37463
33571
93839
85084
93610
5460
2700
66853
3886
37245
93541
36551
651
4758
89434
28167
94324
10219
51110
94171
11510
75768
63888
54938
19170
52858
8498
71936
33340
51774
17811
65046
97016
82327
45747
35667
369
19340
61592
10264
88996
48437
19770
94728
87239
89052
53754
50982
27878
73474
56730
81705
82750
60105
79056
61356
33175
10704
66874
60600
90206
4925
93205
81615
38304
69774
23183
10249
6562
87032
58776
18018
98791
16642
68870
82416
59547
23727
70208
23670
96746
60254
87226
34782
94546
73432
28435
35361
33261
62088
26853
44031
93760
51897
25482
99065
90223
54931
36812
59070
9025
6349
55508
4097
58855
20358
42237
14301
95865
35406
24603
74746
2105
74508
957
39041
995
27394
3696
10215
96394
86696
34984
65716
45620
21121
61852
7297
21752
35875
61130
4496
82272
37658
61358
86027
61716
68547
16358
22169
3021
44205
56233
32511
5906
45302
72185
7251
34403
61478
58610
30888
49944
49547
35718
3943
27155
67384
31063
46038
98437
86363
36128
72817
70395
80371
44743
11367
8388
97532
50173
6396
6598
81417
2938
63054
32446
87102
19509
62162
49090
26056
21798
83219
75534
88654
6493
9664
80948
51182
5088
78388
92203
19998
46739
3088
6236
54968
24584
76733
72553
20079
57003
87044
18264
94641
57067
31320
91575
785
79690
72705
20264
62664
1862
83321
94805
59609
18128
94586
32866
4541
31036
81381
63464
60134
64983
93753
18447
91353
65604
9446
17918
17895
34296
58987
94436
27579
94086
26328
79024
44545
28077
71997
7682
12117
39686
23888
5974
52122
70369
31206
19242
63961
7359
52501
58732
89304
1614
65848
33234
30353
70340
50484
43904
82842
11531
97413
53734
89003
97353
32671
82177
52329
78427
41191
82333
63940
48474
50726
28254
3396
10414
38778
36488
32570
48672
9518
50475
59634
32427
49474
20814
98461
36979
96894
86551
50226
11881
53331
82185
42398
86541
10611
14410
17238
54733
31616
66938
15569
80264
47050
82073
55786
83922
15892
80529
53858
86555
69238
96545
38550
16229
94426
10062
37305
6669
23157
36457
12309
87331
41269
89154
61168
44679
83086
38582
41951
85829
8327
52638
78066
44003
69881
13369
37846
42406
25317
26772
90630
90732
90700
41964
22633
30711
18368
61373
67468
18985
64074
39510
71881
25159
20620
60547
36873
41743
65467
5882
55171
84190
44669
24551
3606
62023
65189
71325
33204
84407
7796
72281
11666
21138
41884
49651
25670
61227
4085
65870
36598
64010
10118
85525
99214
91984
24915
1464
65419
65944
2206
12269
76865
84971
352
28801
21294
88973
54812
7698
94249
55306
87049
25362
79934
38679
85322
86523
80349
88792
79127
61779
24741
44916
3072
5023
25180
61749
6119
92814
48820
34029
57048
95506
33554
58532
84978
29632
84268
67507
94771
35636
92712
58010
25980
61005
35625
45947
19175
20277
31359
18108
47368
53190
78131
98625
46344
84253
84156
18921
53545
44347
73732
38156
19908
89084
28416
13770
29106
35104
30040
93352
24992
22172
53619
17091
96704
67328
47690
5107
92909
2195
58724
52583
23176
29373
74514
69792
29631
95976
26140
53101
23738
23790
36626
37309
59298
44071
5481
47538
63040
29044
71753
30231
30538
87057
8588
83386
70454
20186
24813
74880
70299
22091
55266
8869
43925
71742
49318
60209
34811
52069
95530
8888
377
17389
44118
27766
40574
77023
28006
9444
92931
78674
18697
39790
53946
85720
53062
76589
62620
14481
56774
27274
53910
9988
46902
68265
49137
70723
17090
57981
34562
37393
90407
62225
97265
18972
69353
14798
13388
97992
7981
17880
7784
93620
85171
60885
28372
23134
84114
7979
5496
4503
52416
28655
59292
78189
21525
82244
1419
86109
99506
57107
45243
5211
79316
73424
67154
39429
65662
7647
44469
23081
89985
20247
99228
23479
53990
87107
11688
10588
44034
74223
8747
50130
17620
6382
10660
63647
12748
29200
7491
23534
5700
55951
11607
83621
1426
63821
2396
97235
18909
53862
72932
68292
96165
76747
10472
33503
96284
6192
77319
70526
70216
45015
99435
93100
54472
48511
35738
67636
28125
45488
66521
97791
65551
87263
77977
29651
67685
70810
48476
55948
62372
7572
56278
62195
35473
62446
46718
95559
32699
95988
54732
21588
653
18924
93251
42645
6312
79307
30995
1729
7532
96673
76190
32150
46286
81286
3757
1214
11645
14932
64882
88428
4127
84242
83697
75115
14209
33487
22946
20417
78539
65928
38611
98330
82734
63015
16680
77186
31627
72352
79001
69050
95677
78178
54449
35852
24779
9510
731
25061
79971
66476
63542
51426
96217
70662
38543
63984
85012
98730
57972
67610
74676
73507
5052
17520
39317
92902
21948
85142
67540
32964
73010
32028
83377
6141
2674
23382
51015
70003
10783
8122
85225
76465
25529
5138
1575
44453
19807
96481
29577
51836
10292
11787
60596
66614
92030
24509
94694
34311
42646
62737
82429
61738
99077
12286
87435
61202
58242
31105
22047
48625
38666
11077
62460
35153
36442
98382
51776
17514
69349
48042
9216
2493
35363
71097
71625
63868
5746
47157
71380
48674
86078
75710
57445
49890
30007
92065
83507
10527
783
5183
70192
27402
53747
39520
75154
19641
43026
46936
78148
84291
99838
28708
8407
51393
94868
53407
61620
81692
9902
18414
85836
74448
7228
66502
72050
89787
60510
66749
45401
38206
84587
49393
67909
4908
33754
39743
39221
58630
49375
44505
93847
39623
99542
17603
15234
19030
8715
62333
16784
26231
95603
59895
22752
83192
93412
16264
93858
89851
54084
81497
27418
57910
31254
97177
52965
4306
77016
32994
54491
24627
43027
28891
98601
48314
5646
77386
4790
94090
19140
96101
30335
69705
44557
98071
56166
65160
42388
49941
11428
84888
73837
82635
71289
52634
37022
63076
12136
11233
23568
85669
48854
14146
85613
66380
13651
46729
37169
70051
22992
50950
64940
33613
39267
43258
32584
45415
94762
64342
42821
80957
82637
25384
92189
69913
22802
33125
12517
45370
49507
88181
64506
16355
35886
53642
39301
35201
12059
35574
18815
99296
78089
48644
2145
46189
39309
41028
61593
56691
67948
11726
23293
28942
58919
55734
65428
29735
71730
11988
6074
90282
58852
7948
45278
75219
53494
53416
93307
72165
39264
16270
87130
56138
63487
10712
69637
19033
64536
66275
16780
74625
20071
91591
87426
91816
51234
30873
56627
93399
33863
40490
63085
61526
54940
92508
30288
15301
79260
16555
32864
47066
56411
57342
26940
95955
97773
7586
9400
25187
74238
3119
98943
73108
31436
1549
91503
3081
86685
27976
55776
89459
98459
30077
46990
50270
97638
56610
9469
20908
64773
63480
77611
33279
57889
79149
46685
72344
8435
64142
63768
22854
81235
60088
18366
14923
18208
93038
54064
55737
39073
92280
69267
33226
83456
87720
61518
92476
20691
10453
13148
31657
45461
41154
39061
90522
31009
64344
41879
77636
69772
49573
86791
88995
7890
40697
95458
58170
33718
46314
77793
51524
14964
76570
18553
99538
13384
29593
10380
20953
31505
17052
26909
36245
59792
85961
86468
90877
85278
72539
66484
45099
61778
54443
4964
87969
20947
20745
28656
62994
3384
5625
6135
58790
20190
63619
48573
15295
96960
93074
19240
98202
70220
7332
70529
50752
7686
32184
43562
146
50865
17135
51395
67940
48992
14331
7152
3976
9607
45014
81895
82986
98331
95107
46140
58323
43909
96524
91037
67
88476
57091
76787
53514
73717
20504
76914
10259
42493
93998
94274
90777
34448
68957
12584
221
68388
29236
59881
42649
83319
90873
18988
98685
24483
28463
20175
83879
28953
48331
74011
22022
29527
3300
78843
23989
8386
65735
32574
51593
61463
97095
14912
20011
84196
62099
16748
18807
57330
91724
81137
71813
84393
39178
85715
59220
23848
97117
58313
75055
62420
69692
83658
12934
82912
39641
57762
49124
31177
67607
5693
2070
97571
6253
59497
14273
93730
57891
55158
2752
69939
94874
70759
48609
22145
14349
5064
46162
11525
91649
33480
59763
16956
83291
46779
6452
87542
55645
9335
8765
97159
75654
70253
23258
39277
87662
43160
36404
47904
60243
26558
17302
13842
57430
84363
631
9172
55074
62976
67334
47860
32081
79550
53728
64132
30700
65606
87787
31302
63910
33707
21460
15096
89840
97543
59696
64106
99946
23669
27130
2222
16709
25724
73450
60677
32146
74142
61413
51461
43544
40114
56740
18612
51895
40578
9782
53255
36213
51924
353
21334
91068
37277
23425
70416
3325
2085
64163
73110
43225
19832
85972
56585
3310
98676
75188
40554
81438
11583
53806
10572
63939
74370
73864
7032
12926
36045
8740
6171
16810
65243
26576
46952
16505
59917
22685
31890
11709
7692
51842
27129
85424
15457
49708
99246
40756
31087
38145
62504
47748
48718
98876
529
17210
89676
94031
80314
27633
76333
95150
47521
7272
24097
24998
89907
85696
73627
16208
14997
207
21938
7245
47221
36830
8561
7528
10262
83029
2717
98530
74173
79208
17739
71820
9841
5216
1969
28488
83008
16123
57804
93681
87777
52512
30749
81674
94440
4238
20151
73694
14365
82955
59997
12611
44512
44093
61527
70861
49920
37775
28940
35665
39477
39546
14391
55918
77333
68648
34980
18273
48759
34157
37681
41184
41761
25468
6288
8371
79203
12158
78130
33713
98585
92752
79379
77640
73590
96551
81371
18256
59079
70039
1293
44673
91244
91850
50481
89780
69435
32482
6597
48244
19864
14980
23109
19042
78798
86007
26768
28149
86839
44068
51307
99755
17240
33870
10032
45781
19144
72038
19014
61397
14719
32342
21241
85573
86630
21705
38681
19169
86939
53019
59120
51885
1847
31951
64031
9068
75979
68324
69179
21511
50464
71368
84882
62612
41241
14922
46614
21082
12276
99273
39359
21541
67245
77356
92283
77138
15355
55316
48559
83187
43352
84945
90994
21114
4480
1141
4462
21655
66784
98407
11741
96477
86762
29443
18056
60853
64069
70706
92566
80753
17345
67879
12214
82180
95078
92659
64532
75146
34350
75445
26548
19583
20901
20164
9022
27582
81740
85232
85453
29615
25089
93061
82424
69491
32607
17078
25659
64370
24263
74474
20602
21352
35461
11039
35699
63533
8350
89661
25326
22870
26601
15662
35974
54690
66326
43513
9916
19694
12298
90555
56057
85199
74425
63975
26734
18389
7335
14673
86093
26342
89573
66393
12227
25456
30674
75265
31246
31909
43369
54610
25115
53026
89847
85028
96428
9810
19115
25428
94354
59849
30324
80877
8788
18750
41967
1977
35006
73911
46554
23624
40093
81384
8477
47470
96476
4631
46630
24316
40104
86763
45524
18517
18814
47827
69867
27486
85975
38845
22045
66061
69155
99093
69066
42566
44940
72564
72403
47738
59552
47004
65079
16982
73372
28785
23552
19547
69768
5230
42965
481
82088
93906
50985
53171
40183
97422
17575
56538
87828
75569
24108
11968
54120
77874
33859
13608
18660
39805
15631
16383
56232
79257
84730
13988
58873
67086
24733
52783
71912
92493
87177
4318
89255
97079
95991
99021
65915
45194
97867
55552
79168
64844
65367
95604
2819
95925
49216
41448
97086
60390
17174
32657
54763
92258
67165
67930
88436
48156
3018
57045
99560
23706
40511
97978
92649
68137
37788
27670
85821
53151
5874
54277
88090
76964
99389
91706
26168
38664
42603
24331
70309
85588
32901
39116
98638
18443
8135
41110
71309
66207
31792
70837
94377
50313
11715
42978
81774
65372
16908
88410
5145
81066
76501
79810
36867
76866
90349
13854
67416
74282
71270
4961
21199
65397
6978
67065
94398
31716
61399
62919
71044
28160
15316
3314
17922
65165
48128
77051
59495
89680
40531
44583
80603
8693
78462
76270
51033
79872
70670
24465
18865
88820
94642
16130
34015
47817
9642
8042
15372
22166
88157
4108
83178
70245
97868
47259
54803
55250
91010
50733
65070
57307
2743
41125
50347
58718
58825
40946
76830
32925
70085
22252
19002
70967
44374
48639
59757
50397
96023
58017
32456
44245
85672
2869
79582
71935
88672
87264
86114
2716
68133
32929
32812
17657
82138
47840
22170
72954
38965
75679
89425
83142
26627
100000
18408
35587
43554
85787
57106
37632
32997
1730
4594
88667
51658
38119
36816
71010
30568
16899
36051
7570
80651
10028
45375
10393
67455
10186
51439
15283
32058
30211
83091
87498
95860
98639
14333
91382
22420
25425
56557
42897
19231
51407
11774
61898
81471
1087
59169
21132
31451
49423
53087
13847
50946
42241
60865
67791
16276
74200
6243
22539
59140
26583
76290
23806
69042
85164
81107
30156
89207
27089
90462
38037
83718
96508
73205
35797
85428
4676
88287
4529
93469
70635
25165
59641
55032
67781
41698
79961
60988
43236
16648
4350
6293
62669
66080
98779
18710
40074
60321
92110
1476
58729
43005
6561
79210
73806
36713
76535
77248
1311
78044
48461
67715
30357
31393
33482
25988
72325
824
94607
13886
80830
72912
29244
98942
92009
1580
35000
6605
95449
52276
52024
8505
24939
20939
69666
67461
46750
81840
93067
65925
58525
83655
16560
17941
93981
95221
43724
87418
30830
63381
51039
9724
22461
2666
73071
84364
65039
18022
92923
27019
32653
29157
65056
96579
56109
30223
27986
54328
26509
42549
24735
45753
99210
65121
53795
54076
91457
54185
89703
19147
31917
17976
23303
50814
25259
9866
12123
56433
56846
94029
13230
80262
60704
5153
75179
60292
91522
73649
5181
86072
97423
57637
5476
30930
66467
22697
70434
95469
96050
76808
45424
33557
38301
46809
72816
80874
15552
52665
82129
81125
42215
28934
98346
93220
77860
74731
19226
96248
92569
59185
17331
97598
18967
38742
68744
6970
11642
68639
89116
86647
39342
78085
58978
44830
30379
31705
85251
30319
96690
33194
22796
7764
4727
40747
98972
29497
90766
98904
9833
91840
5341
65096
25974
46165
32327
38994
10500
45253
15596
83059
45443
69703
13002
99812
82623
46048
47234
88959
25741
1540
32394
31193
2064
1860
53470
80446
5712
31560
66786
55254
75479
8628
12816
78493
38893
94794
92824
17457
47548
82270
66934
79173
49194
97385
9412
61758
50293
57997
35966
57763
49663
95832
17930
98655
87395
4876
70768
78592
74610
75284
38967
98334
67911
84467
54465
62568
92967
28178
67945
1361
49569
24093
22435
32166
24114
8509
47644
36246
17496
68407
57092
25557
37218
43551
91584
91342
48361
53240
96782
77424
45569
90390
37422
92860
25519
96765
9201
16025
71326
93691
35674
87572
76166
99087
3861
46421
35136
19562
1808
41308
8442
38193
14287
60293
26238
12341
36669
49155
15661
2383
88934
40718
26850
43050
91613
92945
25628
42375
17555
26529
21305
62782
88946
29829
67496
18992
67885
22674
39699
31477
11098
26145
77751
67589
14469
16300
45786
25895
99409
58175
70585
9408
34809
93366
27856
35565
40817
31911
31552
69636
65315
89503
84368
46477
79269
10428
16426
3496
62847
28174
69577
95117
50532
90372
31912
63174
21629
13433
64932
67993
96583
44734
81995
29851
57443
19285
11354
47716
24296
25761
54376
28610
1627
79331
5871
16652
53882
41933
46085
96972
97516
74871
19279
42111
33669
31681
15847
59123
56506
34540
53676
43930
96857
1370
91947
81176
87084
8317
5544
87871
9350
86137
38280
15082
96611
9077
44712
92716
26798
19713
56646
95686
73573
22271
36906
47217
66361
86580
51107
99138
73070
13486
95514
94120
58533
41449
83916
88134
32758
66069
99454
89956
46255
63312
33690
91722
84484
53790
13994
3528
65432
17787
42195
57567
5191
83285
7559
56592
22820
19649
27724
26115
83936
70302
32898
77432
1761
21018
25174
92583
54557
26842
56770
92090
65664
88064
42786
50606
47928
23709
77060
63784
55156
75459
10478
46602
20440
39738
12395
85153
29392
53369
88561
30108
77875
95946
91501
51109
39943
30693
7900
88542
12588
93697
37657
96755
28842
21019
52777
12157
29036
72266
78585
67200
63865
29005
83057
83287
58696
78221
90341
87958
54850
59607
19638
85764
36568
72440
86119
38640
33633
23391
36141
23394
97326
4655
8139
59592
24755
2552
24874
36282
47207
29477
8643
7073
15562
38566
79580
92541
34357
63134
53617
74667
40685
68899
87611
34212
69615
3642
20756
45792
50020
94240
59072
25032
79187
92848
94082
25298
83846
41188
5617
47159
27391
22687
55330
37352
53373
81353
95029
5721
12439
36813
12165
91474
89598
78694
73370
53672
57617
39147
85959
54036
33260
49285
44156
84803
65931
66942
50917
5739
74505
51849
22187
60064
23254
39007
66541
75779
4009
11698
31838
93524
94088
12314
7767
25542
45414
40510
49807
82905
83635
69546
8648
15296
79891
6609
81667
33134
97124
27306
96114
47990
47076
27481
67480
77434
92365
91757
19243
84530
74420
34494
73011
20791
14493
64550
39169
80626
36229
10809
11470
68130
96915
78560
54380
11817
89345
99578
42094
21858
27169
25253
26839
18651
29728
8859
95798
72134
52756
33466
85501
97247
2405
27571
22368
42159
33545
128
28581
35644
28573
62115
228
94614
82722
61643
29383
37688
33538
7860
87514
74895
8301
75406
28793
86830
99593
9936
55685
74598
23112
10300
86586
26786
9417
8751
30891
69600
47734
96909
23591
27287
62265
62398
90340
99123
48442
40701
81964
53067
76883
64895
93422
28247
68492
76774
88092
88982
64265
97549
5537
77712
13722
79653
5779
56430
84184
84949
83793
50219
6911
57871
46663
8697
69100
52456
22656
40789
97452
86621
14702
29414
77922
71397
283
64803
61833
98108
40459
76076
43194
23531
55024
81855
54556
43868
23884
89053
31903
44946
11567
45628
36910
13507
49919
77132
3905
12792
85703
56807
76736
53499
94477
39418
79838
21972
10055
12305
62819
32223
32509
68716
72055
30134
34014
25716
99186
93716
35019
15125
51816
87076
18377
81301
5694
45270
36200
79115
67191
1134
16766
10299
81915
45824
62059
29155
57575
87934
65772
57834
19463
10945
83152
97685
71679
59860
43812
24677
39695
29805
92690
53286
89240
95866
5761
18429
99373
74615
59764
20365
5796
79915
14962
68257
80111
41626
95447
92451
2426
97424
88239
6367
74311
50993
78693
381
83533
16927
20476
98128
77314
78783
49179
82055
94107
89901
89200
9187
53031
30087
59096
42643
40861
54865
68819
20018
20540
2643
25525
96381
84140
55252
24453
46196
62906
52624
41046
22793
81399
90969
16452
69642
68294
35343
17612
12195
61011
67038
33681
71417
70927
6053
66317
96233
53841
98294
32853
44993
69251
23779
23703
32686
60249
69025
20531
30489
38625
50077
74313
68224
27614
89393
47529
76126
12474
93286
67150
23492
23991
2102
47563
4468
81640
30128
59122
52213
66858
67390
73528
52712
83544
37464
59963
17245
81874
60504
69289
97065
24672
42072
53968
9476
67701
85532
79179
50034
94273
48658
81042
4338
2978
60324
60707
61476
1940
3915
69695
27665
27667
36815
91444
34519
54107
61332
53009
70482
46887
98138
63439
5274
53236
35489
99497
39901
54973
68068
58956
73494
50819
81869
92273
1204
9480
3556
55060
96676
57767
19235
60042
94891
6615
38783
45381
41694
33439
12774
22884
53525
39206
2060
1583
98022
30859
93944
36825
64067
96820
43559
58755
47469
83109
78078
88724
30037
96605
13974
46713
27802
56939
61546
62310
49495
11804
9569
75046
82836
70914
94042
84835
46679
2829
80058
1088
11229
25080
64223
5281
14901
79343
17804
39227
20696
2844
89694
83461
96060
85641
34871
80154
51660
16022
47167
10767
29306
32444
68441
79975
40170
97947
67965
43218
24151
48512
26594
22625
74719
825
92307
73390
7256
35672
52127
27530
13621
72306
54859
62281
84356
5535
78766
34064
44318
55143
24866
72565
21328
93979
81527
49614
40504
44769
86770
47255
29131
68598
64724
38796
98877
14131
18741
79180
75424
28070
48785
7986
93441
42437
44735
94123
27490
63279
98761
65598
22112
4956
95729
54602
49447
98439
28288
20266
64805
41652
87013
32055
27545
891
6808
46100
25273
3842
61702
70234
72887
84669
55889
36135
64894
1254
12945
20327
24991
17304
99876
17478
77212
62709
95632
48296
19057
28912
83407
87360
88942
71796
66718
8073
79360
52905
12438
89849
30145
82826
78724
55425
2028
69283
2071
97439
72540
93040
58210
14257
43449
43616
61844
11940
2328
1224
80145
23657
15838
88354
89940
99079
11985
46592
51429
36232
16610
87069
23283
96421
55290
78649
82225
44924
69222
53346
48295
39512
43440
90581
30704
61031
98493
4644
50768
32606
44175
83326
67725
73946
82790
18720
19016
58345
50142
9357
75819
30655
19717
34614
80282
99188
54378
84033
96154
8641
56753
78552
44478
80472
43448
41953
70277
20847
58299
90545
1162
98806
73182
82717
5816
36948
14765
545
80138
19544
7967
43761
57991
85798
55631
19710
73264
90069
54072
39859
87062
20008
66811
36931
91491
24692
92849
88165
19177
48199
23049
12097
67867
89231
20817
58104
18241
41070
41420
80269
25382
87114
64947
59577
25241
5975
30174
74522
52919
3562
17444
72133
77166
97004
1567
76992
53786
22424
38448
8851
9714
68358
13926
30598
62109
27965
38722
44462
65703
15440
5863
51972
18512
51525
51379
19982
45402
41977
22866
23661
38473
19922
49895
33742
33332
17401
63693
52204
33115
91089
69517
29144
64330
56771
26257
93266
93609
5173
75756
94859
55533
96984
3837
56453
81012
99527
71601
91441
11745
59672
69114
28287
51269
62401
85154
3802
80265
9944
52294
91903
88663
56487
20810
35080
14263
19847
28480
28473
2109
31532
73160
21474
9264
56522
10722
86477
2243
58867
844
45287
46062
65914
21286
17128
22983
22048
37689
45256
15883
2375
11015
28852
33741
43487
4822
5492
72164
71282
54377
67503
3555
35052
4196
9735
96361
36871
10904
91189
95435
6185
37297
10888
94686
4126
78067
31524
17172
17439
25200
36829
6748
52346
27252
61176
58485
9234
92560
66426
56102
30268
45473
9928
48874
77251
7461
40350
75026
61113
99311
4732
73427
82962
91546
49786
96300
92731
81624
70405
47059
87035
28250
33192
85467
5847
53779
95071
37691
55705
58722
39257
87127
83468
64919
62279
85884
3505
20221
190
79568
42911
2149
36136
66105
74754
38043
34707
28578
92175
53401
80115
75844
3826
84370
42185
86568
85747
33291
3614
24004
80650
43190
44781
5966
87562
2855
46274
19377
7149
7398
55068
18588
63436
75506
35119
57961
38737
78842
73569
78952
48315
69188
28244
38631
9363
95992
61302
86500
46680
75229
27600
8111
86305
2885
70842
93490
80118
47525
57278
22743
72244
40783
98523
13415
41357
12655
72459
74563
76115
70306
50127
96504
43768
16479
43756
31121
23217
11490
29275
88878
79093
79907
34766
44576
97703
12660
13494
87726
48531
52668
93452
67764
71674
35187
36560
6272
70756
84910
6914
7475
69254
37530
17900
1743
14472
50995
74458
8016
82604
66772
29462
43110
57536
84091
41998
73519
15394
2755
74241
63304
48738
98292
60255
50479
11506
33641
69565
73959
632
40601
65859
48533
48073
54964
45045
81808
79987
2835
7798
67642
73064
35115
5916
25900
89142
39020
13709
2513
8434
89856
62247
44056
44723
47122
67818
67908
46384
79879
50340
5373
96721
71183
25613
4622
51918
53249
77862
50183
64430
49126
47339
3471
82456
85306
23870
68513
99427
61205
45996
28409
99305
7938
5826
44214
50100
62050
58550
24843
31795
83337
7837
39952
6559
22305
52084
5137
83540
25278
24423
41748
65558
10270
47456
82909
22882
98106
30869
1924
43318
26384
50222
17211
81956
63332
18679
93178
12208
87865
57909
93393
1353
75371
46123
77602
69046
98556
30938
30042
47784
75415
85866
89472
53106
97269
89288
24514
90628
7563
43821
6421
27092
26211
36490
44731
55090
45514
23190
57829
6340
6337
78136
10745
49689
76498
59636
86979
92588
28344
68561
88194
6274
11974
73177
67593
47098
80466
28730
72801
93237
68223
17260
67252
52402
95852
65628
82586
58792
40768
3602
61142
62358
72981
83912
97813
23589
10971
50530
85057
12574
19446
86844
93580
91961
38627
93645
89065
52317
89177
19857
25634
77876
62829
16720
51906
19025
28515
51639
29575
79908
34771
59903
67853
88779
19854
62414
85363
97039
3274
47168
70478
38921
61493
52019
91767
83429
67519
28255
61152
37156
7595
15523
2634
83201
84627
50405
70174
90849
853
29675
18694
11765
28864
57533
72898
87450
67952
59246
33634
31928
68403
76059
28457
80083
64985
53035
33478
39138
91885
36892
40084
45865
30808
49891
55476
59396
55762
5889
4136
14138
92917
33812
78491
84976
61767
86428
59990
7081
9937
86736
61607
56492
2707
20407
89106
54958
77372
81263
57122
6796
45599
43069
3159
82915
67413
6134
18204
82381
2197
78181
23520
69952
30090
56787
68159
23801
65506
84103
97566
48579
47790
34280
98947
62550
40179
95797
82009
56780
26336
88904
52017
15077
53356
48101
33680
88988
81949
47947
16190
21123
7680
94097
37575
49037
12260
99090
99393
8735
25416
57861
49120
65514
15286
51931
62896
39688
47055
61549
54671
53976
28176
11770
83650
10415
32413
73294
86719
39708
8779
86484
53915
95261
53787
48112
72219
83603
72700
83722
77949
22836
75894
63031
8734
55844
99536
93019
56279
82260
41596
89493
94446
12476
48942
99161
21381
71718
87796
77865
91205
31933
71630
49038
59957
59973
77003
92635
61214
35553
76079
88708
71567
28301
57608
7375
32979
43734
70859
61350
929
47635
41322
72511
22597
43083
20046
54805
4515
21951
63721
85617
67473
81788
61661
55815
6366
37796
61021
81517
48432
41279
94378
98790
71792
13767
23284
23686
1070
7741
79118
59058
7093
54275
6753
78873
8134
10033
66343
55030
97842
72696
44358
47426
34987
94618
6932
24218
76090
82068
15665
1111
68783
84783
48628
99707
81199
52284
43413
74521
23255
19436
16674
81147
26700
30292
29599
28828
43332
75446
10578
4111
39896
80906
20168
6637
89763
13000
83702
83784
97639
71167
16919
75858
49021
68463
62260
32053
94700
30549
59442
63256
47630
63356
67871
35933
13480
14741
95552
33302
84737
87508
37645
88307
97929
27841
71710
66425
88009
33143
71642
23282
62863
18735
93596
83729
48121
95067
37053
96289
77167
25569
33517
36070
19380
68862
28376
55529
11123
54916
94000
49907
51197
75562
40003
7853
91747
41168
78902
16716
31454
19706
34112
85908
50025
67832
70764
65781
62820
4559
45255
80777
81665
61816
67820
11897
13624
239
39517
70530
88221
46484
66388
4253
36614
37243
45889
44406
58452
44326
76677
53121
9177
31639
64354
65666
27629
96332
9295
40427
28540
77757
21268
74864
17757
23830
84450
39119
14154
29391
48124
99404
13356
75571
51994
75681
31406
34290
90903
92007
57791
64083
6658
45041
59018
16368
28945
21152
38416
73746
43569
75182
58915
46993
80363
1809
71231
31598
23766
40671
76978
55248
58662
73172
59630
25621
40716
86529
90836
28707
61461
4186
26356
96824
65935
37344
53714
85417
35549
28498
79089
86157
28120
31961
58872
88786
81957
60446
47823
23563
1978
14151
97229
54596
29610
12363
39462
34447
72775
1641
72008
56341
19729
52428
90956
39440
59158
12400
70488
5806
84846
53111
48024
44834
8810
70452
15259
44137
57734
63858
93402
97053
88952
91675
65334
71441
21544
56221
92148
26144
77886
23960
9754
77627
60930
62433
62609
9652
47983
75107
87844
56731
70642
93218
14153
63287
22716
1420
55341
77216
20240
63682
84814
17077
35887
72671
20673
46485
87448
2292
40408
1340
76057
46150
40491
7001
81261
44197
14453
41019
71269
80785
14366
25275
74205
24573
46737
2692
35620
86640
1357
62014
7444
55876
24646
76157
24948
72074
56466
89488
98496
45187
48883
77055
88610
28612
14954
40757
74570
72279
64815
83972
42979
67548
10927
89578
20757
25436
5959
24924
77217
98771
58331
6252
85465
26810
90647
7879
41565
72517
80338
3035
89914
31321
59496
48689
54426
99315
61495
9849
90542
81620
24824
68186
40849
1792
63021
67013
66687
24226
6347
14416
45104
41586
24759
69052
94275
95685
30407
76705
42162
23380
72208
5795
39927
24411
49187
97067
42896
20003
49379
44194
16181
52620
1759
36527
80096
50586
13034
65220
90967
57095
82657
87781
10481
58178
84418
13310
34602
33614
93124
77358
19776
16828
94721
89423
31394
22439
77056
95570
17510
82752
60284
9209
72239
72757
20120
19760
95159
91777
7358
48673
98658
25292
24805
16256
6786
50797
81851
40336
9755
23799
47857
3763
91796
21716
45383
60861
8824
32020
61992
4928
69377
5026
90516
38772
90120
79079
70671
83167
54720
57894
62823
90467
26941
69306
95268
50332
80026
19666
74786
40573
77654
36639
67403
2473
66222
45859
62983
86193
73996
77330
49082
74926
43727
4864
16955
17148
35110
63756
95293
65570
54619
84413
76399
37251
86628
14130
45657
93311
74060
44648
24695
74646
48048
16225
65248
6489
76554
78293
60926
28696
12728
64210
20746
88458
31244
25511
42479
14191
93555
29063
6620
14482
48726
66675
9709
53023
95690
91856
12485
32587
39074
64112
9659
29164
65302
7071
5954
11998
93471
99338
83363
3407
98778
14092
86005
76544
91264
55723
14914
82569
52020
77774
37774
71824
2944
79715
49633
97179
43461
92222
93250
1533
93818
15389
54956
24891
15760
23745
50075
83950
55228
26596
14039
27239
97351
61241
8429
1979
18945
31784
22147
99152
24517
12577
1346
23968
9546
34441
45972
15254
50230
86611
11746
65919
80283
70052
56333
12904
46058
6096
6931
7229
82099
79356
7376
91003
70598
30649
78632
85364
66525
21527
92306
23754
17600
71038
85757
63163
14082
32914
2532
54201
57722
46187
44816
30033
12285
74058
26779
93234
85143
28862
73032
33659
42670
92738
14976
41404
96513
35525
20613
33496
54835
19484
83119
80403
53766
36777
36850
58909
47369
69562
65451
90760
48667
78932
48596
31498
91354
57589
81047
3585
62838
25882
92252
44563
7406
99139
96324
78629
65077
33648
4533
83574
76161
85300
38251
71614
42710
56217
33589
14080
79784
24073
17897
35965
77383
82461
3807
37211
27304
88328
70978
81549
53763
34235
90094
73738
46120
37033
58499
61132
39480
41548
85662
27821
28887
13771
79109
26889
96629
95778
76918
48203
24967
39507
20068
72451
54320
21711
21204
76134
48327
97295
38619
9650
51308
93349
67899
45195
7578
37895
76389
2740
74618
8022
94346
11196
87112
73125
28141
87466
47931
56566
61057
84670
33392
73113
87214
45710
55979
99010
69715
80977
86201
76075
97967
52647
65528
98612
21809
1812
980
82208
44510
99981
74658
91890
60573
49702
94277
50412
32308
32218
43573
13066
97153
56130
45601
30550
11966
70293
82688
40755
9072
94800
31003
55774
54744
44
45150
28558
22894
29817
24141
97719
55701
83882
94223
42659
95274
47022
36358
1739
91496
44519
36740
42903
31907
72874
93589
6362
91516
53090
58132
49532
90044
77782
72342
88313
15580
55897
55202
32869
63277
47972
38934
40925
12211
48919
61387
1577
51844
5860
84592
59191
18859
10661
36736
95565
52529
36204
3495
5015
51569
28931
95705
3631
31805
37275
20666
30885
11214
10599
93298
53273
47855
44954
30617
66271
84542
86313
37250
46065
68297
2277
88831
56235
13133
63705
8433
66427
5438
63799
26089
21345
9084
92916
57358
91086
10277
58030
61737
21914
34031
55740
46217
8472
38514
28092
44148
11766
31920
98963
52775
85855
10840
30901
11781
12854
66636
43198
8145
40851
17661
21844
30208
75290
58837
88483
49076
31914
89436
44516
95556
40337
92413
61108
93140
46666
87856
30684
61182
65184
98654
97945
8491
74464
25197
66948
14903
91846
16698
82322
52375
64036
7174
15696
41257
99121
97115
71393
71498
78573
71616
59473
28127
74720
25146
93259
46397
30731
78672
36909
39240
55078
16415
53876
12431
10071
44173
96286
29126
88945
68070
71740
76303
23377
30253
79018
35226
39436
29673
73743
23861
52579
90019
79613
61911
35284
78821
75401
84040
90519
23339
39604
89176
47861
30244
68773
75866
70873
42595
1153
37086
69579
53744
83806
70940
45154
16742
39668
30177
89048
61653
98626
68102
15104
26704
31226
37651
92265
11582
39177
23782
83064
195
66791
76896
72066
60054
4699
11401
55641
61323
26071
6401
2009
61976
56285
18682
41637
98295
22398
17537
71732
65231
52349
24696
67285
40823
28441
3419
69001
66438
6909
68697
66758
48050
38685
51051
75502
16536
49
99367
50877
2489
52047
79003
61046
58767
96348
25017
99911
53504
28364
40784
62427
5751
98887
87837
18685
57405
10506
62743
16750
49468
56373
74308
91372
89899
59544
8438
91910
43303
72854
73158
39682
74762
92421
63916
86196
83268
61512
47526
19186
87384
18374
99836
3535
13062
45167
15583
75744
98411
83229
99075
7097
76960
74033
362
28717
49119
13306
5545
49171
32229
9930
87571
18473
89825
78931
12084
70613
28839
3218
3950
64786
33987
30708
23221
4143
57755
31154
37353
15160
34515
31840
64216
23251
65202
6090
77763
68207
2248
20212
83462
11632
55296
4555
83164
32658
82610
64145
17726
98301
72937
102
25426
74820
72363
52457
95554
84616
93734
48961
46571
7034
83695
62220
48518
33093
12531
20736
96700
99668
372
89198
40822
21996
3819
775
63659
42515
92850
30990
14720
62841
584
54038
87926
41098
35662
25294
87544
57252
24951
80859
34318
9168
76054
90322
25353
5876
90370
63044
2876
35800
84538
87676
62584
11277
48915
42418
83645
60159
88211
51706
29268
151
24422
79587
73646
47801
4356
72176
15579
26435
16271
22125
66495
43406
62678
19262
89210
13717
76607
95184
59272
34266
19019
67210
62924
55347
32242
56231
21119
797
57455
75578
165
61327
38179
3795
43328
63169
9599
14062
87722
81090
93708
9795
32654
21813
42737
3529
60850
89827
4682
34591
33891
18487
16321
73230
31219
17788
90855
17704
88743
88908
40021
56321
76192
57822
38285
99480
99128
95015
68489
28173
46746
25526
30304
80379
49609
38092
5491
98485
94038
9065
88004
58514
44281
58958
21610
91951
20911
34543
36994
63043
85489
32152
43690
8053
623
31970
84598
66212
53708
86156
17025
39381
40361
36346
93651
94654
43282
39017
43142
88922
34007
93743
83627
66461
82051
91851
31753
87997
75568
18427
82203
23751
37998
30070
37532
60629
41613
11846
69149
4621
76165
28187
25635
98568
98066
36981
95252
12399
99523
42797
19916
73781
45377
26634
74177
29702
2202
2950
71203
15468
35327
30236
31771
41577
10733
53334
10401
98374
73956
9943
79762
11543
8299
99145
85116
89732
80414
77703
7418
66481
78750
92311
93148
31421
85402
67823
24294
60709
60658
55953
26550
73579
12355
7137
72441
66735
94308
42157
84341
59069
32458
8941
31877
80258
42996
97314
18490
32168
68770
20501
55431
62105
38976
38969
84862
51951
93649
37975
72312
75731
85743
40069
93752
7022
60014
20710
78973
42006
38851
96548
58522
98160
54054
3890
13431
37732
23414
44736
65907
34349
90617
75960
27290
93943
38663
56071
59751
23614
12608
39521
81209
79453
19880
57339
29836
25188
91272
67625
16151
233
21677
18996
37610
72402
44135
50674
94775
55418
1261
90533
871
40645
51122
85077
62524
32362
40278
67800
37238
16708
94246
54008
7400
74592
6544
90198
57255
6376
15300
39940
65816
10976
57529
97932
51656
43298
29002
5011
79621
5081
28111
43628
98515
89432
10773
68288
23155
19827
56271
31417
4979
3066
7792
34185
28742
16340
51193
90402
56407
62331
83965
25103
61927
2076
56227
11012
2776
73065
11134
4352
64978
65490
404
63069
96002
7250
93587
95804
8497
714
15886
82867
21310
59699
65502
75644
30481
8492
175
8169
65274
13520
92701
42013
68396
76845
25030
2887
41742
98460
22852
46005
14380
29286
26635
3897
53198
19468
45846
99507
52526
23863
15740
62824
44616
4130
92202
46049
65803
39424
60113
62234
46831
24424
39538
78310
86623
80253
48980
42947
42547
92548
55947
92412
15733
73024
71940
30966
22406
28883
73026
89808
22640
16290
35755
5480
14440
30114
50129
15154
54067
26396
14945
47323
53250
27103
16939
4027
71025
83026
73481
14996
40926
6945
10969
20624
82509
62370
5961
2760
55048
20811
72945
51120
74185
26409
41163
10561
38950
20921
65119
8882
58217
48847
29468
15970
30140
10121
46987
90931
56041
36755
24518
73257
60739
75276
66931
84973
36530
59593
483
24166
80297
81656
22499
9387
74520
91235
91666
46078
89314
33673
67827
69241
50318
46892
78031
80036
26368
36352
45554
60959
85503
80795
19700
77448
81562
57266
31693
63322
42806
56168
99888
5253
86044
194
96062
19070
27765
35397
7636
63722
34928
36640
13522
6146
82145
40268
44862
80014
89874
91309
32252
10763
30811
54158
21741
26270
33744
25403
58929
31721
88264
41501
43597
2162
3137
60414
94691
74855
65105
20432
71323
1897
74921
48824
52689
97473
32930
7687
55607
7728
32690
42135
78862
24057
49262
77980
78609
34244
20788
22891
41644
50085
21624
10426
84334
76622
47249
53461
8436
85735
32731
84217
34044
94111
29040
82763
63951
73233
75345
64654
5069
31449
74261
66022
13043
70736
41975
30934
80287
62159
59962
29436
38721
1273
8662
86785
97337
62312
96648
41716
46586
85562
79563
24306
23381
90944
83942
62773
42629
7855
13935
72389
85871
63896
36798
45456
62463
97572
7790
49558
49662
35591
6379
29338
89936
70006
89619
40140
380
43162
69743
43588
23079
69207
67585
29587
9609
2824
7277
40865
31472
92925
65115
56039
59885
38641
88597
31390
39774
91348
91547
8093
27373
58438
75025
77381
88272
89467
24014
38998
48109
52892
66277
17937
91113
21695
22885
50466
61739
31152
5259
92092
39090
30280
43317
54368
20441
71517
22254
43978
44237
20180
39799
11544
83345
23803
14970
29875
28795
64752
52471
56817
50960
23524
78789
83445
8306
40180
87496
4276
33843
42205
83367
22857
18899
40115
29725
77363
15500
16223
15246
48167
92933
39730
42849
53575
94673
17831
13117
4999
1467
97559
27311
26547
52144
11649
21864
65905
66904
90928
27913
99444
35805
95084
10201
32916
32772
72098
78900
15136
46191
95748
36008
40088
85018
32138
85681
14748
18734
60082
57727
19536
47383
81258
80084
36572
37176
43679
60469
40191
17899
25243
11872
20267
1922
18531
54530
43333
17021
14831
37369
39449
65072
21442
31416
37205
69578
17068
25831
45098
18034
8823
23950
27149
38928
56199
97207
76606
28282
91425
98864
52918
41312
68948
68590
7901
69098
81965
17349
20492
65389
2062
33772
98595
20459
40521
59054
52912
79270
47067
94420
83892
4246
40996
31384
46481
25027
24087
99863
36027
36649
12129
98757
44057
56679
16972
60754
47097
1673
50588
89038
85667
43237
17616
26541
41587
82731
5151
32707
29278
50171
47925
93343
72776
52930
65951
65901
21091
2556
44756
81707
58916
55013
88003
99561
1443
87673
64343
1868
4789
50477
77571
14305
299
69995
94875
24925
31131
91559
51392
42010
75330
6773
8511
68024
85315
27606
91526
19291
16304
6569
95407
89162
11942
86458
29252
10608
46014
6882
83866
63540
57375
52318
65637
87915
59787
51219
88027
1594
98288
92263
62987
91843
55700
62126
38061
46448
22962
84517
16740
35376
7514
38116
57760
83767
26090
67236
89638
61268
82996
90378
75072
67411
10580
69934
31779
58138
91421
72870
9127
94854
52894
79531
40899
91290
95726
7561
35173
70445
29825
23844
9757
2175
14503
53040
29670
89346
13259
35227
76275
75814
79796
26513
58993
85455
80773
28216
59376
89996
83006
80539
60615
81281
50949
16778
15063
38460
88873
24185
73193
65361
21202
80339
94901
80368
14078
38616
52778
33483
92992
33015
23750
49003
35786
58737
90059
73042
63196
68124
4095
36177
36168
15820
62777
75113
30365
27260
30562
51860
33452
14828
59221
15867
43886
44010
51055
2343
32187
10182
58950
23539
81857
96456
52401
78190
8866
8694
34383
56772
62881
47717
61197
431
82758
30553
28189
43968
99272
1022
98402
96849
26498
26486
17038
43500
69287
28810
56371
50837
18663
71654
60280
81577
25533
92449
48776
59663
29322
24059
83522
48379
28835
67412
50664
10004
35629
98648
62610
4869
60140
44549
59740
72086
36657
73066
79384
18274
49263
33746
21732
55309
98769
323
59353
43517
84909
61119
36085
45131
98504
57322
83288
84401
74765
64771
84770
43375
96032
91448
33791
84793
42570
93142
23901
84409
15702
22665
33058
2711
26029
86592
8341
63995
83741
75292
44060
82480
25560
95234
77826
53652
82043
74098
29748
27165
96230
86166
47760
83220
45885
91964
57191
23386
32870
86602
61059
98953
73829
91377
85967
61106
13265
32742
86870
29039
73514
30871
7143
97437
48080
1615
90799
35172
48440
9835
15565
77263
29536
28877
35270
21344
95507
92351
75273
50762
85079
55682
73847
33429
97602
32186
7027
18076
37370
9781
81064
75042
82741
24419
99930
71023
11652
94146
78663
38307
27257
56827
22060
97826
32465
57709
8396
54526
60169
99395
80703
78888
58342
62747
79495
16310
95470
76381
47407
9539
65738
12002
306
29171
96613
49172
97941
14396
50232
11708
84149
73119
37569
98129
7881
93886
36047
5199
47507
56038
48562
14784
40168
13044
51726
89945
83854
21818
79070
6155
61627
81617
63127
76483
87480
64826
24697
96634
28156
75320
48480
57780
56355
74670
38226
81938
30525
66924
22432
49784
46874
46856
71896
16877
6018
89135
99754
106
62674
87716
86970
90246
34950
51125
9047
81067
66400
80160
41372
86008
5475
43458
48955
53605
84684
60251
85817
91025
21440
45855
543
93502
92275
87325
93686
32788
7412
88152
52561
20625
98635
14752
5788
37622
44479
46152
43143
28332
84209
40067
8809
84035
90033
31386
94491
39982
46949
85610
10271
94906
1461
63168
93764
70931
76082
26367
58124
70352
47446
72175
14871
33337
18150
26846
53204
93312
38062
63072
4393
64896
34662
8353
97189
28668
23683
43712
42677
75352
7887
52528
54276
53485
1793
20256
34688
66624
76861
63760
73170
94008
16148
72276
72255
1640
92714
70235
79682
65503
26313
29151
52786
74734
59706
75149
16734
41419
76251
87316
63698
98248
23277
53983
19561
90063
39228
25678
44030
46373
76506
87940
88976
71194
81585
58984
61538
74306
80119
32786
81045
9823
44617
93884
6140
25543
9360
20024
20133
70472
5828
15159
32380
95426
84734
1397
50696
96475
70710
58810
27445
74407
44143
81361
76680
32524
24532
80042
44121
61066
5724
77483
32249
24282
36845
87152
45592
81405
27807
66568
46984
42297
97141
46136
51756
20607
85784
51290
61171
56810
92399
45261
32616
71161
8457
44129
16684
79807
50004
85850
27771
72045
52699
18638
34460
94317
20380
38809
63703
60194
45100
96067
64433
4297
41486
64567
79281
47779
54675
74148
39851
69271
13532
84270
18081
22489
2560
38303
35364
90824
43911
86296
35941
95051
44351
77320
73939
11987
90006
89449
19090
88557
72686
33729
36739
5557
27688
38821
71872
25616
18345
91209
13253
90865
97161
37877
99870
37929
62853
59815
71902
37581
13836
46981
30573
65904
6256
5936
82553
56296
99466
40856
18854
35685
15375
15944
82417
97748
65531
16416
19395
3102
50339
27364
71764
95788
15951
33082
78524
66593
17737
69478
37098
30352
32447
83423
67373
58455
53526
17678
20989
79406
85474
19628
65373
39806
14119
16718
83609
75559
91592
42490
17193
99901
77157
44573
86714
39813
29
12205
82907
34516
49381
54707
82540
77378
94844
44009
46468
18172
22580
84990
91520
78122
22206
30855
77287
24178
31523
90702
38986
3012
50408
11394
48278
87927
15548
12405
1429
89416
22382
27991
32067
63505
60161
91654
67626
92409
1309
44224
16562
99759
6590
89145
40393
2697
71317
30343
57325
75465
87011
3912
66490
15163
92377
99942
8110
56962
35378
4370
26816
86858
95789
89639
88054
29294
40252
46495
66072
22823
75809
17925
40590
24652
58052
30937
21604
88183
67023
57775
49834
10403
4861
43252
88084
81760
90973
13918
91535
45733
91451
79946
52853
97699
70086
94469
10261
40582
22896
52947
62393
70614
67306
66457
65
37744
82133
72701
15061
85706
93374
99605
32701
33010
83284
2019
13681
45686
89058
45985
11534
46296
83199
84672
48444
93791
53439
63810
97328
91544
69968
75653
81582
33738
34845
90459
85152
28328
12599
46922
93973
76563
77291
29640
17484
31259
22705
6044
70036
1885
78072
34
52931
80155
41339
91561
45083
20030
49638
2701
7389
85480
96683
9945
54034
71591
58663
34124
45795
32015
11952
87978
30675
69175
7065
66306
72028
69412
92841
32559
41463
73845
86389
42721
1677
90125
87362
24928
55503
52964
77284
6934
78279
67232
95799
6067
20852
20278
22534
39530
35541
77940
15068
39375
83447
12330
39030
40986
74584
21865
14878
97267
93527
1660
66868
66287
52673
51435
74906
40045
32295
38065
63872
22533
33161
27317
28807
36195
58948
11977
30826
1655
64756
77991
38123
32016
90502
50120
46101
27760
59882
44289
33625
188
87992
18876
68546
82779
95175
20857
99193
72404
64918
27932
66732
25387
43967
66563
58200
83418
51189
9339
68406
1202
58658
13986
52591
4098
29350
39478
22213
22901
67146
51801
91364
57662
84388
98665
34115
40309
76146
58212
65029
58713
84321
71031
41944
76350
40814
78650
13103
46387
61771
81959
33442
36316
26678
52736
40766
16255
76387
55135
53998
97433
28505
14099
92918
46218
55442
33468
65650
55358
22183
73238
39128
58277
36015
52225
3883
55352
75868
19072
95173
95307
93699
31509
96463
8243
70041
67976
81728
32813
3212
84343
43824
29233
13061
78277
51564
41769
87080
99271
94579
73380
81612
79387
11850
49183
57331
992
52290
67681
12770
44603
73484
26812
41900
32283
16375
51865
14718
36304
67720
3058
7120
43092
20884
97838
81561
92336
91286
64357
55205
74586
53426
94489
65008
7321
12387
12339
41526
96550
53717
41143
80150
26793
66716
53960
97489
9990
15509
53869
31191
23882
43347
85922
67643
56713
4993
34814
42569
57519
28876
24804
6820
61700
53443
50492
50380
12984
30986
17486
9697
65171
70560
48196
87700
90883
37043
95382
73019
11523
55401
14735
86174
73339
41333
88647
12911
1203
73610
51386
18340
69434
61027
29849
47804
25182
18365
80158
95674
81108
25881
58623
96678
27353
68665
64175
99518
79335
76202
31966
74550
29050
38361
35296
179
76086
25808
97421
74695
30302
45709
46444
41736
14109
65159
11521
18570
58042
86713
82782
99681
58064
32532
49278
15170
30556
27708
72552
65003
37430
98416
32445
26095
81457
73606
415
34861
26691
16092
96561
34390
37718
20812
76308
3405
74079
78286
52874
94534
11415
66898
48876
64905
79856
11424
6575
74897
72193
74269
60608
23987
94399
45491
78922
45396
1265
94445
71500
3921
9968
43972
51174
4937
46278
92759
53475
84187
53393
94650
3674
10806
11625
49902
86312
8945
73097
58354
37038
31635
21088
22067
17790
7059
76248
42628
55697
4067
97250
90178
51239
95974
62270
98126
87840
34796
73191
61862
72560
73821
58003
61083
33961
53893
69752
35912
32498
37845
81767
94553
16756
77776
65180
75217
71690
10246
54387
64015
84266
98931
4006
10862
80881
35147
4929
7330
23401
18225
72551
78614
36019
97172
65845
25807
49509
61284
20339
12991
64075
83136
53314
82267
94688
74848
3599
16101
64364
44514
50275
51381
56326
23059
11729
56270
1993
68062
88902
6534
97100
31946
13958
33028
58676
42576
39596
1282
41904
9912
29657
28524
63634
33184
82211
44046
52010
31216
35039
47224
65116
19829
79514
13530
22719
17754
43267
76980
975
98350
18510
63267
28630
51130
99319
24248
62996
54794
80307
55545
83213
84449
5870
26031
52135
18777
25497
45633
45019
23579
77122
24851
99187
1867
75376
9706
33711
1302
90490
64024
48963
69007
96780
28158
86561
65112
41713
25704
65226
35655
5174
7453
72868
42149
20914
60068
54651
12094
52595
73592
15690
60713
84626
36087
34960
61136
4573
6219
44266
25594
85325
18749
71398
21237
72213
76218
44139
34952
55184
36848
95318
924
20314
86244
30261
83132
13285
51788
9180
76226
29941
91607
6394
23069
67845
80146
25091
25397
50121
59407
23618
79388
24109
90036
72310
1807
98859
36499
27823
24163
50286
25195
54264
10635
77117
51653
88725
27952
25801
2679
98618
58670
63479
84230
78282
682
75970
8531
89165
54241
16842
49876
3481
27763
68264
53812
74229
34155
80986
47719
60902
34126
45360
21235
9769
83849
14027
78806
49459
80992
62582
68155
39194
16723
24309
26027
78751
6949
71355
16951
51757
70441
24445
45828
40102
3494
27436
69440
7843
43174
82265
57270
60298
32080
62211
26664
90616
30222
33447
6972
53123
70364
15743
65208
57479
83943
90438
53656
18171
71892
35429
54094
10171
43348
98684
46430
89737
60908
63334
74503
26814
9062
41093
22225
10349
68592
76853
17560
48413
96999
84026
28541
80813
7671
41386
62779
5090
22410
40131
69431
19281
1652
94169
3014
65111
19952
92210
8895
87359
72640
77388
1434
29320
18392
13515
79045
86154
51022
25570
43750
43424
49081
73906
98945
54770
15622
3371
89757
51418
98348
72010
90111
97792
46550
90729
94810
89073
28579
37760
34751
2287
33956
85473
98250
4992
52036
68280
51294
29746
64222
16715
6224
15978
54552
695
60150
46805
23523
47083
16971
58642
31641
3360
11387
86504
99026
26187
20088
79242
74455
8452
82732
91977
18737
39050
41910
77447
80909
88010
63093
66823
48305
3257
99533
13130
83463
30150
35509
24326
33960
71225
73438
8807
93073
65755
57616
10584
89102
59521
2779
59945
12358
99937
83586
84365
21493
70011
9311
59771
14727
59741
49732
71095
88938
1228
15952
24960
52429
16104
95933
58770
342
56035
4862
76587
43082
89015
41955
59143
47625
11448
47123
17015
17170
77374
11593
77744
34539
62680
55128
12894
85714
31596
63373
28649
16235
64954
4574
98599
35150
55760
19323
18207
88095
15902
65283
99682
7366
21008
39782
87685
40451
27563
23840
62354
64976
74409
66551
40468
95241
15666
56912
81455
36237
94080
18896
78334
50170
67650
2420
85679
24028
67815
37724
88295
26137
23780
73596
2941
96402
94570
32402
41468
3290
68618
29927
84468
56541
4254
73950
95595
79720
85773
84145
86126
7856
29885
27553
32232
45992
1727
82243
90816
98393
95858
30796
27745
55664
72241
80480
61163
65118
43779
46956
31750
19422
53122
89244
60900
53446
60420
22073
50905
26753
9573
39642
10652
59848
7253
69587
44777
6950
74687
83369
51271
89187
21278
14081
95750
93363
6864
41767
21368
95759
76640
30142
14066
56432
33358
52887
56186
31764
83467
19797
74972
78408
61124
25992
93624
82967
40869
82037
96884
72289
27888
52913
9501
13406
61777
74511
3772
59328
50658
93380
20467
75626
26737
27148
44444
77504
53808
41995
75719
30695
15391
48117
61058
15021
25618
62171
42178
40035
50829
20154
38038
28744
14025
94261
54152
84974
5594
69390
82653
96377
6956
85692
56524
12303
70272
69928
7713
15724
73614
8176
35713
80678
84853
57855
27782
47797
76783
63084
84794
65201
5190
63629
71597
58339
98905
45035
83066
99041
25925
52130
28509
18856
77257
31317
35908
95756
74232
63341
56887
84299
72684
14884
44562
13956
99557
97828
3956
79877
55500
21299
29089
13172
74013
64468
53631
58804
45866
61688
56026
3153
46352
94941
13018
62199
23064
98226
9786
9852
80606
51986
83832
21971
5905
65822
63226
29481
71620
14596
54613
32975
13814
35978
35254
92022
72128
59616
51111
32810
49162
83978
94921
70653
95964
93897
55542
32991
42888
59867
32637
46117
66962
92046
78876
27487
72466
45085
30511
55563
94143
84726
43860
11687
861
41082
4217
92034
88379
83601
77329
63371
26756
6903
56877
26139
48762
97961
37408
63944
89627
65766
50480
6399
41273
95149
86653
41380
54021
13636
2059
62964
59956
82528
30061
58757
87165
63116
52714
36728
31299
78613
84774
52541
44413
75515
56464
47429
54742
17667
76416
34784
54852
91146
48368
17450
64632
87761
55913
75312
21805
19489
30485
90909
79749
93871
35924
240
42689
48230
32906
78346
40911
94305
59361
77433
38295
39833
34033
55065
82358
36387
114
55656
41423
6584
48079
64095
23289
74197
48663
4423
1241
66370
94613
48810
74790
43136
5310
15527
23457
96900
35128
44327
31517
45742
274
41555
98198
21552
4433
91873
96563
20721
9927
9120
1080
8419
54316
59205
74278
94022
57275
66344
39391
5374
58780
97713
144
52151
92770
61990
42724
19735
40276
85616
99141
94154
44637
32544
97031
52404
17822
82379
64548
92082
25494
86075
688
88079
29495
66569
331
83683
87481
30864
80731
6556
79473
11616
88382
77802
97352
33555
81009
41127
63358
22761
48574
62685
96599
95185
38015
67028
73602
15323
33463
26699
99994
42851
77900
45784
33856
69129
40499
88011
4118
94452
82437
13693
83076
72460
91490
83228
42068
14260
3454
37549
66903
49862
16737
76493
53363
67266
10928
45089
35876
47604
10816
83611
27918
12472
34006
21750
31528
54496
16849
5221
6473
56842
63068
6961
6445
63280
43067
23292
22774
73386
69507
70599
47709
61848
89330
29667
73289
75393
93230
48916
89109
38511
60532
42702
62544
80737
56301
28973
2462
65078
87935
66792
42074
42148
73733
93323
84676
53513
2086
78443
40235
31542
92813
4576
76306
8416
56789
11416
41097
57264
12042
93952
24955
77832
34538
86473
40556
33651
35047
19888
23170
96592
21386
4783
42982
79917
23992
68486
78898
91581
99149
87185
62418
81779
73184
8746
15830
12256
9551
84122
9240
64925
66807
22050
34528
97679
92296
84396
47986
32863
21820
66562
65877
83563
48724
2920
45004
74700
13640
75610
91022
18025
70438
28517
78760
59281
53917
83828
46215
15541
19925
94599
65553
82334
4087
69073
91899
22474
39639
4094
47791
71805
5097
76646
78853
30470
12021
25430
58208
23427
13240
95248
14016
12688
35796
92530
33603
5714
6647
69596
3207
90231
53873
8584
87160
50753
22422
11784
55661
40130
7457
43197
18277
30484
30075
47023
89188
15534
58889
15610
9878
56056
64028
35485
80177
28863
73963
51123
7861
84482
22595
65792
16693
5106
17655
37348
22417
78557
73935
30103
86821
27128
16822
86418
58014
34651
77895
32976
18818
96861
67206
77076
84058
5444
54224
54607
57408
71809
43161
74227
8537
50003
95398
39862
97138
30464
69738
46044
43145
25538
93519
87617
57442
52233
51747
75035
43253
96447
89382
59631
41325
61274
45708
65028
25361
44246
97762
74542
89701
9455
73822
39003
63983
17714
85337
73891
33436
58986
36296
10465
45427
38835
79730
31882
88615
44401
28053
62468
44451
10645
27385
67342
64423
70332
65464
66229
34718
20223
55493
52897
12920
6271
97046
22146
90712
62744
13123
65717
92341
29563
47068
18861
32339
5638
82640
50792
37017
33139
55680
72090
64070
44881
25829
32012
69423
37090
52716
28317
48329
89882
68976
4601
9985
44261
74017
70406
89463
88022
16768
58150
57148
58556
87155
42189
47501
23764
51286
62720
61810
61733
23556
86190
46764
21691
19450
96256
2437
19409
28792
86864
97239
7885
47345
23409
9785
96677
28224
14256
25380
87527
90324
96671
36081
58412
50846
31656
12258
40406
8833
85376
91176
2221
47070
35373
22397
60440
61811
77574
57753
65595
99181
42784
68671
55443
29357
97592
3839
9279
36429
3286
80319
66721
49232
21370
37909
39551
60478
9208
19601
82153
95521
54959
28718
76359
30133
17905
61859
13304
36746
48027
76780
10711
1650
15435
1737
27826
48937
51438
78564
1341
40057
40437
15625
25059
13098
83380
10087
30099
60476
82878
16362
24531
22138
47237
24201
20785
52464
22302
33852
89067
67261
92205
85277
18575
73271
73895
46369
66929
76111
87965
58582
14419
52367
26146
43524
94519
98235
91566
90023
48026
87823
49033
71281
2880
67311
5045
94643
8430
43604
98902
96375
48859
10653
2942
84380
52582
58711
66128
28323
8480
82355
6187
21543
39200
7021
91628
6746
6644
15542
35220
95861
81813
10999
84257
39427
55367
8589
37226
73171
88151
64304
29661
42368
78453
31581
65328
4058
1616
39212
60257
91588
66434
94191
41688
84214
70200
23985
1170
16387
62216
66575
83039
58482
21070
52948
59851
62731
71728
16080
14335
60673
8837
35621
89885
97415
82745
51019
51586
86853
40475
19350
94370
11867
92500
20016
46104
26675
4454
48706
23860
25629
9225
71804
17346
71741
96664
82929
91929
89301
59536
25024
7972
46317
88776
53489
42007
45941
64059
6294
47692
18687
18213
2987
30396
46932
50206
62163
49219
45743
84287
37004
71716
41218
43714
94704
80889
4598
62436
21175
76431
79905
33154
10450
56029
45920
35120
3375
95473
93869
46991
38948
96836
26744
34194
13447
4303
24592
37850
16764
44978
86512
41822
69099
94804
29529
96491
89760
20166
36285
90633
1488
20185
93456
57792
26539
76156
82273
41383
36241
15753
19787
5366
32215
68049
70926
10368
28694
8304
2421
94933
33456
67394
30376
28914
18201
23118
78082
8401
21970
98636
27443
50730
11516
98713
21189
52983
90259
40081
86280
98367
20957
68120
15147
28252
13588
3068
1667
7428
62859
99063
30993
57928
19306
95079
96927
41072
68664
35470
69142
2441
79820
32875
9302
14570
84158
63091
69120
28963
49296
38395
5845
64989
38704
72728
93794
98013
8984
68704
6422
53360
6510
41550
58380
49193
92772
41560
83963
27125
52136
88361
13212
42680
3722
29240
89769
67881
15279
59135
61117
73030
21155
491
93689
84411
39919
12801
39255
71149
35686
25961
33799
71477
99733
24877
91824
44249
97822
80572
21918
69991
81920
25611
29080
42505
49561
44684
30889
70442
66803
29600
49677
6570
86813
77847
91099
61562
70462
29924
47118
80490
93608
9702
71158
92156
1059
52454
96191
42098
41866
27111
80559
92327
68076
16454
92746
61380
48632
33805
91095
91118
41390
65857
13711
13508
56716
83097
76859
89358
63375
98192
20844
87609
19066
33765
57764
62364
51879
81138
4616
3168
22975
32395
11902
76623
44107
50916
73875
46327
732
52227
20724
35091
64767
46453
40315
40871
18676
19276
26233
71883
95439
39870
39955
38568
57348
55893
34432
33440
31859
98688
30815
88931
74828
45741
92748
57133
46064
17619
56601
80546
87807
87643
39231
34097
64960
16593
15357
26111
97310
92419
94
88432
17285
80491
83225
99602
41569
35022
72330
53108
78512
47313
61629
18091
62933
40368
34584
3973
61191
94662
36014
40425
60675
74923
68889
78877
47510
14337
46502
22634
25231
17199
70569
7115
26049
82291
30677
62885
62892
50864
77379
43497
77471
3967
7940
87322
48271
49508
44666
56093
57372
78668
95082
27171
86207
46134
77536
3179
10628
17230
23301
95610
22033
63200
93538
28650
33481
99316
3268
23501
38879
17314
48201
75745
35830
19053
99447
67244
23011
78887
11682
17468
39537
92388
9255
54448
71605
37249
72822
77898
37074
18947
50234
89476
67710
12725
9257
83919
13458
54047
43264
65698
4872
47017
76750
46888
40053
29810
35211
46200
54075
71651
34160
44028
11061
18315
64871
80949
68820
61586
59834
51682
56838
5991
39949
67084
67177
86141
72231
94554
89519
28016
84127
65867
48804
1566
37314
6055
36920
51383
27769
88517
751
68162
39965
50596
87305
95612
5513
70499
32745
78228
1229
44440
83243
11292
60679
19189
29189
69606
81219
47623
61802
87117
49681
48516
97240
90138
68179
40061
8574
66941
8742
70749
15725
91838
78080
40847
42166
51175
66353
47506
21984
90413
4301
69345
64586
7926
58511
89237
31402
49064
60301
44967
27478
14654
64272
31120
21058
24894
55059
7318
28672
13397
81201
57087
11100
25843
56089
94414
71170
97576
11912
9503
14717
15650
17436
96914
56423
817
12917
78638
72464
48269
24901
29505
45065
69134
95366
53904
92859
61886
40593
92006
59650
36472
23298
23538
83673
26552
42073
95940
13157
83514
72145
67891
11371
52188
20697
61678
78058
52133
7385
10709
6711
34498
69300
80604
877
97409
65446
4653
26957
37695
19645
96797
77643
36654
62734
55618
61596
60628
71055
22366
16072
61316
95796
54673
47395
65875
80740
91563
8406
56408
57292
24339
38525
69392
2289
87447
2329
56693
54628
24887
28628
75615
89751
27004
11731
50971
27795
41754
39552
76071
20443
19822
48375
20764
3821
98085
75837
9712
15518
10629
69560
15988
29756
66710
79280
58995
36324
50600
95496
43480
45308
35787
28368
61746
91568
26383
48286
74023
41223
8948
11132
55849
47821
50421
25319
37841
87489
99512
39903
72172
59686
28514
22920
75325
88900
78119
10176
5096
44437
23186
3788
16622
79095
89586
72283
47465
68903
32575
87908
18446
38725
95918
23066
81724
53445
90241
97037
86379
19859
4071
59814
3582
51868
87816
36124
15483
62861
81716
27598
41237
27077
14598
12811
20343
50112
60139
67111
63687
71468
97613
94077
65988
90950
88371
20132
11701
85828
12699
79857
48682
16895
60953
80988
78349
1024
43735
97563
36110
31173
90501
8609
11832
62483
307
86202
96895
62167
15507
84369
83056
79088
82454
39755
24873
61933
23450
99226
26621
56105
8739
2121
16353
29869
25602
3729
52890
96083
88086
79342
46075
64402
29255
30361
55385
23215
6440
2220
48944
18712
5488
67499
61286
89697
51859
43755
10720
32858
83842
48503
84278
2669
14182
34525
87290
37061
41608
48931
5612
21684
90400
49481
78249
3875
94397
45886
5695
71002
19947
78913
90091
46580
75666
17191
67754
89809
58308
22399
20689
2921
74153
59826
7043
2854
56954
37096
94515
32208
44579
73188
33895
21443
37113
66578
16915
61105
29839
19215
22120
3354
28154
11597
55586
68562
82048
49332
2567
97296
97767
28789
43299
38170
89417
55123
1838
77062
71034
81401
83861
99585
91487
62784
86496
79616
69110
90234
63754
87605
69737
29549
69875
80073
11517
52486
52612
14290
19681
57411
63787
31484
85781
8808
48221
81242
36591
73181
63598
10100
74115
68158
69803
95769
29706
73062
56360
84972
36453
4189
56216
96420
89706
51314
96521
15870
12837
17102
63635
38081
14694
76598
32165
71191
53932
53749
77430
11720
88509
91595
77317
52896
40107
68764
71832
92602
34249
28104
4504
11109
35749
98077
2020
32833
4259
14584
2252
42026
30190
1045
15535
67133
92346
74971
76712
86672
37093
53738
75904
20556
61015
91893
18090
49235
97178
41426
84927
93158
52108
9747
57553
18830
4381
77178
52106
41805
92807
40032
4632
81747
2632
15114
81481
67884
59626
6737
12247
50071
87500
21458
76714
18403
91542
7445
95236
67251
84228
51440
55137
74492
45276
64984
71033
39780
34527
99452
63500
27838
89123
17341
79906
9555
95250
83083
3037
92165
99789
51113
11978
29148
43929
36276
37629
57156
41692
91333
76272
18706
12253
496
46645
19324
84205
22939
20748
99716
29049
39963
14168
47770
40528
12041
50306
93257
597
44704
59941
39985
61939
53541
18508
3296
61454
38760
8125
94863
61772
51900
55698
87760
74093
54417
88713
71103
16967
53902
9319
37595
75855
58886
60224
48388
22286
84548
11234
5958
47245
54174
25877
25726
50700
27194
44204
95170
56785
21736
85831
6160
84924
37365
58002
61563
56532
51295
17487
11380
27814
56870
12971
19900
46293
4802
54485
27761
61552
28017
36838
50680
84120
24550
95844
82854
58476
55394
54936
62594
7943
98194
95915
62851
87149
93278
38273
71365
61665
12652
9661
29911
67410
98302
15028
37196
5554
8605
86850
24835
66519
56841
72608
33361
22963
38586
31356
92525
93567
76551
5472
34625
61343
35381
76065
73913
60154
8668
80690
27741
20382
36146
52816
58384
33760
40832
64892
54473
77334
11685
15517
81512
37779
67188
18836
74256
96819
80526
94530
88481
52197
71069
82992
22909
77928
2660
89652
19061
39722
30690
18410
6531
56420
99903
23178
47416
75982
2878
85327
7605
99553
3725
65818
25251
87530
34034
30405
2014
44069
99397
87224
2276
2480
16552
7824
91512
98291
27121
92509
771
69026
79182
41220
84880
90357
18381
96072
24685
2640
67963
35501
29647
53167
74836
20436
79797
91454
70064
1305
78729
62253
63570
56151
73197
1914
84110
97963
30194
78464
91507
29752
13668
58507
41460
94517
53219
14458
12827
9439
32381
53618
76145
78240
67959
9097
74808
37065
25540
48490
91645
98982
89963
94703
9373
87267
72592
17420
51396
1763
77129
91111
72376
49648
15986
3578
42182
44348
25076
61763
49213
30881
88668
37256
29046
8113
99086
54522
42351
90821
4578
89375
14105
95970
34139
97781
28832
89334
99549
16258
12082
73258
12783
62228
43940
36233
58255
86488
82019
30346
35771
36622
32226
4404
6136
74477
55938
50440
53267
96131
52916
902
54002
74024
15058
69012
50706
26818
19282
96728
45681
38794
75758
60718
5075
59739
94961
19257
39079
93870
66078
71785
776
51864
52781
75973
69983
72308
48803
88979
50630
99242
47043
10583
7873
52158
42795
10914
29190
97717
98742
80443
60719
37278
54905
18574
96741
68740
11099
59105
95264
12378
64161
57137
49340
78273
83958
21173
43752
8690
25777
81115
33703
21520
17971
37711
19697
24414
99569
93208
13489
24553
1206
44754
65535
5499
81122
28203
42581
12127
46088
26327
99752
45755
67609
12826
98590
68430
72019
14865
80675
32676
42923
59256
16055
92520
69401
78347
49280
29111
38158
37782
3707
67457
49655
90892
93573
14499
87607
53519
42708
21365
64579
82176
698
88727
22315
51632
14206
70808
79107
38661
29305
95669
90826
55488
35477
